ISO-10303-21;
HEADER;
FILE_DESCRIPTION (( 'STEP AP214' ),
    '1' );
FILE_NAME ('RIFTS_RF_Pathway_Reference_Model.STEP',
    '2026-07-22T14:55:53',
    ( '' ),
    ( '' ),
    'SwSTEP 2.0',
    'SolidWorks 2024',
    '' );
FILE_SCHEMA (( 'AUTOMOTIVE_DESIGN' ));
ENDSEC;

DATA;
#1 = FACE_OUTER_BOUND ( 'NONE', #2091, .T. ) ;
#2 = LINE ( 'NONE', #5097, #2753 ) ;
#3 = ORIENTED_EDGE ( 'NONE', *, *, #5600, .T. ) ;
#4 = CARTESIAN_POINT ( 'NONE',  ( -5.368720986365823016E-18, 0.1485531330579657749, 3.240157480314960647 ) ) ;
#5 = CIRCLE ( 'NONE', #1672, 0.06889763779527557919 ) ;
#6 = EDGE_CURVE ( 'NONE', #566, #5790, #4279, .T. ) ;
#7 = CARTESIAN_POINT ( 'NONE',  ( 0.000000000000000000, 0.000000000000000000, 3.366141732283464361 ) ) ;
#8 = VECTOR ( 'NONE', #3419, 39.37007874015748143 ) ;
#9 = EDGE_LOOP ( 'NONE', ( #2676, #5047 ) ) ;
#10 = ORIENTED_EDGE ( 'NONE', *, *, #5361, .T. ) ;
#11 = CARTESIAN_POINT ( 'NONE',  ( -0.3912887873928638793, 0.000000000000000000, 9.947244093937008813 ) ) ;
#12 = ORIENTED_EDGE ( 'NONE', *, *, #3105, .F. ) ;
#13 = DIRECTION ( 'NONE',  ( -1.046341144239976999E-14, 1.000000000000000000, 0.000000000000000000 ) ) ;
#14 = VECTOR ( 'NONE', #1391, 39.37007874015748143 ) ;
#15 = ORIENTED_EDGE ( 'NONE', *, *, #3673, .T. ) ;
#16 = LINE ( 'NONE', #5110, #3144 ) ;
#17 = VECTOR ( 'NONE', #3864, 39.37007874015748143 ) ;
#18 = DIRECTION ( 'NONE',  ( -0.5000000000000012212, 0.8660254037844379305, 0.000000000000000000 ) ) ;
#19 = AXIS2_PLACEMENT_3D ( 'NONE', #3360, #544, #3791 ) ;
#20 = VERTEX_POINT ( 'NONE', #2532 ) ;
#21 = CARTESIAN_POINT ( 'NONE',  ( 0.1240157480314960647, 0.000000000000000000, 2.244094488188976833 ) ) ;
#22 = CARTESIAN_POINT ( 'NONE',  ( 0.000000000000000000, 0.000000000000000000, 0.9370078740157481434 ) ) ;
#23 = EDGE_CURVE ( 'NONE', #853, #2987, #4398, .T. ) ;
#24 = VERTEX_POINT ( 'NONE', #4869 ) ;
#25 = VECTOR ( 'NONE', #2827, 39.37007874015748143 ) ;
#26 = AXIS2_PLACEMENT_3D ( 'NONE', #3247, #917, #427 ) ;
#27 = DIRECTION ( 'NONE',  ( -1.000000000000000000, -3.441911658684135488E-15, 0.000000000000000000 ) ) ;
#28 = CARTESIAN_POINT ( 'NONE',  ( 0.1240157480314960647, 0.000000000000000000, 5.797637795275591088 ) ) ;
#29 = CIRCLE ( 'NONE', #5423, 0.07342519685039371191 ) ;
#30 = CARTESIAN_POINT ( 'NONE',  ( 0.000000000000000000, 0.000000000000000000, 11.31732283803149386 ) ) ;
#31 = DIRECTION ( 'NONE',  ( -0.000000000000000000, -0.000000000000000000, -1.000000000000000000 ) ) ;
#32 = ORIENTED_EDGE ( 'NONE', *, *, #2103, .F. ) ;
#33 = CARTESIAN_POINT ( 'NONE',  ( 0.000000000000000000, 0.000000000000000000, 2.618110236220472675 ) ) ;
#34 = DIRECTION ( 'NONE',  ( 0.8660254037844345998, 0.5000000000000069944, -0.000000000000000000 ) ) ;
#35 = EDGE_CURVE ( 'NONE', #4715, #1209, #662, .T. ) ;
#36 = FACE_BOUND ( 'NONE', #943, .T. ) ;
#37 = CARTESIAN_POINT ( 'NONE',  ( 0.09842519685039370636, 1.205361022782828035E-17, 0.5000000000000000000 ) ) ;
#38 = DIRECTION ( 'NONE',  ( 0.000000000000000000, 1.000000000000000000, 0.000000000000000000 ) ) ;
#39 = ORIENTED_EDGE ( 'NONE', *, *, #2666, .T. ) ;
#40 = ADVANCED_FACE ( 'NONE', ( #2996, #3449 ), #2807, .T. ) ;
#41 = DIRECTION ( 'NONE',  ( 0.5000000000000071054, -0.8660254037844345998, 0.000000000000000000 ) ) ;
#42 = VECTOR ( 'NONE', #955, 39.37007874015748143 ) ;
#43 = VERTEX_POINT ( 'NONE', #5605 ) ;
#44 = EDGE_CURVE ( 'NONE', #2356, #5877, #3704, .T. ) ;
#45 = ORIENTED_EDGE ( 'NONE', *, *, #3940, .F. ) ;
#46 = FACE_BOUND ( 'NONE', #1655, .T. ) ;
#47 = ORIENTED_EDGE ( 'NONE', *, *, #2402, .T. ) ;
#48 = CARTESIAN_POINT ( 'NONE',  ( 0.06200787401574927443, -0.1074007882646048490, 11.95118110574803083 ) ) ;
#49 = LINE ( 'NONE', #1821, #5708 ) ;
#50 = FACE_OUTER_BOUND ( 'NONE', #3196, .T. ) ;
#51 = EDGE_CURVE ( 'NONE', #3021, #3466, #5387, .T. ) ;
#52 = ORIENTED_EDGE ( 'NONE', *, *, #1955, .T. ) ;
#53 = DIRECTION ( 'NONE',  ( 1.000000000000000000, 0.000000000000000000, 0.000000000000000000 ) ) ;
#54 = EDGE_CURVE ( 'NONE', #1187, #5160, #2826, .T. ) ;
#55 = LINE ( 'NONE', #3174, #3640 ) ;
#56 = EDGE_CURVE ( 'NONE', #1707, #282, #2344, .T. ) ;
#57 = EDGE_LOOP ( 'NONE', ( #2511, #4538, #4211, #1137 ) ) ;
#58 = EDGE_CURVE ( 'NONE', #3228, #4632, #1396, .T. ) ;
#59 = EDGE_CURVE ( 'NONE', #3086, #345, #4617, .T. ) ;
#60 = DIRECTION ( 'NONE',  ( -0.000000000000000000, -0.000000000000000000, -1.000000000000000000 ) ) ;
#61 = CARTESIAN_POINT ( 'NONE',  ( -0.06200787401574702623, -0.1074007882646061396, 1.933070866141732624 ) ) ;
#62 = CARTESIAN_POINT ( 'NONE',  ( -0.06200787401574702623, -0.1074007882646061396, 4.299212598425196319 ) ) ;
#63 = EDGE_CURVE ( 'NONE', #5778, #1442, #3136, .T. ) ;
#64 = DIRECTION ( 'NONE',  ( -0.000000000000000000, 0.000000000000000000, 1.000000000000000000 ) ) ;
#65 = ORIENTED_EDGE ( 'NONE', *, *, #1699, .T. ) ;
#66 = CARTESIAN_POINT ( 'NONE',  ( 0.3912887873928638238, 2.732354998561485124E-15, 10.44330708606299396 ) ) ;
#67 = CARTESIAN_POINT ( 'NONE',  ( 0.000000000000000000, 0.000000000000000000, 3.366141732283464361 ) ) ;
#68 = CARTESIAN_POINT ( 'NONE',  ( 0.000000000000000000, 0.000000000000000000, 3.366141732283464361 ) ) ;
#69 = DIRECTION ( 'NONE',  ( 1.000000000000000000, 0.000000000000000000, -0.000000000000000000 ) ) ;
#70 = DIRECTION ( 'NONE',  ( 0.000000000000000000, 0.000000000000000000, 1.000000000000000000 ) ) ;
#71 = FACE_OUTER_BOUND ( 'NONE', #3988, .T. ) ;
#72 = CIRCLE ( 'NONE', #4884, 0.2649999999999999578 ) ;
#73 = ORIENTED_EDGE ( 'NONE', *, *, #5544, .T. ) ;
#74 = VERTEX_POINT ( 'NONE', #351 ) ;
#75 = CARTESIAN_POINT ( 'NONE',  ( 0.1311809662309435798, -0.1270374181231365418, 5.297637795275590200 ) ) ;
#76 = VERTEX_POINT ( 'NONE', #4157 ) ;
#77 = AXIS2_PLACEMENT_3D ( 'NONE', #66, #161, #2027 ) ;
#78 = CARTESIAN_POINT ( 'NONE',  ( 0.000000000000000000, 0.000000000000000000, 2.618110236220472675 ) ) ;
#79 = VERTEX_POINT ( 'NONE', #1822 ) ;
#80 = CARTESIAN_POINT ( 'NONE',  ( -0.1311809662309435798, -0.1270374181231365418, 4.551181102362203745 ) ) ;
#81 = VECTOR ( 'NONE', #5713, 39.37007874015748143 ) ;
#82 = DIRECTION ( 'NONE',  ( 1.000000000000000000, 3.316291799815033580E-15, 0.000000000000000000 ) ) ;
#83 = ORIENTED_EDGE ( 'NONE', *, *, #2624, .T. ) ;
#84 = DIRECTION ( 'NONE',  ( -0.4999999999999948375, -0.8660254037844417052, 0.000000000000000000 ) ) ;
#85 = CARTESIAN_POINT ( 'NONE',  ( 0.1561809662309435742, -0.1520374181231365363, 5.272834645669290943 ) ) ;
#86 = VERTEX_POINT ( 'NONE', #2777 ) ;
#87 = EDGE_CURVE ( 'NONE', #1287, #76, #1298, .T. ) ;
#88 = CARTESIAN_POINT ( 'NONE',  ( 0.000000000000000000, 0.000000000000000000, 8.207086613622047722 ) ) ;
#89 = DIRECTION ( 'NONE',  ( 0.000000000000000000, 0.000000000000000000, 1.000000000000000000 ) ) ;
#90 = AXIS2_PLACEMENT_3D ( 'NONE', #3200, #815, #2684 ) ;
#91 = CARTESIAN_POINT ( 'NONE',  ( 0.06200787401574776869, 0.1074007882646057094, 2.244094488188976833 ) ) ;
#92 = CARTESIAN_POINT ( 'NONE',  ( 0.1240157480314960647, 0.000000000000000000, 4.299212598425196319 ) ) ;
#93 = AXIS2_PLACEMENT_3D ( 'NONE', #3977, #3025, #2635 ) ;
#94 = ORIENTED_EDGE ( 'NONE', *, *, #4959, .T. ) ;
#95 = DIRECTION ( 'NONE',  ( 1.000000000000000000, 0.000000000000000000, 0.000000000000000000 ) ) ;
#96 = CARTESIAN_POINT ( 'NONE',  ( -0.06200787401574851115, 0.1074007882646052930, 3.740157480314960203 ) ) ;
#97 = LINE ( 'NONE', #1938, #1902 ) ;
#98 = DIRECTION ( 'NONE',  ( -1.000000000000000000, 0.000000000000000000, 0.000000000000000000 ) ) ;
#99 = CARTESIAN_POINT ( 'NONE',  ( -0.1956443936964311348, -0.3388660300982287432, 10.44330708606299396 ) ) ;
#100 = VECTOR ( 'NONE', #6013, 39.37007874015748143 ) ;
#101 = FACE_OUTER_BOUND ( 'NONE', #4657, .T. ) ;
#102 = VERTEX_POINT ( 'NONE', #5503 ) ;
#103 = ORIENTED_EDGE ( 'NONE', *, *, #371, .T. ) ;
#104 = CARTESIAN_POINT ( 'NONE',  ( -0.06200787401574851115, 0.1074007882646052930, 3.740157480314960203 ) ) ;
#105 = ADVANCED_FACE ( 'NONE', ( #5639 ), #4220, .F. ) ;
#106 = EDGE_LOOP ( 'NONE', ( #4321, #1527, #183, #3984 ) ) ;
#107 =( NAMED_UNIT ( * ) SI_UNIT ( $, .STERADIAN. ) SOLID_ANGLE_UNIT ( ) );
#108 = AXIS2_PLACEMENT_3D ( 'NONE', #4500, #3968, #4942 ) ;
#109 = EDGE_LOOP ( 'NONE', ( #2574, #4675 ) ) ;
#110 = DIRECTION ( 'NONE',  ( 0.4999999999999948375, 0.8660254037844414832, 0.000000000000000000 ) ) ;
#111 = CARTESIAN_POINT ( 'NONE',  ( -0.0006802607098644442669, 0.09842284602878219324, 10.81732283803149564 ) ) ;
#112 = ORIENTED_EDGE ( 'NONE', *, *, #5846, .T. ) ;
#113 = AXIS2_PLACEMENT_3D ( 'NONE', #1520, #4902, #2508 ) ;
#114 = ORIENTED_EDGE ( 'NONE', *, *, #1052, .F. ) ;
#115 = LINE ( 'NONE', #21, #240 ) ;
#116 = DIRECTION ( 'NONE',  ( -0.000000000000000000, -0.000000000000000000, -1.000000000000000000 ) ) ;
#117 = EDGE_CURVE ( 'NONE', #417, #2977, #5076, .T. ) ;
#118 = ORIENTED_EDGE ( 'NONE', *, *, #4061, .F. ) ;
#119 = AXIS2_PLACEMENT_3D ( 'NONE', #2893, #4396, #3873 ) ;
#120 = EDGE_CURVE ( 'NONE', #4440, #5758, #446, .T. ) ;
#121 = VECTOR ( 'NONE', #2993, 39.37007874015747433 ) ;
#122 = AXIS2_PLACEMENT_3D ( 'NONE', #4586, #5444, #383 ) ;
#123 = CYLINDRICAL_SURFACE ( 'NONE', #846, 0.09842519685039370636 ) ;
#124 = VECTOR ( 'NONE', #4178, 39.37007874015748143 ) ;
#125 = LINE ( 'NONE', #5274, #3896 ) ;
#126 = VECTOR ( 'NONE', #3625, 39.37007874015748143 ) ;
#127 = CARTESIAN_POINT ( 'NONE',  ( 0.000000000000000000, 0.000000000000000000, 5.272834645669290943 ) ) ;
#128 = CARTESIAN_POINT ( 'NONE',  ( 0.1240157480314960647, 0.000000000000000000, 0.6259842519685040463 ) ) ;
#129 = ORIENTED_EDGE ( 'NONE', *, *, #188, .F. ) ;
#130 = PLANE ( 'NONE',  #77 ) ;
#131 = DIRECTION ( 'NONE',  ( -1.000000000000000000, -1.046341144239976999E-14, 0.000000000000000000 ) ) ;
#132 = LINE ( 'NONE', #2953, #3165 ) ;
#133 = CARTESIAN_POINT ( 'NONE',  ( 0.000000000000000000, 0.000000000000000000, 3.740157480314960203 ) ) ;
#134 = EDGE_CURVE ( 'NONE', #3329, #2008, #2221, .T. ) ;
#135 = LINE ( 'NONE', #1022, #5002 ) ;
#136 = DIRECTION ( 'NONE',  ( -1.000000000000000000, -3.441911658684135488E-15, 0.000000000000000000 ) ) ;
#137 = VECTOR ( 'NONE', #6061, 39.37007874015748854 ) ;
#138 = EDGE_CURVE ( 'NONE', #5641, #3698, #6058, .T. ) ;
#139 =( LENGTH_UNIT ( ) NAMED_UNIT ( * ) SI_UNIT ( $, .METRE. ) );
#140 = ORIENTED_EDGE ( 'NONE', *, *, #2757, .F. ) ;
#141 = ORIENTED_EDGE ( 'NONE', *, *, #59, .T. ) ;
#142 = CARTESIAN_POINT ( 'NONE',  ( -0.06200787401574851115, 0.1074007882646052930, 6.856692913385827204 ) ) ;
#143 = EDGE_CURVE ( 'NONE', #5855, #79, #2712, .T. ) ;
#144 = ORIENTED_EDGE ( 'NONE', *, *, #2220, .F. ) ;
#145 = LENGTH_MEASURE_WITH_UNIT ( LENGTH_MEASURE( 0.02539999999999999897 ), #2470 );
#146 = ORIENTED_EDGE ( 'NONE', *, *, #5039, .T. ) ;
#147 = DIRECTION ( 'NONE',  ( -0.8660254037844379305, -0.5000000000000012212, 0.000000000000000000 ) ) ;
#148 = ADVANCED_FACE ( 'NONE', ( #381 ), #2250, .F. ) ;
#149 = DIRECTION ( 'NONE',  ( -0.000000000000000000, -0.000000000000000000, -1.000000000000000000 ) ) ;
#150 = EDGE_LOOP ( 'NONE', ( #2705, #1053, #1753, #249 ) ) ;
#151 = ORIENTED_EDGE ( 'NONE', *, *, #4166, .F. ) ;
#152 = DIRECTION ( 'NONE',  ( -0.000000000000000000, -0.000000000000000000, -1.000000000000000000 ) ) ;
#153 = CARTESIAN_POINT ( 'NONE',  ( -0.06200787401574702623, -0.1074007882646061396, 4.299212598425196319 ) ) ;
#154 = VERTEX_POINT ( 'NONE', #5147 ) ;
#155 = PLANE ( 'NONE',  #3457 ) ;
#156 = DIRECTION ( 'NONE',  ( -0.5000000000000069944, 0.8660254037844345998, 0.000000000000000000 ) ) ;
#157 = PLANE ( 'NONE',  #2367 ) ;
#158 = CARTESIAN_POINT ( 'NONE',  ( -0.06200787401574851115, 0.1074007882646052930, 2.492125984251968962 ) ) ;
#159 = EDGE_CURVE ( 'NONE', #1482, #3487, #5535, .T. ) ;
#160 = VERTEX_POINT ( 'NONE', #874 ) ;
#161 = DIRECTION ( 'NONE',  ( -0.8660254037844345998, -0.5000000000000069944, 0.000000000000000000 ) ) ;
#162 = FACE_OUTER_BOUND ( 'NONE', #1175, .T. ) ;
#163 = FACE_OUTER_BOUND ( 'NONE', #1162, .T. ) ;
#164 = CARTESIAN_POINT ( 'NONE',  ( 0.3200000000000000067, 3.918869757271530830E-17, 10.56929133803149590 ) ) ;
#165 = DIRECTION ( 'NONE',  ( 0.000000000000000000, 0.000000000000000000, 1.000000000000000000 ) ) ;
#166 = DIRECTION ( 'NONE',  ( 1.000000000000000000, 0.000000000000000000, 0.000000000000000000 ) ) ;
#167 = DIRECTION ( 'NONE',  ( 1.000000000000000000, 0.000000000000000000, 0.000000000000000000 ) ) ;
#168 = ADVANCED_FACE ( 'NONE', ( #4376 ), #1429, .T. ) ;
#169 = EDGE_CURVE ( 'NONE', #712, #2384, #2403, .T. ) ;
#170 = EDGE_CURVE ( 'NONE', #4289, #2288, #2014, .T. ) ;
#171 = VERTEX_POINT ( 'NONE', #2378 ) ;
#172 = ORIENTED_EDGE ( 'NONE', *, *, #5128, .T. ) ;
#173 = DIRECTION ( 'NONE',  ( -0.8660254037844414832, 0.4999999999999950595, 0.000000000000000000 ) ) ;
#174 = VERTEX_POINT ( 'NONE', #3884 ) ;
#175 = DIRECTION ( 'NONE',  ( 1.000000000000000000, 0.000000000000000000, -0.000000000000000000 ) ) ;
#176 = ORIENTED_EDGE ( 'NONE', *, *, #2042, .T. ) ;
#177 = FACE_BOUND ( 'NONE', #600, .T. ) ;
#178 = DIRECTION ( 'NONE',  ( 0.4999999999999950595, 0.8660254037844414832, 0.000000000000000000 ) ) ;
#179 = VERTEX_POINT ( 'NONE', #5756 ) ;
#180 = ORIENTED_EDGE ( 'NONE', *, *, #2647, .T. ) ;
#181 = CARTESIAN_POINT ( 'NONE',  ( 0.000000000000000000, 0.000000000000000000, 12.45511811362204746 ) ) ;
#182 = CARTESIAN_POINT ( 'NONE',  ( -0.09842519685039370636, 0.000000000000000000, 6.608661417322835518 ) ) ;
#183 = ORIENTED_EDGE ( 'NONE', *, *, #1065, .F. ) ;
#184 = VECTOR ( 'NONE', #4079, 39.37007874015748143 ) ;
#185 = VERTEX_POINT ( 'NONE', #5265 ) ;
#186 = LINE ( 'NONE', #271, #563 ) ;
#187 = DIRECTION ( 'NONE',  ( 0.000000000000000000, 1.000000000000000000, 0.000000000000000000 ) ) ;
#188 = EDGE_CURVE ( 'NONE', #179, #5419, #3792, .T. ) ;
#189 = PLANE ( 'NONE',  #2088 ) ;
#190 = VERTEX_POINT ( 'NONE', #2932 ) ;
#191 = LINE ( 'NONE', #3502, #4323 ) ;
#192 = DIRECTION ( 'NONE',  ( -1.000000000000000000, -3.441911658684135488E-15, 0.000000000000000000 ) ) ;
#193 = VECTOR ( 'NONE', #3762, 39.37007874015748143 ) ;
#194 = FACE_OUTER_BOUND ( 'NONE', #4133, .T. ) ;
#195 = CARTESIAN_POINT ( 'NONE',  ( -0.06889763779527557919, 0.000000000000000000, 1.433070866141732402 ) ) ;
#196 = LINE ( 'NONE', #3443, #2080 ) ;
#197 = DIRECTION ( 'NONE',  ( -0.000000000000000000, -0.000000000000000000, -1.000000000000000000 ) ) ;
#198 = ADVANCED_FACE ( 'NONE', ( #513 ), #1550, .T. ) ;
#199 = ORIENTED_EDGE ( 'NONE', *, *, #4737, .F. ) ;
#200 = CARTESIAN_POINT ( 'NONE',  ( -0.06200787401574851115, 0.1074007882646052930, 11.82125984590551049 ) ) ;
#201 = DIRECTION ( 'NONE',  ( 0.000000000000000000, 0.000000000000000000, 1.000000000000000000 ) ) ;
#202 = ORIENTED_EDGE ( 'NONE', *, *, #3597, .T. ) ;
#203 = AXIS2_PLACEMENT_3D ( 'NONE', #3944, #5870, #5384 ) ;
#204 = DIRECTION ( 'NONE',  ( -0.000000000000000000, -0.000000000000000000, -1.000000000000000000 ) ) ;
#205 = ORIENTED_EDGE ( 'NONE', *, *, #1773, .T. ) ;
#206 = EDGE_CURVE ( 'NONE', #326, #879, #2874, .T. ) ;
#207 = DIRECTION ( 'NONE',  ( -1.000000000000000000, 0.000000000000000000, 0.000000000000000000 ) ) ;
#208 = ORIENTED_EDGE ( 'NONE', *, *, #2576, .T. ) ;
#209 = ORIENTED_EDGE ( 'NONE', *, *, #5477, .F. ) ;
#210 = AXIS2_PLACEMENT_3D ( 'NONE', #309, #5382, #1148 ) ;
#211 = VERTEX_POINT ( 'NONE', #3392 ) ;
#212 = CARTESIAN_POINT ( 'NONE',  ( 0.09842519685039370636, 1.205361022782828035E-17, 6.919685039370079060 ) ) ;
#213 = DIRECTION ( 'NONE',  ( 1.000000000000000000, 0.000000000000000000, 0.000000000000000000 ) ) ;
#214 = ORIENTED_EDGE ( 'NONE', *, *, #6, .T. ) ;
#215 = VECTOR ( 'NONE', #2335, 39.37007874015748143 ) ;
#216 = ADVANCED_FACE ( 'NONE', ( #50 ), #545, .T. ) ;
#217 = ORIENTED_EDGE ( 'NONE', *, *, #1008, .F. ) ;
#218 = LINE ( 'NONE', #3010, #5266 ) ;
#219 = CIRCLE ( 'NONE', #709, 0.1240157480314960509 ) ;
#220 = VECTOR ( 'NONE', #2178, 39.37007874015747433 ) ;
#221 = LINE ( 'NONE', #3499, #5611 ) ;
#222 = EDGE_LOOP ( 'NONE', ( #1413, #4482, #930, #1063 ) ) ;
#223 = VECTOR ( 'NONE', #3198, 39.37007874015748143 ) ;
#224 = LINE ( 'NONE', #3929, #5100 ) ;
#225 = CARTESIAN_POINT ( 'NONE',  ( -0.06200787401574702623, -0.1074007882646061396, 11.19133858606299015 ) ) ;
#226 = DIRECTION ( 'NONE',  ( -0.000000000000000000, -0.000000000000000000, -1.000000000000000000 ) ) ;
#227 = AXIS2_PLACEMENT_3D ( 'NONE', #2485, #2092, #649 ) ;
#228 = DIRECTION ( 'NONE',  ( -1.000000000000000000, 0.000000000000000000, 0.000000000000000000 ) ) ;
#229 = CARTESIAN_POINT ( 'NONE',  ( 0.09842519685039370636, 1.205361022782828035E-17, 1.685039370078740495 ) ) ;
#230 = EDGE_LOOP ( 'NONE', ( #1899, #1615, #3303, #1076, #1247, #1990 ) ) ;
#231 = CARTESIAN_POINT ( 'NONE',  ( 0.1311809662309435798, -0.1270374181231365418, 2.744094488188976388 ) ) ;
#232 = VERTEX_POINT ( 'NONE', #1923 ) ;
#233 = CARTESIAN_POINT ( 'NONE',  ( 0.000000000000000000, 0.000000000000000000, 2.618110236220472675 ) ) ;
#234 = ORIENTED_EDGE ( 'NONE', *, *, #2357, .F. ) ;
#235 = VECTOR ( 'NONE', #1140, 39.37007874015748854 ) ;
#236 = LINE ( 'NONE', #2538, #4919 ) ;
#237 = ORIENTED_EDGE ( 'NONE', *, *, #4923, .T. ) ;
#238 = AXIS2_PLACEMENT_3D ( 'NONE', #5008, #3569, #2191 ) ;
#239 = EDGE_LOOP ( 'NONE', ( #3697, #472, #2534, #4609 ) ) ;
#240 = VECTOR ( 'NONE', #6060, 39.37007874015748854 ) ;
#241 = ORIENTED_EDGE ( 'NONE', *, *, #273, .T. ) ;
#242 = DIRECTION ( 'NONE',  ( 0.000000000000000000, 0.000000000000000000, 1.000000000000000000 ) ) ;
#243 = CARTESIAN_POINT ( 'NONE',  ( 0.1240157480314960647, 0.000000000000000000, 12.08110236559055117 ) ) ;
#244 = AXIS2_PLACEMENT_3D ( 'NONE', #3395, #5269, #1064 ) ;
#245 = PRODUCT_DEFINITION_SHAPE ( 'NONE', 'NONE',  #1689 ) ;
#246 = EDGE_CURVE ( 'NONE', #6009, #2305, #4748, .T. ) ;
#247 = ADVANCED_FACE ( 'NONE', ( #3333 ), #2408, .T. ) ;
#248 = EDGE_CURVE ( 'NONE', #3877, #816, #5205, .T. ) ;
#249 = ORIENTED_EDGE ( 'NONE', *, *, #5306, .T. ) ;
#250 = DIRECTION ( 'NONE',  ( -1.000000000000000000, 0.000000000000000000, 0.000000000000000000 ) ) ;
#251 = EDGE_CURVE ( 'NONE', #1482, #3228, #641, .T. ) ;
#252 = VERTEX_POINT ( 'NONE', #2044 ) ;
#253 = DIRECTION ( 'NONE',  ( 1.000000000000000000, 0.000000000000000000, -0.000000000000000000 ) ) ;
#254 = LINE ( 'NONE', #5378, #5341 ) ;
#255 = ADVANCED_FACE ( 'NONE', ( #5177 ), #5818, .T. ) ;
#256 = DIRECTION ( 'NONE',  ( 0.000000000000000000, 0.000000000000000000, 1.000000000000000000 ) ) ;
#257 = CARTESIAN_POINT ( 'NONE',  ( -0.1240157480314960370, -8.659973399492811311E-16, 11.69133858606299015 ) ) ;
#258 = EDGE_LOOP ( 'NONE', ( #4461, #1948, #2765, #3764 ) ) ;
#259 = CARTESIAN_POINT ( 'NONE',  ( 0.06200787401574927443, -0.1074007882646048490, 3.740157480314960203 ) ) ;
#260 = VERTEX_POINT ( 'NONE', #882 ) ;
#261 = DIRECTION ( 'NONE',  ( -0.000000000000000000, 0.000000000000000000, 1.000000000000000000 ) ) ;
#262 = ORIENTED_EDGE ( 'NONE', *, *, #3148, .T. ) ;
#263 = FACE_OUTER_BOUND ( 'NONE', #2081, .T. ) ;
#264 = ORIENTED_EDGE ( 'NONE', *, *, #5917, .F. ) ;
#265 = ORIENTED_EDGE ( 'NONE', *, *, #3377, .T. ) ;
#266 = ORIENTED_EDGE ( 'NONE', *, *, #1407, .F. ) ;
#267 = CARTESIAN_POINT ( 'NONE',  ( 0.000000000000000000, 0.000000000000000000, 1.685039370078740495 ) ) ;
#268 = PLANE ( 'NONE',  #3740 ) ;
#269 = VECTOR ( 'NONE', #6066, 39.37007874015748854 ) ;
#270 = EDGE_LOOP ( 'NONE', ( #3574, #1722, #5151, #15, #2685, #3 ) ) ;
#271 = CARTESIAN_POINT ( 'NONE',  ( 0.06200787401574927443, -0.1074007882646048490, 4.051181102362204633 ) ) ;
#272 = VECTOR ( 'NONE', #4666, 39.37007874015748143 ) ;
#273 = EDGE_CURVE ( 'NONE', #24, #3564, #2291, .T. ) ;
#274 = VECTOR ( 'NONE', #3146, 39.37007874015748854 ) ;
#275 = ORIENTED_EDGE ( 'NONE', *, *, #3217, .F. ) ;
#276 = PLANE ( 'NONE',  #3235 ) ;
#277 = CARTESIAN_POINT ( 'NONE',  ( -0.06200787401574702623, -0.1074007882646061396, 3.740157480314960203 ) ) ;
#278 = CARTESIAN_POINT ( 'NONE',  ( -0.1240157480314960370, -8.659973399492811311E-16, 11.19133858606299015 ) ) ;
#279 = DIRECTION ( 'NONE',  ( -1.000000000000000000, -1.047250042046852776E-14, 0.000000000000000000 ) ) ;
#280 = ORIENTED_EDGE ( 'NONE', *, *, #3304, .T. ) ;
#281 = PLANE ( 'NONE',  #5583 ) ;
#282 = VERTEX_POINT ( 'NONE', #425 ) ;
#283 = DIRECTION ( 'NONE',  ( 1.000000000000000000, 0.000000000000000000, 0.000000000000000000 ) ) ;
#284 = VERTEX_POINT ( 'NONE', #3145 ) ;
#285 = LINE ( 'NONE', #2157, #1974 ) ;
#286 = VERTEX_POINT ( 'NONE', #5447 ) ;
#287 = VECTOR ( 'NONE', #2999, 39.37007874015748854 ) ;
#288 = ORIENTED_EDGE ( 'NONE', *, *, #5017, .F. ) ;
#289 = ORIENTED_EDGE ( 'NONE', *, *, #3100, .T. ) ;
#290 = CARTESIAN_POINT ( 'NONE',  ( 0.000000000000000000, 0.000000000000000000, 2.492125984251968962 ) ) ;
#291 = DIRECTION ( 'NONE',  ( 0.5000000000000012212, -0.8660254037844379305, 0.000000000000000000 ) ) ;
#292 = AXIS2_PLACEMENT_3D ( 'NONE', #2822, #988, #69 ) ;
#293 = ADVANCED_FACE ( 'NONE', ( #3603 ), #5912, .F. ) ;
#294 = VERTEX_POINT ( 'NONE', #2786 ) ;
#295 = CARTESIAN_POINT ( 'NONE',  ( 0.000000000000000000, 0.000000000000000000, 11.82125984590551049 ) ) ;
#296 = VECTOR ( 'NONE', #1166, 39.37007874015748143 ) ;
#297 = EDGE_CURVE ( 'NONE', #1523, #43, #5476, .T. ) ;
#298 = ORIENTED_EDGE ( 'NONE', *, *, #935, .F. ) ;
#299 = CARTESIAN_POINT ( 'NONE',  ( 0.000000000000000000, 0.000000000000000000, 10.44330708606299396 ) ) ;
#300 = CARTESIAN_POINT ( 'NONE',  ( -0.1956443936964358532, 0.3388660300982260232, 9.947244093937008813 ) ) ;
#301 = AXIS2_PLACEMENT_3D ( 'NONE', #5901, #1696, #3565 ) ;
#302 = FACE_OUTER_BOUND ( 'NONE', #5911, .T. ) ;
#303 = CARTESIAN_POINT ( 'NONE',  ( 0.000000000000000000, 0.000000000000000000, 1.559055118110236338 ) ) ;
#304 = VECTOR ( 'NONE', #4268, 39.37007874015748854 ) ;
#305 = VECTOR ( 'NONE', #2301, 39.37007874015748143 ) ;
#306 = ORIENTED_EDGE ( 'NONE', *, *, #1237, .T. ) ;
#307 = EDGE_CURVE ( 'NONE', #2434, #3647, #331, .T. ) ;
#308 = EDGE_CURVE ( 'NONE', #4213, #211, #5085, .T. ) ;
#309 = CARTESIAN_POINT ( 'NONE',  ( 0.000000000000000000, 0.000000000000000000, 7.277952755354331060 ) ) ;
#310 = AXIS2_PLACEMENT_3D ( 'NONE', #4572, #1387, #1321 ) ;
#311 = PLANE ( 'NONE',  #3527 ) ;
#312 = AXIS2_PLACEMENT_3D ( 'NONE', #3150, #485, #6006 ) ;
#313 = VERTEX_POINT ( 'NONE', #4164 ) ;
#314 = CARTESIAN_POINT ( 'NONE',  ( 0.06200787401574927443, -0.1074007882646048490, 0.000000000000000000 ) ) ;
#315 = ADVANCED_FACE ( 'NONE', ( #821 ), #3636, .F. ) ;
#316 = ORIENTED_EDGE ( 'NONE', *, *, #1389, .F. ) ;
#317 = ADVANCED_FACE ( 'NONE', ( #4557 ), #389, .T. ) ;
#318 = ORIENTED_EDGE ( 'NONE', *, *, #51, .F. ) ;
#319 = VERTEX_POINT ( 'NONE', #5942 ) ;
#320 = VECTOR ( 'NONE', #4225, 39.37007874015748143 ) ;
#321 = DIRECTION ( 'NONE',  ( 1.000000000000000000, 0.000000000000000000, 0.000000000000000000 ) ) ;
#322 = EDGE_CURVE ( 'NONE', #3846, #4440, #5542, .T. ) ;
#323 = LINE ( 'NONE', #4615, #3354 ) ;
#324 = ADVANCED_FACE ( 'NONE', ( #1831 ), #1711, .T. ) ;
#325 = AXIS2_PLACEMENT_3D ( 'NONE', #3229, #5959, #2341 ) ;
#326 = VERTEX_POINT ( 'NONE', #5969 ) ;
#327 = DIRECTION ( 'NONE',  ( 3.441911658684136277E-15, -1.000000000000000000, 0.000000000000000000 ) ) ;
#328 = CARTESIAN_POINT ( 'NONE',  ( 0.1561809662309435742, 0.1520374181231365363, 4.575984251968503891 ) ) ;
#329 = AXIS2_PLACEMENT_3D ( 'NONE', #5715, #3381, #1045 ) ;
#330 = ORIENTED_EDGE ( 'NONE', *, *, #4532, .T. ) ;
#331 = LINE ( 'NONE', #2750, #4903 ) ;
#332 = LINE ( 'NONE', #1307, #1060 ) ;
#333 = DIRECTION ( 'NONE',  ( -0.000000000000000000, -0.000000000000000000, -1.000000000000000000 ) ) ;
#334 = DIRECTION ( 'NONE',  ( -0.000000000000000000, -0.000000000000000000, -1.000000000000000000 ) ) ;
#335 = ORIENTED_EDGE ( 'NONE', *, *, #3108, .T. ) ;
#336 = FACE_BOUND ( 'NONE', #109, .T. ) ;
#337 = DIRECTION ( 'NONE',  ( 1.000000000000000000, 0.000000000000000000, 0.000000000000000000 ) ) ;
#338 = PLANE ( 'NONE',  #5235 ) ;
#339 = DIRECTION ( 'NONE',  ( -0.8660254037844414832, 0.4999999999999950595, 0.000000000000000000 ) ) ;
#340 = ORIENTED_EDGE ( 'NONE', *, *, #4661, .T. ) ;
#341 = CARTESIAN_POINT ( 'NONE',  ( -0.06200787401574851115, 0.1074007882646052930, 3.740157480314960203 ) ) ;
#342 = EDGE_CURVE ( 'NONE', #639, #2619, #3699, .T. ) ;
#343 = EDGE_CURVE ( 'NONE', #2987, #4961, #1306, .T. ) ;
#344 = EDGE_CURVE ( 'NONE', #282, #3080, #3579, .T. ) ;
#345 = VERTEX_POINT ( 'NONE', #1339 ) ;
#346 = VERTEX_POINT ( 'NONE', #2719 ) ;
#347 = DIRECTION ( 'NONE',  ( -1.000000000000000000, 0.000000000000000000, 0.000000000000000000 ) ) ;
#348 = ORIENTED_EDGE ( 'NONE', *, *, #5602, .T. ) ;
#349 = CARTESIAN_POINT ( 'NONE',  ( -0.06889763779527557919, 0.000000000000000000, 4.551181102362203745 ) ) ;
#350 = FACE_OUTER_BOUND ( 'NONE', #5787, .T. ) ;
#351 = CARTESIAN_POINT ( 'NONE',  ( -0.2649999999999999578, 0.000000000000000000, 9.325196849842519953 ) ) ;
#352 = ORIENTED_EDGE ( 'NONE', *, *, #3170, .T. ) ;
#353 = DIRECTION ( 'NONE',  ( -0.000000000000000000, -0.000000000000000000, -1.000000000000000000 ) ) ;
#354 = CARTESIAN_POINT ( 'NONE',  ( -0.1311809662309435798, 0.1270374181231365418, 4.575984251968503891 ) ) ;
#355 = AXIS2_PLACEMENT_3D ( 'NONE', #1930, #3276, #5615 ) ;
#356 = ORIENTED_EDGE ( 'NONE', *, *, #4505, .F. ) ;
#357 = EDGE_CURVE ( 'NONE', #5575, #3048, #4592, .T. ) ;
#358 = CARTESIAN_POINT ( 'NONE',  ( 0.000000000000000000, 0.000000000000000000, 7.462992125433071777 ) ) ;
#359 = CYLINDRICAL_SURFACE ( 'NONE', #5858, 0.06889763779527557919 ) ;
#360 = DIRECTION ( 'NONE',  ( -0.000000000000000000, -0.000000000000000000, -1.000000000000000000 ) ) ;
#361 = LINE ( 'NONE', #3071, #5893 ) ;
#362 = AXIS2_PLACEMENT_3D ( 'NONE', #5735, #5675, #1439 ) ;
#363 = ORIENTED_EDGE ( 'NONE', *, *, #4952, .F. ) ;
#364 = CARTESIAN_POINT ( 'NONE',  ( 0.09842519685039370636, 1.205361022782828035E-17, 3.492125984251968074 ) ) ;
#365 = PLANE ( 'NONE',  #3926 ) ;
#366 = CARTESIAN_POINT ( 'NONE',  ( -0.3912887873928638793, 0.000000000000000000, 10.44330708606299396 ) ) ;
#367 = DIRECTION ( 'NONE',  ( 1.000000000000000000, 3.441911658684136277E-15, 0.000000000000000000 ) ) ;
#368 = CARTESIAN_POINT ( 'NONE',  ( 0.000000000000000000, 0.000000000000000000, 4.425196850393700032 ) ) ;
#369 = ORIENTED_EDGE ( 'NONE', *, *, #6040, .F. ) ;
#370 = CARTESIAN_POINT ( 'NONE',  ( 0.06200787401574776869, 0.1074007882646057094, 0.2480314960629921295 ) ) ;
#371 = EDGE_CURVE ( 'NONE', #4772, #2447, #72, .T. ) ;
#372 = LINE ( 'NONE', #467, #1193 ) ;
#373 = EDGE_LOOP ( 'NONE', ( #1206, #5232 ) ) ;
#374 = VERTEX_POINT ( 'NONE', #3243 ) ;
#375 = CARTESIAN_POINT ( 'NONE',  ( 0.000000000000000000, 0.000000000000000000, 4.425196850393700032 ) ) ;
#376 = ORIENTED_EDGE ( 'NONE', *, *, #5678, .F. ) ;
#377 = EDGE_CURVE ( 'NONE', #3086, #4289, #2613, .T. ) ;
#378 = LINE ( 'NONE', #4645, #3368 ) ;
#379 = AXIS2_PLACEMENT_3D ( 'NONE', #605, #3854, #4260 ) ;
#380 = CARTESIAN_POINT ( 'NONE',  ( -0.1561809662309435742, 0.1520374181231365363, 4.575984251968503891 ) ) ;
#381 = FACE_OUTER_BOUND ( 'NONE', #1724, .T. ) ;
#382 = ORIENTED_EDGE ( 'NONE', *, *, #4402, .F. ) ;
#383 = DIRECTION ( 'NONE',  ( 0.5000000000000012212, -0.8660254037844379305, 0.000000000000000000 ) ) ;
#384 = LINE ( 'NONE', #4686, #2875 ) ;
#385 = CIRCLE ( 'NONE', #5392, 0.07342519685039371191 ) ;
#386 = VERTEX_POINT ( 'NONE', #4786 ) ;
#387 = AXIS2_PLACEMENT_3D ( 'NONE', #2917, #460, #131 ) ;
#388 = ORIENTED_EDGE ( 'NONE', *, *, #5295, .T. ) ;
#389 = CYLINDRICAL_SURFACE ( 'NONE', #2214, 0.06889763779527557919 ) ;
#390 = CIRCLE ( 'NONE', #1183, 0.2649999999999999578 ) ;
#391 = DIRECTION ( 'NONE',  ( -0.8660254037844414832, 0.4999999999999951150, 0.000000000000000000 ) ) ;
#392 = CARTESIAN_POINT ( 'NONE',  ( -0.06200787401574702623, -0.1074007882646061396, 0.000000000000000000 ) ) ;
#393 = DIRECTION ( 'NONE',  ( -1.000000000000000000, 0.000000000000000000, 0.000000000000000000 ) ) ;
#394 = EDGE_CURVE ( 'NONE', #4791, #2478, #976, .T. ) ;
#395 = EDGE_LOOP ( 'NONE', ( #580, #1156, #129, #4986 ) ) ;
#396 = VECTOR ( 'NONE', #726, 39.37007874015748143 ) ;
#397 = DIRECTION ( 'NONE',  ( -0.000000000000000000, -0.000000000000000000, -1.000000000000000000 ) ) ;
#398 = DIRECTION ( 'NONE',  ( -0.000000000000000000, -0.000000000000000000, -1.000000000000000000 ) ) ;
#399 = CYLINDRICAL_SURFACE ( 'NONE', #1024, 0.09842519685039370636 ) ;
#400 = DIRECTION ( 'NONE',  ( 0.5000000000000071054, -0.8660254037844345998, 0.000000000000000000 ) ) ;
#401 = DIRECTION ( 'NONE',  ( -0.000000000000000000, -0.000000000000000000, -1.000000000000000000 ) ) ;
#402 = ORIENTED_EDGE ( 'NONE', *, *, #2731, .T. ) ;
#403 = AXIS2_PLACEMENT_3D ( 'NONE', #2294, #5517, #1342 ) ;
#404 = CARTESIAN_POINT ( 'NONE',  ( -0.1240157480314960370, -8.659973399492811311E-16, 4.299212598425196319 ) ) ;
#405 = VECTOR ( 'NONE', #1509, 39.37007874015748143 ) ;
#406 = CARTESIAN_POINT ( 'NONE',  ( -0.1240157480314960370, -8.659973399492811311E-16, 5.797637795275591088 ) ) ;
#407 = ORIENTED_EDGE ( 'NONE', *, *, #1131, .T. ) ;
#408 = AXIS2_PLACEMENT_3D ( 'NONE', #5593, #1844, #962 ) ;
#409 = ORIENTED_EDGE ( 'NONE', *, *, #4198, .F. ) ;
#410 = CARTESIAN_POINT ( 'NONE',  ( 0.06200787401574927443, -0.1074007882646048490, 0.8740157480314961758 ) ) ;
#411 = AXIS2_PLACEMENT_3D ( 'NONE', #2710, #5880, #2249 ) ;
#412 = ORIENTED_EDGE ( 'NONE', *, *, #5687, .F. ) ;
#413 = DIRECTION ( 'NONE',  ( 0.000000000000000000, 0.000000000000000000, 1.000000000000000000 ) ) ;
#414 = CARTESIAN_POINT ( 'NONE',  ( 0.06200787401574927443, -0.1074007882646048490, 6.856692913385827204 ) ) ;
#415 = EDGE_CURVE ( 'NONE', #1255, #875, #1069, .T. ) ;
#416 = CARTESIAN_POINT ( 'NONE',  ( 0.000000000000000000, 0.000000000000000000, 1.933070866141732624 ) ) ;
#417 = VERTEX_POINT ( 'NONE', #2882 ) ;
#418 = FACE_OUTER_BOUND ( 'NONE', #3511, .T. ) ;
#419 = LINE ( 'NONE', #2316, #320 ) ;
#420 = EDGE_LOOP ( 'NONE', ( #901, #1488, #1759, #899 ) ) ;
#421 = AXIS2_PLACEMENT_3D ( 'NONE', #153, #2164, #3103 ) ;
#422 = EDGE_CURVE ( 'NONE', #1662, #2153, #3195, .T. ) ;
#423 = EDGE_CURVE ( 'NONE', #1715, #2194, #1498, .T. ) ;
#424 = ORIENTED_EDGE ( 'NONE', *, *, #2422, .T. ) ;
#425 = CARTESIAN_POINT ( 'NONE',  ( 0.4230224295639704035, 0.5152529012642550477, 8.333070865590551435 ) ) ;
#426 = CARTESIAN_POINT ( 'NONE',  ( 0.000000000000000000, 0.000000000000000000, 6.356692913385826316 ) ) ;
#427 = DIRECTION ( 'NONE',  ( -1.000000000000000000, 0.000000000000000000, 0.000000000000000000 ) ) ;
#428 = CARTESIAN_POINT ( 'NONE',  ( 0.06889763779527557919, 8.437527159479795937E-18, 5.423622047244094801 ) ) ;
#429 = ORIENTED_EDGE ( 'NONE', *, *, #4696, .F. ) ;
#430 = DIRECTION ( 'NONE',  ( -0.000000000000000000, 0.000000000000000000, 1.000000000000000000 ) ) ;
#431 = EDGE_CURVE ( 'NONE', #2069, #1481, #4722, .T. ) ;
#432 = LINE ( 'NONE', #2235, #4910 ) ;
#433 = LINE ( 'NONE', #2298, #2883 ) ;
#434 = FACE_OUTER_BOUND ( 'NONE', #2143, .T. ) ;
#435 = CARTESIAN_POINT ( 'NONE',  ( -0.1311809662309435798, -0.1270374181231365418, 5.297637795275590200 ) ) ;
#436 = ORIENTED_EDGE ( 'NONE', *, *, #1138, .F. ) ;
#437 = CARTESIAN_POINT ( 'NONE',  ( 0.2649999999999999578, 3.245314017740485592E-17, 8.333070865590551435 ) ) ;
#438 = DIRECTION ( 'NONE',  ( 0.000000000000000000, 0.000000000000000000, 1.000000000000000000 ) ) ;
#439 = ORIENTED_EDGE ( 'NONE', *, *, #982, .T. ) ;
#440 = ORIENTED_EDGE ( 'NONE', *, *, #3766, .T. ) ;
#441 = DIRECTION ( 'NONE',  ( 0.000000000000000000, -0.000000000000000000, 1.000000000000000000 ) ) ;
#442 = ORIENTED_EDGE ( 'NONE', *, *, #3015, .F. ) ;
#443 = CARTESIAN_POINT ( 'NONE',  ( 0.3912887873928638238, 2.732354998561485124E-15, 9.947244093937008813 ) ) ;
#444 = ORIENTED_EDGE ( 'NONE', *, *, #3003, .F. ) ;
#445 = CARTESIAN_POINT ( 'NONE',  ( -0.1240157480314960370, -8.659973399492811311E-16, 0.000000000000000000 ) ) ;
#446 = LINE ( 'NONE', #4552, #4494 ) ;
#447 = ORIENTED_EDGE ( 'NONE', *, *, #1601, .T. ) ;
#448 = CARTESIAN_POINT ( 'NONE',  ( 0.06200787401574927443, -0.1074007882646048490, 0.2480314960629921295 ) ) ;
#449 = PLANE ( 'NONE',  #5907 ) ;
#450 = ORIENTED_EDGE ( 'NONE', *, *, #1402, .F. ) ;
#451 = ORIENTED_EDGE ( 'NONE', *, *, #3445, .F. ) ;
#452 = DIRECTION ( 'NONE',  ( 1.000000000000000000, 0.000000000000000000, 0.000000000000000000 ) ) ;
#453 = DIRECTION ( 'NONE',  ( -0.000000000000000000, -0.000000000000000000, -1.000000000000000000 ) ) ;
#454 = EDGE_CURVE ( 'NONE', #2038, #2479, #2942, .T. ) ;
#455 = FACE_OUTER_BOUND ( 'NONE', #469, .T. ) ;
#456 = CARTESIAN_POINT ( 'NONE',  ( 0.06200787401574776869, 0.1074007882646057094, 4.051181102362204633 ) ) ;
#457 = VECTOR ( 'NONE', #4194, 39.37007874015748143 ) ;
#458 = ORIENTED_EDGE ( 'NONE', *, *, #2180, .T. ) ;
#459 = DIRECTION ( 'NONE',  ( 0.000000000000000000, 0.000000000000000000, 1.000000000000000000 ) ) ;
#460 = DIRECTION ( 'NONE',  ( -1.046341144239976999E-14, 1.000000000000000000, 0.000000000000000000 ) ) ;
#461 = FACE_OUTER_BOUND ( 'NONE', #4238, .T. ) ;
#462 = DIRECTION ( 'NONE',  ( -1.000000000000000000, 0.000000000000000000, 0.000000000000000000 ) ) ;
#463 = LINE ( 'NONE', #5524, #2966 ) ;
#464 = AXIS2_PLACEMENT_3D ( 'NONE', #1775, #4200, #6010 ) ;
#465 = VERTEX_POINT ( 'NONE', #944 ) ;
#466 = DIRECTION ( 'NONE',  ( 0.000000000000000000, 0.000000000000000000, 1.000000000000000000 ) ) ;
#467 = CARTESIAN_POINT ( 'NONE',  ( 0.09842519685039370636, 1.205361022782828035E-17, 5.549606299212598515 ) ) ;
#468 = EDGE_CURVE ( 'NONE', #3483, #2679, #3299, .T. ) ;
#469 = EDGE_LOOP ( 'NONE', ( #3074, #2963, #5198, #3928 ) ) ;
#470 = ORIENTED_EDGE ( 'NONE', *, *, #4864, .T. ) ;
#471 = PLANE ( 'NONE',  #1386 ) ;
#472 = ORIENTED_EDGE ( 'NONE', *, *, #3766, .F. ) ;
#473 = DIRECTION ( 'NONE',  ( 1.000000000000000000, 1.046341144239976841E-14, 0.000000000000000000 ) ) ;
#474 = DIRECTION ( 'NONE',  ( -0.000000000000000000, -0.000000000000000000, -1.000000000000000000 ) ) ;
#475 = DIRECTION ( 'NONE',  ( -0.4999999999999948375, -0.8660254037844417052, 0.000000000000000000 ) ) ;
#476 = VECTOR ( 'NONE', #1095, 39.37007874015748143 ) ;
#477 = EDGE_LOOP ( 'NONE', ( #1582, #1670 ) ) ;
#478 = CYLINDRICAL_SURFACE ( 'NONE', #4254, 0.09842519685039370636 ) ;
#479 = DIRECTION ( 'NONE',  ( -0.000000000000000000, -0.000000000000000000, -1.000000000000000000 ) ) ;
#480 = VERTEX_POINT ( 'NONE', #4688 ) ;
#481 = EDGE_CURVE ( 'NONE', #3314, #2384, #1865, .T. ) ;
#482 = AXIS2_PLACEMENT_3D ( 'NONE', #1743, #1779, #858 ) ;
#483 = DIRECTION ( 'NONE',  ( 0.000000000000000000, 0.000000000000000000, 1.000000000000000000 ) ) ;
#484 = DIRECTION ( 'NONE',  ( 1.000000000000000000, 0.000000000000000000, 0.000000000000000000 ) ) ;
#485 = DIRECTION ( 'NONE',  ( 0.000000000000000000, 0.000000000000000000, 1.000000000000000000 ) ) ;
#486 = FACE_OUTER_BOUND ( 'NONE', #4063, .T. ) ;
#487 = EDGE_CURVE ( 'NONE', #2778, #2501, #2451, .T. ) ;
#488 = ORIENTED_EDGE ( 'NONE', *, *, #749, .T. ) ;
#489 = VECTOR ( 'NONE', #1692, 39.37007874015747433 ) ;
#490 = FACE_OUTER_BOUND ( 'NONE', #4180, .T. ) ;
#491 = DIRECTION ( 'NONE',  ( 0.4999999999999950595, 0.8660254037844414832, 0.000000000000000000 ) ) ;
#492 = FACE_OUTER_BOUND ( 'NONE', #5824, .T. ) ;
#493 = CYLINDRICAL_SURFACE ( 'NONE', #3225, 0.09842519685039370636 ) ;
#494 = DIRECTION ( 'NONE',  ( 1.000000000000000000, 0.000000000000000000, 0.000000000000000000 ) ) ;
#495 = ORIENTED_EDGE ( 'NONE', *, *, #4618, .F. ) ;
#496 = LINE ( 'NONE', #404, #3240 ) ;
#497 = ADVANCED_FACE ( 'NONE', ( #1957, #5212 ), #581, .T. ) ;
#498 = CARTESIAN_POINT ( 'NONE',  ( 0.06200787401574776869, 0.1074007882646057094, 2.244094488188976833 ) ) ;
#499 = VECTOR ( 'NONE', #5359, 39.37007874015748854 ) ;
#500 = EDGE_CURVE ( 'NONE', #1523, #941, #666, .T. ) ;
#501 = EDGE_CURVE ( 'NONE', #3583, #3079, #4077, .T. ) ;
#502 = ORIENTED_EDGE ( 'NONE', *, *, #1219, .F. ) ;
#503 = ORIENTED_EDGE ( 'NONE', *, *, #5466, .T. ) ;
#504 = CARTESIAN_POINT ( 'NONE',  ( 0.000000000000000000, 0.000000000000000000, 5.297637795275590200 ) ) ;
#505 = ORIENTED_EDGE ( 'NONE', *, *, #1854, .T. ) ;
#506 = AXIS2_PLACEMENT_3D ( 'NONE', #1998, #4385, #4757 ) ;
#507 = CARTESIAN_POINT ( 'NONE',  ( -0.06200787401574702623, -0.1074007882646061396, 5.797637795275591088 ) ) ;
#508 = EDGE_CURVE ( 'NONE', #5166, #286, #5674, .T. ) ;
#509 = VECTOR ( 'NONE', #1081, 39.37007874015748143 ) ;
#510 = PLANE ( 'NONE',  #19 ) ;
#511 = EDGE_CURVE ( 'NONE', #1036, #929, #3501, .T. ) ;
#512 = CIRCLE ( 'NONE', #1490, 0.2649999999999999578 ) ;
#513 = FACE_OUTER_BOUND ( 'NONE', #1310, .T. ) ;
#514 = AXIS2_PLACEMENT_3D ( 'NONE', #1904, #884, #1308 ) ;
#515 = VERTEX_POINT ( 'NONE', #4295 ) ;
#516 = DIRECTION ( 'NONE',  ( -0.4999999999999950595, -0.8660254037844414832, 0.000000000000000000 ) ) ;
#517 = CARTESIAN_POINT ( 'NONE',  ( 0.000000000000000000, 0.000000000000000000, 10.81732283803149564 ) ) ;
#518 = ADVANCED_FACE ( 'NONE', ( #5706 ), #123, .T. ) ;
#519 = ORIENTED_EDGE ( 'NONE', *, *, #3467, .F. ) ;
#520 = ADVANCED_FACE ( 'NONE', ( #5273 ), #4817, .F. ) ;
#521 = AXIS2_PLACEMENT_3D ( 'NONE', #414, #5726, #3912 ) ;
#522 = CARTESIAN_POINT ( 'NONE',  ( 0.06200787401574927443, -0.1074007882646048490, 6.608661417322835518 ) ) ;
#523 = CARTESIAN_POINT ( 'NONE',  ( -0.06200787401574702623, -0.1074007882646061396, 1.933070866141732624 ) ) ;
#524 = AXIS2_PLACEMENT_3D ( 'NONE', #1035, #1992, #1525 ) ;
#525 = DIRECTION ( 'NONE',  ( -0.000000000000000000, -0.000000000000000000, -1.000000000000000000 ) ) ;
#526 = CARTESIAN_POINT ( 'NONE',  ( 0.000000000000000000, 0.000000000000000000, 1.685039370078740495 ) ) ;
#527 = VECTOR ( 'NONE', #4935, 39.37007874015748854 ) ;
#528 = ORIENTED_EDGE ( 'NONE', *, *, #4327, .T. ) ;
#529 = VECTOR ( 'NONE', #84, 39.37007874015748143 ) ;
#530 = CARTESIAN_POINT ( 'NONE',  ( -0.3912887873928638793, 0.000000000000000000, 10.44330708606299396 ) ) ;
#531 = CARTESIAN_POINT ( 'NONE',  ( 0.06200787401574776869, 0.1074007882646057094, 2.492125984251968962 ) ) ;
#532 = DIRECTION ( 'NONE',  ( 0.000000000000000000, 0.000000000000000000, 1.000000000000000000 ) ) ;
#533 = LINE ( 'NONE', #4795, #4807 ) ;
#534 = DIRECTION ( 'NONE',  ( 1.000000000000000000, 1.046341144239976841E-14, 0.000000000000000000 ) ) ;
#535 = CARTESIAN_POINT ( 'NONE',  ( -0.3412599786509462052, 0.1485531330579657749, 3.240157480314960647 ) ) ;
#536 = VECTOR ( 'NONE', #1875, 39.37007874015748143 ) ;
#537 = EDGE_LOOP ( 'NONE', ( #5816, #3242, #576, #1766 ) ) ;
#538 = EDGE_LOOP ( 'NONE', ( #2444, #94 ) ) ;
#539 = CARTESIAN_POINT ( 'NONE',  ( 0.06889763779527557919, 8.437527159479795937E-18, 5.423622047244094801 ) ) ;
#540 = ORIENTED_EDGE ( 'NONE', *, *, #4013, .F. ) ;
#541 = EDGE_LOOP ( 'NONE', ( #112, #5070 ) ) ;
#542 = EDGE_CURVE ( 'NONE', #2211, #777, #2845, .T. ) ;
#543 = ADVANCED_FACE ( 'NONE', ( #4265 ), #2979, .T. ) ;
#544 = DIRECTION ( 'NONE',  ( -0.000000000000000000, 0.000000000000000000, 1.000000000000000000 ) ) ;
#545 = CYLINDRICAL_SURFACE ( 'NONE', #1248, 0.07342519685039371191 ) ;
#546 = EDGE_LOOP ( 'NONE', ( #4679, #3366, #1907, #2693 ) ) ;
#547 = CARTESIAN_POINT ( 'NONE',  ( 0.1956443936964334940, -0.3388660300982274665, 10.44330708606299396 ) ) ;
#548 = LINE ( 'NONE', #2412, #5719 ) ;
#549 = EDGE_LOOP ( 'NONE', ( #2829, #729, #4032, #3620 ) ) ;
#550 = DIRECTION ( 'NONE',  ( 0.000000000000000000, 0.000000000000000000, 1.000000000000000000 ) ) ;
#551 = CARTESIAN_POINT ( 'NONE',  ( 0.000000000000000000, 0.000000000000000000, 7.462992125433071777 ) ) ;
#552 = CARTESIAN_POINT ( 'NONE',  ( -0.06200787401574851115, 0.1074007882646052930, 11.82125984590551049 ) ) ;
#553 = DIRECTION ( 'NONE',  ( -1.000000000000000000, 0.000000000000000000, 0.000000000000000000 ) ) ;
#554 = EDGE_CURVE ( 'NONE', #174, #5711, #186, .T. ) ;
#555 = EDGE_LOOP ( 'NONE', ( #318, #4740 ) ) ;
#556 = VECTOR ( 'NONE', #5053, 39.37007874015748143 ) ;
#557 = FACE_OUTER_BOUND ( 'NONE', #2904, .T. ) ;
#558 = DIRECTION ( 'NONE',  ( 0.000000000000000000, 0.000000000000000000, 1.000000000000000000 ) ) ;
#559 = CARTESIAN_POINT ( 'NONE',  ( -0.1240157480314960370, -8.659973399492811311E-16, 3.492125984251968074 ) ) ;
#560 = CARTESIAN_POINT ( 'NONE',  ( 0.06200787401574927443, -0.1074007882646048490, 10.94330708999999935 ) ) ;
#561 = DIRECTION ( 'NONE',  ( 0.000000000000000000, 0.000000000000000000, 1.000000000000000000 ) ) ;
#562 = FACE_OUTER_BOUND ( 'NONE', #4078, .T. ) ;
#563 = VECTOR ( 'NONE', #4383, 39.37007874015748854 ) ;
#564 = ORIENTED_EDGE ( 'NONE', *, *, #1607, .T. ) ;
#565 = EDGE_CURVE ( 'NONE', #4091, #76, #3553, .T. ) ;
#566 = VERTEX_POINT ( 'NONE', #2141 ) ;
#567 = DIRECTION ( 'NONE',  ( -0.000000000000000000, -0.000000000000000000, -1.000000000000000000 ) ) ;
#568 = VERTEX_POINT ( 'NONE', #2020 ) ;
#569 = VECTOR ( 'NONE', #1474, 39.37007874015748143 ) ;
#570 = FACE_BOUND ( 'NONE', #4776, .T. ) ;
#571 = ADVANCED_FACE ( 'NONE', ( #3924 ), #1627, .F. ) ;
#572 = ORIENTED_EDGE ( 'NONE', *, *, #1352, .T. ) ;
#573 = LINE ( 'NONE', #3883, #499 ) ;
#574 = AXIS2_PLACEMENT_3D ( 'NONE', #426, #5971, #5125 ) ;
#575 = CARTESIAN_POINT ( 'NONE',  ( 0.1961654313476998979, 0.09978336744851112883, 10.81732283803149564 ) ) ;
#576 = ORIENTED_EDGE ( 'NONE', *, *, #3571, .T. ) ;
#577 = EDGE_LOOP ( 'NONE', ( #3919, #2717 ) ) ;
#578 = DIRECTION ( 'NONE',  ( -0.000000000000000000, -0.000000000000000000, -1.000000000000000000 ) ) ;
#579 = CARTESIAN_POINT ( 'NONE',  ( -0.06200787401574851115, 0.1074007882646052930, 11.19133858606299015 ) ) ;
#580 = ORIENTED_EDGE ( 'NONE', *, *, #1407, .T. ) ;
#581 = PLANE ( 'NONE',  #2419 ) ;
#582 = CARTESIAN_POINT ( 'NONE',  ( 0.1240157480314960647, 0.000000000000000000, 5.797637795275591088 ) ) ;
#583 = FACE_BOUND ( 'NONE', #3275, .T. ) ;
#584 = DIRECTION ( 'NONE',  ( -0.000000000000000000, -0.000000000000000000, -1.000000000000000000 ) ) ;
#585 = EDGE_CURVE ( 'NONE', #20, #2478, #3685, .T. ) ;
#586 = AXIS2_PLACEMENT_3D ( 'NONE', #1177, #5434, #283 ) ;
#587 = ORIENTED_EDGE ( 'NONE', *, *, #3948, .F. ) ;
#588 = CARTESIAN_POINT ( 'NONE',  ( 0.000000000000000000, 0.000000000000000000, 4.051181102362204633 ) ) ;
#589 = DIRECTION ( 'NONE',  ( 1.000000000000000000, 0.000000000000000000, 0.000000000000000000 ) ) ;
#590 = PLANE ( 'NONE',  #4452 ) ;
#591 = DIRECTION ( 'NONE',  ( 0.000000000000000000, 0.000000000000000000, 1.000000000000000000 ) ) ;
#592 = CARTESIAN_POINT ( 'NONE',  ( -0.06200787401574851115, 0.1074007882646052930, 1.685039370078740495 ) ) ;
#593 = AXIS2_PLACEMENT_3D ( 'NONE', #3746, #5626, #1508 ) ;
#594 = EDGE_CURVE ( 'NONE', #1999, #2118, #218, .T. ) ;
#595 = CARTESIAN_POINT ( 'NONE',  ( 0.5647479010362571605, 0.4393857169676113061, 10.56929133803149767 ) ) ;
#596 = AXIS2_PLACEMENT_3D ( 'NONE', #3317, #3349, #2427 ) ;
#597 = EDGE_LOOP ( 'NONE', ( #1419, #4308, #5928, #4971 ) ) ;
#598 = EDGE_LOOP ( 'NONE', ( #5964, #2392, #205, #5996 ) ) ;
#599 = DIRECTION ( 'NONE',  ( -0.4999999999999948375, -0.8660254037844417052, 0.000000000000000000 ) ) ;
#600 = EDGE_LOOP ( 'NONE', ( #4474, #4191 ) ) ;
#601 = SURFACE_STYLE_USAGE ( .BOTH. , #1456 ) ;
#602 = VECTOR ( 'NONE', #1945, 39.37007874015748143 ) ;
#603 = ORIENTED_EDGE ( 'NONE', *, *, #5417, .F. ) ;
#604 = DIRECTION ( 'NONE',  ( 0.000000000000000000, 0.000000000000000000, 1.000000000000000000 ) ) ;
#605 = CARTESIAN_POINT ( 'NONE',  ( 0.000000000000000000, 0.000000000000000000, 7.277952755354331060 ) ) ;
#606 = ORIENTED_EDGE ( 'NONE', *, *, #620, .F. ) ;
#607 = AXIS2_PLACEMENT_3D ( 'NONE', #961, #2860, #2399 ) ;
#608 = ORIENTED_EDGE ( 'NONE', *, *, #3768, .F. ) ;
#609 = FACE_BOUND ( 'NONE', #2868, .T. ) ;
#610 = DIRECTION ( 'NONE',  ( 0.4999999999999948375, 0.8660254037844414832, 0.000000000000000000 ) ) ;
#611 = EDGE_LOOP ( 'NONE', ( #2186, #5389, #5249, #4022 ) ) ;
#612 = ADVANCED_FACE ( 'NONE', ( #5370 ), #736, .T. ) ;
#613 = CIRCLE ( 'NONE', #3057, 0.06889763779527557919 ) ;
#614 = VECTOR ( 'NONE', #931, 39.37007874015748143 ) ;
#615 = VECTOR ( 'NONE', #4011, 39.37007874015748143 ) ;
#616 = LINE ( 'NONE', #5396, #3737 ) ;
#617 = CARTESIAN_POINT ( 'NONE',  ( 0.2999999999999999889, 3.673940397442058882E-17, 9.947244093937008813 ) ) ;
#618 = CIRCLE ( 'NONE', #1002, 0.08842519685039371136 ) ;
#619 = DIRECTION ( 'NONE',  ( -1.000000000000000000, 0.000000000000000000, 0.000000000000000000 ) ) ;
#620 = EDGE_CURVE ( 'NONE', #374, #853, #4938, .T. ) ;
#621 = EDGE_CURVE ( 'NONE', #4520, #1707, #3065, .T. ) ;
#622 = EDGE_CURVE ( 'NONE', #2285, #1993, #3891, .T. ) ;
#623 = DIRECTION ( 'NONE',  ( 0.000000000000000000, 0.000000000000000000, 1.000000000000000000 ) ) ;
#624 = ORIENTED_EDGE ( 'NONE', *, *, #3571, .F. ) ;
#625 = DIRECTION ( 'NONE',  ( 1.000000000000000000, 0.000000000000000000, 0.000000000000000000 ) ) ;
#626 = DIRECTION ( 'NONE',  ( -1.000000000000000000, 0.000000000000000000, 0.000000000000000000 ) ) ;
#627 = CARTESIAN_POINT ( 'NONE',  ( -0.06200787401574702623, -0.1074007882646061396, 2.244094488188976833 ) ) ;
#628 = CARTESIAN_POINT ( 'NONE',  ( 0.1311809662309435798, 0.000000000000000000, 3.240157480314960647 ) ) ;
#629 = DIRECTION ( 'NONE',  ( 1.000000000000000000, 0.000000000000000000, -0.000000000000000000 ) ) ;
#630 = CARTESIAN_POINT ( 'NONE',  ( 0.09842519685039370636, 1.205361022782828035E-17, 4.425196850393700032 ) ) ;
#631 = VECTOR ( 'NONE', #2878, 39.37007874015748854 ) ;
#632 = EDGE_CURVE ( 'NONE', #5475, #4905, #5766, .T. ) ;
#633 = ORIENTED_EDGE ( 'NONE', *, *, #4209, .T. ) ;
#634 = ORIENTED_EDGE ( 'NONE', *, *, #4465, .T. ) ;
#635 = CARTESIAN_POINT ( 'NONE',  ( 0.1240157480314960647, 0.000000000000000000, 11.19133858606299015 ) ) ;
#636 = ORIENTED_EDGE ( 'NONE', *, *, #371, .F. ) ;
#637 = CYLINDRICAL_SURFACE ( 'NONE', #3036, 0.06889763779527557919 ) ;
#638 = AXIS2_PLACEMENT_3D ( 'NONE', #2029, #1565, #2428 ) ;
#639 = VERTEX_POINT ( 'NONE', #2055 ) ;
#640 = PLANE ( 'NONE',  #113 ) ;
#641 = LINE ( 'NONE', #3298, #4589 ) ;
#642 = EDGE_CURVE ( 'NONE', #4112, #1287, #5856, .T. ) ;
#643 = ORIENTED_EDGE ( 'NONE', *, *, #5826, .F. ) ;
#644 = ORIENTED_EDGE ( 'NONE', *, *, #342, .F. ) ;
#645 = DIRECTION ( 'NONE',  ( 0.000000000000000000, 0.000000000000000000, 1.000000000000000000 ) ) ;
#646 = LINE ( 'NONE', #1588, #725 ) ;
#647 = ORIENTED_EDGE ( 'NONE', *, *, #3911, .F. ) ;
#648 = ORIENTED_EDGE ( 'NONE', *, *, #5471, .T. ) ;
#649 = DIRECTION ( 'NONE',  ( 1.000000000000000000, 0.000000000000000000, 0.000000000000000000 ) ) ;
#650 = CARTESIAN_POINT ( 'NONE',  ( 0.06200787401574776869, 0.1074007882646057094, 11.19133858606299015 ) ) ;
#651 = ADVANCED_FACE ( 'NONE', ( #5799, #5884 ), #155, .T. ) ;
#652 = PLANE ( 'NONE',  #1885 ) ;
#653 = ORIENTED_EDGE ( 'NONE', *, *, #3728, .T. ) ;
#654 = EDGE_CURVE ( 'NONE', #4163, #3974, #616, .T. ) ;
#655 = DIRECTION ( 'NONE',  ( -0.000000000000000000, -0.000000000000000000, -1.000000000000000000 ) ) ;
#656 = LINE ( 'NONE', #3631, #5507 ) ;
#657 = FACE_OUTER_BOUND ( 'NONE', #5354, .T. ) ;
#658 = LINE ( 'NONE', #2525, #2067 ) ;
#659 = CARTESIAN_POINT ( 'NONE',  ( 0.09842519685039370636, 1.205361022782828035E-17, 6.608661417322835518 ) ) ;
#660 = DIRECTION ( 'NONE',  ( 0.000000000000000000, 0.000000000000000000, 1.000000000000000000 ) ) ;
#661 = ORIENTED_EDGE ( 'NONE', *, *, #3962, .T. ) ;
#662 = LINE ( 'NONE', #200, #3812 ) ;
#663 = LINE ( 'NONE', #3538, #1180 ) ;
#664 = ORIENTED_EDGE ( 'NONE', *, *, #3011, .F. ) ;
#665 = CARTESIAN_POINT ( 'NONE',  ( 0.1956443936964334940, -0.3388660300982274665, 10.44330708606299396 ) ) ;
#666 = CIRCLE ( 'NONE', #3401, 0.09842519685039370636 ) ;
#667 = ORIENTED_EDGE ( 'NONE', *, *, #3728, .F. ) ;
#668 = DIRECTION ( 'NONE',  ( -0.000000000000000000, -0.000000000000000000, -1.000000000000000000 ) ) ;
#669 = EDGE_CURVE ( 'NONE', #5660, #3820, #4522, .T. ) ;
#670 = ORIENTED_EDGE ( 'NONE', *, *, #58, .F. ) ;
#671 = ORIENTED_EDGE ( 'NONE', *, *, #2576, .F. ) ;
#672 = VERTEX_POINT ( 'NONE', #4886 ) ;
#673 = CARTESIAN_POINT ( 'NONE',  ( -0.06200787401574851115, 0.1074007882646052930, 0.8740157480314961758 ) ) ;
#674 = DIRECTION ( 'NONE',  ( 0.000000000000000000, 0.000000000000000000, 1.000000000000000000 ) ) ;
#675 = ORIENTED_EDGE ( 'NONE', *, *, #4864, .F. ) ;
#676 = VECTOR ( 'NONE', #4140, 39.37007874015748143 ) ;
#677 = ORIENTED_EDGE ( 'NONE', *, *, #871, .T. ) ;
#678 = CARTESIAN_POINT ( 'NONE',  ( 0.4230224295639704035, -0.3415247957475154861, 9.325196849842519953 ) ) ;
#679 = DIRECTION ( 'NONE',  ( 0.4999999999999950595, 0.8660254037844414832, 0.000000000000000000 ) ) ;
#680 = EDGE_CURVE ( 'NONE', #1393, #102, #2172, .T. ) ;
#681 = EDGE_CURVE ( 'NONE', #1124, #698, #3471, .T. ) ;
#682 = VERTEX_POINT ( 'NONE', #1135 ) ;
#683 = FACE_OUTER_BOUND ( 'NONE', #3066, .T. ) ;
#684 = LINE ( 'NONE', #328, #4810 ) ;
#685 = DIRECTION ( 'NONE',  ( 0.5000000000000012212, -0.8660254037844379305, 0.000000000000000000 ) ) ;
#686 = LINE ( 'NONE', #5430, #5493 ) ;
#687 = CARTESIAN_POINT ( 'NONE',  ( 0.1961654313476998979, 0.09978336744851112883, 10.81732283803149564 ) ) ;
#688 = ORIENTED_EDGE ( 'NONE', *, *, #5673, .T. ) ;
#689 = DIRECTION ( 'NONE',  ( -0.000000000000000000, -0.000000000000000000, -1.000000000000000000 ) ) ;
#690 = ORIENTED_EDGE ( 'NONE', *, *, #3673, .F. ) ;
#691 = CARTESIAN_POINT ( 'NONE',  ( 0.06200787401574776869, 0.1074007882646057094, 3.740157480314960203 ) ) ;
#692 = ADVANCED_FACE ( 'NONE', ( #2686 ), #4045, .T. ) ;
#693 = ORIENTED_EDGE ( 'NONE', *, *, #2082, .F. ) ;
#694 = CARTESIAN_POINT ( 'NONE',  ( 0.1311809662309435798, 0.1485531330579657749, 3.240157480314960647 ) ) ;
#695 = EDGE_CURVE ( 'NONE', #5160, #2934, #844, .T. ) ;
#696 = EDGE_CURVE ( 'NONE', #211, #5475, #5909, .T. ) ;
#697 = ORIENTED_EDGE ( 'NONE', *, *, #1765, .T. ) ;
#698 = VERTEX_POINT ( 'NONE', #1708 ) ;
#699 = ADVANCED_FACE ( 'NONE', ( #2169 ), #5468, .F. ) ;
#700 = CIRCLE ( 'NONE', #4317, 0.1240157480314960509 ) ;
#701 = ORIENTED_EDGE ( 'NONE', *, *, #4402, .T. ) ;
#702 = CARTESIAN_POINT ( 'NONE',  ( 0.000000000000000000, 0.000000000000000000, 5.797637795275591088 ) ) ;
#703 = LINE ( 'NONE', #2620, #5823 ) ;
#704 = EDGE_CURVE ( 'NONE', #3231, #232, #1280, .T. ) ;
#705 = VECTOR ( 'NONE', #5953, 39.37007874015748143 ) ;
#706 = ADVANCED_FACE ( 'NONE', ( #2714, #817 ), #1301, .T. ) ;
#707 = ORIENTED_EDGE ( 'NONE', *, *, #2984, .T. ) ;
#708 = CARTESIAN_POINT ( 'NONE',  ( -0.06200787401574851115, 0.1074007882646052930, 0.8740157480314961758 ) ) ;
#709 = AXIS2_PLACEMENT_3D ( 'NONE', #1309, #2262, #6007 ) ;
#710 = VECTOR ( 'NONE', #3019, 39.37007874015747433 ) ;
#711 = AXIS2_PLACEMENT_3D ( 'NONE', #1531, #5312, #2489 ) ;
#712 = VERTEX_POINT ( 'NONE', #1333 ) ;
#713 = CIRCLE ( 'NONE', #3551, 0.2649999999999999578 ) ;
#714 = CARTESIAN_POINT ( 'NONE',  ( 0.09842519685039370636, 1.205361022782828035E-17, 0.2480314960629921295 ) ) ;
#715 = CARTESIAN_POINT ( 'NONE',  ( -0.6143265327702777112, 0.000000000000000000, 8.333070865590551435 ) ) ;
#716 = B_SPLINE_CURVE_WITH_KNOTS ( 'NONE', 1,
 ( #1969, #3870 ),
 .UNSPECIFIED., .F., .F.,
 ( 2, 2 ),
 ( 0.000000000000000000, 1.000000000000000000 ),
 .UNSPECIFIED. ) ;
#717 = DIRECTION ( 'NONE',  ( -0.000000000000000000, 0.000000000000000000, 1.000000000000000000 ) ) ;
#718 = FACE_OUTER_BOUND ( 'NONE', #2087, .T. ) ;
#719 = PLANE ( 'NONE',  #1680 ) ;
#720 = ORIENTED_EDGE ( 'NONE', *, *, #3232, .T. ) ;
#721 = DIRECTION ( 'NONE',  ( 1.000000000000000000, 0.000000000000000000, -0.000000000000000000 ) ) ;
#722 = VERTEX_POINT ( 'NONE', #3173 ) ;
#723 = CARTESIAN_POINT ( 'NONE',  ( -0.06200787401574851115, 0.1074007882646052930, 2.244094488188976833 ) ) ;
#724 = ORIENTED_EDGE ( 'NONE', *, *, #501, .T. ) ;
#725 = VECTOR ( 'NONE', #4751, 39.37007874015748143 ) ;
#726 = DIRECTION ( 'NONE',  ( -0.000000000000000000, -0.000000000000000000, -1.000000000000000000 ) ) ;
#727 = ORIENTED_EDGE ( 'NONE', *, *, #3307, .F. ) ;
#728 = AXIS2_PLACEMENT_3D ( 'NONE', #1260, #2137, #4006 ) ;
#729 = ORIENTED_EDGE ( 'NONE', *, *, #4030, .F. ) ;
#730 = ORIENTED_EDGE ( 'NONE', *, *, #5185, .F. ) ;
#731 = EDGE_CURVE ( 'NONE', #2515, #1715, #3634, .T. ) ;
#732 = CARTESIAN_POINT ( 'NONE',  ( 0.000000000000000000, 0.000000000000000000, 0.9370078740157481434 ) ) ;
#733 = DIRECTION ( 'NONE',  ( -0.000000000000000000, -0.000000000000000000, -1.000000000000000000 ) ) ;
#734 = AXIS2_PLACEMENT_3D ( 'NONE', #987, #532, #5221 ) ;
#735 = ORIENTED_EDGE ( 'NONE', *, *, #3097, .F. ) ;
#736 = CYLINDRICAL_SURFACE ( 'NONE', #2318, 0.2999999999999999889 ) ;
#737 = EDGE_LOOP ( 'NONE', ( #1398, #2570 ) ) ;
#738 = CARTESIAN_POINT ( 'NONE',  ( -0.1240157480314960509, 0.000000000000000000, 1.433070866141732402 ) ) ;
#739 = DIRECTION ( 'NONE',  ( -0.000000000000000000, -0.000000000000000000, -1.000000000000000000 ) ) ;
#740 = CARTESIAN_POINT ( 'NONE',  ( -0.06200787401574702623, -0.1074007882646061396, 1.685039370078740495 ) ) ;
#741 = DIRECTION ( 'NONE',  ( 0.000000000000000000, 0.000000000000000000, 1.000000000000000000 ) ) ;
#742 = PRODUCT_DEFINITION_CONTEXT ( 'detailed design', #3605, 'design' ) ;
#743 = ORIENTED_EDGE ( 'NONE', *, *, #508, .F. ) ;
#744 = CARTESIAN_POINT ( 'NONE',  ( 0.06200787401574776869, 0.1074007882646057094, 11.69133858606299015 ) ) ;
#745 = EDGE_LOOP ( 'NONE', ( #2401, #3517 ) ) ;
#746 = FACE_OUTER_BOUND ( 'NONE', #3828, .T. ) ;
#747 = EDGE_LOOP ( 'NONE', ( #1652, #6031, #5004, #648 ) ) ;
#748 = DIRECTION ( 'NONE',  ( 1.000000000000000000, 3.441911658684136277E-15, 0.000000000000000000 ) ) ;
#749 = EDGE_CURVE ( 'NONE', #2541, #1364, #1004, .T. ) ;
#750 = VERTEX_POINT ( 'NONE', #1795 ) ;
#751 = EDGE_LOOP ( 'NONE', ( #2160, #1305, #141, #1003 ) ) ;
#752 = ADVANCED_FACE ( 'NONE', ( #2223, #3630 ), #876, .F. ) ;
#753 = ORIENTED_EDGE ( 'NONE', *, *, #1073, .F. ) ;
#754 = DIRECTION ( 'NONE',  ( 1.000000000000000000, 0.000000000000000000, 0.000000000000000000 ) ) ;
#755 = CARTESIAN_POINT ( 'NONE',  ( 0.000000000000000000, 0.000000000000000000, 3.492125984251968074 ) ) ;
#756 = EDGE_CURVE ( 'NONE', #5007, #3647, #5570, .T. ) ;
#757 = EDGE_LOOP ( 'NONE', ( #4459, #647, #3106, #809 ) ) ;
#758 = CARTESIAN_POINT ( 'NONE',  ( 0.1311809662309435798, 0.1485531330579657749, 3.240157480314960647 ) ) ;
#759 = AXIS2_PLACEMENT_3D ( 'NONE', #2910, #1932, #156 ) ;
#760 = ADVANCED_FACE ( 'NONE', ( #418 ), #2286, .F. ) ;
#761 = EDGE_CURVE ( 'NONE', #909, #154, #1682, .T. ) ;
#762 = ORIENTED_EDGE ( 'NONE', *, *, #791, .T. ) ;
#763 = LINE ( 'NONE', #5317, #3724 ) ;
#764 = EDGE_CURVE ( 'NONE', #2737, #4381, #2623, .T. ) ;
#765 = DIRECTION ( 'NONE',  ( -0.000000000000000000, -0.000000000000000000, -1.000000000000000000 ) ) ;
#766 = FACE_BOUND ( 'NONE', #5883, .T. ) ;
#767 = CARTESIAN_POINT ( 'NONE',  ( -0.3200000000000000067, 0.000000000000000000, 10.56929133803149590 ) ) ;
#768 = ADVANCED_FACE ( 'NONE', ( #4069, #3599 ), #1266, .F. ) ;
#769 = ORIENTED_EDGE ( 'NONE', *, *, #2929, .F. ) ;
#770 = CARTESIAN_POINT ( 'NONE',  ( 0.1240157480314960647, 0.000000000000000000, 6.856692913385827204 ) ) ;
#771 = CARTESIAN_POINT ( 'NONE',  ( 0.000000000000000000, 0.000000000000000000, 11.31732283803149386 ) ) ;
#772 = EDGE_CURVE ( 'NONE', #4433, #5331, #5014, .T. ) ;
#773 = ORIENTED_EDGE ( 'NONE', *, *, #2402, .F. ) ;
#774 = CARTESIAN_POINT ( 'NONE',  ( 0.06200787401574927443, -0.1074007882646048490, 4.299212598425196319 ) ) ;
#775 = ORIENTED_EDGE ( 'NONE', *, *, #134, .T. ) ;
#776 = VECTOR ( 'NONE', #5061, 39.37007874015748143 ) ;
#777 = VERTEX_POINT ( 'NONE', #3272 ) ;
#778 = VERTEX_POINT ( 'NONE', #5701 ) ;
#779 = CARTESIAN_POINT ( 'NONE',  ( 0.06889763779527557919, 8.437527159479795937E-18, 3.240157480314960647 ) ) ;
#780 = DIRECTION ( 'NONE',  ( 1.000000000000000000, 0.000000000000000000, -0.000000000000000000 ) ) ;
#781 = VECTOR ( 'NONE', #5498, 39.37007874015748854 ) ;
#782 = VECTOR ( 'NONE', #2997, 39.37007874015748143 ) ;
#783 = ORIENTED_EDGE ( 'NONE', *, *, #3957, .T. ) ;
#784 = DIRECTION ( 'NONE',  ( 1.000000000000000000, 0.000000000000000000, 0.000000000000000000 ) ) ;
#785 = VECTOR ( 'NONE', #655, 39.37007874015748143 ) ;
#786 = AXIS2_PLACEMENT_3D ( 'NONE', #2473, #147, #3518 ) ;
#787 = VERTEX_POINT ( 'NONE', #1005 ) ;
#788 = CARTESIAN_POINT ( 'NONE',  ( 0.000000000000000000, 0.000000000000000000, 1.559055118110236338 ) ) ;
#789 = DIRECTION ( 'NONE',  ( -1.000000000000000000, 0.000000000000000000, 0.000000000000000000 ) ) ;
#790 = VECTOR ( 'NONE', #5223, 39.37007874015748143 ) ;
#791 = EDGE_CURVE ( 'NONE', #160, #2949, #5512, .T. ) ;
#792 = ADVANCED_FACE ( 'NONE', ( #5116 ), #6004, .T. ) ;
#793 = ADVANCED_FACE ( 'NONE', ( #1399 ), #2905, .F. ) ;
#794 = PLANE ( 'NONE',  #5311 ) ;
#795 = DIRECTION ( 'NONE',  ( -0.000000000000000000, 0.000000000000000000, -1.000000000000000000 ) ) ;
#796 = AXIS2_PLACEMENT_3D ( 'NONE', #1040, #733, #1470 ) ;
#797 = ORIENTED_EDGE ( 'NONE', *, *, #1750, .F. ) ;
#798 = DIRECTION ( 'NONE',  ( 0.000000000000000000, 1.000000000000000000, -0.000000000000000000 ) ) ;
#799 = DIRECTION ( 'NONE',  ( 1.000000000000000000, 1.046341144239976841E-14, 0.000000000000000000 ) ) ;
#800 = CARTESIAN_POINT ( 'NONE',  ( 0.06200787401574776869, 0.1074007882646057094, 3.492125984251968074 ) ) ;
#801 = AXIS2_PLACEMENT_3D ( 'NONE', #2799, #6049, #3714 ) ;
#802 = PLANE ( 'NONE',  #2734 ) ;
#803 = VECTOR ( 'NONE', #474, 39.37007874015748143 ) ;
#804 = EDGE_LOOP ( 'NONE', ( #4199, #5236, #5410, #1182 ) ) ;
#805 = LINE ( 'NONE', #5924, #2748 ) ;
#806 = ORIENTED_EDGE ( 'NONE', *, *, #5567, .T. ) ;
#807 = ORIENTED_EDGE ( 'NONE', *, *, #5466, .F. ) ;
#808 = CARTESIAN_POINT ( 'NONE',  ( -0.3196850393700786941, 0.000000000000000000, 8.207086613622047722 ) ) ;
#809 = ORIENTED_EDGE ( 'NONE', *, *, #680, .T. ) ;
#810 = AXIS2_PLACEMENT_3D ( 'NONE', #2643, #5366, #5391 ) ;
#811 = CARTESIAN_POINT ( 'NONE',  ( 0.06200787401574776869, 0.1074007882646057094, 11.95118110574803083 ) ) ;
#812 = DIRECTION ( 'NONE',  ( -0.5000000000000012212, 0.8660254037844379305, 0.000000000000000000 ) ) ;
#813 = ADVANCED_FACE ( 'NONE', ( #3301 ), #973, .T. ) ;
#814 = CIRCLE ( 'NONE', #6003, 0.09842519685039370636 ) ;
#815 = DIRECTION ( 'NONE',  ( 0.000000000000000000, 0.000000000000000000, 1.000000000000000000 ) ) ;
#816 = VERTEX_POINT ( 'NONE', #547 ) ;
#817 = FACE_OUTER_BOUND ( 'NONE', #2609, .T. ) ;
#818 = DIRECTION ( 'NONE',  ( 1.000000000000000000, 0.000000000000000000, 0.000000000000000000 ) ) ;
#819 = VECTOR ( 'NONE', #2726, 39.37007874015748143 ) ;
#820 = ORIENTED_EDGE ( 'NONE', *, *, #56, .T. ) ;
#821 = FACE_OUTER_BOUND ( 'NONE', #2375, .T. ) ;
#822 = EDGE_CURVE ( 'NONE', #5388, #3050, #4750, .T. ) ;
#823 = CARTESIAN_POINT ( 'NONE',  ( -0.06200787401574702623, -0.1074007882646061396, 4.051181102362204633 ) ) ;
#824 = FACE_OUTER_BOUND ( 'NONE', #4814, .T. ) ;
#825 = CARTESIAN_POINT ( 'NONE',  ( -0.1240157480314960370, -8.659973399492811311E-16, 1.933070866141732624 ) ) ;
#826 = EDGE_CURVE ( 'NONE', #5987, #5331, #3963, .T. ) ;
#827 = ORIENTED_EDGE ( 'NONE', *, *, #1512, .F. ) ;
#828 = DIRECTION ( 'NONE',  ( 0.000000000000000000, -1.000000000000000000, 0.000000000000000000 ) ) ;
#829 = PLANE ( 'NONE',  #2351 ) ;
#830 = CARTESIAN_POINT ( 'NONE',  ( -0.07342519685039371191, 0.000000000000000000, 12.45511811362204746 ) ) ;
#831 = PLANE ( 'NONE',  #5967 ) ;
#832 = EDGE_LOOP ( 'NONE', ( #2790, #5565, #3548, #1979, #5923, #340 ) ) ;
#833 = CARTESIAN_POINT ( 'NONE',  ( 0.06200787401574776869, 0.1074007882646057094, 5.797637795275591088 ) ) ;
#834 = FACE_OUTER_BOUND ( 'NONE', #2648, .T. ) ;
#835 = ORIENTED_EDGE ( 'NONE', *, *, #3425, .F. ) ;
#836 = ORIENTED_EDGE ( 'NONE', *, *, #1721, .F. ) ;
#837 = CARTESIAN_POINT ( 'NONE',  ( 0.000000000000000000, 0.000000000000000000, 2.618110236220472675 ) ) ;
#838 = VERTEX_POINT ( 'NONE', #1926 ) ;
#839 = CARTESIAN_POINT ( 'NONE',  ( 0.2999999999999999889, -1.836970198721030365E-17, 7.214960629370079204 ) ) ;
#840 = DIRECTION ( 'NONE',  ( -0.8660254037844379305, -0.5000000000000012212, 0.000000000000000000 ) ) ;
#841 = CARTESIAN_POINT ( 'NONE',  ( -0.1240157480314960370, -8.659973399492811311E-16, 0.2480314960629921295 ) ) ;
#842 = VECTOR ( 'NONE', #3667, 39.37007874015748143 ) ;
#843 = ORIENTED_EDGE ( 'NONE', *, *, #952, .T. ) ;
#844 = LINE ( 'NONE', #3661, #3142 ) ;
#845 = CARTESIAN_POINT ( 'NONE',  ( -0.1311809662309435798, 0.1270374181231365418, 4.551181102362203745 ) ) ;
#846 = AXIS2_PLACEMENT_3D ( 'NONE', #5734, #1528, #1901 ) ;
#847 = ORIENTED_EDGE ( 'NONE', *, *, #2504, .T. ) ;
#848 = CARTESIAN_POINT ( 'NONE',  ( 0.000000000000000000, 0.5152529012642550477, 8.333070865590551435 ) ) ;
#849 = DIRECTION ( 'NONE',  ( 1.000000000000000000, 1.046341144239976841E-14, 0.000000000000000000 ) ) ;
#850 = LINE ( 'NONE', #392, #5214 ) ;
#851 = DIRECTION ( 'NONE',  ( 1.000000000000000000, 0.000000000000000000, 0.000000000000000000 ) ) ;
#852 = VECTOR ( 'NONE', #1558, 39.37007874015748143 ) ;
#853 = VERTEX_POINT ( 'NONE', #1431 ) ;
#854 = LINE ( 'NONE', #3642, #1241 ) ;
#855 = FACE_OUTER_BOUND ( 'NONE', #3976, .T. ) ;
#856 = LINE ( 'NONE', #1347, #2289 ) ;
#857 = EDGE_CURVE ( 'NONE', #4251, #3698, #3237, .T. ) ;
#858 = DIRECTION ( 'NONE',  ( 0.5000000000000012212, -0.8660254037844379305, 0.000000000000000000 ) ) ;
#859 = PLANE ( 'NONE',  #2471 ) ;
#860 = VERTEX_POINT ( 'NONE', #4189 ) ;
#861 = DIRECTION ( 'NONE',  ( 1.000000000000000000, 0.000000000000000000, 0.000000000000000000 ) ) ;
#862 = CARTESIAN_POINT ( 'NONE',  ( -0.06200787401574851115, 0.1074007882646052930, 3.492125984251968074 ) ) ;
#863 = EDGE_LOOP ( 'NONE', ( #2108, #2895, #634, #5390 ) ) ;
#864 = ORIENTED_EDGE ( 'NONE', *, *, #2147, .F. ) ;
#865 = LINE ( 'NONE', #2736, #14 ) ;
#866 = ORIENTED_EDGE ( 'NONE', *, *, #5066, .T. ) ;
#867 = DIRECTION ( 'NONE',  ( -0.000000000000000000, 1.000000000000000000, -0.000000000000000000 ) ) ;
#868 = VECTOR ( 'NONE', #2070, 39.37007874015748143 ) ;
#869 = ADVANCED_FACE ( 'NONE', ( #4685 ), #478, .T. ) ;
#870 = EDGE_CURVE ( 'NONE', #4777, #3544, #910, .T. ) ;
#871 = EDGE_CURVE ( 'NONE', #2133, #2778, #1462, .T. ) ;
#872 = CARTESIAN_POINT ( 'NONE',  ( 0.06889763779527557919, 8.437527159479795937E-18, 5.297637795275590200 ) ) ;
#873 = CIRCLE ( 'NONE', #5084, 0.07342519685039371191 ) ;
#874 = CARTESIAN_POINT ( 'NONE',  ( 0.07342519685039371191, 8.991993229959897949E-18, 11.31732283803149386 ) ) ;
#875 = VERTEX_POINT ( 'NONE', #1858 ) ;
#876 = PLANE ( 'NONE',  #1192 ) ;
#877 = CARTESIAN_POINT ( 'NONE',  ( 0.000000000000000000, 0.000000000000000000, 11.95118110574803083 ) ) ;
#878 = CIRCLE ( 'NONE', #1665, 0.06889763779527557919 ) ;
#879 = VERTEX_POINT ( 'NONE', #2346 ) ;
#880 = EDGE_CURVE ( 'NONE', #941, #3682, #1952, .T. ) ;
#881 = ORIENTED_EDGE ( 'NONE', *, *, #170, .T. ) ;
#882 = CARTESIAN_POINT ( 'NONE',  ( 0.1311809662309435798, -0.1270374181231365418, 5.272834645669290943 ) ) ;
#883 = DIRECTION ( 'NONE',  ( -1.000000000000000000, 0.000000000000000000, 0.000000000000000000 ) ) ;
#884 = DIRECTION ( 'NONE',  ( -0.000000000000000000, 0.000000000000000000, 1.000000000000000000 ) ) ;
#885 = PLANE ( 'NONE',  #1272 ) ;
#886 = ORIENTED_EDGE ( 'NONE', *, *, #2270, .T. ) ;
#887 = AXIS2_PLACEMENT_3D ( 'NONE', #2187, #3542, #4571 ) ;
#888 = CYLINDRICAL_SURFACE ( 'NONE', #464, 0.06889763779527557919 ) ;
#889 = LINE ( 'NONE', #2725, #2945 ) ;
#890 = CARTESIAN_POINT ( 'NONE',  ( 0.1311809662309435798, -0.1270374181231365418, 3.240157480314960647 ) ) ;
#891 = CARTESIAN_POINT ( 'NONE',  ( 0.1240157480314960509, 1.518754888706363084E-17, 6.356692913385826316 ) ) ;
#892 = CARTESIAN_POINT ( 'NONE',  ( -0.3912887873928638793, 0.000000000000000000, 10.44330708606299396 ) ) ;
#893 = VERTEX_POINT ( 'NONE', #1495 ) ;
#894 = AXIS2_PLACEMENT_3D ( 'NONE', #2124, #1171, #795 ) ;
#895 = CARTESIAN_POINT ( 'NONE',  ( -0.6143265327702777112, -0.3415247957475154861, 9.325196849842519953 ) ) ;
#896 = AXIS2_PLACEMENT_3D ( 'NONE', #1659, #1223, #4075 ) ;
#897 = LINE ( 'NONE', #2304, #4041 ) ;
#898 = AXIS2_PLACEMENT_3D ( 'NONE', #1240, #3694, #3107 ) ;
#899 = ORIENTED_EDGE ( 'NONE', *, *, #2218, .T. ) ;
#900 = CIRCLE ( 'NONE', #3249, 0.06889763779527557919 ) ;
#901 = ORIENTED_EDGE ( 'NONE', *, *, #5682, .F. ) ;
#902 = LINE ( 'NONE', #11, #781 ) ;
#903 = AXIS2_PLACEMENT_3D ( 'NONE', #1804, #2754, #4196 ) ;
#904 = ORIENTED_EDGE ( 'NONE', *, *, #5263, .T. ) ;
#905 = PLANE ( 'NONE',  #3758 ) ;
#906 = DIRECTION ( 'NONE',  ( -0.000000000000000000, 0.000000000000000000, 1.000000000000000000 ) ) ;
#907 = CARTESIAN_POINT ( 'NONE',  ( 0.06200787401574927443, -0.1074007882646048490, 11.19133858606299015 ) ) ;
#908 = EDGE_CURVE ( 'NONE', #4451, #4106, #5241, .T. ) ;
#909 = VERTEX_POINT ( 'NONE', #1897 ) ;
#910 = LINE ( 'NONE', #4653, #5021 ) ;
#911 = CARTESIAN_POINT ( 'NONE',  ( 0.09842519685039370636, 1.205361022782828035E-17, 3.492125984251968074 ) ) ;
#912 = ORIENTED_EDGE ( 'NONE', *, *, #2873, .T. ) ;
#913 = CIRCLE ( 'NONE', #4349, 0.09842519685039370636 ) ;
#914 = EDGE_LOOP ( 'NONE', ( #980, #4313 ) ) ;
#915 = DIRECTION ( 'NONE',  ( 0.000000000000000000, 0.000000000000000000, 1.000000000000000000 ) ) ;
#916 = CARTESIAN_POINT ( 'NONE',  ( -0.06889763779527557919, 0.000000000000000000, 4.425196850393700032 ) ) ;
#917 = DIRECTION ( 'NONE',  ( -0.000000000000000000, -0.000000000000000000, -1.000000000000000000 ) ) ;
#918 = DIRECTION ( 'NONE',  ( -0.8660254037844379305, -0.5000000000000012212, 0.000000000000000000 ) ) ;
#919 = EDGE_LOOP ( 'NONE', ( #369, #3388, #3778, #675 ) ) ;
#920 = CARTESIAN_POINT ( 'NONE',  ( 0.000000000000000000, 0.000000000000000000, 3.240157480314960647 ) ) ;
#921 = DIRECTION ( 'NONE',  ( 1.000000000000000000, 3.441911658684136277E-15, 0.000000000000000000 ) ) ;
#922 = DIRECTION ( 'NONE',  ( 1.000000000000000000, 0.000000000000000000, -0.000000000000000000 ) ) ;
#923 = CARTESIAN_POINT ( 'NONE',  ( 0.2999999999999999889, 3.673940397442058882E-17, 7.277952755354331060 ) ) ;
#924 = CARTESIAN_POINT ( 'NONE',  ( -0.09842519685039370636, 0.000000000000000000, 4.299212598425196319 ) ) ;
#925 = EDGE_LOOP ( 'NONE', ( #3414, #5721, #2818, #5360 ) ) ;
#926 = DIRECTION ( 'NONE',  ( -0.000000000000000000, -0.000000000000000000, -1.000000000000000000 ) ) ;
#927 = VECTOR ( 'NONE', #4846, 39.37007874015748854 ) ;
#928 = CARTESIAN_POINT ( 'NONE',  ( 0.000000000000000000, 0.000000000000000000, 1.685039370078740495 ) ) ;
#929 = VERTEX_POINT ( 'NONE', #2445 ) ;
#930 = ORIENTED_EDGE ( 'NONE', *, *, #4876, .F. ) ;
#931 = DIRECTION ( 'NONE',  ( -0.000000000000000000, -0.000000000000000000, -1.000000000000000000 ) ) ;
#932 = ORIENTED_EDGE ( 'NONE', *, *, #3296, .F. ) ;
#933 = CYLINDRICAL_SURFACE ( 'NONE', #5621, 0.06889763779527557919 ) ;
#934 = CARTESIAN_POINT ( 'NONE',  ( 0.000000000000000000, 0.000000000000000000, 4.551181102362203745 ) ) ;
#935 = EDGE_CURVE ( 'NONE', #3915, #5968, #115, .T. ) ;
#936 = ADVANCED_FACE ( 'NONE', ( #5149, #3765 ), #1991, .F. ) ;
#937 = CARTESIAN_POINT ( 'NONE',  ( 0.06200787401574927443, -0.1074007882646048490, 12.08110236559055117 ) ) ;
#938 = ORIENTED_EDGE ( 'NONE', *, *, #3297, .T. ) ;
#939 = DIRECTION ( 'NONE',  ( -0.8660254037844414832, 0.4999999999999950595, 0.000000000000000000 ) ) ;
#940 = FACE_OUTER_BOUND ( 'NONE', #1673, .T. ) ;
#941 = VERTEX_POINT ( 'NONE', #212 ) ;
#942 = EDGE_CURVE ( 'NONE', #294, #2210, #1016, .T. ) ;
#943 = EDGE_LOOP ( 'NONE', ( #6019, #4087 ) ) ;
#944 = CARTESIAN_POINT ( 'NONE',  ( 0.06280470657979303484, -0.3137763038080251254, 10.56929133803149590 ) ) ;
#945 = ADVANCED_FACE ( 'NONE', ( #609, #3953 ), #338, .T. ) ;
#946 = DIRECTION ( 'NONE',  ( 0.5000000000000071054, -0.8660254037844345998, 0.000000000000000000 ) ) ;
#947 = CARTESIAN_POINT ( 'NONE',  ( 0.1311809662309435798, 0.1270374181231365418, 4.575984251968503891 ) ) ;
#948 = ADVANCED_FACE ( 'NONE', ( #2048 ), #1158, .F. ) ;
#949 = EDGE_CURVE ( 'NONE', #1744, #4129, #3492, .T. ) ;
#950 = DIRECTION ( 'NONE',  ( -0.000000000000000000, -0.000000000000000000, -1.000000000000000000 ) ) ;
#951 = ORIENTED_EDGE ( 'NONE', *, *, #5962, .F. ) ;
#952 = EDGE_CURVE ( 'NONE', #5160, #1187, #6017, .T. ) ;
#953 = DIRECTION ( 'NONE',  ( 1.000000000000000000, 0.000000000000000000, 0.000000000000000000 ) ) ;
#954 = CARTESIAN_POINT ( 'NONE',  ( 0.06889763779527557919, 8.437527159479795937E-18, 0.3740157480314960647 ) ) ;
#955 = DIRECTION ( 'NONE',  ( 1.000000000000000000, 0.000000000000000000, 0.000000000000000000 ) ) ;
#956 = DIRECTION ( 'NONE',  ( 0.000000000000000000, 0.000000000000000000, 1.000000000000000000 ) ) ;
#957 = ADVANCED_FACE ( 'NONE', ( #5365 ), #4443, .F. ) ;
#958 = FACE_BOUND ( 'NONE', #3002, .T. ) ;
#959 = AXIS2_PLACEMENT_3D ( 'NONE', #3378, #1414, #5651 ) ;
#960 = EDGE_LOOP ( 'NONE', ( #4556, #1896, #3386, #3615, #1160, #1123 ) ) ;
#961 = CARTESIAN_POINT ( 'NONE',  ( 0.000000000000000000, 0.000000000000000000, 6.482677165354330917 ) ) ;
#962 = DIRECTION ( 'NONE',  ( 0.4999999999999948375, 0.8660254037844414832, 0.000000000000000000 ) ) ;
#963 = EDGE_CURVE ( 'NONE', #4129, #6009, #2935, .T. ) ;
#964 = ORIENTED_EDGE ( 'NONE', *, *, #2192, .T. ) ;
#965 = ORIENTED_EDGE ( 'NONE', *, *, #1282, .T. ) ;
#966 = ADVANCED_FACE ( 'NONE', ( #1524 ), #2513, .F. ) ;
#967 = CARTESIAN_POINT ( 'NONE',  ( -5.368720986365823016E-18, 0.1485531330579657749, 3.240157480314960647 ) ) ;
#968 = ORIENTED_EDGE ( 'NONE', *, *, #4923, .F. ) ;
#969 = DIRECTION ( 'NONE',  ( 1.000000000000000000, 0.000000000000000000, 0.000000000000000000 ) ) ;
#970 = CARTESIAN_POINT ( 'NONE',  ( 0.2649999999999999578, 3.245314017740484976E-17, 7.462992125433071777 ) ) ;
#971 = VECTOR ( 'NONE', #18, 39.37007874015748854 ) ;
#972 = VERTEX_POINT ( 'NONE', #2184 ) ;
#973 = PLANE ( 'NONE',  #3161 ) ;
#974 = CARTESIAN_POINT ( 'NONE',  ( 0.08842519685039371136, 1.082896342868092677E-17, 4.051181102362204633 ) ) ;
#975 = VERTEX_POINT ( 'NONE', #3917 ) ;
#976 = LINE ( 'NONE', #3732, #457 ) ;
#977 = DIRECTION ( 'NONE',  ( -0.000000000000000000, -0.000000000000000000, -1.000000000000000000 ) ) ;
#978 = CARTESIAN_POINT ( 'NONE',  ( 0.06200787401574776869, 0.1074007882646057094, 0.2480314960629921295 ) ) ;
#979 = FACE_OUTER_BOUND ( 'NONE', #3815, .T. ) ;
#980 = ORIENTED_EDGE ( 'NONE', *, *, #982, .F. ) ;
#981 = AXIS2_PLACEMENT_3D ( 'NONE', #4240, #34, #1909 ) ;
#982 = EDGE_CURVE ( 'NONE', #2478, #20, #1218, .T. ) ;
#983 = LINE ( 'NONE', #4362, #81 ) ;
#984 = EDGE_CURVE ( 'NONE', #2596, #4047, #4056, .T. ) ;
#985 = ADVANCED_FACE ( 'NONE', ( #5920 ), #4081, .F. ) ;
#986 = DIRECTION ( 'NONE',  ( -0.000000000000000000, -0.000000000000000000, -1.000000000000000000 ) ) ;
#987 = CARTESIAN_POINT ( 'NONE',  ( 0.000000000000000000, 0.000000000000000000, 0.5000000000000000000 ) ) ;
#988 = DIRECTION ( 'NONE',  ( 0.000000000000000000, 0.000000000000000000, 1.000000000000000000 ) ) ;
#989 = CARTESIAN_POINT ( 'NONE',  ( -0.1240157480314960370, -8.659973399492811311E-16, 1.933070866141732624 ) ) ;
#990 =( BOUNDED_SURFACE ( )  B_SPLINE_SURFACE ( 3, 1, ( 
 ( #4339, #2527 ),
 ( #2922, #3353 ),
 ( #1538, #1610 ),
 ( #2006, #2499 ),
 ( #4367, #1118 ),
 ( #595, #687 ),
 ( #2994, #1023 ) ),
 .UNSPECIFIED., .T., .F., .F. ) 
 B_SPLINE_SURFACE_WITH_KNOTS ( ( 4, 3, 4 ),
 ( 2, 2 ),
 ( 0.000000000000000000, 0.5000000000000000000, 1.000000000000000000 ),
 ( 0.000000000000000000, 1.000000000000000000 ),
 .UNSPECIFIED. ) 
 GEOMETRIC_REPRESENTATION_ITEM ( )  RATIONAL_B_SPLINE_SURFACE ( (
 ( 1.000000000000000000, 1.000000000000000000),
 ( 0.3333333333333333703, 0.3333333333333333703),
 ( 0.3333333333333333703, 0.3333333333333333703),
 ( 1.000000000000000000, 1.000000000000000000),
 ( 0.3333333333333333703, 0.3333333333333333703),
 ( 0.3333333333333333703, 0.3333333333333333703),
 ( 1.000000000000000000, 1.000000000000000000) ) ) 
 REPRESENTATION_ITEM ( '' )  SURFACE ( )  );
#991 = DIRECTION ( 'NONE',  ( 1.000000000000000000, 0.000000000000000000, 0.000000000000000000 ) ) ;
#992 = ORIENTED_EDGE ( 'NONE', *, *, #2227, .F. ) ;
#993 = ORIENTED_EDGE ( 'NONE', *, *, #4406, .F. ) ;
#994 = CARTESIAN_POINT ( 'NONE',  ( 0.000000000000000000, 0.000000000000000000, 5.860629921259842057 ) ) ;
#995 = ORIENTED_EDGE ( 'NONE', *, *, #5940, .T. ) ;
#996 = DIRECTION ( 'NONE',  ( 1.000000000000000000, 0.000000000000000000, 0.000000000000000000 ) ) ;
#997 = AXIS2_PLACEMENT_3D ( 'NONE', #3411, #1567, #629 ) ;
#998 = ORIENTED_EDGE ( 'NONE', *, *, #468, .F. ) ;
#999 = CARTESIAN_POINT ( 'NONE',  ( 0.000000000000000000, 0.000000000000000000, 3.492125984251968074 ) ) ;
#1000 = AXIS2_PLACEMENT_3D ( 'NONE', #5372, #4421, #4887 ) ;
#1001 = CARTESIAN_POINT ( 'NONE',  ( 0.09842519685039370636, 1.205361022782828035E-17, 6.608661417322835518 ) ) ;
#1002 = AXIS2_PLACEMENT_3D ( 'NONE', #30, #1012, #3774 ) ;
#1003 = ORIENTED_EDGE ( 'NONE', *, *, #3494, .T. ) ;
#1004 = CIRCLE ( 'NONE', #4039, 0.3200000000000000067 ) ;
#1005 = CARTESIAN_POINT ( 'NONE',  ( 0.06200787401574776869, 0.1074007882646057094, 5.797637795275591088 ) ) ;
#1006 = LINE ( 'NONE', #1554, #631 ) ;
#1007 = ORIENTED_EDGE ( 'NONE', *, *, #1214, .T. ) ;
#1008 = EDGE_CURVE ( 'NONE', #4715, #975, #5300, .T. ) ;
#1009 = CARTESIAN_POINT ( 'NONE',  ( 0.3912887873928638238, 2.732354998561485124E-15, 9.947244093937008813 ) ) ;
#1010 = CARTESIAN_POINT ( 'NONE',  ( -0.06889763779527557919, 0.000000000000000000, 6.482677165354330917 ) ) ;
#1011 = CIRCLE ( 'NONE', #4446, 0.09842519685039370636 ) ;
#1012 = DIRECTION ( 'NONE',  ( 0.000000000000000000, 0.000000000000000000, 1.000000000000000000 ) ) ;
#1013 = DIRECTION ( 'NONE',  ( -1.000000000000000000, 0.000000000000000000, 0.000000000000000000 ) ) ;
#1014 = AXIS2_PLACEMENT_3D ( 'NONE', #3523, #4908, #321 ) ;
#1015 = VERTEX_POINT ( 'NONE', #2542 ) ;
#1016 = CIRCLE ( 'NONE', #4450, 0.06889763779527557919 ) ;
#1017 = EDGE_CURVE ( 'NONE', #5109, #174, #3585, .T. ) ;
#1018 = CYLINDRICAL_SURFACE ( 'NONE', #2716, 0.08842519685039371136 ) ;
#1019 = DIRECTION ( 'NONE',  ( 1.000000000000000000, 0.000000000000000000, -0.000000000000000000 ) ) ;
#1020 = FACE_BOUND ( 'NONE', #4002, .T. ) ;
#1021 = DIRECTION ( 'NONE',  ( -0.000000000000000000, -0.000000000000000000, -1.000000000000000000 ) ) ;
#1022 = CARTESIAN_POINT ( 'NONE',  ( -0.06200787401574851115, 0.1074007882646052930, 0.8740157480314961758 ) ) ;
#1023 = CARTESIAN_POINT ( 'NONE',  ( -0.0006802607098644442669, 0.09842284602878219324, 10.81732283803149564 ) ) ;
#1024 = AXIS2_PLACEMENT_3D ( 'NONE', #3284, #6043, #3644 ) ;
#1025 = DIRECTION ( 'NONE',  ( 0.000000000000000000, 0.000000000000000000, 1.000000000000000000 ) ) ;
#1026 = ORIENTED_EDGE ( 'NONE', *, *, #4256, .T. ) ;
#1027 = ORIENTED_EDGE ( 'NONE', *, *, #5620, .F. ) ;
#1028 = DIRECTION ( 'NONE',  ( 0.5000000000000012212, -0.8660254037844379305, 0.000000000000000000 ) ) ;
#1029 = ORIENTED_EDGE ( 'NONE', *, *, #117, .F. ) ;
#1030 = EDGE_LOOP ( 'NONE', ( #47, #6053, #3358, #1096 ) ) ;
#1031 = FACE_OUTER_BOUND ( 'NONE', #3923, .T. ) ;
#1032 = CARTESIAN_POINT ( 'NONE',  ( 0.6903573141958431192, -0.1881668906484390558, 10.56929133803149767 ) ) ;
#1033 = ORIENTED_EDGE ( 'NONE', *, *, #5393, .F. ) ;
#1034 = DIRECTION ( 'NONE',  ( 0.000000000000000000, 0.000000000000000000, 1.000000000000000000 ) ) ;
#1035 = CARTESIAN_POINT ( 'NONE',  ( 0.000000000000000000, 0.000000000000000000, 7.462992125433071777 ) ) ;
#1036 = VERTEX_POINT ( 'NONE', #2668 ) ;
#1037 = DIRECTION ( 'NONE',  ( 0.000000000000000000, 0.000000000000000000, 1.000000000000000000 ) ) ;
#1038 = ADVANCED_FACE ( 'NONE', ( #1250 ), #4541, .F. ) ;
#1039 = DIRECTION ( 'NONE',  ( -1.000000000000000000, -1.047250042046852776E-14, 0.000000000000000000 ) ) ;
#1040 = CARTESIAN_POINT ( 'NONE',  ( 0.000000000000000000, 0.000000000000000000, 9.699212597874016240 ) ) ;
#1041 = LINE ( 'NONE', #2912, #2475 ) ;
#1042 = ORIENTED_EDGE ( 'NONE', *, *, #1556, .F. ) ;
#1043 = CARTESIAN_POINT ( 'NONE',  ( -0.1311809662309435798, 0.1270374181231365418, 5.272834645669290943 ) ) ;
#1044 = FACE_OUTER_BOUND ( 'NONE', #4880, .T. ) ;
#1045 = DIRECTION ( 'NONE',  ( -1.000000000000000000, -1.046341144239976999E-14, 0.000000000000000000 ) ) ;
#1046 = DIRECTION ( 'NONE',  ( 1.000000000000000000, 0.000000000000000000, 0.000000000000000000 ) ) ;
#1047 = CARTESIAN_POINT ( 'NONE',  ( 0.000000000000000000, 0.000000000000000000, 0.9370078740157481434 ) ) ;
#1048 = CARTESIAN_POINT ( 'NONE',  ( 0.000000000000000000, 0.000000000000000000, 5.423622047244094801 ) ) ;
#1049 = VECTOR ( 'NONE', #4448, 39.37007874015748143 ) ;
#1050 = DIRECTION ( 'NONE',  ( 0.000000000000000000, 1.000000000000000000, -0.000000000000000000 ) ) ;
#1051 = VERTEX_POINT ( 'NONE', #2975 ) ;
#1052 = EDGE_CURVE ( 'NONE', #975, #5556, #3464, .T. ) ;
#1053 = ORIENTED_EDGE ( 'NONE', *, *, #3054, .F. ) ;
#1054 = DIRECTION ( 'NONE',  ( -0.4999999999999950595, -0.8660254037844414832, 0.000000000000000000 ) ) ;
#1055 = ORIENTED_EDGE ( 'NONE', *, *, #4952, .T. ) ;
#1056 = VECTOR ( 'NONE', #5948, 39.37007874015748143 ) ;
#1057 = LINE ( 'NONE', #2899, #1362 ) ;
#1058 = ORIENTED_EDGE ( 'NONE', *, *, #4228, .T. ) ;
#1059 = FACE_OUTER_BOUND ( 'NONE', #6051, .T. ) ;
#1060 = VECTOR ( 'NONE', #2199, 39.37007874015748143 ) ;
#1061 = CARTESIAN_POINT ( 'NONE',  ( 0.1956443936964287755, 0.3388660300982301310, 10.44330708606299396 ) ) ;
#1062 = VERTEX_POINT ( 'NONE', #1380 ) ;
#1063 = ORIENTED_EDGE ( 'NONE', *, *, #1017, .T. ) ;
#1064 = DIRECTION ( 'NONE',  ( 1.000000000000000000, 1.047250042046852776E-14, 0.000000000000000000 ) ) ;
#1065 = EDGE_CURVE ( 'NONE', #5541, #2222, #1810, .T. ) ;
#1066 = DIRECTION ( 'NONE',  ( -0.4999999999999948375, -0.8660254037844417052, 0.000000000000000000 ) ) ;
#1067 = ADVANCED_FACE ( 'NONE', ( #3185, #461 ), #5060, .T. ) ;
#1068 = ORIENTED_EDGE ( 'NONE', *, *, #3307, .T. ) ;
#1069 = LINE ( 'NONE', #2321, #5757 ) ;
#1070 = DIRECTION ( 'NONE',  ( -0.000000000000000000, 0.000000000000000000, 1.000000000000000000 ) ) ;
#1071 = VECTOR ( 'NONE', #4649, 39.37007874015747433 ) ;
#1072 = LINE ( 'NONE', #4358, #5413 ) ;
#1073 = EDGE_CURVE ( 'NONE', #1430, #4251, #433, .T. ) ;
#1074 = DIRECTION ( 'NONE',  ( 0.000000000000000000, 0.000000000000000000, 1.000000000000000000 ) ) ;
#1075 = VECTOR ( 'NONE', #4873, 39.37007874015748143 ) ;
#1076 = ORIENTED_EDGE ( 'NONE', *, *, #2632, .F. ) ;
#1077 = DIRECTION ( 'NONE',  ( -1.000000000000000000, 0.000000000000000000, 0.000000000000000000 ) ) ;
#1078 = DIRECTION ( 'NONE',  ( 0.4999999999999950595, 0.8660254037844414832, 0.000000000000000000 ) ) ;
#1079 = CARTESIAN_POINT ( 'NONE',  ( -0.06200787401574702623, -0.1074007882646061396, 3.492125984251968074 ) ) ;
#1080 = CARTESIAN_POINT ( 'NONE',  ( 0.000000000000000000, 0.000000000000000000, 8.207086613622047722 ) ) ;
#1081 = DIRECTION ( 'NONE',  ( -0.000000000000000000, -0.000000000000000000, -1.000000000000000000 ) ) ;
#1082 = VECTOR ( 'NONE', #1021, 39.37007874015748143 ) ;
#1083 = CARTESIAN_POINT ( 'NONE',  ( 0.1311809662309435798, -0.1270374181231365418, 5.297637795275590200 ) ) ;
#1084 = EDGE_CURVE ( 'NONE', #778, #2631, #4668, .T. ) ;
#1085 = VECTOR ( 'NONE', #689, 39.37007874015748143 ) ;
#1086 = DIRECTION ( 'NONE',  ( -0.000000000000000000, -0.000000000000000000, -1.000000000000000000 ) ) ;
#1087 = EDGE_LOOP ( 'NONE', ( #2163, #503 ) ) ;
#1088 = ORIENTED_EDGE ( 'NONE', *, *, #5515, .T. ) ;
#1089 = FACE_OUTER_BOUND ( 'NONE', #222, .T. ) ;
#1090 = VERTEX_POINT ( 'NONE', #5552 ) ;
#1091 = LINE ( 'NONE', #1486, #1075 ) ;
#1092 = VECTOR ( 'NONE', #3016, 39.37007874015748143 ) ;
#1093 = VERTEX_POINT ( 'NONE', #5950 ) ;
#1094 = FACE_OUTER_BOUND ( 'NONE', #3789, .T. ) ;
#1095 = DIRECTION ( 'NONE',  ( -0.4999999999999948375, -0.8660254037844417052, 0.000000000000000000 ) ) ;
#1096 = ORIENTED_EDGE ( 'NONE', *, *, #1746, .T. ) ;
#1097 = AXIS2_PLACEMENT_3D ( 'NONE', #4832, #2432, #1145 ) ;
#1098 = EDGE_LOOP ( 'NONE', ( #6059, #442, #886, #2502 ) ) ;
#1099 = DIRECTION ( 'NONE',  ( -0.000000000000000000, -0.000000000000000000, -1.000000000000000000 ) ) ;
#1100 = FACE_OUTER_BOUND ( 'NONE', #1265, .T. ) ;
#1101 = EDGE_LOOP ( 'NONE', ( #4705, #2468, #671, #4934 ) ) ;
#1102 = CIRCLE ( 'NONE', #2964, 0.09842519685039370636 ) ;
#1103 = AXIS2_PLACEMENT_3D ( 'NONE', #3678, #5194, #5554 ) ;
#1104 = EDGE_CURVE ( 'NONE', #5439, #5271, #856, .T. ) ;
#1105 = DIRECTION ( 'NONE',  ( 1.000000000000000000, 0.000000000000000000, -0.000000000000000000 ) ) ;
#1106 = VECTOR ( 'NONE', #1050, 39.37007874015748143 ) ;
#1107 = PLANE ( 'NONE',  #3099 ) ;
#1108 = CARTESIAN_POINT ( 'NONE',  ( 0.08842519685039371136, 1.082896342868092677E-17, 4.051181102362204633 ) ) ;
#1109 = CARTESIAN_POINT ( 'NONE',  ( 0.000000000000000000, 0.000000000000000000, 8.333070865590551435 ) ) ;
#1110 = VERTEX_POINT ( 'NONE', #5586 ) ;
#1111 = DIRECTION ( 'NONE',  ( 0.000000000000000000, 0.000000000000000000, 1.000000000000000000 ) ) ;
#1112 = AXIS2_PLACEMENT_3D ( 'NONE', #290, #1704, #4956 ) ;
#1113 = PLANE ( 'NONE',  #3855 ) ;
#1114 = CARTESIAN_POINT ( 'NONE',  ( -0.06200787401574851115, 0.1074007882646052930, 0.6259842519685040463 ) ) ;
#1115 = LINE ( 'NONE', #2308, #1860 ) ;
#1116 = EDGE_CURVE ( 'NONE', #3544, #5575, #2794, .T. ) ;
#1117 = DIRECTION ( 'NONE',  ( -0.4999999999999948375, -0.8660254037844417052, 0.000000000000000000 ) ) ;
#1118 = CARTESIAN_POINT ( 'NONE',  ( 0.1975259527674288196, -0.09706232460905327153, 10.81732283803149564 ) ) ;
#1119 = AXIS2_PLACEMENT_3D ( 'NONE', #5501, #3294, #5174 ) ;
#1120 = ORIENTED_EDGE ( 'NONE', *, *, #2166, .F. ) ;
#1121 = CARTESIAN_POINT ( 'NONE',  ( -0.1311809662309435798, 0.1270374181231365418, 4.551181102362203745 ) ) ;
#1122 = DIRECTION ( 'NONE',  ( -0.000000000000000000, 0.000000000000000000, -1.000000000000000000 ) ) ;
#1123 = ORIENTED_EDGE ( 'NONE', *, *, #5573, .T. ) ;
#1124 = VERTEX_POINT ( 'NONE', #4202 ) ;
#1125 = CARTESIAN_POINT ( 'NONE',  ( -0.1311809662309435798, -0.1270374181231365418, 4.551181102362203745 ) ) ;
#1126 = ORIENTED_EDGE ( 'NONE', *, *, #3427, .T. ) ;
#1127 = ORIENTED_EDGE ( 'NONE', *, *, #696, .F. ) ;
#1128 = ORIENTED_EDGE ( 'NONE', *, *, #1746, .F. ) ;
#1129 = DIRECTION ( 'NONE',  ( 1.000000000000000000, 0.000000000000000000, 0.000000000000000000 ) ) ;
#1130 = CARTESIAN_POINT ( 'NONE',  ( 0.000000000000000000, 0.000000000000000000, 5.860629921259842057 ) ) ;
#1131 = EDGE_CURVE ( 'NONE', #5271, #1134, #5910, .T. ) ;
#1132 = ORIENTED_EDGE ( 'NONE', *, *, #1320, .F. ) ;
#1133 = EDGE_CURVE ( 'NONE', #5594, #5218, #1778, .T. ) ;
#1134 = VERTEX_POINT ( 'NONE', #5625 ) ;
#1135 = CARTESIAN_POINT ( 'NONE',  ( 0.1311809662309435798, -0.1270374181231365418, 3.240157480314960647 ) ) ;
#1136 = FACE_BOUND ( 'NONE', #2960, .T. ) ;
#1137 = ORIENTED_EDGE ( 'NONE', *, *, #5791, .F. ) ;
#1138 = EDGE_CURVE ( 'NONE', #682, #2434, #5095, .T. ) ;
#1139 = CARTESIAN_POINT ( 'NONE',  ( 0.000000000000000000, 0.000000000000000000, 10.56929133803149590 ) ) ;
#1140 = DIRECTION ( 'NONE',  ( -0.5000000000000012212, 0.8660254037844379305, 0.000000000000000000 ) ) ;
#1141 = DIRECTION ( 'NONE',  ( 1.000000000000000000, 0.000000000000000000, 0.000000000000000000 ) ) ;
#1142 = ADVANCED_FACE ( 'NONE', ( #4143, #4635 ), #5032, .F. ) ;
#1143 = ADVANCED_FACE ( 'NONE', ( #4173 ), #399, .T. ) ;
#1144 = DIRECTION ( 'NONE',  ( 1.000000000000000000, 0.000000000000000000, 0.000000000000000000 ) ) ;
#1145 = DIRECTION ( 'NONE',  ( 1.000000000000000000, 0.000000000000000000, -0.000000000000000000 ) ) ;
#1146 = EDGE_CURVE ( 'NONE', #1015, #5418, #3255, .T. ) ;
#1147 = ORIENTED_EDGE ( 'NONE', *, *, #4877, .T. ) ;
#1148 = DIRECTION ( 'NONE',  ( -1.000000000000000000, 0.000000000000000000, 0.000000000000000000 ) ) ;
#1149 = EDGE_CURVE ( 'NONE', #4100, #3291, #2268, .T. ) ;
#1150 = ORIENTED_EDGE ( 'NONE', *, *, #2863, .T. ) ;
#1151 = DIRECTION ( 'NONE',  ( 1.000000000000000000, 0.000000000000000000, 0.000000000000000000 ) ) ;
#1152 = VERTEX_POINT ( 'NONE', #1839 ) ;
#1153 = DIRECTION ( 'NONE',  ( -0.000000000000000000, -0.000000000000000000, -1.000000000000000000 ) ) ;
#1154 = EDGE_CURVE ( 'NONE', #465, #3856, #4259, .T. ) ;
#1155 = ORIENTED_EDGE ( 'NONE', *, *, #1676, .F. ) ;
#1156 = ORIENTED_EDGE ( 'NONE', *, *, #4958, .F. ) ;
#1157 = ORIENTED_EDGE ( 'NONE', *, *, #1591, .T. ) ;
#1158 = PLANE ( 'NONE',  #1803 ) ;
#1159 = DIRECTION ( 'NONE',  ( 1.000000000000000000, 0.000000000000000000, 0.000000000000000000 ) ) ;
#1160 = ORIENTED_EDGE ( 'NONE', *, *, #1214, .F. ) ;
#1161 = CIRCLE ( 'NONE', #4574, 0.09842519685039370636 ) ;
#1162 = EDGE_LOOP ( 'NONE', ( #677, #5326, #4495, #904 ) ) ;
#1163 = DIRECTION ( 'NONE',  ( 0.5000000000000071054, -0.8660254037844345998, 0.000000000000000000 ) ) ;
#1164 = FACE_BOUND ( 'NONE', #1602, .T. ) ;
#1165 = ORIENTED_EDGE ( 'NONE', *, *, #1576, .T. ) ;
#1166 = DIRECTION ( 'NONE',  ( 0.000000000000000000, 1.000000000000000000, 0.000000000000000000 ) ) ;
#1167 = PRODUCT ( 'RIFTS_RF_Pathway_Reference_Model', 'RIFTS_RF_Pathway_Reference_Model', '', ( #1480 ) ) ;
#1168 = CYLINDRICAL_SURFACE ( 'NONE', #1369, 0.09842519685039370636 ) ;
#1169 = CYLINDRICAL_SURFACE ( 'NONE', #2139, 0.09842519685039370636 ) ;
#1170 = DIRECTION ( 'NONE',  ( 0.000000000000000000, 0.000000000000000000, 1.000000000000000000 ) ) ;
#1171 = DIRECTION ( 'NONE',  ( 1.000000000000000000, 0.000000000000000000, -0.000000000000000000 ) ) ;
#1172 = ADVANCED_FACE ( 'NONE', ( #492 ), #5488, .F. ) ;
#1173 = ORIENTED_EDGE ( 'NONE', *, *, #3445, .T. ) ;
#1174 = CARTESIAN_POINT ( 'NONE',  ( 0.06200787401574776869, 0.1074007882646057094, 11.19133858606299015 ) ) ;
#1175 = EDGE_LOOP ( 'NONE', ( #3102, #5813, #3416, #2345 ) ) ;
#1176 = VECTOR ( 'NONE', #400, 39.37007874015747433 ) ;
#1177 = CARTESIAN_POINT ( 'NONE',  ( 0.000000000000000000, 0.000000000000000000, 11.19133858606299015 ) ) ;
#1178 = EDGE_LOOP ( 'NONE', ( #1738, #4244, #1943, #720, #3910, #3111 ) ) ;
#1179 = CYLINDRICAL_SURFACE ( 'NONE', #2565, 0.08842519685039371136 ) ;
#1180 = VECTOR ( 'NONE', #3975, 39.37007874015748143 ) ;
#1181 = ORIENTED_EDGE ( 'NONE', *, *, #2422, .F. ) ;
#1182 = ORIENTED_EDGE ( 'NONE', *, *, #5321, .T. ) ;
#1183 = AXIS2_PLACEMENT_3D ( 'NONE', #2633, #201, #5409 ) ;
#1184 = ORIENTED_EDGE ( 'NONE', *, *, #2653, .T. ) ;
#1185 = DIRECTION ( 'NONE',  ( -0.000000000000000000, -0.000000000000000000, -1.000000000000000000 ) ) ;
#1186 = AXIS2_PLACEMENT_3D ( 'NONE', #2592, #1288, #5035 ) ;
#1187 = VERTEX_POINT ( 'NONE', #830 ) ;
#1188 = CARTESIAN_POINT ( 'NONE',  ( 0.06200787401574927443, -0.1074007882646048490, 6.856692913385827204 ) ) ;
#1189 = EDGE_CURVE ( 'NONE', #1678, #1332, #2590, .T. ) ;
#1190 = VECTOR ( 'NONE', #4727, 39.37007874015748143 ) ;
#1191 = VECTOR ( 'NONE', #1971, 39.37007874015748143 ) ;
#1192 = AXIS2_PLACEMENT_3D ( 'NONE', #5935, #6029, #5965 ) ;
#1193 = VECTOR ( 'NONE', #3260, 39.37007874015748143 ) ;
#1194 = EDGE_LOOP ( 'NONE', ( #664, #3725, #5203, #4953 ) ) ;
#1195 = CIRCLE ( 'NONE', #2758, 0.09842519685039370636 ) ;
#1196 = CARTESIAN_POINT ( 'NONE',  ( -0.06889763779527557919, 0.000000000000000000, 0.3740157480314960647 ) ) ;
#1197 = DIRECTION ( 'NONE',  ( 0.000000000000000000, 0.000000000000000000, 1.000000000000000000 ) ) ;
#1198 = EDGE_CURVE ( 'NONE', #5418, #1124, #132, .T. ) ;
#1199 = DIRECTION ( 'NONE',  ( -0.5000000000000069944, 0.8660254037844345998, 0.000000000000000000 ) ) ;
#1200 = CARTESIAN_POINT ( 'NONE',  ( -0.09842519685039370636, 0.000000000000000000, 2.618110236220472675 ) ) ;
#1201 = ADVANCED_FACE ( 'NONE', ( #36, #1535 ), #590, .T. ) ;
#1202 = ORIENTED_EDGE ( 'NONE', *, *, #3573, .T. ) ;
#1203 = LINE ( 'NONE', #4483, #782 ) ;
#1204 = ORIENTED_EDGE ( 'NONE', *, *, #5759, .T. ) ;
#1205 = LINE ( 'NONE', #665, #1466 ) ;
#1206 = ORIENTED_EDGE ( 'NONE', *, *, #704, .T. ) ;
#1207 = AXIS2_PLACEMENT_3D ( 'NONE', #4263, #1825, #2715 ) ;
#1208 = CYLINDRICAL_SURFACE ( 'NONE', #3543, 0.06889763779527557919 ) ;
#1209 = VERTEX_POINT ( 'NONE', #3440 ) ;
#1210 = VERTEX_POINT ( 'NONE', #5685 ) ;
#1211 = EDGE_LOOP ( 'NONE', ( #4642, #1878, #3175, #4373 ) ) ;
#1212 = CARTESIAN_POINT ( 'NONE',  ( 0.000000000000000000, 0.000000000000000000, 6.608661417322835518 ) ) ;
#1213 = DIRECTION ( 'NONE',  ( 1.000000000000000000, 0.000000000000000000, 0.000000000000000000 ) ) ;
#1214 = EDGE_CURVE ( 'NONE', #171, #5495, #716, .T. ) ;
#1215 = EDGE_LOOP ( 'NONE', ( #5849, #5784, #4899, #4343 ) ) ;
#1216 = CARTESIAN_POINT ( 'NONE',  ( 0.000000000000000000, 0.000000000000000000, 4.425196850393700032 ) ) ;
#1217 = EDGE_CURVE ( 'NONE', #3056, #2356, #1507, .T. ) ;
#1218 = CIRCLE ( 'NONE', #4651, 0.06889763779527557919 ) ;
#1219 = EDGE_CURVE ( 'NONE', #1442, #3786, #1617, .T. ) ;
#1220 = ORIENTED_EDGE ( 'NONE', *, *, #1699, .F. ) ;
#1221 = FACE_OUTER_BOUND ( 'NONE', #3578, .T. ) ;
#1222 = CARTESIAN_POINT ( 'NONE',  ( -0.1240157480314960370, -8.659973399492811311E-16, 2.492125984251968962 ) ) ;
#1223 = DIRECTION ( 'NONE',  ( 0.000000000000000000, 0.000000000000000000, 1.000000000000000000 ) ) ;
#1224 = CARTESIAN_POINT ( 'NONE',  ( -0.06200787401574702623, -0.1074007882646061396, 11.82125984590551049 ) ) ;
#1225 = EDGE_LOOP ( 'NONE', ( #2516, #5034, #5662, #4116 ) ) ;
#1226 = DIRECTION ( 'NONE',  ( -1.000000000000000000, 0.000000000000000000, 0.000000000000000000 ) ) ;
#1227 = CARTESIAN_POINT ( 'NONE',  ( 0.000000000000000000, 0.000000000000000000, 5.423622047244094801 ) ) ;
#1228 = VERTEX_POINT ( 'NONE', #4335 ) ;
#1229 = FACE_OUTER_BOUND ( 'NONE', #5952, .T. ) ;
#1230 = ADVANCED_FACE ( 'NONE', ( #657 ), #2460, .F. ) ;
#1231 = ORIENTED_EDGE ( 'NONE', *, *, #3425, .T. ) ;
#1232 = ORIENTED_EDGE ( 'NONE', *, *, #511, .T. ) ;
#1233 = ORIENTED_EDGE ( 'NONE', *, *, #2600, .F. ) ;
#1234 = LINE ( 'NONE', #1650, #4449 ) ;
#1235 = CARTESIAN_POINT ( 'NONE',  ( -0.06889763779527557919, 0.000000000000000000, 0.5000000000000000000 ) ) ;
#1236 = EDGE_CURVE ( 'NONE', #4369, #1744, #3409, .T. ) ;
#1237 = EDGE_CURVE ( 'NONE', #4879, #3622, #4152, .T. ) ;
#1238 = EDGE_CURVE ( 'NONE', #3786, #1442, #4355, .T. ) ;
#1239 = EDGE_LOOP ( 'NONE', ( #4058, #1259, #5941, #3205, #12, #429 ) ) ;
#1240 = CARTESIAN_POINT ( 'NONE',  ( 0.000000000000000000, 0.000000000000000000, 6.482677165354330917 ) ) ;
#1241 = VECTOR ( 'NONE', #6039, 39.37007874015748143 ) ;
#1242 = ORIENTED_EDGE ( 'NONE', *, *, #307, .F. ) ;
#1243 = DIRECTION ( 'NONE',  ( 3.441911658684136277E-15, -1.000000000000000000, 0.000000000000000000 ) ) ;
#1244 = CARTESIAN_POINT ( 'NONE',  ( 0.000000000000000000, 0.000000000000000000, 1.933070866141732624 ) ) ;
#1245 = LINE ( 'NONE', #740, #4332 ) ;
#1246 = DIRECTION ( 'NONE',  ( 0.4999999999999948375, 0.8660254037844417052, 0.000000000000000000 ) ) ;
#1247 = ORIENTED_EDGE ( 'NONE', *, *, #2985, .F. ) ;
#1248 = AXIS2_PLACEMENT_3D ( 'NONE', #3420, #1987, #1459 ) ;
#1249 = CARTESIAN_POINT ( 'NONE',  ( 0.4230224295639704035, 0.5152529012642550477, 9.325196849842519953 ) ) ;
#1250 = FACE_OUTER_BOUND ( 'NONE', #549, .T. ) ;
#1251 = CYLINDRICAL_SURFACE ( 'NONE', #4701, 0.06889763779527557919 ) ;
#1252 = ADVANCED_FACE ( 'NONE', ( #1020, #5192 ), #4273, .F. ) ;
#1253 = ORIENTED_EDGE ( 'NONE', *, *, #5895, .T. ) ;
#1254 = LINE ( 'NONE', #4488, #3052 ) ;
#1255 = VERTEX_POINT ( 'NONE', #1079 ) ;
#1256 = VECTOR ( 'NONE', #2612, 39.37007874015748143 ) ;
#1257 = VERTEX_POINT ( 'NONE', #1445 ) ;
#1258 = CARTESIAN_POINT ( 'NONE',  ( -0.1311809662309435798, 0.1270374181231365418, 4.575984251968503891 ) ) ;
#1259 = ORIENTED_EDGE ( 'NONE', *, *, #542, .F. ) ;
#1260 = CARTESIAN_POINT ( 'NONE',  ( 0.000000000000000000, 0.000000000000000000, 0.3740157480314960647 ) ) ;
#1261 = DIRECTION ( 'NONE',  ( -0.000000000000000000, -0.000000000000000000, -1.000000000000000000 ) ) ;
#1262 = AXIS2_PLACEMENT_3D ( 'NONE', #133, #3809, #3782 ) ;
#1263 = AXIS2_PLACEMENT_3D ( 'NONE', #67, #3780, #5684 ) ;
#1264 = EDGE_CURVE ( 'NONE', #4091, #4100, #97, .T. ) ;
#1265 = EDGE_LOOP ( 'NONE', ( #5136, #4299, #2040, #3287 ) ) ;
#1266 = PLANE ( 'NONE',  #2585 ) ;
#1267 = DIRECTION ( 'NONE',  ( 0.4999999999999948375, 0.8660254037844417052, 0.000000000000000000 ) ) ;
#1268 = EDGE_CURVE ( 'NONE', #2305, #1255, #1476, .T. ) ;
#1269 = AXIS2_PLACEMENT_3D ( 'NONE', #5848, #4314, #4875 ) ;
#1270 = ORIENTED_EDGE ( 'NONE', *, *, #3147, .T. ) ;
#1271 = DIRECTION ( 'NONE',  ( -0.5000000000000012212, 0.8660254037844379305, 0.000000000000000000 ) ) ;
#1272 = AXIS2_PLACEMENT_3D ( 'NONE', #5159, #6069, #5547 ) ;
#1273 = LINE ( 'NONE', #2657, #4282 ) ;
#1274 = AXIS2_PLACEMENT_3D ( 'NONE', #2498, #4394, #3902 ) ;
#1275 = DIRECTION ( 'NONE',  ( 1.000000000000000000, 1.046341144239976841E-14, 0.000000000000000000 ) ) ;
#1276 = CYLINDRICAL_SURFACE ( 'NONE', #3733, 0.09842519685039370636 ) ;
#1277 = AXIS2_PLACEMENT_3D ( 'NONE', #526, #64, #1502 ) ;
#1278 = VECTOR ( 'NONE', #1410, 39.37007874015748143 ) ;
#1279 = ORIENTED_EDGE ( 'NONE', *, *, #5764, .F. ) ;
#1280 = CIRCLE ( 'NONE', #2090, 0.06889763779527557919 ) ;
#1281 = CARTESIAN_POINT ( 'NONE',  ( -0.1240157480314960509, 0.000000000000000000, 6.356692913385826316 ) ) ;
#1282 = EDGE_CURVE ( 'NONE', #2008, #3719, #5252, .T. ) ;
#1283 = CARTESIAN_POINT ( 'NONE',  ( 0.1240157480314960647, 0.000000000000000000, 11.82125984590551049 ) ) ;
#1284 = DIRECTION ( 'NONE',  ( 0.8660254037844380415, 0.5000000000000011102, -0.000000000000000000 ) ) ;
#1285 = CARTESIAN_POINT ( 'NONE',  ( 0.09842519685039370636, 1.205361022782828035E-17, 6.856692913385827204 ) ) ;
#1286 = AXIS2_PLACEMENT_3D ( 'NONE', #2281, #1395, #3760 ) ;
#1287 = VERTEX_POINT ( 'NONE', #1114 ) ;
#1288 = DIRECTION ( 'NONE',  ( 0.000000000000000000, 0.000000000000000000, 1.000000000000000000 ) ) ;
#1289 = CARTESIAN_POINT ( 'NONE',  ( 0.000000000000000000, 0.000000000000000000, 11.19133858606299015 ) ) ;
#1290 = ORIENTED_EDGE ( 'NONE', *, *, #654, .F. ) ;
#1291 = ORIENTED_EDGE ( 'NONE', *, *, #2051, .T. ) ;
#1292 = DIRECTION ( 'NONE',  ( 0.000000000000000000, -1.000000000000000000, 0.000000000000000000 ) ) ;
#1293 = ORIENTED_EDGE ( 'NONE', *, *, #1133, .F. ) ;
#1294 = CIRCLE ( 'NONE', #5820, 0.08842519685039371136 ) ;
#1295 = CARTESIAN_POINT ( 'NONE',  ( 0.000000000000000000, 0.000000000000000000, 0.5000000000000000000 ) ) ;
#1296 = CARTESIAN_POINT ( 'NONE',  ( 0.1240157480314960647, 0.000000000000000000, 6.856692913385827204 ) ) ;
#1297 = AXIS2_PLACEMENT_3D ( 'NONE', #5144, #1789, #969 ) ;
#1298 = LINE ( 'NONE', #4683, #2145 ) ;
#1299 = VECTOR ( 'NONE', #578, 39.37007874015748143 ) ;
#1300 = EDGE_LOOP ( 'NONE', ( #3013, #4578, #5582, #6064 ) ) ;
#1301 = PLANE ( 'NONE',  #2862 ) ;
#1302 = CARTESIAN_POINT ( 'NONE',  ( 0.1240157480314960647, 0.000000000000000000, 0.6259842519685040463 ) ) ;
#1303 = AXIS2_PLACEMENT_3D ( 'NONE', #366, #1284, #3156 ) ;
#1304 = ADVANCED_FACE ( 'NONE', ( #163 ), #3840, .F. ) ;
#1305 = ORIENTED_EDGE ( 'NONE', *, *, #377, .F. ) ;
#1306 = LINE ( 'NONE', #4134, #2909 ) ;
#1307 = CARTESIAN_POINT ( 'NONE',  ( 0.06200787401574776869, 0.1074007882646057094, 6.856692913385827204 ) ) ;
#1308 = DIRECTION ( 'NONE',  ( 1.000000000000000000, 0.000000000000000000, 0.000000000000000000 ) ) ;
#1309 = CARTESIAN_POINT ( 'NONE',  ( 0.000000000000000000, 0.000000000000000000, 6.356692913385826316 ) ) ;
#1310 = EDGE_LOOP ( 'NONE', ( #3496, #2539, #202, #603 ) ) ;
#1311 = CARTESIAN_POINT ( 'NONE',  ( 0.000000000000000000, 0.000000000000000000, 4.425196850393700032 ) ) ;
#1312 = ADVANCED_FACE ( 'NONE', ( #2991 ), #4861, .F. ) ;
#1313 = EDGE_CURVE ( 'NONE', #5218, #3487, #254, .T. ) ;
#1314 = LINE ( 'NONE', #5585, #5882 ) ;
#1315 = DIRECTION ( 'NONE',  ( -0.000000000000000000, -0.000000000000000000, -1.000000000000000000 ) ) ;
#1316 = FACE_OUTER_BOUND ( 'NONE', #4655, .T. ) ;
#1317 = CYLINDRICAL_SURFACE ( 'NONE', #5113, 0.09842519685039370636 ) ;
#1318 = VERTEX_POINT ( 'NONE', #5839 ) ;
#1319 = LINE ( 'NONE', #437, #2848 ) ;
#1320 = EDGE_CURVE ( 'NONE', #5877, #2356, #4053, .T. ) ;
#1321 = DIRECTION ( 'NONE',  ( 1.000000000000000000, 0.000000000000000000, 0.000000000000000000 ) ) ;
#1322 = EDGE_LOOP ( 'NONE', ( #265, #1027, #1033, #4179 ) ) ;
#1323 = ADVANCED_FACE ( 'NONE', ( #5861 ), #2581, .T. ) ;
#1324 = ORIENTED_EDGE ( 'NONE', *, *, #1198, .F. ) ;
#1325 = CARTESIAN_POINT ( 'NONE',  ( 0.000000000000000000, 0.000000000000000000, 0.000000000000000000 ) ) ;
#1326 = VERTEX_POINT ( 'NONE', #4989 ) ;
#1327 = DIRECTION ( 'NONE',  ( 1.000000000000000000, 0.000000000000000000, 0.000000000000000000 ) ) ;
#1328 = ADVANCED_FACE ( 'NONE', ( #3991 ), #3932, .T. ) ;
#1329 = DIRECTION ( 'NONE',  ( 1.000000000000000000, 0.000000000000000000, 0.000000000000000000 ) ) ;
#1330 = DIRECTION ( 'NONE',  ( -0.000000000000000000, -0.000000000000000000, -1.000000000000000000 ) ) ;
#1331 = AXIS2_PLACEMENT_3D ( 'NONE', #5545, #2260, #2752 ) ;
#1332 = VERTEX_POINT ( 'NONE', #4455 ) ;
#1333 = CARTESIAN_POINT ( 'NONE',  ( 0.1956443936964287755, 0.3388660300982301310, 10.44330708606299396 ) ) ;
#1334 = CARTESIAN_POINT ( 'NONE',  ( 0.000000000000000000, 0.000000000000000000, 2.618110236220472675 ) ) ;
#1335 = ORIENTED_EDGE ( 'NONE', *, *, #1921, .T. ) ;
#1336 = VECTOR ( 'NONE', #4658, 39.37007874015748143 ) ;
#1337 = VERTEX_POINT ( 'NONE', #3018 ) ;
#1338 = VECTOR ( 'NONE', #2486, 39.37007874015748143 ) ;
#1339 = CARTESIAN_POINT ( 'NONE',  ( -0.09842519685039370636, 0.000000000000000000, 6.482677165354330917 ) ) ;
#1340 = CARTESIAN_POINT ( 'NONE',  ( 0.000000000000000000, 0.000000000000000000, 0.3740157480314960647 ) ) ;
#1341 = CARTESIAN_POINT ( 'NONE',  ( -0.1240157480314960509, 0.000000000000000000, 6.356692913385826316 ) ) ;
#1342 = DIRECTION ( 'NONE',  ( 0.000000000000000000, -0.000000000000000000, -1.000000000000000000 ) ) ;
#1343 = AXIS2_PLACEMENT_3D ( 'NONE', #2100, #1197, #1141 ) ;
#1344 = ORIENTED_EDGE ( 'NONE', *, *, #2843, .T. ) ;
#1345 = CARTESIAN_POINT ( 'NONE',  ( -0.6143265327702777112, 0.000000000000000000, 9.325196849842519953 ) ) ;
#1346 = PLANE ( 'NONE',  #1570 ) ;
#1347 = CARTESIAN_POINT ( 'NONE',  ( 0.09842519685039370636, 1.205361022782828035E-17, 1.685039370078740495 ) ) ;
#1348 = PLANE ( 'NONE',  #5782 ) ;
#1349 = LINE ( 'NONE', #4796, #3137 ) ;
#1350 = ORIENTED_EDGE ( 'NONE', *, *, #1721, .T. ) ;
#1351 = LINE ( 'NONE', #1449, #2464 ) ;
#1352 = EDGE_CURVE ( 'NONE', #3591, #893, #1606, .T. ) ;
#1353 = CYLINDRICAL_SURFACE ( 'NONE', #801, 0.08842519685039371136 ) ;
#1354 = EDGE_LOOP ( 'NONE', ( #4146, #4422 ) ) ;
#1355 = EDGE_LOOP ( 'NONE', ( #1584, #4377, #4743, #5549, #5348, #4126 ) ) ;
#1356 = LINE ( 'NONE', #808, #4036 ) ;
#1357 = ORIENTED_EDGE ( 'NONE', *, *, #4092, .T. ) ;
#1358 = CARTESIAN_POINT ( 'NONE',  ( 0.06889763779527557919, 8.437527159479795937E-18, 6.356692913385826316 ) ) ;
#1359 = VECTOR ( 'NONE', #4315, 39.37007874015748143 ) ;
#1360 = ORIENTED_EDGE ( 'NONE', *, *, #5477, .T. ) ;
#1361 = DIRECTION ( 'NONE',  ( 0.4999999999999950595, 0.8660254037844414832, 0.000000000000000000 ) ) ;
#1362 = VECTOR ( 'NONE', #4838, 39.37007874015748143 ) ;
#1363 = CARTESIAN_POINT ( 'NONE',  ( 0.1240157480314960647, 0.000000000000000000, 12.08110236559055117 ) ) ;
#1364 = VERTEX_POINT ( 'NONE', #3478 ) ;
#1365 = DIRECTION ( 'NONE',  ( 0.000000000000000000, 0.000000000000000000, 1.000000000000000000 ) ) ;
#1366 = CYLINDRICAL_SURFACE ( 'NONE', #3362, 0.09842519685039370636 ) ;
#1367 = CIRCLE ( 'NONE', #1262, 0.08842519685039371136 ) ;
#1368 = ORIENTED_EDGE ( 'NONE', *, *, #4219, .F. ) ;
#1369 = AXIS2_PLACEMENT_3D ( 'NONE', #2580, #3969, #3899 ) ;
#1370 = ORIENTED_EDGE ( 'NONE', *, *, #120, .T. ) ;
#1371 = DIRECTION ( 'NONE',  ( 1.000000000000000000, 0.000000000000000000, 0.000000000000000000 ) ) ;
#1372 = LINE ( 'NONE', #2690, #3998 ) ;
#1373 = PLANE ( 'NONE',  #514 ) ;
#1374 = FACE_OUTER_BOUND ( 'NONE', #3598, .T. ) ;
#1375 = EDGE_LOOP ( 'NONE', ( #644, #3693, #470, #5040 ) ) ;
#1376 = AXIS2_PLACEMENT_3D ( 'NONE', #2766, #3811, #991 ) ;
#1377 = DIRECTION ( 'NONE',  ( 1.000000000000000000, 0.000000000000000000, 0.000000000000000000 ) ) ;
#1378 = CARTESIAN_POINT ( 'NONE',  ( 0.06200787401574776869, 0.1074007882646057094, 11.19133858606299015 ) ) ;
#1379 = ADVANCED_FACE ( 'NONE', ( #5400 ), #4966, .F. ) ;
#1380 = CARTESIAN_POINT ( 'NONE',  ( -0.06889763779527557919, 0.000000000000000000, 0.5000000000000000000 ) ) ;
#1381 = DIRECTION ( 'NONE',  ( -0.4999999999999950595, -0.8660254037844414832, 0.000000000000000000 ) ) ;
#1382 = DIRECTION ( 'NONE',  ( 0.000000000000000000, -0.000000000000000000, 1.000000000000000000 ) ) ;
#1383 = EDGE_LOOP ( 'NONE', ( #2998, #2257 ) ) ;
#1384 = DIRECTION ( 'NONE',  ( 0.4999999999999950595, 0.8660254037844414832, 0.000000000000000000 ) ) ;
#1385 = ADVANCED_FACE ( 'NONE', ( #2605 ), #1169, .T. ) ;
#1386 = AXIS2_PLACEMENT_3D ( 'NONE', #1258, #1292, #5562 ) ;
#1387 = DIRECTION ( 'NONE',  ( 0.000000000000000000, 0.000000000000000000, 1.000000000000000000 ) ) ;
#1388 = ORIENTED_EDGE ( 'NONE', *, *, #5667, .T. ) ;
#1389 = EDGE_CURVE ( 'NONE', #3182, #4623, #3532, .T. ) ;
#1390 = ORIENTED_EDGE ( 'NONE', *, *, #1764, .F. ) ;
#1391 = DIRECTION ( 'NONE',  ( -0.000000000000000000, -0.000000000000000000, -1.000000000000000000 ) ) ;
#1392 = VECTOR ( 'NONE', #3179, 39.37007874015748854 ) ;
#1393 = VERTEX_POINT ( 'NONE', #2524 ) ;
#1394 = CARTESIAN_POINT ( 'NONE',  ( 0.06200787401574776869, 0.1074007882646057094, 0.8740157480314961758 ) ) ;
#1395 = DIRECTION ( 'NONE',  ( 0.000000000000000000, 0.000000000000000000, 1.000000000000000000 ) ) ;
#1396 = LINE ( 'NONE', #1363, #971 ) ;
#1397 = VECTOR ( 'NONE', #1927, 39.37007874015748143 ) ;
#1398 = ORIENTED_EDGE ( 'NONE', *, *, #3148, .F. ) ;
#1399 = FACE_OUTER_BOUND ( 'NONE', #239, .T. ) ;
#1400 = EDGE_CURVE ( 'NONE', #1318, #515, #2146, .T. ) ;
#1401 = CARTESIAN_POINT ( 'NONE',  ( 0.000000000000000000, 0.000000000000000000, 12.45511811362204746 ) ) ;
#1402 = EDGE_CURVE ( 'NONE', #5427, #4451, #3498, .T. ) ;
#1403 = ORIENTED_EDGE ( 'NONE', *, *, #5846, .F. ) ;
#1404 = CIRCLE ( 'NONE', #1112, 0.09842519685039370636 ) ;
#1405 = ADVANCED_FACE ( 'NONE', ( #194 ), #3088, .F. ) ;
#1406 = ORIENTED_EDGE ( 'NONE', *, *, #3799, .F. ) ;
#1407 = EDGE_CURVE ( 'NONE', #2246, #5381, #2064, .T. ) ;
#1408 = CARTESIAN_POINT ( 'NONE',  ( -0.06889763779527557919, 0.000000000000000000, 6.482677165354330917 ) ) ;
#1409 = CARTESIAN_POINT ( 'NONE',  ( 0.000000000000000000, 0.000000000000000000, 1.559055118110236338 ) ) ;
#1410 = DIRECTION ( 'NONE',  ( -0.000000000000000000, -0.000000000000000000, -1.000000000000000000 ) ) ;
#1411 = FACE_OUTER_BOUND ( 'NONE', #5725, .T. ) ;
#1412 = ADVANCED_FACE ( 'NONE', ( #1634 ), #4918, .F. ) ;
#1413 = ORIENTED_EDGE ( 'NONE', *, *, #554, .T. ) ;
#1414 = DIRECTION ( 'NONE',  ( -0.000000000000000000, -0.000000000000000000, -1.000000000000000000 ) ) ;
#1415 = LINE ( 'NONE', #1968, #5478 ) ;
#1416 = DIRECTION ( 'NONE',  ( -0.000000000000000000, -0.000000000000000000, -1.000000000000000000 ) ) ;
#1417 = CARTESIAN_POINT ( 'NONE',  ( 0.06200787401574927443, -0.1074007882646048490, 1.933070866141732624 ) ) ;
#1418 = FACE_OUTER_BOUND ( 'NONE', #2140, .T. ) ;
#1419 = ORIENTED_EDGE ( 'NONE', *, *, #4219, .T. ) ;
#1420 = CARTESIAN_POINT ( 'NONE',  ( 0.000000000000000000, 0.000000000000000000, 6.356692913385826316 ) ) ;
#1421 = LINE ( 'NONE', #3289, #3843 ) ;
#1422 = ORIENTED_EDGE ( 'NONE', *, *, #3043, .F. ) ;
#1423 = EDGE_LOOP ( 'NONE', ( #5315, #4709, #5461, #4925 ) ) ;
#1424 = DIRECTION ( 'NONE',  ( 0.000000000000000000, 0.000000000000000000, 1.000000000000000000 ) ) ;
#1425 = ORIENTED_EDGE ( 'NONE', *, *, #3011, .T. ) ;
#1426 = FACE_OUTER_BOUND ( 'NONE', #555, .T. ) ;
#1427 = VERTEX_POINT ( 'NONE', #300 ) ;
#1428 = CARTESIAN_POINT ( 'NONE',  ( 0.000000000000000000, 0.000000000000000000, 6.356692913385826316 ) ) ;
#1429 = CYLINDRICAL_SURFACE ( 'NONE', #2443, 0.06889763779527557919 ) ;
#1430 = VERTEX_POINT ( 'NONE', #3114 ) ;
#1431 = CARTESIAN_POINT ( 'NONE',  ( 0.1311809662309435798, 0.1270374181231365418, 4.551181102362203745 ) ) ;
#1432 = CARTESIAN_POINT ( 'NONE',  ( 0.07342519685039371191, 8.991993229959897949E-18, 12.08110236559055117 ) ) ;
#1433 = EDGE_LOOP ( 'NONE', ( #2406, #1517, #2483, #5525 ) ) ;
#1434 = EDGE_CURVE ( 'NONE', #5362, #750, #3696, .T. ) ;
#1435 = ADVANCED_FACE ( 'NONE', ( #5448 ), #4392, .F. ) ;
#1436 = EDGE_CURVE ( 'NONE', #4182, #5711, #1372, .T. ) ;
#1437 = DIRECTION ( 'NONE',  ( -1.000000000000000000, -1.046341144239976999E-14, 0.000000000000000000 ) ) ;
#1438 = AXIS2_PLACEMENT_3D ( 'NONE', #4987, #1243, #2689 ) ;
#1439 = DIRECTION ( 'NONE',  ( 1.000000000000000000, 0.000000000000000000, 0.000000000000000000 ) ) ;
#1440 = DIRECTION ( 'NONE',  ( 0.4999999999999948375, 0.8660254037844414832, 0.000000000000000000 ) ) ;
#1441 = CARTESIAN_POINT ( 'NONE',  ( -0.1240157480314960370, -8.659973399492811311E-16, 6.856692913385827204 ) ) ;
#1442 = VERTEX_POINT ( 'NONE', #4559 ) ;
#1443 = FACE_OUTER_BOUND ( 'NONE', #1461, .T. ) ;
#1444 = FACE_BOUND ( 'NONE', #745, .T. ) ;
#1445 = CARTESIAN_POINT ( 'NONE',  ( 0.06200787401574776869, 0.1074007882646057094, 4.299212598425196319 ) ) ;
#1446 = DIRECTION ( 'NONE',  ( -0.000000000000000000, -0.000000000000000000, -1.000000000000000000 ) ) ;
#1447 = DIRECTION ( 'NONE',  ( -0.000000000000000000, 0.000000000000000000, 1.000000000000000000 ) ) ;
#1448 = AXIS2_PLACEMENT_3D ( 'NONE', #1311, #459, #1873 ) ;
#1449 = CARTESIAN_POINT ( 'NONE',  ( 0.06200787401574776869, 0.1074007882646057094, 11.82125984590551049 ) ) ;
#1450 = CARTESIAN_POINT ( 'NONE',  ( 0.4230224295639704035, 0.000000000000000000, 9.325196849842519953 ) ) ;
#1451 = EDGE_LOOP ( 'NONE', ( #2077, #6062, #1232, #6050 ) ) ;
#1452 = ORIENTED_EDGE ( 'NONE', *, *, #6032, .F. ) ;
#1453 = CARTESIAN_POINT ( 'NONE',  ( -0.1240157480314960370, -8.659973399492811311E-16, 5.797637795275591088 ) ) ;
#1454 = ADVANCED_FACE ( 'NONE', ( #2720 ), #2787, .T. ) ;
#1455 = ORIENTED_EDGE ( 'NONE', *, *, #2032, .T. ) ;
#1456 = SURFACE_SIDE_STYLE ('',( #5234 ) ) ;
#1457 = VERTEX_POINT ( 'NONE', #916 ) ;
#1458 = CYLINDRICAL_SURFACE ( 'NONE', #1598, 0.09842519685039370636 ) ;
#1459 = DIRECTION ( 'NONE',  ( -1.000000000000000000, 0.000000000000000000, 0.000000000000000000 ) ) ;
#1460 = VECTOR ( 'NONE', #5051, 39.37007874015748854 ) ;
#1461 = EDGE_LOOP ( 'NONE', ( #643, #912, #3072, #3448 ) ) ;
#1462 = LINE ( 'NONE', #2779, #529 ) ;
#1463 = CARTESIAN_POINT ( 'NONE',  ( 0.06200787401574776869, 0.1074007882646057094, 12.08110236559055117 ) ) ;
#1464 = EDGE_LOOP ( 'NONE', ( #1522, #2276, #298, #2074, #5285, #2442 ) ) ;
#1465 = ADVANCED_FACE ( 'NONE', ( #3700 ), #359, .T. ) ;
#1466 = VECTOR ( 'NONE', #4435, 39.37007874015748143 ) ;
#1467 = DIRECTION ( 'NONE',  ( -0.000000000000000000, -0.000000000000000000, -1.000000000000000000 ) ) ;
#1468 = LINE ( 'NONE', #2814, #852 ) ;
#1469 = ADVANCED_FACE ( 'NONE', ( #4659, #5513 ), #2230, .F. ) ;
#1470 = DIRECTION ( 'NONE',  ( -1.000000000000000000, 0.000000000000000000, 0.000000000000000000 ) ) ;
#1471 = DIRECTION ( 'NONE',  ( -0.000000000000000000, -0.000000000000000000, -1.000000000000000000 ) ) ;
#1472 = ORIENTED_EDGE ( 'NONE', *, *, #5371, .T. ) ;
#1473 = AXIS2_PLACEMENT_3D ( 'NONE', #5624, #3380, #3743 ) ;
#1474 = DIRECTION ( 'NONE',  ( 0.000000000000000000, -1.000000000000000000, 0.000000000000000000 ) ) ;
#1475 = CARTESIAN_POINT ( 'NONE',  ( 0.06200787401574927443, -0.1074007882646048490, 11.69133858606299015 ) ) ;
#1476 = LINE ( 'NONE', #559, #1702 ) ;
#1477 = LINE ( 'NONE', #3351, #1082 ) ;
#1478 = FACE_OUTER_BOUND ( 'NONE', #1848, .T. ) ;
#1479 = DIRECTION ( 'NONE',  ( 0.8660254037844345998, 0.5000000000000069944, -0.000000000000000000 ) ) ;
#1480 = PRODUCT_CONTEXT ( 'NONE', #2058, 'mechanical' ) ;
#1481 = VERTEX_POINT ( 'NONE', #6035 ) ;
#1482 = VERTEX_POINT ( 'NONE', #3245 ) ;
#1483 = CARTESIAN_POINT ( 'NONE',  ( -0.06200787401574702623, -0.1074007882646061396, 11.82125984590551049 ) ) ;
#1484 = ORIENTED_EDGE ( 'NONE', *, *, #756, .F. ) ;
#1485 = VECTOR ( 'NONE', #2957, 39.37007874015748143 ) ;
#1486 = CARTESIAN_POINT ( 'NONE',  ( 0.000000000000000000, 0.5152529012642550477, 9.325196849842519953 ) ) ;
#1487 = AXIS2_PLACEMENT_3D ( 'NONE', #3992, #5379, #3089 ) ;
#1488 = ORIENTED_EDGE ( 'NONE', *, *, #942, .F. ) ;
#1489 = CARTESIAN_POINT ( 'NONE',  ( 0.000000000000000000, 0.000000000000000000, 4.551181102362203745 ) ) ;
#1490 = AXIS2_PLACEMENT_3D ( 'NONE', #1109, #3473, #2986 ) ;
#1491 = EDGE_CURVE ( 'NONE', #2079, #2619, #2700, .T. ) ;
#1492 = CARTESIAN_POINT ( 'NONE',  ( -0.1956443936964311348, -0.3388660300982287432, 10.44330708606299396 ) ) ;
#1493 = VECTOR ( 'NONE', #5145, 39.37007874015748143 ) ;
#1494 = EDGE_LOOP ( 'NONE', ( #4000, #4469, #316, #440 ) ) ;
#1495 = CARTESIAN_POINT ( 'NONE',  ( -0.06889763779527557919, 0.000000000000000000, 3.240157480314960647 ) ) ;
#1496 = DIRECTION ( 'NONE',  ( 3.441911658684136277E-15, -1.000000000000000000, 0.000000000000000000 ) ) ;
#1497 = ORIENTED_EDGE ( 'NONE', *, *, #1264, .T. ) ;
#1498 = LINE ( 'NONE', #1408, #1539 ) ;
#1499 = FACE_OUTER_BOUND ( 'NONE', #3359, .T. ) ;
#1500 = AXIS2_PLACEMENT_3D ( 'NONE', #5117, #5242, #2514 ) ;
#1501 = CARTESIAN_POINT ( 'NONE',  ( -0.1240157480314960370, -8.659973399492811311E-16, 12.08110236559055117 ) ) ;
#1502 = DIRECTION ( 'NONE',  ( 1.000000000000000000, 0.000000000000000000, 0.000000000000000000 ) ) ;
#1503 = EDGE_CURVE ( 'NONE', #4729, #3314, #4102, .T. ) ;
#1504 = ORIENTED_EDGE ( 'NONE', *, *, #1955, .F. ) ;
#1505 = CARTESIAN_POINT ( 'NONE',  ( -0.06200787401574702623, -0.1074007882646061396, 2.244094488188976833 ) ) ;
#1506 = CARTESIAN_POINT ( 'NONE',  ( 0.000000000000000000, 0.000000000000000000, 2.244094488188976833 ) ) ;
#1507 = LINE ( 'NONE', #5319, #6008 ) ;
#1508 = DIRECTION ( 'NONE',  ( -1.000000000000000000, 0.000000000000000000, 0.000000000000000000 ) ) ;
#1509 = DIRECTION ( 'NONE',  ( -0.000000000000000000, -0.000000000000000000, -1.000000000000000000 ) ) ;
#1510 = CARTESIAN_POINT ( 'NONE',  ( 0.07342519685039371191, 8.991993229959897949E-18, 11.69133858606299015 ) ) ;
#1511 = AXIS2_PLACEMENT_3D ( 'NONE', #2856, #5280, #5653 ) ;
#1512 = EDGE_CURVE ( 'NONE', #3079, #3583, #4771, .T. ) ;
#1513 = EDGE_CURVE ( 'NONE', #4564, #3717, #3204, .T. ) ;
#1514 = ORIENTED_EDGE ( 'NONE', *, *, #4665, .T. ) ;
#1515 = ORIENTED_EDGE ( 'NONE', *, *, #2528, .F. ) ;
#1516 = FACE_OUTER_BOUND ( 'NONE', #4368, .T. ) ;
#1517 = ORIENTED_EDGE ( 'NONE', *, *, #4504, .F. ) ;
#1518 = FACE_OUTER_BOUND ( 'NONE', #1433, .T. ) ;
#1519 = ORIENTED_EDGE ( 'NONE', *, *, #2504, .F. ) ;
#1520 = CARTESIAN_POINT ( 'NONE',  ( 0.1311809662309435798, 0.1270374181231365418, 4.575984251968503891 ) ) ;
#1521 = CARTESIAN_POINT ( 'NONE',  ( -0.0006802607098644442669, 0.09842284602878219324, 10.81732283803149564 ) ) ;
#1522 = ORIENTED_EDGE ( 'NONE', *, *, #2843, .F. ) ;
#1523 = VERTEX_POINT ( 'NONE', #4165 ) ;
#1524 = FACE_OUTER_BOUND ( 'NONE', #4065, .T. ) ;
#1525 = DIRECTION ( 'NONE',  ( 1.000000000000000000, 0.000000000000000000, 0.000000000000000000 ) ) ;
#1526 = EDGE_CURVE ( 'NONE', #2069, #972, #1770, .T. ) ;
#1527 = ORIENTED_EDGE ( 'NONE', *, *, #5128, .F. ) ;
#1528 = DIRECTION ( 'NONE',  ( -0.000000000000000000, -0.000000000000000000, -1.000000000000000000 ) ) ;
#1529 = PLANE ( 'NONE',  #759 ) ;
#1530 = DIRECTION ( 'NONE',  ( 0.5000000000000071054, -0.8660254037844345998, 0.000000000000000000 ) ) ;
#1531 = CARTESIAN_POINT ( 'NONE',  ( 0.000000000000000000, 0.000000000000000000, 4.051181102362204633 ) ) ;
#1532 = VERTEX_POINT ( 'NONE', #1833 ) ;
#1533 = CARTESIAN_POINT ( 'NONE',  ( 0.1240157480314960647, 0.000000000000000000, 6.856692913385827204 ) ) ;
#1534 = FACE_OUTER_BOUND ( 'NONE', #2116, .T. ) ;
#1535 = FACE_OUTER_BOUND ( 'NONE', #5299, .T. ) ;
#1536 = DIRECTION ( 'NONE',  ( 0.000000000000000000, -0.000000000000000000, -1.000000000000000000 ) ) ;
#1537 = CARTESIAN_POINT ( 'NONE',  ( 0.06200787401574776869, 0.1074007882646057094, 0.2480314960629921295 ) ) ;
#1538 = CARTESIAN_POINT ( 'NONE',  ( -0.5647479010362571605, -0.4393857169676113061, 10.56929133803149767 ) ) ;
#1539 = VECTOR ( 'NONE', #60, 39.37007874015748143 ) ;
#1540 = CARTESIAN_POINT ( 'NONE',  ( 0.000000000000000000, 0.000000000000000000, 0.5000000000000000000 ) ) ;
#1541 = ORIENTED_EDGE ( 'NONE', *, *, #2924, .F. ) ;
#1542 = EDGE_LOOP ( 'NONE', ( #1165, #1667, #769, #4248 ) ) ;
#1543 = CARTESIAN_POINT ( 'NONE',  ( -0.1311809662309435798, 0.1270374181231365418, 4.575984251968503891 ) ) ;
#1544 = ORIENTED_EDGE ( 'NONE', *, *, #1189, .F. ) ;
#1545 = VECTOR ( 'NONE', #3832, 39.37007874015748143 ) ;
#1546 =( NAMED_UNIT ( * ) PLANE_ANGLE_UNIT ( ) SI_UNIT ( $, .RADIAN. ) );
#1547 = ORIENTED_EDGE ( 'NONE', *, *, #870, .T. ) ;
#1548 = EDGE_CURVE ( 'NONE', #3641, #5947, #3637, .T. ) ;
#1549 = DIRECTION ( 'NONE',  ( -0.000000000000000000, -0.000000000000000000, -1.000000000000000000 ) ) ;
#1550 = CYLINDRICAL_SURFACE ( 'NONE', #379, 0.2999999999999999889 ) ;
#1551 = ORIENTED_EDGE ( 'NONE', *, *, #4386, .T. ) ;
#1552 = EDGE_LOOP ( 'NONE', ( #1132, #4447 ) ) ;
#1553 = DIRECTION ( 'NONE',  ( -0.8660254037844417052, 0.4999999999999948375, 0.000000000000000000 ) ) ;
#1554 = CARTESIAN_POINT ( 'NONE',  ( 0.06200787401574927443, -0.1074007882646048490, 2.492125984251968962 ) ) ;
#1555 = VERTEX_POINT ( 'NONE', #6067 ) ;
#1556 = EDGE_CURVE ( 'NONE', #875, #1744, #1273, .T. ) ;
#1557 = DIRECTION ( 'NONE',  ( -0.4999999999999948375, -0.8660254037844417052, 0.000000000000000000 ) ) ;
#1558 = DIRECTION ( 'NONE',  ( -0.4999999999999948375, -0.8660254037844417052, 0.000000000000000000 ) ) ;
#1559 = DIRECTION ( 'NONE',  ( -0.8660254037844379305, -0.5000000000000012212, 0.000000000000000000 ) ) ;
#1560 = LINE ( 'NONE', #2391, #17 ) ;
#1561 = STYLED_ITEM ( 'NONE', ( #5663 ), #3479 ) ;
#1562 = ORIENTED_EDGE ( 'NONE', *, *, #3279, .T. ) ;
#1563 = CARTESIAN_POINT ( 'NONE',  ( -0.1240157480314960370, -8.659973399492811311E-16, 12.08110236559055117 ) ) ;
#1564 = DIRECTION ( 'NONE',  ( -0.000000000000000000, 0.000000000000000000, 1.000000000000000000 ) ) ;
#1565 = DIRECTION ( 'NONE',  ( 0.8660254037844415942, -0.4999999999999948930, 0.000000000000000000 ) ) ;
#1566 = DIRECTION ( 'NONE',  ( -1.000000000000000000, -3.441911658684135488E-15, 0.000000000000000000 ) ) ;
#1567 = DIRECTION ( 'NONE',  ( 0.000000000000000000, 0.000000000000000000, 1.000000000000000000 ) ) ;
#1568 = CIRCLE ( 'NONE', #5294, 0.06889763779527557919 ) ;
#1569 = LINE ( 'NONE', #2068, #4993 ) ;
#1570 = AXIS2_PLACEMENT_3D ( 'NONE', #5977, #4996, #4634 ) ;
#1571 = ORIENTED_EDGE ( 'NONE', *, *, #1852, .F. ) ;
#1572 = EDGE_CURVE ( 'NONE', #4499, #3849, #332, .T. ) ;
#1573 = VERTEX_POINT ( 'NONE', #4074 ) ;
#1574 = CARTESIAN_POINT ( 'NONE',  ( -0.06200787401574851115, 0.1074007882646052930, 1.685039370078740495 ) ) ;
#1575 = ORIENTED_EDGE ( 'NONE', *, *, #764, .F. ) ;
#1576 = EDGE_CURVE ( 'NONE', #3906, #1999, #1735, .T. ) ;
#1577 = DIRECTION ( 'NONE',  ( -1.000000000000000000, -3.441911658684135488E-15, 0.000000000000000000 ) ) ;
#1578 = VECTOR ( 'NONE', #567, 39.37007874015748143 ) ;
#1579 = EDGE_LOOP ( 'NONE', ( #5887, #356, #5395, #4591 ) ) ;
#1580 = DIRECTION ( 'NONE',  ( 0.000000000000000000, 0.000000000000000000, 1.000000000000000000 ) ) ;
#1581 = AXIS2_PLACEMENT_3D ( 'NONE', #1420, #4276, #3785 ) ;
#1582 = ORIENTED_EDGE ( 'NONE', *, *, #5613, .T. ) ;
#1583 = AXIS2_PLACEMENT_3D ( 'NONE', #5255, #5353, #4894 ) ;
#1584 = ORIENTED_EDGE ( 'NONE', *, *, #1762, .F. ) ;
#1585 = AXIS2_PLACEMENT_3D ( 'NONE', #2066, #561, #4366 ) ;
#1586 = ORIENTED_EDGE ( 'NONE', *, *, #2103, .T. ) ;
#1587 = CARTESIAN_POINT ( 'NONE',  ( -0.06200787401574851115, 0.1074007882646052930, 11.82125984590551049 ) ) ;
#1588 = CARTESIAN_POINT ( 'NONE',  ( 0.06200787401574927443, -0.1074007882646048490, 2.492125984251968962 ) ) ;
#1589 = ORIENTED_EDGE ( 'NONE', *, *, #857, .F. ) ;
#1590 = CIRCLE ( 'NONE', #119, 0.09842519685039370636 ) ;
#1591 = EDGE_CURVE ( 'NONE', #941, #3422, #3604, .T. ) ;
#1592 = AXIS2_PLACEMENT_3D ( 'NONE', #4136, #2231, #2721 ) ;
#1593 = EDGE_CURVE ( 'NONE', #2501, #174, #5022, .T. ) ;
#1594 = EDGE_CURVE ( 'NONE', #346, #179, #4593, .T. ) ;
#1595 = EDGE_LOOP ( 'NONE', ( #1547, #3952, #5292, #1472 ) ) ;
#1596 = DIRECTION ( 'NONE',  ( -0.000000000000000000, -0.000000000000000000, -1.000000000000000000 ) ) ;
#1597 = AXIS2_PLACEMENT_3D ( 'NONE', #3324, #1025, #167 ) ;
#1598 = AXIS2_PLACEMENT_3D ( 'NONE', #999, #2407, #4285 ) ;
#1599 = EDGE_CURVE ( 'NONE', #1625, #787, #4325, .T. ) ;
#1600 = CARTESIAN_POINT ( 'NONE',  ( -0.1240157480314960370, -8.659973399492811311E-16, 11.82125984590551049 ) ) ;
#1601 = EDGE_CURVE ( 'NONE', #346, #4741, #5707, .T. ) ;
#1602 = EDGE_LOOP ( 'NONE', ( #5197, #1684, #5383, #4749 ) ) ;
#1603 = DIRECTION ( 'NONE',  ( 0.000000000000000000, 0.000000000000000000, 1.000000000000000000 ) ) ;
#1604 = VECTOR ( 'NONE', #3931, 39.37007874015748143 ) ;
#1605 = DIRECTION ( 'NONE',  ( -0.000000000000000000, 0.000000000000000000, 1.000000000000000000 ) ) ;
#1606 = LINE ( 'NONE', #4943, #2988 ) ;
#1607 = EDGE_CURVE ( 'NONE', #386, #1826, #1468, .T. ) ;
#1608 = DIRECTION ( 'NONE',  ( -1.000000000000000000, -3.441911658684135488E-15, 0.000000000000000000 ) ) ;
#1609 = EDGE_CURVE ( 'NONE', #4676, #3490, #4294, .T. ) ;
#1610 = CARTESIAN_POINT ( 'NONE',  ( -0.1961654313476998979, -0.09978336744851110107, 10.81732283803149564 ) ) ;
#1611 = VECTOR ( 'NONE', #473, 39.37007874015748143 ) ;
#1612 = AXIS2_PLACEMENT_3D ( 'NONE', #448, #939, #516 ) ;
#1613 = ORIENTED_EDGE ( 'NONE', *, *, #5930, .T. ) ;
#1614 = DIRECTION ( 'NONE',  ( -0.8660254037844414832, 0.4999999999999950595, 0.000000000000000000 ) ) ;
#1615 = ORIENTED_EDGE ( 'NONE', *, *, #4665, .F. ) ;
#1616 = CARTESIAN_POINT ( 'NONE',  ( 0.1311809662309435798, -0.1270374181231365418, 4.575984251968503891 ) ) ;
#1617 = CIRCLE ( 'NONE', #734, 0.09842519685039370636 ) ;
#1618 = EDGE_LOOP ( 'NONE', ( #5732, #1147, #3060, #727 ) ) ;
#1619 = FACE_OUTER_BOUND ( 'NONE', #5694, .T. ) ;
#1620 = ORIENTED_EDGE ( 'NONE', *, *, #5172, .F. ) ;
#1621 = ORIENTED_EDGE ( 'NONE', *, *, #1131, .F. ) ;
#1622 = ORIENTED_EDGE ( 'NONE', *, *, #1146, .T. ) ;
#1623 = DIRECTION ( 'NONE',  ( 1.000000000000000000, 0.000000000000000000, -0.000000000000000000 ) ) ;
#1624 = DIRECTION ( 'NONE',  ( -1.000000000000000000, 0.000000000000000000, 0.000000000000000000 ) ) ;
#1625 = VERTEX_POINT ( 'NONE', #28 ) ;
#1626 = ORIENTED_EDGE ( 'NONE', *, *, #3830, .F. ) ;
#1627 = PLANE ( 'NONE',  #4775 ) ;
#1628 = ADVANCED_FACE ( 'NONE', ( #4755, #4233 ), #1903, .T. ) ;
#1629 = EDGE_CURVE ( 'NONE', #2197, #778, #2420, .T. ) ;
#1630 = PLANE ( 'NONE',  #1000 ) ;
#1631 = ORIENTED_EDGE ( 'NONE', *, *, #2227, .T. ) ;
#1632 = LINE ( 'NONE', #5349, #4221 ) ;
#1633 = CARTESIAN_POINT ( 'NONE',  ( -0.1956443936964358532, 0.3388660300982260232, 10.44330708606299396 ) ) ;
#1634 = FACE_OUTER_BOUND ( 'NONE', #4318, .T. ) ;
#1635 = CARTESIAN_POINT ( 'NONE',  ( 0.000000000000000000, 0.000000000000000000, 10.94330708999999935 ) ) ;
#1636 = CARTESIAN_POINT ( 'NONE',  ( -0.0006802607098644175955, 0.09842284602878219324, 10.81732283803149564 ) ) ;
#1637 = AXIS2_PLACEMENT_3D ( 'NONE', #4533, #3734, #883 ) ;
#1638 = ORIENTED_EDGE ( 'NONE', *, *, #5440, .F. ) ;
#1639 = DIRECTION ( 'NONE',  ( -1.000000000000000000, 0.000000000000000000, 0.000000000000000000 ) ) ;
#1640 = ORIENTED_EDGE ( 'NONE', *, *, #5153, .T. ) ;
#1641 = DIRECTION ( 'NONE',  ( 0.8660254037844345998, 0.5000000000000069944, -0.000000000000000000 ) ) ;
#1642 = VECTOR ( 'NONE', #1467, 39.37007874015748143 ) ;
#1643 = ORIENTED_EDGE ( 'NONE', *, *, #4503, .T. ) ;
#1644 = DIRECTION ( 'NONE',  ( 1.000000000000000000, 0.000000000000000000, -0.000000000000000000 ) ) ;
#1645 = ORIENTED_EDGE ( 'NONE', *, *, #2115, .T. ) ;
#1646 = EDGE_CURVE ( 'NONE', #1337, #4466, #2914, .T. ) ;
#1647 = VECTOR ( 'NONE', #2057, 39.37007874015748143 ) ;
#1648 = ORIENTED_EDGE ( 'NONE', *, *, #1629, .F. ) ;
#1649 = ORIENTED_EDGE ( 'NONE', *, *, #87, .F. ) ;
#1650 = CARTESIAN_POINT ( 'NONE',  ( 0.2649999999999999578, 3.245314017740485592E-17, 9.699212597874016240 ) ) ;
#1651 = ADVANCED_FACE ( 'NONE', ( #1499 ), #1529, .F. ) ;
#1652 = ORIENTED_EDGE ( 'NONE', *, *, #5933, .F. ) ;
#1653 = CARTESIAN_POINT ( 'NONE',  ( -0.06200787401574851115, 0.1074007882646052930, 0.000000000000000000 ) ) ;
#1654 = EDGE_CURVE ( 'NONE', #941, #1523, #3994, .T. ) ;
#1655 = EDGE_LOOP ( 'NONE', ( #4963, #348 ) ) ;
#1656 = DIRECTION ( 'NONE',  ( 0.5000000000000012212, -0.8660254037844379305, 0.000000000000000000 ) ) ;
#1657 = VECTOR ( 'NONE', #4124, 39.37007874015748143 ) ;
#1658 = DIRECTION ( 'NONE',  ( 1.000000000000000000, 1.046341144239976841E-14, 0.000000000000000000 ) ) ;
#1659 = CARTESIAN_POINT ( 'NONE',  ( 0.000000000000000000, 0.000000000000000000, 6.356692913385826316 ) ) ;
#1660 = CARTESIAN_POINT ( 'NONE',  ( -0.06200787401574851115, 0.1074007882646052930, 5.549606299212598515 ) ) ;
#1661 = AXIS2_PLACEMENT_3D ( 'NONE', #2738, #3657, #1327 ) ;
#1662 = VERTEX_POINT ( 'NONE', #2846 ) ;
#1663 = FACE_OUTER_BOUND ( 'NONE', #3554, .T. ) ;
#1664 = ORIENTED_EDGE ( 'NONE', *, *, #1526, .F. ) ;
#1665 = AXIS2_PLACEMENT_3D ( 'NONE', #375, #3718, #1818 ) ;
#1666 = CARTESIAN_POINT ( 'NONE',  ( -0.1561809662309435742, -0.1520374181231365363, 4.575984251968503891 ) ) ;
#1667 = ORIENTED_EDGE ( 'NONE', *, *, #2500, .F. ) ;
#1668 = DIRECTION ( 'NONE',  ( -0.000000000000000000, -0.000000000000000000, -1.000000000000000000 ) ) ;
#1669 = VECTOR ( 'NONE', #2587, 39.37007874015748143 ) ;
#1670 = ORIENTED_EDGE ( 'NONE', *, *, #5101, .T. ) ;
#1671 = ORIENTED_EDGE ( 'NONE', *, *, #1526, .T. ) ;
#1672 = AXIS2_PLACEMENT_3D ( 'NONE', #994, #1424, #3788 ) ;
#1673 = EDGE_LOOP ( 'NONE', ( #5003, #4010, #995, #262 ) ) ;
#1674 = DIRECTION ( 'NONE',  ( 0.000000000000000000, 0.000000000000000000, 1.000000000000000000 ) ) ;
#1675 = PLANE ( 'NONE',  #5612 ) ;
#1676 = EDGE_CURVE ( 'NONE', #4499, #4823, #125, .T. ) ;
#1677 = VECTOR ( 'NONE', #3588, 39.37007874015748854 ) ;
#1678 = VERTEX_POINT ( 'NONE', #1958 ) ;
#1679 = CARTESIAN_POINT ( 'NONE',  ( 0.000000000000000000, 0.000000000000000000, 5.797637795275591088 ) ) ;
#1680 = AXIS2_PLACEMENT_3D ( 'NONE', #1737, #3559, #1246 ) ;
#1681 = CIRCLE ( 'NONE', #1881, 0.3200000000000000067 ) ;
#1682 = CIRCLE ( 'NONE', #5115, 0.06889763779527557919 ) ;
#1683 = VECTOR ( 'NONE', #584, 39.37007874015748143 ) ;
#1684 = ORIENTED_EDGE ( 'NONE', *, *, #4581, .T. ) ;
#1685 = VECTOR ( 'NONE', #3894, 39.37007874015748143 ) ;
#1686 = FACE_BOUND ( 'NONE', #737, .T. ) ;
#1687 = DIRECTION ( 'NONE',  ( 1.000000000000000000, 0.000000000000000000, 0.000000000000000000 ) ) ;
#1688 = FACE_OUTER_BOUND ( 'NONE', #6020, .T. ) ;
#1689 = PRODUCT_DEFINITION ( 'UNKNOWN', '', #5411, #742 ) ;
#1690 = DIRECTION ( 'NONE',  ( 1.000000000000000000, 0.000000000000000000, 0.000000000000000000 ) ) ;
#1691 = EDGE_LOOP ( 'NONE', ( #2560, #843 ) ) ;
#1692 = DIRECTION ( 'NONE',  ( 0.5000000000000071054, -0.8660254037844345998, 0.000000000000000000 ) ) ;
#1693 = CARTESIAN_POINT ( 'NONE',  ( 0.000000000000000000, 0.000000000000000000, 8.207086613622047722 ) ) ;
#1694 = EDGE_LOOP ( 'NONE', ( #1452, #2364, #1748, #1944 ) ) ;
#1695 = VECTOR ( 'NONE', #4128, 39.37007874015748143 ) ;
#1696 = DIRECTION ( 'NONE',  ( -0.000000000000000000, -0.000000000000000000, -1.000000000000000000 ) ) ;
#1697 = EDGE_CURVE ( 'NONE', #3231, #1457, #5246, .T. ) ;
#1698 = EDGE_CURVE ( 'NONE', #2619, #2079, #5063, .T. ) ;
#1699 = EDGE_CURVE ( 'NONE', #860, #3466, #3773, .T. ) ;
#1700 = ORIENTED_EDGE ( 'NONE', *, *, #2924, .T. ) ;
#1701 = ORIENTED_EDGE ( 'NONE', *, *, #3398, .F. ) ;
#1702 = VECTOR ( 'NONE', #3350, 39.37007874015747433 ) ;
#1703 = EDGE_LOOP ( 'NONE', ( #3981, #938, #3670, #5610 ) ) ;
#1704 = DIRECTION ( 'NONE',  ( 0.000000000000000000, 0.000000000000000000, 1.000000000000000000 ) ) ;
#1705 = CARTESIAN_POINT ( 'NONE',  ( 0.1240157480314960647, 0.000000000000000000, 11.82125984590551049 ) ) ;
#1706 = EDGE_CURVE ( 'NONE', #2384, #1427, #2021, .T. ) ;
#1707 = VERTEX_POINT ( 'NONE', #3308 ) ;
#1708 = CARTESIAN_POINT ( 'NONE',  ( -0.1311809662309435798, 0.1270374181231365418, 5.297637795275590200 ) ) ;
#1709 = ORIENTED_EDGE ( 'NONE', *, *, #2873, .F. ) ;
#1710 = EDGE_CURVE ( 'NONE', #2425, #566, #3340, .T. ) ;
#1711 = CYLINDRICAL_SURFACE ( 'NONE', #3094, 0.2649999999999999578 ) ;
#1712 = DIRECTION ( 'NONE',  ( 1.000000000000000000, 0.000000000000000000, 0.000000000000000000 ) ) ;
#1713 = DIRECTION ( 'NONE',  ( -1.000000000000000000, -1.445602896647339163E-16, 0.000000000000000000 ) ) ;
#1714 = FACE_OUTER_BOUND ( 'NONE', #3271, .T. ) ;
#1715 = VERTEX_POINT ( 'NONE', #1010 ) ;
#1716 = LINE ( 'NONE', #5453, #5202 ) ;
#1717 = DIRECTION ( 'NONE',  ( 1.000000000000000000, 0.000000000000000000, 0.000000000000000000 ) ) ;
#1718 = CARTESIAN_POINT ( 'NONE',  ( -0.06200787401574702623, -0.1074007882646061396, 2.492125984251968962 ) ) ;
#1719 = ORIENTED_EDGE ( 'NONE', *, *, #4009, .T. ) ;
#1720 = DIRECTION ( 'NONE',  ( -0.000000000000000000, 0.000000000000000000, 1.000000000000000000 ) ) ;
#1721 = EDGE_CURVE ( 'NONE', #313, #417, #3892, .T. ) ;
#1722 = ORIENTED_EDGE ( 'NONE', *, *, #3462, .T. ) ;
#1723 = EDGE_LOOP ( 'NONE', ( #450, #701, #2674, #4044 ) ) ;
#1724 = EDGE_LOOP ( 'NONE', ( #5155, #3009, #2437, #4646 ) ) ;
#1725 = EDGE_CURVE ( 'NONE', #5628, #346, #5768, .T. ) ;
#1726 = DIRECTION ( 'NONE',  ( 1.000000000000000000, 0.000000000000000000, 0.000000000000000000 ) ) ;
#1727 = DIRECTION ( 'NONE',  ( -1.046341144239976999E-14, 1.000000000000000000, 0.000000000000000000 ) ) ;
#1728 = ORIENTED_EDGE ( 'NONE', *, *, #3889, .F. ) ;
#1729 = CARTESIAN_POINT ( 'NONE',  ( 0.000000000000000000, 0.000000000000000000, 2.744094488188976388 ) ) ;
#1730 = CARTESIAN_POINT ( 'NONE',  ( -0.6143265327702777112, -0.3415247957475154861, 9.325196849842519953 ) ) ;
#1731 = CIRCLE ( 'NONE', #4481, 0.06889763779527557919 ) ;
#1732 = ADVANCED_FACE ( 'NONE', ( #4689 ), #1107, .F. ) ;
#1733 = ORIENTED_EDGE ( 'NONE', *, *, #5573, .F. ) ;
#1734 = DIRECTION ( 'NONE',  ( -0.5000000000000012212, 0.8660254037844379305, 0.000000000000000000 ) ) ;
#1735 = LINE ( 'NONE', #4135, #5052 ) ;
#1736 = DIRECTION ( 'NONE',  ( 1.000000000000000000, 1.046341144239976841E-14, 0.000000000000000000 ) ) ;
#1737 = CARTESIAN_POINT ( 'NONE',  ( -0.06200787401574851115, 0.1074007882646052930, 12.08110236559055117 ) ) ;
#1738 = ORIENTED_EDGE ( 'NONE', *, *, #1725, .T. ) ;
#1739 = VECTOR ( 'NONE', #82, 39.37007874015748143 ) ;
#1740 = DIRECTION ( 'NONE',  ( 0.000000000000000000, 0.000000000000000000, 1.000000000000000000 ) ) ;
#1741 = CARTESIAN_POINT ( 'NONE',  ( 0.000000000000000000, 0.000000000000000000, 4.551181102362203745 ) ) ;
#1742 = DIRECTION ( 'NONE',  ( -0.000000000000000000, -0.000000000000000000, -1.000000000000000000 ) ) ;
#1743 = CARTESIAN_POINT ( 'NONE',  ( 0.1240157480314960647, 0.000000000000000000, 3.740157480314960203 ) ) ;
#1744 = VERTEX_POINT ( 'NONE', #4384 ) ;
#1745 = DIRECTION ( 'NONE',  ( -3.316291799815033975E-15, 1.000000000000000000, 0.000000000000000000 ) ) ;
#1746 = EDGE_CURVE ( 'NONE', #2479, #2118, #5308, .T. ) ;
#1747 = CARTESIAN_POINT ( 'NONE',  ( 0.1561809662309435742, -0.1520374181231365363, 5.272834645669290943 ) ) ;
#1748 = ORIENTED_EDGE ( 'NONE', *, *, #4853, .T. ) ;
#1749 = MECHANICAL_DESIGN_GEOMETRIC_PRESENTATION_REPRESENTATION (  '', ( #1561 ), #5876 ) ;
#1750 = EDGE_CURVE ( 'NONE', #4381, #3635, #3925, .T. ) ;
#1751 = ORIENTED_EDGE ( 'NONE', *, *, #5980, .F. ) ;
#1752 = DIRECTION ( 'NONE',  ( 1.000000000000000000, 0.000000000000000000, 0.000000000000000000 ) ) ;
#1753 = ORIENTED_EDGE ( 'NONE', *, *, #4085, .F. ) ;
#1754 = CARTESIAN_POINT ( 'NONE',  ( -0.06200787401574702623, -0.1074007882646061396, 11.82125984590551049 ) ) ;
#1755 = CARTESIAN_POINT ( 'NONE',  ( 0.1240157480314960647, 0.000000000000000000, 1.933070866141732624 ) ) ;
#1756 = EDGE_CURVE ( 'NONE', #1928, #4874, #3432, .T. ) ;
#1757 = DIRECTION ( 'NONE',  ( 0.000000000000000000, 1.000000000000000000, -0.000000000000000000 ) ) ;
#1758 = AXIS2_PLACEMENT_3D ( 'NONE', #3706, #398, #3121 ) ;
#1759 = ORIENTED_EDGE ( 'NONE', *, *, #1764, .T. ) ;
#1760 = DIRECTION ( 'NONE',  ( 1.000000000000000000, 0.000000000000000000, 0.000000000000000000 ) ) ;
#1761 = FACE_BOUND ( 'NONE', #1383, .T. ) ;
#1762 = EDGE_CURVE ( 'NONE', #1427, #1228, #5584, .T. ) ;
#1763 = CIRCLE ( 'NONE', #4820, 0.07342519685039371191 ) ;
#1764 = EDGE_CURVE ( 'NONE', #294, #5437, #3705, .T. ) ;
#1765 = EDGE_CURVE ( 'NONE', #4520, #5262, #3610, .T. ) ;
#1766 = ORIENTED_EDGE ( 'NONE', *, *, #5767, .T. ) ;
#1767 = DIRECTION ( 'NONE',  ( -1.000000000000000000, 0.000000000000000000, 0.000000000000000000 ) ) ;
#1768 = CIRCLE ( 'NONE', #5211, 0.09842519685039370636 ) ;
#1769 = EDGE_CURVE ( 'NONE', #4564, #4310, #5058, .T. ) ;
#1770 = LINE ( 'NONE', #5616, #2921 ) ;
#1771 = LINE ( 'NONE', #5023, #4625 ) ;
#1772 = DIRECTION ( 'NONE',  ( -0.000000000000000000, -0.000000000000000000, -1.000000000000000000 ) ) ;
#1773 = EDGE_CURVE ( 'NONE', #2113, #1457, #4088, .T. ) ;
#1774 = ORIENTED_EDGE ( 'NONE', *, *, #2086, .T. ) ;
#1775 = CARTESIAN_POINT ( 'NONE',  ( 0.000000000000000000, 0.000000000000000000, 5.860629921259842057 ) ) ;
#1776 = EDGE_CURVE ( 'NONE', #3091, #3182, #4171, .T. ) ;
#1777 = DIRECTION ( 'NONE',  ( 0.000000000000000000, 0.000000000000000000, 1.000000000000000000 ) ) ;
#1778 = LINE ( 'NONE', #5133, #1798 ) ;
#1779 = DIRECTION ( 'NONE',  ( -0.8660254037844379305, -0.5000000000000012212, 0.000000000000000000 ) ) ;
#1780 = FACE_OUTER_BOUND ( 'NONE', #747, .T. ) ;
#1781 = ORIENTED_EDGE ( 'NONE', *, *, #3506, .T. ) ;
#1782 = CARTESIAN_POINT ( 'NONE',  ( 0.000000000000000000, 0.000000000000000000, 7.462992125433071777 ) ) ;
#1783 = FACE_OUTER_BOUND ( 'NONE', #3281, .T. ) ;
#1784 = ORIENTED_EDGE ( 'NONE', *, *, #6041, .F. ) ;
#1785 = EDGE_LOOP ( 'NONE', ( #667, #2735, #4946, #2733 ) ) ;
#1786 = CARTESIAN_POINT ( 'NONE',  ( -0.06200787401574702623, -0.1074007882646061396, 5.549606299212598515 ) ) ;
#1787 = ORIENTED_EDGE ( 'NONE', *, *, #3911, .T. ) ;
#1788 = VECTOR ( 'NONE', #3017, 39.37007874015748143 ) ;
#1789 = DIRECTION ( 'NONE',  ( 0.000000000000000000, 0.000000000000000000, 1.000000000000000000 ) ) ;
#1790 = DIRECTION ( 'NONE',  ( 0.000000000000000000, 0.000000000000000000, 1.000000000000000000 ) ) ;
#1791 = CIRCLE ( 'NONE', #2385, 0.06889763779527557919 ) ;
#1792 = DIRECTION ( 'NONE',  ( -1.046341144239976999E-14, 1.000000000000000000, 0.000000000000000000 ) ) ;
#1793 = VECTOR ( 'NONE', #353, 39.37007874015748143 ) ;
#1794 = VERTEX_POINT ( 'NONE', #1808 ) ;
#1795 = CARTESIAN_POINT ( 'NONE',  ( 0.07342519685039371191, 8.991993229959897949E-18, 11.69133858606299015 ) ) ;
#1796 = CARTESIAN_POINT ( 'NONE',  ( -0.06200787401574702623, -0.1074007882646061396, 0.2480314960629921295 ) ) ;
#1797 = ORIENTED_EDGE ( 'NONE', *, *, #2944, .F. ) ;
#1798 = VECTOR ( 'NONE', #1315, 39.37007874015748143 ) ;
#1799 = ORIENTED_EDGE ( 'NONE', *, *, #2653, .F. ) ;
#1800 = DIRECTION ( 'NONE',  ( 0.000000000000000000, 1.000000000000000000, 0.000000000000000000 ) ) ;
#1801 = DIRECTION ( 'NONE',  ( -0.4999999999999951150, -0.8660254037844414832, 0.000000000000000000 ) ) ;
#1802 = ADVANCED_FACE ( 'NONE', ( #336, #5131 ), #5485, .T. ) ;
#1803 = AXIS2_PLACEMENT_3D ( 'NONE', #5338, #5761, #4812 ) ;
#1804 = CARTESIAN_POINT ( 'NONE',  ( 0.000000000000000000, 0.000000000000000000, 5.423622047244094801 ) ) ;
#1805 = LINE ( 'NONE', #5088, #1190 ) ;
#1806 = DIMENSIONAL_EXPONENTS ( 1.000000000000000000, 0.000000000000000000, 0.000000000000000000, 0.000000000000000000, 0.000000000000000000, 0.000000000000000000, 0.000000000000000000 ) ;
#1807 = ORIENTED_EDGE ( 'NONE', *, *, #422, .T. ) ;
#1808 = CARTESIAN_POINT ( 'NONE',  ( -0.1240157480314960370, -8.659973399492811311E-16, 1.685039370078740495 ) ) ;
#1809 = CARTESIAN_POINT ( 'NONE',  ( 0.000000000000000000, 0.000000000000000000, 0.9370078740157481434 ) ) ;
#1810 = LINE ( 'NONE', #4109, #819 ) ;
#1811 = DIRECTION ( 'NONE',  ( 0.000000000000000000, 0.000000000000000000, 1.000000000000000000 ) ) ;
#1812 = DIRECTION ( 'NONE',  ( 1.000000000000000000, 0.000000000000000000, -0.000000000000000000 ) ) ;
#1813 = EDGE_LOOP ( 'NONE', ( #2811, #5077, #697, #3529 ) ) ;
#1814 = CARTESIAN_POINT ( 'NONE',  ( -0.06200787401574851115, 0.1074007882646052930, 4.299212598425196319 ) ) ;
#1815 = CARTESIAN_POINT ( 'NONE',  ( -0.06200787401574702623, -0.1074007882646061396, 5.797637795275591088 ) ) ;
#1816 = EDGE_LOOP ( 'NONE', ( #3005, #3046, #5925, #2907, #1291 ) ) ;
#1817 = EDGE_LOOP ( 'NONE', ( #2174, #2771 ) ) ;
#1818 = DIRECTION ( 'NONE',  ( 1.000000000000000000, 0.000000000000000000, 0.000000000000000000 ) ) ;
#1819 = ORIENTED_EDGE ( 'NONE', *, *, #56, .F. ) ;
#1820 = CARTESIAN_POINT ( 'NONE',  ( -0.06200787401574702623, -0.1074007882646061396, 6.608661417322835518 ) ) ;
#1821 = CARTESIAN_POINT ( 'NONE',  ( 0.06200787401574927443, -0.1074007882646048490, 4.299212598425196319 ) ) ;
#1822 = CARTESIAN_POINT ( 'NONE',  ( -0.1561809662309435742, -0.1520374181231365363, 5.272834645669290943 ) ) ;
#1823 = EDGE_LOOP ( 'NONE', ( #3837, #2622, #3258, #4403 ) ) ;
#1824 = DIRECTION ( 'NONE',  ( 1.000000000000000000, 3.441911658684136277E-15, 0.000000000000000000 ) ) ;
#1825 = DIRECTION ( 'NONE',  ( 0.000000000000000000, -0.000000000000000000, 1.000000000000000000 ) ) ;
#1826 = VERTEX_POINT ( 'NONE', #3119 ) ;
#1827 = VECTOR ( 'NONE', #1734, 39.37007874015748854 ) ;
#1828 = EDGE_CURVE ( 'NONE', #4513, #3226, #2791, .T. ) ;
#1829 = EDGE_LOOP ( 'NONE', ( #4883, #4150 ) ) ;
#1830 = AXIS2_PLACEMENT_3D ( 'NONE', #1936, #4792, #4239 ) ;
#1831 = FACE_OUTER_BOUND ( 'NONE', #611, .T. ) ;
#1832 = EDGE_CURVE ( 'NONE', #672, #5287, #3671, .T. ) ;
#1833 = CARTESIAN_POINT ( 'NONE',  ( -0.07342519685039371191, 0.000000000000000000, 12.08110236559055117 ) ) ;
#1834 = CYLINDRICAL_SURFACE ( 'NONE', #26, 0.06889763779527557919 ) ;
#1835 = CARTESIAN_POINT ( 'NONE',  ( -0.06200787401574702623, -0.1074007882646061396, 11.19133858606299015 ) ) ;
#1836 = ORIENTED_EDGE ( 'NONE', *, *, #1133, .T. ) ;
#1837 = CARTESIAN_POINT ( 'NONE',  ( -0.1240157480314960370, -8.659973399492811311E-16, 1.933070866141732624 ) ) ;
#1838 = DIRECTION ( 'NONE',  ( -0.000000000000000000, -0.000000000000000000, -1.000000000000000000 ) ) ;
#1839 = CARTESIAN_POINT ( 'NONE',  ( 0.2649999999999999578, 3.245314017740485592E-17, 9.699212597874016240 ) ) ;
#1840 = FACE_OUTER_BOUND ( 'NONE', #2785, .T. ) ;
#1841 = DIRECTION ( 'NONE',  ( 0.8660254037844345998, 0.5000000000000069944, -0.000000000000000000 ) ) ;
#1842 = ORIENTED_EDGE ( 'NONE', *, *, #2681, .F. ) ;
#1843 = LINE ( 'NONE', #3712, #5206 ) ;
#1844 = DIRECTION ( 'NONE',  ( 0.8660254037844415942, -0.4999999999999948930, 0.000000000000000000 ) ) ;
#1845 = EDGE_CURVE ( 'NONE', #43, #3422, #2226, .T. ) ;
#1846 = ADVANCED_FACE ( 'NONE', ( #2760 ), #888, .T. ) ;
#1847 = EDGE_LOOP ( 'NONE', ( #2045, #5358, #1889, #3330, #2337, #4573 ) ) ;
#1848 = EDGE_LOOP ( 'NONE', ( #1571, #1519, #4672, #1925 ) ) ;
#1849 = DIRECTION ( 'NONE',  ( 0.000000000000000000, 0.000000000000000000, 1.000000000000000000 ) ) ;
#1850 = ORIENTED_EDGE ( 'NONE', *, *, #3777, .T. ) ;
#1851 = CARTESIAN_POINT ( 'NONE',  ( -0.06200787401574702623, -0.1074007882646061396, 12.08110236559055117 ) ) ;
#1852 = EDGE_CURVE ( 'NONE', #5018, #1332, #854, .T. ) ;
#1853 = LINE ( 'NONE', #5204, #803 ) ;
#1854 = EDGE_CURVE ( 'NONE', #698, #1015, #2234, .T. ) ;
#1855 = VECTOR ( 'NONE', #2269, 39.37007874015748143 ) ;
#1856 = CARTESIAN_POINT ( 'NONE',  ( -0.1561809662309435742, 0.1520374181231365363, 5.272834645669290943 ) ) ;
#1857 = EDGE_LOOP ( 'NONE', ( #3034, #241, #4868, #1242 ) ) ;
#1858 = CARTESIAN_POINT ( 'NONE',  ( 0.06200787401574927443, -0.1074007882646048490, 3.492125984251968074 ) ) ;
#1859 = LINE ( 'NONE', #974, #2661 ) ;
#1860 = VECTOR ( 'NONE', #4678, 39.37007874015748143 ) ;
#1861 = ORIENTED_EDGE ( 'NONE', *, *, #3480, .F. ) ;
#1862 = EDGE_CURVE ( 'NONE', #1523, #3885, #2664, .T. ) ;
#1863 = AXIS2_PLACEMENT_3D ( 'NONE', #1378, #3254, #921 ) ;
#1864 = VERTEX_POINT ( 'NONE', #364 ) ;
#1865 = LINE ( 'NONE', #1009, #3014 ) ;
#1866 = AXIS2_PLACEMENT_3D ( 'NONE', #1139, #1603, #2096 ) ;
#1867 = DIRECTION ( 'NONE',  ( 0.4999999999999950595, 0.8660254037844414832, 0.000000000000000000 ) ) ;
#1868 = LINE ( 'NONE', #4595, #3460 ) ;
#1869 = AXIS2_PLACEMENT_3D ( 'NONE', #5821, #668, #3852 ) ;
#1870 = DIRECTION ( 'NONE',  ( -0.000000000000000000, -0.000000000000000000, -1.000000000000000000 ) ) ;
#1871 = ORIENTED_EDGE ( 'NONE', *, *, #2666, .F. ) ;
#1872 = AXIS2_PLACEMENT_3D ( 'NONE', #3384, #1479, #3844 ) ;
#1873 = DIRECTION ( 'NONE',  ( 1.000000000000000000, 0.000000000000000000, 0.000000000000000000 ) ) ;
#1874 = FACE_BOUND ( 'NONE', #477, .T. ) ;
#1875 = DIRECTION ( 'NONE',  ( 1.000000000000000000, 0.000000000000000000, 0.000000000000000000 ) ) ;
#1876 = CYLINDRICAL_SURFACE ( 'NONE', #593, 0.06889763779527557919 ) ;
#1877 = CARTESIAN_POINT ( 'NONE',  ( 0.1240157480314960647, 0.000000000000000000, 4.299212598425196319 ) ) ;
#1878 = ORIENTED_EDGE ( 'NONE', *, *, #2782, .F. ) ;
#1879 = AXIS2_PLACEMENT_3D ( 'NONE', #5680, #1074, #5770 ) ;
#1880 = DIRECTION ( 'NONE',  ( -1.000000000000000000, -3.614007241618347908E-17, 0.000000000000000000 ) ) ;
#1881 = AXIS2_PLACEMENT_3D ( 'NONE', #5745, #70, #2005 ) ;
#1882 = CARTESIAN_POINT ( 'NONE',  ( -0.06200787401574702623, -0.1074007882646061396, 10.94330708999999935 ) ) ;
#1883 = VECTOR ( 'NONE', #5343, 39.37007874015748143 ) ;
#1884 = VERTEX_POINT ( 'NONE', #5520 ) ;
#1885 = AXIS2_PLACEMENT_3D ( 'NONE', #2519, #623, #2023 ) ;
#1886 = ORIENTED_EDGE ( 'NONE', *, *, #554, .F. ) ;
#1887 = CARTESIAN_POINT ( 'NONE',  ( 0.000000000000000000, 0.000000000000000000, 6.856692913385827204 ) ) ;
#1888 = VECTOR ( 'NONE', #1960, 39.37007874015748143 ) ;
#1889 = ORIENTED_EDGE ( 'NONE', *, *, #2944, .T. ) ;
#1890 = DIRECTION ( 'NONE',  ( -0.000000000000000000, -0.000000000000000000, -1.000000000000000000 ) ) ;
#1891 = ADVANCED_FACE ( 'NONE', ( #2204 ), #2724, .T. ) ;
#1892 = EDGE_CURVE ( 'NONE', #5262, #4431, #2266, .T. ) ;
#1893 = CARTESIAN_POINT ( 'NONE',  ( 0.06889763779527557919, 8.437527159479795937E-18, 1.559055118110236338 ) ) ;
#1894 = DIRECTION ( 'NONE',  ( 0.000000000000000000, 0.000000000000000000, 1.000000000000000000 ) ) ;
#1895 = CIRCLE ( 'NONE', #2097, 0.09842519685039370636 ) ;
#1896 = ORIENTED_EDGE ( 'NONE', *, *, #2220, .T. ) ;
#1897 = CARTESIAN_POINT ( 'NONE',  ( 0.06889763779527557919, 8.437527159479795937E-18, 2.744094488188976388 ) ) ;
#1898 = CARTESIAN_POINT ( 'NONE',  ( 1.836456596214053729E-17, -0.1270374181231365696, 3.240157480314960647 ) ) ;
#1899 = ORIENTED_EDGE ( 'NONE', *, *, #1313, .F. ) ;
#1900 = AXIS2_PLACEMENT_3D ( 'NONE', #6024, #4579, #4183 ) ;
#1901 = DIRECTION ( 'NONE',  ( -1.000000000000000000, 0.000000000000000000, 0.000000000000000000 ) ) ;
#1902 = VECTOR ( 'NONE', #3808, 39.37007874015747433 ) ;
#1903 = PLANE ( 'NONE',  #2617 ) ;
#1904 = CARTESIAN_POINT ( 'NONE',  ( 0.000000000000000000, 0.000000000000000000, 1.933070866141732624 ) ) ;
#1905 = DIRECTION ( 'NONE',  ( -0.000000000000000000, 0.000000000000000000, 1.000000000000000000 ) ) ;
#1906 = EDGE_CURVE ( 'NONE', #5628, #1794, #6073, .T. ) ;
#1907 = ORIENTED_EDGE ( 'NONE', *, *, #1892, .T. ) ;
#1908 = DIRECTION ( 'NONE',  ( -0.000000000000000000, -0.000000000000000000, -1.000000000000000000 ) ) ;
#1909 = DIRECTION ( 'NONE',  ( -0.5000000000000069944, 0.8660254037844345998, 0.000000000000000000 ) ) ;
#1910 = DIRECTION ( 'NONE',  ( 0.000000000000000000, 0.000000000000000000, 1.000000000000000000 ) ) ;
#1911 = DIRECTION ( 'NONE',  ( 1.000000000000000000, 0.000000000000000000, -0.000000000000000000 ) ) ;
#1912 = CARTESIAN_POINT ( 'NONE',  ( 0.06200787401574927443, -0.1074007882646048490, 11.19133858606299015 ) ) ;
#1913 = EDGE_LOOP ( 'NONE', ( #140, #3890, #4526, #2215 ) ) ;
#1914 = DIRECTION ( 'NONE',  ( 0.000000000000000000, 0.000000000000000000, 1.000000000000000000 ) ) ;
#1915 =( NAMED_UNIT ( * ) PLANE_ANGLE_UNIT ( ) SI_UNIT ( $, .RADIAN. ) );
#1916 = ORIENTED_EDGE ( 'NONE', *, *, #3480, .T. ) ;
#1917 = ORIENTED_EDGE ( 'NONE', *, *, #669, .F. ) ;
#1918 = CARTESIAN_POINT ( 'NONE',  ( 0.06200787401574927443, -0.1074007882646048490, 1.685039370078740495 ) ) ;
#1919 = ORIENTED_EDGE ( 'NONE', *, *, #5017, .T. ) ;
#1920 = CARTESIAN_POINT ( 'NONE',  ( 0.06889763779527557919, 8.437527159479795937E-18, 1.433070866141732402 ) ) ;
#1921 = EDGE_CURVE ( 'NONE', #3491, #3908, #3199, .T. ) ;
#1922 = CARTESIAN_POINT ( 'NONE',  ( -0.1240157480314960370, -8.659973399492811311E-16, 6.608661417322835518 ) ) ;
#1923 = CARTESIAN_POINT ( 'NONE',  ( 0.06889763779527557919, 8.437527159479795937E-18, 4.551181102362203745 ) ) ;
#1924 = ADVANCED_FACE ( 'NONE', ( #3779 ), #2916, .T. ) ;
#1925 = ORIENTED_EDGE ( 'NONE', *, *, #1189, .T. ) ;
#1926 = CARTESIAN_POINT ( 'NONE',  ( 0.2649999999999999578, 3.245314017740485592E-17, 8.333070865590551435 ) ) ;
#1927 = DIRECTION ( 'NONE',  ( 0.4999999999999948375, 0.8660254037844417052, 0.000000000000000000 ) ) ;
#1928 = VERTEX_POINT ( 'NONE', #5190 ) ;
#1929 = VECTOR ( 'NONE', #3041, 39.37007874015748854 ) ;
#1930 = CARTESIAN_POINT ( 'NONE',  ( 0.000000000000000000, 0.000000000000000000, 0.3740157480314960647 ) ) ;
#1931 = AXIS2_PLACEMENT_3D ( 'NONE', #5124, #915, #452 ) ;
#1932 = DIRECTION ( 'NONE',  ( 0.8660254037844345998, 0.5000000000000069944, -0.000000000000000000 ) ) ;
#1933 = FACE_OUTER_BOUND ( 'NONE', #3485, .T. ) ;
#1934 = FACE_OUTER_BOUND ( 'NONE', #4509, .T. ) ;
#1935 = ORIENTED_EDGE ( 'NONE', *, *, #2086, .F. ) ;
#1936 = CARTESIAN_POINT ( 'NONE',  ( 0.06200787401574776869, 0.1074007882646057094, 4.299212598425196319 ) ) ;
#1937 = PLANE ( 'NONE',  #596 ) ;
#1938 = CARTESIAN_POINT ( 'NONE',  ( -0.1240157480314960370, -8.659973399492811311E-16, 0.8740157480314961758 ) ) ;
#1939 = CARTESIAN_POINT ( 'NONE',  ( 0.000000000000000000, 0.000000000000000000, 5.423622047244094801 ) ) ;
#1940 = CARTESIAN_POINT ( 'NONE',  ( 0.1240157480314960647, 0.000000000000000000, 11.69133858606299015 ) ) ;
#1941 = PLANE ( 'NONE',  #4031 ) ;
#1942 = CARTESIAN_POINT ( 'NONE',  ( 0.000000000000000000, 0.000000000000000000, 8.333070865590551435 ) ) ;
#1943 = ORIENTED_EDGE ( 'NONE', *, *, #188, .T. ) ;
#1944 = ORIENTED_EDGE ( 'NONE', *, *, #2901, .F. ) ;
#1945 = DIRECTION ( 'NONE',  ( -1.000000000000000000, -3.441911658684135488E-15, 0.000000000000000000 ) ) ;
#1946 = ORIENTED_EDGE ( 'NONE', *, *, #4590, .F. ) ;
#1947 = CARTESIAN_POINT ( 'NONE',  ( -0.3912887873928638793, 0.000000000000000000, 10.44330708606299396 ) ) ;
#1948 = ORIENTED_EDGE ( 'NONE', *, *, #2042, .F. ) ;
#1949 = DIRECTION ( 'NONE',  ( -0.000000000000000000, -0.000000000000000000, -1.000000000000000000 ) ) ;
#1950 = CARTESIAN_POINT ( 'NONE',  ( -0.6903573141958433412, 0.1881668906484388615, 10.56929133803149767 ) ) ;
#1951 = ORIENTED_EDGE ( 'NONE', *, *, #5306, .F. ) ;
#1952 = LINE ( 'NONE', #3826, #2386 ) ;
#1953 = DIRECTION ( 'NONE',  ( 0.000000000000000000, 1.000000000000000000, 0.000000000000000000 ) ) ;
#1954 = ORIENTED_EDGE ( 'NONE', *, *, #3830, .T. ) ;
#1955 = EDGE_CURVE ( 'NONE', #5827, #1210, #4694, .T. ) ;
#1956 = VECTOR ( 'NONE', #204, 39.37007874015748143 ) ;
#1957 = FACE_BOUND ( 'NONE', #3163, .T. ) ;
#1958 = CARTESIAN_POINT ( 'NONE',  ( -0.09842519685039370636, 0.000000000000000000, 0.8740157480314961758 ) ) ;
#1959 = CIRCLE ( 'NONE', #2158, 0.3196850393700786941 ) ;
#1960 = DIRECTION ( 'NONE',  ( -1.000000000000000000, -3.441911658684135488E-15, 0.000000000000000000 ) ) ;
#1961 = ADVANCED_FACE ( 'NONE', ( #557 ), #3867, .T. ) ;
#1962 = EDGE_CURVE ( 'NONE', #154, #909, #1731, .T. ) ;
#1963 = ADVANCED_FACE ( 'NONE', ( #490 ), #2359, .F. ) ;
#1964 = PLANE ( 'NONE',  #1277 ) ;
#1965 = VERTEX_POINT ( 'NONE', #4731 ) ;
#1966 = VECTOR ( 'NONE', #2404, 39.37007874015748143 ) ;
#1967 = DIRECTION ( 'NONE',  ( -0.000000000000000000, -0.000000000000000000, -1.000000000000000000 ) ) ;
#1968 = CARTESIAN_POINT ( 'NONE',  ( 0.06200787401574927443, -0.1074007882646048490, 5.549606299212598515 ) ) ;
#1969 = CARTESIAN_POINT ( 'NONE',  ( -0.06280470657979313198, 0.3137763038080251254, 10.56929133803149590 ) ) ;
#1970 = DIRECTION ( 'NONE',  ( -0.000000000000000000, -0.000000000000000000, -1.000000000000000000 ) ) ;
#1971 = DIRECTION ( 'NONE',  ( -0.000000000000000000, -0.000000000000000000, -1.000000000000000000 ) ) ;
#1972 = DIRECTION ( 'NONE',  ( -0.000000000000000000, -0.000000000000000000, -1.000000000000000000 ) ) ;
#1973 =( NAMED_UNIT ( * ) SI_UNIT ( $, .STERADIAN. ) SOLID_ANGLE_UNIT ( ) );
#1974 = VECTOR ( 'NONE', #3649, 39.37007874015748143 ) ;
#1975 = ADVANCED_FACE ( 'NONE', ( #5219 ), #3348, .F. ) ;
#1976 = ORIENTED_EDGE ( 'NONE', *, *, #5417, .T. ) ;
#1977 = ORIENTED_EDGE ( 'NONE', *, *, #3170, .F. ) ;
#1978 = DIRECTION ( 'NONE',  ( 0.000000000000000000, 0.000000000000000000, 1.000000000000000000 ) ) ;
#1979 = ORIENTED_EDGE ( 'NONE', *, *, #3876, .T. ) ;
#1980 = VECTOR ( 'NONE', #1772, 39.37007874015748143 ) ;
#1981 = FACE_OUTER_BOUND ( 'NONE', #4408, .T. ) ;
#1982 = AXIS2_PLACEMENT_3D ( 'NONE', #368, #2823, #494 ) ;
#1983 = VERTEX_POINT ( 'NONE', #530 ) ;
#1984 = DIRECTION ( 'NONE',  ( 1.000000000000000000, 0.000000000000000000, 0.000000000000000000 ) ) ;
#1985 = VECTOR ( 'NONE', #2745, 39.37007874015748143 ) ;
#1986 = AXIS2_PLACEMENT_3D ( 'NONE', #1289, #438, #3162 ) ;
#1987 = DIRECTION ( 'NONE',  ( -0.000000000000000000, -0.000000000000000000, -1.000000000000000000 ) ) ;
#1988 = VECTOR ( 'NONE', #2816, 39.37007874015748143 ) ;
#1989 = ORIENTED_EDGE ( 'NONE', *, *, #4042, .T. ) ;
#1990 = ORIENTED_EDGE ( 'NONE', *, *, #4503, .F. ) ;
#1991 = PLANE ( 'NONE',  #5825 ) ;
#1992 = DIRECTION ( 'NONE',  ( 0.000000000000000000, 0.000000000000000000, 1.000000000000000000 ) ) ;
#1993 = VERTEX_POINT ( 'NONE', #1533 ) ;
#1994 = CARTESIAN_POINT ( 'NONE',  ( 0.000000000000000000, 0.000000000000000000, 7.277952755354331060 ) ) ;
#1995 = DIRECTION ( 'NONE',  ( -0.5000000000000012212, 0.8660254037844379305, 0.000000000000000000 ) ) ;
#1996 = CIRCLE ( 'NONE', #5617, 0.1240157480314960509 ) ;
#1997 = DIRECTION ( 'NONE',  ( 0.000000000000000000, -0.000000000000000000, 1.000000000000000000 ) ) ;
#1998 = CARTESIAN_POINT ( 'NONE',  ( -0.1240157480314960370, -8.659973399492811311E-16, 12.08110236559055117 ) ) ;
#1999 = VERTEX_POINT ( 'NONE', #2393 ) ;
#2000 = ADVANCED_FACE ( 'NONE', ( #2951 ), #5278, .T. ) ;
#2001 = DIRECTION ( 'NONE',  ( -0.000000000000000000, -0.000000000000000000, -1.000000000000000000 ) ) ;
#2002 = CARTESIAN_POINT ( 'NONE',  ( -0.06200787401574851115, 0.1074007882646052930, 1.933070866141732624 ) ) ;
#2003 = DIRECTION ( 'NONE',  ( 1.000000000000000000, 3.441911658684136277E-15, 0.000000000000000000 ) ) ;
#2004 = DIRECTION ( 'NONE',  ( 0.000000000000000000, 0.000000000000000000, 1.000000000000000000 ) ) ;
#2005 = DIRECTION ( 'NONE',  ( -1.000000000000000000, 0.000000000000000000, 0.000000000000000000 ) ) ;
#2006 = CARTESIAN_POINT ( 'NONE',  ( 0.06280470657979303484, -0.3137763038080251254, 10.56929133803149590 ) ) ;
#2007 = ORIENTED_EDGE ( 'NONE', *, *, #749, .F. ) ;
#2008 = VERTEX_POINT ( 'NONE', #1505 ) ;
#2009 = LINE ( 'NONE', #4742, #1578 ) ;
#2010 = ORIENTED_EDGE ( 'NONE', *, *, #822, .T. ) ;
#2011 = CARTESIAN_POINT ( 'NONE',  ( 0.1561809662309435742, 0.1520374181231365363, 5.272834645669290943 ) ) ;
#2012 = EDGE_LOOP ( 'NONE', ( #146, #1799, #2688, #2595 ) ) ;
#2013 = CARTESIAN_POINT ( 'NONE',  ( 0.3196850393700786941, 3.915012601998624920E-17, 8.207086613622047722 ) ) ;
#2014 = LINE ( 'NONE', #1001, #2545 ) ;
#2015 = ORIENTED_EDGE ( 'NONE', *, *, #3279, .F. ) ;
#2016 = ORIENTED_EDGE ( 'NONE', *, *, #4255, .F. ) ;
#2017 = DIRECTION ( 'NONE',  ( 0.8660254037844415942, -0.4999999999999948930, 0.000000000000000000 ) ) ;
#2018 = DIRECTION ( 'NONE',  ( 0.8660254037844415942, -0.4999999999999948930, 0.000000000000000000 ) ) ;
#2019 = ORIENTED_EDGE ( 'NONE', *, *, #3570, .T. ) ;
#2020 = CARTESIAN_POINT ( 'NONE',  ( 0.0006802607098644272449, -0.09842284602878219324, 10.81732283803149564 ) ) ;
#2021 = LINE ( 'NONE', #3802, #5946 ) ;
#2022 = DIRECTION ( 'NONE',  ( 0.8660254037844415942, -0.4999999999999948930, 0.000000000000000000 ) ) ;
#2023 = DIRECTION ( 'NONE',  ( 1.000000000000000000, 0.000000000000000000, -0.000000000000000000 ) ) ;
#2024 = EDGE_CURVE ( 'NONE', #2288, #345, #1161, .T. ) ;
#2025 = ADVANCED_FACE ( 'NONE', ( #1443 ), #1018, .T. ) ;
#2026 = ORIENTED_EDGE ( 'NONE', *, *, #2985, .T. ) ;
#2027 = DIRECTION ( 'NONE',  ( 0.5000000000000069944, -0.8660254037844345998, 0.000000000000000000 ) ) ;
#2028 = LINE ( 'NONE', #4454, #4599 ) ;
#2029 = CARTESIAN_POINT ( 'NONE',  ( -0.06200787401574851115, 0.1074007882646052930, 4.299212598425196319 ) ) ;
#2030 = CARTESIAN_POINT ( 'NONE',  ( 0.2649999999999999578, 3.245314017740484976E-17, 7.462992125433071777 ) ) ;
#2031 = FACE_OUTER_BOUND ( 'NONE', #1691, .T. ) ;
#2032 = EDGE_CURVE ( 'NONE', #5778, #1051, #5373, .T. ) ;
#2033 = CARTESIAN_POINT ( 'NONE',  ( -0.06200787401574851115, 0.1074007882646052930, 0.000000000000000000 ) ) ;
#2034 = APPLICATION_PROTOCOL_DEFINITION ( 'draft international standard', 'automotive_design', 1998, #2058 ) ;
#2035 = ORIENTED_EDGE ( 'NONE', *, *, #3633, .T. ) ;
#2036 = ORIENTED_EDGE ( 'NONE', *, *, #343, .T. ) ;
#2037 = CARTESIAN_POINT ( 'NONE',  ( 0.06200787401574776869, 0.1074007882646057094, 0.6259842519685040463 ) ) ;
#2038 = VERTEX_POINT ( 'NONE', #5683 ) ;
#2039 = CARTESIAN_POINT ( 'NONE',  ( -0.08842519685039371136, 0.000000000000000000, 11.19133858606299015 ) ) ;
#2040 = ORIENTED_EDGE ( 'NONE', *, *, #4650, .F. ) ;
#2041 = FACE_OUTER_BOUND ( 'NONE', #4159, .T. ) ;
#2042 = EDGE_CURVE ( 'NONE', #672, #24, #983, .T. ) ;
#2043 = EDGE_CURVE ( 'NONE', #4543, #20, #2458, .T. ) ;
#2044 = CARTESIAN_POINT ( 'NONE',  ( -0.06200787401574851115, 0.1074007882646052930, 11.95118110574803083 ) ) ;
#2045 = ORIENTED_EDGE ( 'NONE', *, *, #454, .T. ) ;
#2046 = ADVANCED_FACE ( 'NONE', ( #3316 ), #130, .F. ) ;
#2047 = ORIENTED_EDGE ( 'NONE', *, *, #206, .T. ) ;
#2048 = FACE_OUTER_BOUND ( 'NONE', #2759, .T. ) ;
#2049 = DIRECTION ( 'NONE',  ( 1.000000000000000000, 1.046341144239976841E-14, 0.000000000000000000 ) ) ;
#2050 = VERTEX_POINT ( 'NONE', #3898 ) ;
#2051 = EDGE_CURVE ( 'NONE', #1364, #2541, #4293, .T. ) ;
#2052 = AXIS2_PLACEMENT_3D ( 'NONE', #4286, #2971, #4842 ) ;
#2053 = ADVANCED_FACE ( 'NONE', ( #3530 ), #276, .F. ) ;
#2054 = ORIENTED_EDGE ( 'NONE', *, *, #87, .T. ) ;
#2055 = CARTESIAN_POINT ( 'NONE',  ( 0.06889763779527557919, 8.437527159479795937E-18, 0.5000000000000000000 ) ) ;
#2056 = EDGE_CURVE ( 'NONE', #2977, #3091, #763, .T. ) ;
#2057 = DIRECTION ( 'NONE',  ( -0.000000000000000000, -0.000000000000000000, -1.000000000000000000 ) ) ;
#2058 = APPLICATION_CONTEXT ( 'automotive_design' ) ;
#2059 = CARTESIAN_POINT ( 'NONE',  ( -0.06200787401574851115, 0.1074007882646052930, 0.2480314960629921295 ) ) ;
#2060 = AXIS2_PLACEMENT_3D ( 'NONE', #2763, #4636, #462 ) ;
#2061 = ORIENTED_EDGE ( 'NONE', *, *, #2142, .T. ) ;
#2062 = CARTESIAN_POINT ( 'NONE',  ( -0.06200787401574851115, 0.1074007882646052930, 4.051181102362204633 ) ) ;
#2063 = CARTESIAN_POINT ( 'NONE',  ( 0.000000000000000000, 0.000000000000000000, 5.549606299212598515 ) ) ;
#2064 = LINE ( 'NONE', #2627, #5543 ) ;
#2065 = CARTESIAN_POINT ( 'NONE',  ( 0.1240157480314960647, 0.000000000000000000, 2.244094488188976833 ) ) ;
#2066 = CARTESIAN_POINT ( 'NONE',  ( 0.000000000000000000, 0.000000000000000000, 4.051181102362204633 ) ) ;
#2067 = VECTOR ( 'NONE', #5320, 39.37007874015748143 ) ;
#2068 = CARTESIAN_POINT ( 'NONE',  ( -0.2999999999999999889, 0.000000000000000000, 7.277952755354331060 ) ) ;
#2069 = VERTEX_POINT ( 'NONE', #5399 ) ;
#2070 = DIRECTION ( 'NONE',  ( -1.000000000000000000, -0.000000000000000000, -0.000000000000000000 ) ) ;
#2071 = LINE ( 'NONE', #744, #3040 ) ;
#2072 = ORIENTED_EDGE ( 'NONE', *, *, #4322, .T. ) ;
#2073 = LINE ( 'NONE', #691, #1956 ) ;
#2074 = ORIENTED_EDGE ( 'NONE', *, *, #2593, .F. ) ;
#2075 = FACE_OUTER_BOUND ( 'NONE', #1300, .T. ) ;
#2076 = VECTOR ( 'NONE', #926, 39.37007874015748143 ) ;
#2077 = ORIENTED_EDGE ( 'NONE', *, *, #2647, .F. ) ;
#2078 = CIRCLE ( 'NONE', #5604, 0.2999999999999999889 ) ;
#2079 = VERTEX_POINT ( 'NONE', #1196 ) ;
#2080 = VECTOR ( 'NONE', #1608, 39.37007874015748143 ) ;
#2081 = EDGE_LOOP ( 'NONE', ( #4799, #4978, #5763, #5398 ) ) ;
#2082 = EDGE_CURVE ( 'NONE', #3459, #3021, #3067, .T. ) ;
#2083 = CARTESIAN_POINT ( 'NONE',  ( 0.000000000000000000, 0.000000000000000000, 5.423622047244094801 ) ) ;
#2084 = ADVANCED_FACE ( 'NONE', ( #1221 ), #3087, .T. ) ;
#2085 = PLANE ( 'NONE',  #4528 ) ;
#2086 = EDGE_CURVE ( 'NONE', #1481, #2380, #1632, .T. ) ;
#2087 = EDGE_LOOP ( 'NONE', ( #3167, #2239, #4064, #1589, #3866, #773 ) ) ;
#2088 = AXIS2_PLACEMENT_3D ( 'NONE', #5248, #3927, #3404 ) ;
#2089 = AXIS2_PLACEMENT_3D ( 'NONE', #5769, #1559, #3863 ) ;
#2090 = AXIS2_PLACEMENT_3D ( 'NONE', #3202, #2254, #4962 ) ;
#2091 = EDGE_LOOP ( 'NONE', ( #2338, #5497, #2973, #3274 ) ) ;
#2092 = DIRECTION ( 'NONE',  ( 0.000000000000000000, 0.000000000000000000, 1.000000000000000000 ) ) ;
#2093 = AXIS2_PLACEMENT_3D ( 'NONE', #3233, #3722, #2342 ) ;
#2094 = LINE ( 'NONE', #1815, #2970 ) ;
#2095 = VERTEX_POINT ( 'NONE', #738 ) ;
#2096 = DIRECTION ( 'NONE',  ( -1.000000000000000000, 0.000000000000000000, 0.000000000000000000 ) ) ;
#2097 = AXIS2_PLACEMENT_3D ( 'NONE', #3082, #5929, #1726 ) ;
#2098 = DIRECTION ( 'NONE',  ( -1.000000000000000000, 0.000000000000000000, 0.000000000000000000 ) ) ;
#2099 = AXIS2_PLACEMENT_3D ( 'NONE', #673, #2017, #4997 ) ;
#2100 = CARTESIAN_POINT ( 'NONE',  ( 0.000000000000000000, 0.000000000000000000, 4.425196850393700032 ) ) ;
#2101 = DIRECTION ( 'NONE',  ( 0.000000000000000000, 0.000000000000000000, 1.000000000000000000 ) ) ;
#2102 = PLANE ( 'NONE',  #1097 ) ;
#2103 = EDGE_CURVE ( 'NONE', #260, #2275, #5772, .T. ) ;
#2104 = AXIS2_PLACEMENT_3D ( 'NONE', #267, #4521, #3493 ) ;
#2105 = VECTOR ( 'NONE', #2410, 39.37007874015747433 ) ;
#2106 = EDGE_LOOP ( 'NONE', ( #2233, #753, #1797, #3663 ) ) ;
#2107 = CARTESIAN_POINT ( 'NONE',  ( 0.1956443936964287755, 0.3388660300982301310, 9.947244093937008813 ) ) ;
#2108 = ORIENTED_EDGE ( 'NONE', *, *, #4959, .F. ) ;
#2109 = FACE_OUTER_BOUND ( 'NONE', #5805, .T. ) ;
#2110 = AXIS2_PLACEMENT_3D ( 'NONE', #3745, #3216, #6075 ) ;
#2111 = EDGE_LOOP ( 'NONE', ( #5999, #2603, #2203, #3326 ) ) ;
#2112 = CARTESIAN_POINT ( 'NONE',  ( 0.1561809662309435742, 0.1520374181231365363, 5.272834645669290943 ) ) ;
#2113 = VERTEX_POINT ( 'NONE', #5837 ) ;
#2114 = ORIENTED_EDGE ( 'NONE', *, *, #5101, .F. ) ;
#2115 = EDGE_CURVE ( 'NONE', #1532, #2934, #2950, .T. ) ;
#2116 = EDGE_LOOP ( 'NONE', ( #5385, #4292, #412, #1774 ) ) ;
#2117 = LINE ( 'NONE', #5421, #527 ) ;
#2118 = VERTEX_POINT ( 'NONE', #4476 ) ;
#2119 = DIRECTION ( 'NONE',  ( -1.000000000000000000, 0.000000000000000000, 0.000000000000000000 ) ) ;
#2120 = ORIENTED_EDGE ( 'NONE', *, *, #1073, .T. ) ;
#2121 = DIRECTION ( 'NONE',  ( 1.000000000000000000, 1.046341144239976841E-14, 0.000000000000000000 ) ) ;
#2122 = DIRECTION ( 'NONE',  ( -1.000000000000000000, 0.000000000000000000, 0.000000000000000000 ) ) ;
#2123 = CYLINDRICAL_SURFACE ( 'NONE', #1487, 0.07342519685039371191 ) ;
#2124 = CARTESIAN_POINT ( 'NONE',  ( -0.1561809662309435742, 0.1520374181231365363, 5.272834645669290943 ) ) ;
#2125 = AXIS2_PLACEMENT_3D ( 'NONE', #1340, #4628, #6005 ) ;
#2126 = ORIENTED_EDGE ( 'NONE', *, *, #3958, .T. ) ;
#2127 = LINE ( 'NONE', #3022, #1669 ) ;
#2128 = ORIENTED_EDGE ( 'NONE', *, *, #5321, .F. ) ;
#2129 = CARTESIAN_POINT ( 'NONE',  ( -0.2649999999999999578, 0.000000000000000000, 7.462992125433071777 ) ) ;
#2130 = ADVANCED_FACE ( 'NONE', ( #1686, #683 ), #3555, .T. ) ;
#2131 = ORIENTED_EDGE ( 'NONE', *, *, #622, .F. ) ;
#2132 = DIRECTION ( 'NONE',  ( -1.000000000000000000, 0.000000000000000000, 0.000000000000000000 ) ) ;
#2133 = VERTEX_POINT ( 'NONE', #2062 ) ;
#2134 = AXIS2_PLACEMENT_3D ( 'NONE', #2327, #1740, #4600 ) ;
#2135 = EDGE_LOOP ( 'NONE', ( #5013, #3589, #4004, #4809 ) ) ;
#2136 = EDGE_LOOP ( 'NONE', ( #402, #3757, #451, #2228 ) ) ;
#2137 = DIRECTION ( 'NONE',  ( -0.000000000000000000, -0.000000000000000000, -1.000000000000000000 ) ) ;
#2138 = FACE_BOUND ( 'NONE', #5752, .T. ) ;
#2139 = AXIS2_PLACEMENT_3D ( 'NONE', #5351, #739, #4892 ) ;
#2140 = EDGE_LOOP ( 'NONE', ( #4463, #4915 ) ) ;
#2141 = CARTESIAN_POINT ( 'NONE',  ( 0.06200787401574927443, -0.1074007882646048490, 0.6259842519685040463 ) ) ;
#2142 = EDGE_CURVE ( 'NONE', #5758, #1318, #191, .T. ) ;
#2143 = EDGE_LOOP ( 'NONE', ( #2161, #4151, #4176, #4767 ) ) ;
#2144 = CARTESIAN_POINT ( 'NONE',  ( -0.2999999999999999889, 0.000000000000000000, 9.947244093937008813 ) ) ;
#2145 = VECTOR ( 'NONE', #475, 39.37007874015748143 ) ;
#2146 = LINE ( 'NONE', #1222, #5363 ) ;
#2147 = EDGE_CURVE ( 'NONE', #5362, #2949, #4965, .T. ) ;
#2148 = EDGE_CURVE ( 'NONE', #1124, #2275, #2626, .T. ) ;
#2149 = LINE ( 'NONE', #4019, #710 ) ;
#2150 = FACE_OUTER_BOUND ( 'NONE', #3546, .T. ) ;
#2151 = VERTEX_POINT ( 'NONE', #1563 ) ;
#2152 = LINE ( 'NONE', #4947, #489 ) ;
#2153 = VERTEX_POINT ( 'NONE', #3990 ) ;
#2154 = CIRCLE ( 'NONE', #5474, 0.06889763779527557919 ) ;
#2155 = CARTESIAN_POINT ( 'NONE',  ( 0.000000000000000000, 0.000000000000000000, 7.214960629370079204 ) ) ;
#2156 = EDGE_LOOP ( 'NONE', ( #847, #280 ) ) ;
#2157 = CARTESIAN_POINT ( 'NONE',  ( -0.06200787401574851115, 0.1074007882646052930, 11.19133858606299015 ) ) ;
#2158 = AXIS2_PLACEMENT_3D ( 'NONE', #5773, #1564, #2523 ) ;
#2159 = ADVANCED_FACE ( 'NONE', ( #2551 ), #4423, .T. ) ;
#2160 = ORIENTED_EDGE ( 'NONE', *, *, #170, .F. ) ;
#2161 = ORIENTED_EDGE ( 'NONE', *, *, #949, .T. ) ;
#2162 = AXIS2_PLACEMENT_3D ( 'NONE', #4916, #2989, #2522 ) ;
#2163 = ORIENTED_EDGE ( 'NONE', *, *, #2782, .T. ) ;
#2164 = DIRECTION ( 'NONE',  ( -1.046341144239976999E-14, 1.000000000000000000, 0.000000000000000000 ) ) ;
#2165 = CARTESIAN_POINT ( 'NONE',  ( -0.06200787401574702623, -0.1074007882646061396, 0.000000000000000000 ) ) ;
#2166 = EDGE_CURVE ( 'NONE', #1210, #260, #224, .T. ) ;
#2167 = VECTOR ( 'NONE', #1984, 39.37007874015748143 ) ;
#2168 = ORIENTED_EDGE ( 'NONE', *, *, #3315, .F. ) ;
#2169 = FACE_OUTER_BOUND ( 'NONE', #1494, .T. ) ;
#2170 = AXIS2_PLACEMENT_3D ( 'NONE', #1441, #3312, #5188 ) ;
#2171 = VECTOR ( 'NONE', #2728, 39.37007874015748854 ) ;
#2172 = CIRCLE ( 'NONE', #5408, 0.09842519685039370636 ) ;
#2173 = AXIS2_PLACEMENT_3D ( 'NONE', #2947, #1471, #553 ) ;
#2174 = ORIENTED_EDGE ( 'NONE', *, *, #1962, .T. ) ;
#2175 = AXIS2_PLACEMENT_3D ( 'NONE', #1296, #840, #4007 ) ;
#2176 = CARTESIAN_POINT ( 'NONE',  ( -0.07342519685039371191, 0.000000000000000000, 11.69133858606299015 ) ) ;
#2177 = DIRECTION ( 'NONE',  ( 0.4999999999999950595, 0.8660254037844414832, 0.000000000000000000 ) ) ;
#2178 = DIRECTION ( 'NONE',  ( 0.5000000000000071054, -0.8660254037844345998, 0.000000000000000000 ) ) ;
#2179 = PLANE ( 'NONE',  #894 ) ;
#2180 = EDGE_CURVE ( 'NONE', #3856, #171, #4021, .T. ) ;
#2181 = CIRCLE ( 'NONE', #524, 0.2649999999999999578 ) ;
#2182 = ORIENTED_EDGE ( 'NONE', *, *, #4009, .F. ) ;
#2183 = DIRECTION ( 'NONE',  ( 1.000000000000000000, 0.000000000000000000, 0.000000000000000000 ) ) ;
#2184 = CARTESIAN_POINT ( 'NONE',  ( 0.06200787401574776869, 0.1074007882646057094, 1.685039370078740495 ) ) ;
#2185 = CARTESIAN_POINT ( 'NONE',  ( -0.06200787401574702623, -0.1074007882646061396, 3.740157480314960203 ) ) ;
#2186 = ORIENTED_EDGE ( 'NONE', *, *, #1237, .F. ) ;
#2187 = CARTESIAN_POINT ( 'NONE',  ( 0.000000000000000000, 0.000000000000000000, 12.08110236559055117 ) ) ;
#2188 = VERTEX_POINT ( 'NONE', #714 ) ;
#2189 = ORIENTED_EDGE ( 'NONE', *, *, #1832, .F. ) ;
#2190 = ORIENTED_EDGE ( 'NONE', *, *, #1654, .F. ) ;
#2191 = DIRECTION ( 'NONE',  ( 1.000000000000000000, 0.000000000000000000, 0.000000000000000000 ) ) ;
#2192 = EDGE_CURVE ( 'NONE', #5452, #5877, #2578, .T. ) ;
#2193 = FACE_OUTER_BOUND ( 'NONE', #2824, .T. ) ;
#2194 = VERTEX_POINT ( 'NONE', #4708 ) ;
#2195 = DIRECTION ( 'NONE',  ( 0.000000000000000000, -0.000000000000000000, 1.000000000000000000 ) ) ;
#2196 = LINE ( 'NONE', #225, #3338 ) ;
#2197 = VERTEX_POINT ( 'NONE', #1483 ) ;
#2198 = DIRECTION ( 'NONE',  ( -1.000000000000000000, 0.000000000000000000, 0.000000000000000000 ) ) ;
#2199 = DIRECTION ( 'NONE',  ( -1.000000000000000000, -3.441911658684135488E-15, 0.000000000000000000 ) ) ;
#2200 = PLANE ( 'NONE',  #896 ) ;
#2201 = DIRECTION ( 'NONE',  ( 0.000000000000000000, 0.000000000000000000, 1.000000000000000000 ) ) ;
#2202 = ADVANCED_FACE ( 'NONE', ( #46, #5661 ), #3879, .F. ) ;
#2203 = ORIENTED_EDGE ( 'NONE', *, *, #5172, .T. ) ;
#2204 = FACE_OUTER_BOUND ( 'NONE', #2768, .T. ) ;
#2205 = CARTESIAN_POINT ( 'NONE',  ( -0.1240157480314960509, 0.000000000000000000, 1.433070866141732402 ) ) ;
#2206 = CARTESIAN_POINT ( 'NONE',  ( 0.1240157480314960647, 0.000000000000000000, 3.492125984251968074 ) ) ;
#2207 = PLANE ( 'NONE',  #4205 ) ;
#2208 = VERTEX_POINT ( 'NONE', #1453 ) ;
#2209 = LINE ( 'NONE', #3160, #3834 ) ;
#2210 = VERTEX_POINT ( 'NONE', #539 ) ;
#2211 = VERTEX_POINT ( 'NONE', #2962 ) ;
#2212 = CARTESIAN_POINT ( 'NONE',  ( 0.000000000000000000, 0.000000000000000000, 5.860629921259842057 ) ) ;
#2213 = EDGE_CURVE ( 'NONE', #1093, #1287, #4250, .T. ) ;
#2214 = AXIS2_PLACEMENT_3D ( 'NONE', #788, #4530, #2198 ) ;
#2215 = ORIENTED_EDGE ( 'NONE', *, *, #4042, .F. ) ;
#2216 = CARTESIAN_POINT ( 'NONE',  ( -0.06200787401574851115, 0.1074007882646052930, 12.08110236559055117 ) ) ;
#2217 = ADVANCED_FACE ( 'NONE', ( #1089 ), #2831, .F. ) ;
#2218 = EDGE_CURVE ( 'NONE', #5437, #4802, #4508, .T. ) ;
#2219 = LINE ( 'NONE', #5422, #4436 ) ;
#2220 = EDGE_CURVE ( 'NONE', #465, #568, #4594, .T. ) ;
#2221 = LINE ( 'NONE', #3269, #3913 ) ;
#2222 = VERTEX_POINT ( 'NONE', #2926 ) ;
#2223 = FACE_BOUND ( 'NONE', #2156, .T. ) ;
#2224 = CARTESIAN_POINT ( 'NONE',  ( 0.1311809662309435798, 0.000000000000000000, 3.240157480314960647 ) ) ;
#2225 = ADVANCED_FACE ( 'NONE', ( #5634 ), #2897, .F. ) ;
#2226 = CIRCLE ( 'NONE', #2134, 0.2999999999999999889 ) ;
#2227 = EDGE_CURVE ( 'NONE', #3849, #5388, #2467, .T. ) ;
#2228 = ORIENTED_EDGE ( 'NONE', *, *, #4504, .T. ) ;
#2229 = DIRECTION ( 'NONE',  ( -0.000000000000000000, -0.000000000000000000, -1.000000000000000000 ) ) ;
#2230 = PLANE ( 'NONE',  #1331 ) ;
#2231 = DIRECTION ( 'NONE',  ( -0.000000000000000000, -0.000000000000000000, -1.000000000000000000 ) ) ;
#2232 = DIRECTION ( 'NONE',  ( -0.000000000000000000, -0.000000000000000000, -1.000000000000000000 ) ) ;
#2233 = ORIENTED_EDGE ( 'NONE', *, *, #6056, .T. ) ;
#2234 = LINE ( 'NONE', #5092, #4682 ) ;
#2235 = CARTESIAN_POINT ( 'NONE',  ( -0.6143265327702777112, 0.5152529012642550477, 9.325196849842519953 ) ) ;
#2236 = DIRECTION ( 'NONE',  ( -0.000000000000000000, -0.000000000000000000, -1.000000000000000000 ) ) ;
#2237 = CARTESIAN_POINT ( 'NONE',  ( 0.000000000000000000, 0.000000000000000000, 5.549606299212598515 ) ) ;
#2238 = FACE_OUTER_BOUND ( 'NONE', #3428, .T. ) ;
#2239 = ORIENTED_EDGE ( 'NONE', *, *, #1576, .F. ) ;
#2240 = DIRECTION ( 'NONE',  ( 3.441911658684136277E-15, -1.000000000000000000, 0.000000000000000000 ) ) ;
#2241 = FACE_OUTER_BOUND ( 'NONE', #1847, .T. ) ;
#2242 = ORIENTED_EDGE ( 'NONE', *, *, #4283, .F. ) ;
#2243 = VECTOR ( 'NONE', #5261, 39.37007874015748143 ) ;
#2244 = ORIENTED_EDGE ( 'NONE', *, *, #6021, .F. ) ;
#2245 = FACE_OUTER_BOUND ( 'NONE', #6047, .T. ) ;
#2246 = VERTEX_POINT ( 'NONE', #1918 ) ;
#2247 = FACE_OUTER_BOUND ( 'NONE', #919, .T. ) ;
#2248 = AXIS2_PLACEMENT_3D ( 'NONE', #4301, #5220, #1019 ) ;
#2249 = DIRECTION ( 'NONE',  ( 1.000000000000000000, 0.000000000000000000, 0.000000000000000000 ) ) ;
#2250 = PLANE ( 'NONE',  #5081 ) ;
#2251 = CIRCLE ( 'NONE', #1263, 0.06889763779527557919 ) ;
#2252 = EDGE_CURVE ( 'NONE', #4543, #4791, #5, .T. ) ;
#2253 = EDGE_LOOP ( 'NONE', ( #4752, #2272 ) ) ;
#2254 = DIRECTION ( 'NONE',  ( 0.000000000000000000, 0.000000000000000000, 1.000000000000000000 ) ) ;
#2255 = CARTESIAN_POINT ( 'NONE',  ( -0.1311809662309435798, 0.1270374181231365418, 4.575984251968503891 ) ) ;
#2256 = ORIENTED_EDGE ( 'NONE', *, *, #3232, .F. ) ;
#2257 = ORIENTED_EDGE ( 'NONE', *, *, #3654, .T. ) ;
#2258 = DIRECTION ( 'NONE',  ( 0.8660254037844345998, 0.5000000000000069944, -0.000000000000000000 ) ) ;
#2259 = VECTOR ( 'NONE', #197, 39.37007874015748143 ) ;
#2260 = DIRECTION ( 'NONE',  ( 0.000000000000000000, 0.000000000000000000, 1.000000000000000000 ) ) ;
#2261 = CARTESIAN_POINT ( 'NONE',  ( 0.1240157480314960647, 0.000000000000000000, 12.08110236559055117 ) ) ;
#2262 = DIRECTION ( 'NONE',  ( 0.000000000000000000, 0.000000000000000000, 1.000000000000000000 ) ) ;
#2263 = CIRCLE ( 'NONE', #711, 0.08842519685039371136 ) ;
#2264 = VECTOR ( 'NONE', #5603, 39.37007874015748143 ) ;
#2265 = ORIENTED_EDGE ( 'NONE', *, *, #2624, .F. ) ;
#2266 = LINE ( 'NONE', #1345, #3691 ) ;
#2267 = FACE_OUTER_BOUND ( 'NONE', #1030, .T. ) ;
#2268 = LINE ( 'NONE', #6012, #4536 ) ;
#2269 = DIRECTION ( 'NONE',  ( -0.000000000000000000, -0.000000000000000000, -1.000000000000000000 ) ) ;
#2270 = EDGE_CURVE ( 'NONE', #3622, #3820, #4370, .T. ) ;
#2271 = DIRECTION ( 'NONE',  ( -1.000000000000000000, 0.000000000000000000, 0.000000000000000000 ) ) ;
#2272 = ORIENTED_EDGE ( 'NONE', *, *, #5346, .F. ) ;
#2273 = FACE_OUTER_BOUND ( 'NONE', #4619, .T. ) ;
#2274 = FACE_BOUND ( 'NONE', #3058, .T. ) ;
#2275 = VERTEX_POINT ( 'NONE', #5259 ) ;
#2276 = ORIENTED_EDGE ( 'NONE', *, *, #4719, .F. ) ;
#2277 = CARTESIAN_POINT ( 'NONE',  ( 0.1240157480314960647, 0.000000000000000000, 11.69133858606299015 ) ) ;
#2278 = ORIENTED_EDGE ( 'NONE', *, *, #3876, .F. ) ;
#2279 = AXIS2_PLACEMENT_3D ( 'NONE', #579, #2018, #610 ) ;
#2280 = PLANE ( 'NONE',  #2671 ) ;
#2281 = CARTESIAN_POINT ( 'NONE',  ( 0.000000000000000000, 0.000000000000000000, 5.549606299212598515 ) ) ;
#2282 = EDGE_CURVE ( 'NONE', #6015, #929, #2009, .T. ) ;
#2283 = CARTESIAN_POINT ( 'NONE',  ( -0.09842519685039370636, 0.000000000000000000, 0.6259842519685040463 ) ) ;
#2284 = EDGE_CURVE ( 'NONE', #5418, #260, #4280, .T. ) ;
#2285 = VERTEX_POINT ( 'NONE', #3292 ) ;
#2286 = PLANE ( 'NONE',  #4336 ) ;
#2287 = DIRECTION ( 'NONE',  ( -0.000000000000000000, -0.000000000000000000, -1.000000000000000000 ) ) ;
#2288 = VERTEX_POINT ( 'NONE', #2436 ) ;
#2289 = VECTOR ( 'NONE', #2236, 39.37007874015748143 ) ;
#2290 = ORIENTED_EDGE ( 'NONE', *, *, #1503, .F. ) ;
#2291 = LINE ( 'NONE', #4627, #5186 ) ;
#2292 = DIRECTION ( 'NONE',  ( -0.000000000000000000, -0.000000000000000000, -1.000000000000000000 ) ) ;
#2293 = FACE_OUTER_BOUND ( 'NONE', #5130, .T. ) ;
#2294 = CARTESIAN_POINT ( 'NONE',  ( 0.1311809662309435798, 0.1270374181231365418, 5.297637795275590200 ) ) ;
#2295 = ORIENTED_EDGE ( 'NONE', *, *, #2115, .F. ) ;
#2296 = DIRECTION ( 'NONE',  ( 0.4999999999999950595, 0.8660254037844414832, 0.000000000000000000 ) ) ;
#2297 = CARTESIAN_POINT ( 'NONE',  ( -0.06200787401574702623, -0.1074007882646061396, 4.051181102362204633 ) ) ;
#2298 = CARTESIAN_POINT ( 'NONE',  ( -0.1240157480314960370, -8.659973399492811311E-16, 11.19133858606299015 ) ) ;
#2299 = LINE ( 'NONE', #4203, #4416 ) ;
#2300 = ADVANCED_FACE ( 'NONE', ( #1516 ), #5288, .F. ) ;
#2301 = DIRECTION ( 'NONE',  ( -0.000000000000000000, -0.000000000000000000, -1.000000000000000000 ) ) ;
#2302 = ORIENTED_EDGE ( 'NONE', *, *, #4677, .F. ) ;
#2303 = LINE ( 'NONE', #5656, #5599 ) ;
#2304 = CARTESIAN_POINT ( 'NONE',  ( 0.1311809662309435798, -0.1270374181231365418, 4.575984251968503891 ) ) ;
#2305 = VERTEX_POINT ( 'NONE', #5231 ) ;
#2306 = VERTEX_POINT ( 'NONE', #4309 ) ;
#2307 = EDGE_CURVE ( 'NONE', #2222, #4548, #5171, .T. ) ;
#2308 = CARTESIAN_POINT ( 'NONE',  ( 1.836456596214053729E-17, -0.1270374181231365696, 3.240157480314960647 ) ) ;
#2309 = ORIENTED_EDGE ( 'NONE', *, *, #4656, .T. ) ;
#2310 = FACE_OUTER_BOUND ( 'NONE', #3264, .T. ) ;
#2311 = EDGE_LOOP ( 'NONE', ( #2520, #436, #5027, #176 ) ) ;
#2312 = LINE ( 'NONE', #4185, #2264 ) ;
#2313 = DIRECTION ( 'NONE',  ( -1.000000000000000000, -3.441911658684135488E-15, 0.000000000000000000 ) ) ;
#2314 = ORIENTED_EDGE ( 'NONE', *, *, #3573, .F. ) ;
#2315 = DIRECTION ( 'NONE',  ( 1.000000000000000000, 0.000000000000000000, 0.000000000000000000 ) ) ;
#2316 = CARTESIAN_POINT ( 'NONE',  ( -0.06200787401574851115, 0.1074007882646052930, 11.19133858606299015 ) ) ;
#2317 = ORIENTED_EDGE ( 'NONE', *, *, #2718, .F. ) ;
#2318 = AXIS2_PLACEMENT_3D ( 'NONE', #3035, #3985, #2119 ) ;
#2319 = ORIENTED_EDGE ( 'NONE', *, *, #3853, .F. ) ;
#2320 = VECTOR ( 'NONE', #4565, 39.37007874015748143 ) ;
#2321 = CARTESIAN_POINT ( 'NONE',  ( -0.06200787401574702623, -0.1074007882646061396, 3.492125984251968074 ) ) ;
#2322 = DIRECTION ( 'NONE',  ( -0.000000000000000000, -0.000000000000000000, -1.000000000000000000 ) ) ;
#2323 = CARTESIAN_POINT ( 'NONE',  ( -0.1240157480314960370, -8.659973399492811311E-16, 3.740157480314960203 ) ) ;
#2324 = CYLINDRICAL_SURFACE ( 'NONE', #3626, 0.07342519685039371191 ) ;
#2325 = ORIENTED_EDGE ( 'NONE', *, *, #4468, .F. ) ;
#2326 = ADVANCED_FACE ( 'NONE', ( #4344 ), #2503, .F. ) ;
#2327 = CARTESIAN_POINT ( 'NONE',  ( 0.000000000000000000, 0.000000000000000000, 7.214960629370079204 ) ) ;
#2328 = EDGE_CURVE ( 'NONE', #3820, #5660, #390, .T. ) ;
#2329 = ADVANCED_FACE ( 'NONE', ( #3047 ), #4460, .F. ) ;
#2330 = CARTESIAN_POINT ( 'NONE',  ( 0.08842519685039371136, 1.082896342868092677E-17, 11.19133858606299015 ) ) ;
#2331 = CARTESIAN_POINT ( 'NONE',  ( 0.000000000000000000, 0.000000000000000000, 7.277952755354331060 ) ) ;
#2332 = LINE ( 'NONE', #4603, #1176 ) ;
#2333 = CARTESIAN_POINT ( 'NONE',  ( 0.000000000000000000, 0.000000000000000000, 0.2480314960629921295 ) ) ;
#2334 = VERTEX_POINT ( 'NONE', #5780 ) ;
#2335 = DIRECTION ( 'NONE',  ( -0.000000000000000000, -0.000000000000000000, -1.000000000000000000 ) ) ;
#2336 = LINE ( 'NONE', #1882, #124 ) ;
#2337 = ORIENTED_EDGE ( 'NONE', *, *, #2776, .T. ) ;
#2338 = ORIENTED_EDGE ( 'NONE', *, *, #4754, .F. ) ;
#2339 = DIRECTION ( 'NONE',  ( -0.000000000000000000, -0.000000000000000000, -1.000000000000000000 ) ) ;
#2340 = ORIENTED_EDGE ( 'NONE', *, *, #5066, .F. ) ;
#2341 = DIRECTION ( 'NONE',  ( 1.000000000000000000, 0.000000000000000000, 0.000000000000000000 ) ) ;
#2342 = DIRECTION ( 'NONE',  ( 1.000000000000000000, 0.000000000000000000, 0.000000000000000000 ) ) ;
#2343 = CIRCLE ( 'NONE', #4597, 0.06889763779527557919 ) ;
#2344 = LINE ( 'NONE', #5961, #3601 ) ;
#2345 = ORIENTED_EDGE ( 'NONE', *, *, #1008, .T. ) ;
#2346 = CARTESIAN_POINT ( 'NONE',  ( 0.09842519685039370636, -1.744973321738930062E-17, 10.81732283803149564 ) ) ;
#2347 = DIRECTION ( 'NONE',  ( -1.000000000000000000, 0.000000000000000000, 0.000000000000000000 ) ) ;
#2348 = AXIS2_PLACEMENT_3D ( 'NONE', #4303, #5716, #1536 ) ;
#2349 = ORIENTED_EDGE ( 'NONE', *, *, #1609, .T. ) ;
#2350 = EDGE_CURVE ( 'NONE', #1625, #2923, #3484, .T. ) ;
#2351 = AXIS2_PLACEMENT_3D ( 'NONE', #96, #3807, #4793 ) ;
#2352 = CARTESIAN_POINT ( 'NONE',  ( -0.1240157480314960370, -8.659973399492811311E-16, 4.051181102362204633 ) ) ;
#2353 = CARTESIAN_POINT ( 'NONE',  ( 0.000000000000000000, 0.000000000000000000, 6.856692913385827204 ) ) ;
#2354 = CARTESIAN_POINT ( 'NONE',  ( -0.1311809662309435798, 0.1270374181231365418, 5.297637795275590200 ) ) ;
#2355 = PLANE ( 'NONE',  #2170 ) ;
#2356 = VERTEX_POINT ( 'NONE', #5868 ) ;
#2357 = EDGE_CURVE ( 'NONE', #232, #2113, #1203, .T. ) ;
#2358 = VECTOR ( 'NONE', #2770, 39.37007874015748143 ) ;
#2359 = PLANE ( 'NONE',  #1830 ) ;
#2360 = PLANE ( 'NONE',  #981 ) ;
#2361 = DIRECTION ( 'NONE',  ( -0.000000000000000000, -0.000000000000000000, -1.000000000000000000 ) ) ;
#2362 = FACE_OUTER_BOUND ( 'NONE', #3814, .T. ) ;
#2363 = DIRECTION ( 'NONE',  ( -0.000000000000000000, -0.000000000000000000, -1.000000000000000000 ) ) ;
#2364 = ORIENTED_EDGE ( 'NONE', *, *, #5309, .T. ) ;
#2365 = VECTOR ( 'NONE', #4114, 39.37007874015748143 ) ;
#2366 = CARTESIAN_POINT ( 'NONE',  ( -0.06200787401574851115, 0.1074007882646052930, 5.549606299212598515 ) ) ;
#2367 = AXIS2_PLACEMENT_3D ( 'NONE', #2982, #2022, #1440 ) ;
#2368 = ADVANCED_FACE ( 'NONE', ( #3512 ), #281, .F. ) ;
#2369 = DIRECTION ( 'NONE',  ( -0.000000000000000000, -0.000000000000000000, -1.000000000000000000 ) ) ;
#2370 = AXIS2_PLACEMENT_3D ( 'NONE', #5537, #4621, #5048 ) ;
#2371 = ORIENTED_EDGE ( 'NONE', *, *, #1594, .F. ) ;
#2372 = VECTOR ( 'NONE', #2369, 39.37007874015748143 ) ;
#2373 = ORIENTED_EDGE ( 'NONE', *, *, #4013, .T. ) ;
#2374 = DIRECTION ( 'NONE',  ( 0.000000000000000000, 0.000000000000000000, 1.000000000000000000 ) ) ;
#2375 = EDGE_LOOP ( 'NONE', ( #3129, #4638, #1701, #5064 ) ) ;
#2376 = DIRECTION ( 'NONE',  ( 0.5000000000000009992, -0.8660254037844379305, 0.000000000000000000 ) ) ;
#2377 = FACE_BOUND ( 'NONE', #373, .T. ) ;
#2378 = CARTESIAN_POINT ( 'NONE',  ( -0.06280470657979313198, 0.3137763038080251254, 10.56929133803149590 ) ) ;
#2379 = CIRCLE ( 'NONE', #1500, 0.09842519685039370636 ) ;
#2380 = VERTEX_POINT ( 'NONE', #1574 ) ;
#2381 = DIRECTION ( 'NONE',  ( 1.000000000000000000, 0.000000000000000000, 0.000000000000000000 ) ) ;
#2382 = DIRECTION ( 'NONE',  ( 1.000000000000000000, 0.000000000000000000, 0.000000000000000000 ) ) ;
#2383 = EDGE_CURVE ( 'NONE', #286, #975, #2071, .T. ) ;
#2384 = VERTEX_POINT ( 'NONE', #2107 ) ;
#2385 = AXIS2_PLACEMENT_3D ( 'NONE', #3133, #3032, #754 ) ;
#2386 = VECTOR ( 'NONE', #4224, 39.37007874015748143 ) ;
#2387 = DIRECTION ( 'NONE',  ( 0.4999999999999950595, 0.8660254037844414832, 0.000000000000000000 ) ) ;
#2388 = AXIS2_PLACEMENT_3D ( 'NONE', #5743, #2396, #4364 ) ;
#2389 = DIRECTION ( 'NONE',  ( 0.000000000000000000, 0.000000000000000000, 1.000000000000000000 ) ) ;
#2390 = LINE ( 'NONE', #3803, #4525 ) ;
#2391 = CARTESIAN_POINT ( 'NONE',  ( -0.09842519685039370636, 0.000000000000000000, 0.9370078740157481434 ) ) ;
#2392 = ORIENTED_EDGE ( 'NONE', *, *, #2357, .T. ) ;
#2393 = CARTESIAN_POINT ( 'NONE',  ( 0.1240157480314960647, 0.000000000000000000, 10.94330708999999935 ) ) ;
#2394 = FACE_OUTER_BOUND ( 'NONE', #1579, .T. ) ;
#2395 = EDGE_CURVE ( 'NONE', #3164, #74, #2127, .T. ) ;
#2396 = DIRECTION ( 'NONE',  ( 0.000000000000000000, 0.000000000000000000, 1.000000000000000000 ) ) ;
#2397 = PLANE ( 'NONE',  #292 ) ;
#2398 = DIRECTION ( 'NONE',  ( -0.000000000000000000, -0.000000000000000000, -1.000000000000000000 ) ) ;
#2399 = DIRECTION ( 'NONE',  ( -1.000000000000000000, 0.000000000000000000, 0.000000000000000000 ) ) ;
#2400 = SHAPE_DEFINITION_REPRESENTATION ( #245, #3930 ) ;
#2401 = ORIENTED_EDGE ( 'NONE', *, *, #1491, .F. ) ;
#2402 = EDGE_CURVE ( 'NONE', #2118, #284, #663, .T. ) ;
#2403 = LINE ( 'NONE', #1061, #1359 ) ;
#2404 = DIRECTION ( 'NONE',  ( -0.000000000000000000, -0.000000000000000000, -1.000000000000000000 ) ) ;
#2405 = EDGE_LOOP ( 'NONE', ( #2562, #3652 ) ) ;
#2406 = ORIENTED_EDGE ( 'NONE', *, *, #357, .T. ) ;
#2407 = DIRECTION ( 'NONE',  ( -0.000000000000000000, -0.000000000000000000, -1.000000000000000000 ) ) ;
#2408 = PLANE ( 'NONE',  #2052 ) ;
#2409 = VERTEX_POINT ( 'NONE', #2610 ) ;
#2410 = DIRECTION ( 'NONE',  ( 0.5000000000000071054, -0.8660254037844345998, 0.000000000000000000 ) ) ;
#2411 = ADVANCED_FACE ( 'NONE', ( #4898 ), #3907, .T. ) ;
#2412 = CARTESIAN_POINT ( 'NONE',  ( -0.06200787401574851115, 0.1074007882646052930, 6.608661417322835518 ) ) ;
#2413 = EDGE_CURVE ( 'NONE', #515, #2008, #2152, .T. ) ;
#2414 = ORIENTED_EDGE ( 'NONE', *, *, #3250, .T. ) ;
#2415 = EDGE_CURVE ( 'NONE', #1318, #3329, #3996, .T. ) ;
#2416 = AXIS2_PLACEMENT_3D ( 'NONE', #3209, #5578, #5086 ) ;
#2417 = ADVANCED_FACE ( 'NONE', ( #1663 ), #5897, .T. ) ;
#2418 = CARTESIAN_POINT ( 'NONE',  ( 0.000000000000000000, 0.000000000000000000, 11.82125984590551049 ) ) ;
#2419 = AXIS2_PLACEMENT_3D ( 'NONE', #88, #3306, #3399 ) ;
#2420 = LINE ( 'NONE', #4357, #3305 ) ;
#2421 = LINE ( 'NONE', #4756, #5499 ) ;
#2422 = EDGE_CURVE ( 'NONE', #1993, #777, #3092, .T. ) ;
#2423 = FACE_BOUND ( 'NONE', #914, .T. ) ;
#2424 = VECTOR ( 'NONE', #946, 39.37007874015747433 ) ;
#2425 = VERTEX_POINT ( 'NONE', #4511 ) ;
#2426 = DIRECTION ( 'NONE',  ( -0.000000000000000000, -0.000000000000000000, -1.000000000000000000 ) ) ;
#2427 = DIRECTION ( 'NONE',  ( 1.000000000000000000, 0.000000000000000000, 0.000000000000000000 ) ) ;
#2428 = DIRECTION ( 'NONE',  ( 0.4999999999999948375, 0.8660254037844414832, 0.000000000000000000 ) ) ;
#2429 = CARTESIAN_POINT ( 'NONE',  ( 0.000000000000000000, 0.000000000000000000, 6.608661417322835518 ) ) ;
#2430 = LINE ( 'NONE', #1940, #3938 ) ;
#2431 = AXIS2_PLACEMENT_3D ( 'NONE', #3277, #391, #1801 ) ;
#2432 = DIRECTION ( 'NONE',  ( 0.000000000000000000, 0.000000000000000000, 1.000000000000000000 ) ) ;
#2433 = CARTESIAN_POINT ( 'NONE',  ( -0.06200787401574851115, 0.1074007882646052930, 10.94330708999999935 ) ) ;
#2434 = VERTEX_POINT ( 'NONE', #231 ) ;
#2435 = ORIENTED_EDGE ( 'NONE', *, *, #35, .T. ) ;
#2436 = CARTESIAN_POINT ( 'NONE',  ( 0.09842519685039370636, 1.205361022782828035E-17, 6.482677165354330917 ) ) ;
#2437 = ORIENTED_EDGE ( 'NONE', *, *, #2056, .F. ) ;
#2438 = CARTESIAN_POINT ( 'NONE',  ( 0.1240157480314960647, 0.000000000000000000, 6.608661417322835518 ) ) ;
#2439 = ORIENTED_EDGE ( 'NONE', *, *, #3962, .F. ) ;
#2440 = DIRECTION ( 'NONE',  ( 0.8660254037844415942, -0.4999999999999948930, 0.000000000000000000 ) ) ;
#2441 = CARTESIAN_POINT ( 'NONE',  ( -0.06280470657979313198, 0.3137763038080251254, 10.56929133803149590 ) ) ;
#2442 = ORIENTED_EDGE ( 'NONE', *, *, #2413, .F. ) ;
#2443 = AXIS2_PLACEMENT_3D ( 'NONE', #2510, #5668, #3914 ) ;
#2444 = ORIENTED_EDGE ( 'NONE', *, *, #5514, .T. ) ;
#2445 = CARTESIAN_POINT ( 'NONE',  ( -0.07342519685039371191, 0.000000000000000000, 11.82125984590551049 ) ) ;
#2446 = DIRECTION ( 'NONE',  ( 0.8660254037844345998, 0.5000000000000069944, -0.000000000000000000 ) ) ;
#2447 = VERTEX_POINT ( 'NONE', #2533 ) ;
#2448 = AXIS2_PLACEMENT_3D ( 'NONE', #2155, #5898, #3093 ) ;
#2449 = ADVANCED_FACE ( 'NONE', ( #5843 ), #3450, .T. ) ;
#2450 = AXIS2_PLACEMENT_3D ( 'NONE', #1939, #2004, #1046 ) ;
#2451 = LINE ( 'NONE', #2352, #2707 ) ;
#2452 = CARTESIAN_POINT ( 'NONE',  ( 0.000000000000000000, 0.000000000000000000, 6.919685039370079060 ) ) ;
#2453 = AXIS2_PLACEMENT_3D ( 'NONE', #2820, #558, #589 ) ;
#2454 = FACE_OUTER_BOUND ( 'NONE', #5635, .T. ) ;
#2455 = CARTESIAN_POINT ( 'NONE',  ( 0.1240157480314960509, 1.518754888706363084E-17, 1.433070866141732402 ) ) ;
#2456 = ORIENTED_EDGE ( 'NONE', *, *, #1236, .F. ) ;
#2457 = AXIS2_PLACEMENT_3D ( 'NONE', #3328, #173, #1054 ) ;
#2458 = LINE ( 'NONE', #4333, #2711 ) ;
#2459 = LINE ( 'NONE', #5714, #5789 ) ;
#2460 = PLANE ( 'NONE',  #5025 ) ;
#2461 = FACE_OUTER_BOUND ( 'NONE', #3703, .T. ) ;
#2462 = DIRECTION ( 'NONE',  ( -1.000000000000000000, 0.000000000000000000, 0.000000000000000000 ) ) ;
#2463 = LINE ( 'NONE', #4428, #3344 ) ;
#2464 = VECTOR ( 'NONE', #3189, 39.37007874015748143 ) ;
#2465 = ORIENTED_EDGE ( 'NONE', *, *, #1104, .T. ) ;
#2466 = EDGE_LOOP ( 'NONE', ( #5703, #4529 ) ) ;
#2467 = LINE ( 'NONE', #142, #5303 ) ;
#2468 = ORIENTED_EDGE ( 'NONE', *, *, #4939, .F. ) ;
#2469 = CIRCLE ( 'NONE', #1583, 0.1240157480314960509 ) ;
#2470 =( LENGTH_UNIT ( ) NAMED_UNIT ( * ) SI_UNIT ( $, .METRE. ) );
#2471 = AXIS2_PLACEMENT_3D ( 'NONE', #5655, #3219, #4111 ) ;
#2472 = ORIENTED_EDGE ( 'NONE', *, *, #4256, .F. ) ;
#2473 = CARTESIAN_POINT ( 'NONE',  ( 0.1240157480314960647, 0.000000000000000000, 4.299212598425196319 ) ) ;
#2474 = VECTOR ( 'NONE', #4527, 39.37007874015748143 ) ;
#2475 = VECTOR ( 'NONE', #5276, 39.37007874015747433 ) ;
#2476 = DIRECTION ( 'NONE',  ( -0.000000000000000000, -0.000000000000000000, -1.000000000000000000 ) ) ;
#2477 = VECTOR ( 'NONE', #4235, 39.37007874015748143 ) ;
#2478 = VERTEX_POINT ( 'NONE', #5815 ) ;
#2479 = VERTEX_POINT ( 'NONE', #1174 ) ;
#2480 = CARTESIAN_POINT ( 'NONE',  ( 0.1240157480314960647, 0.000000000000000000, 11.82125984590551049 ) ) ;
#2481 = DIRECTION ( 'NONE',  ( 0.000000000000000000, 0.000000000000000000, 1.000000000000000000 ) ) ;
#2482 = ADVANCED_FACE ( 'NONE', ( #5093, #3184 ), #5949, .T. ) ;
#2483 = ORIENTED_EDGE ( 'NONE', *, *, #3108, .F. ) ;
#2484 = ADVANCED_FACE ( 'NONE', ( #6011 ), #365, .F. ) ;
#2485 = CARTESIAN_POINT ( 'NONE',  ( 0.000000000000000000, 0.000000000000000000, 7.277952755354331060 ) ) ;
#2486 = DIRECTION ( 'NONE',  ( -0.4999999999999948375, -0.8660254037844417052, 0.000000000000000000 ) ) ;
#2487 = CIRCLE ( 'NONE', #4840, 0.06889763779527557919 ) ;
#2488 = PLANE ( 'NONE',  #2089 ) ;
#2489 = DIRECTION ( 'NONE',  ( 1.000000000000000000, 0.000000000000000000, 0.000000000000000000 ) ) ;
#2490 = ORIENTED_EDGE ( 'NONE', *, *, #1828, .T. ) ;
#2491 = AXIS2_PLACEMENT_3D ( 'NONE', #5163, #4602, #922 ) ;
#2492 = DIRECTION ( 'NONE',  ( -1.000000000000000000, 0.000000000000000000, 0.000000000000000000 ) ) ;
#2493 = CARTESIAN_POINT ( 'NONE',  ( -0.06889763779527557919, 0.000000000000000000, 1.559055118110236338 ) ) ;
#2494 = DIRECTION ( 'NONE',  ( 1.000000000000000000, 1.046341144239976841E-14, 0.000000000000000000 ) ) ;
#2495 = EDGE_CURVE ( 'NONE', #3091, #190, #889, .T. ) ;
#2496 = PLANE ( 'NONE',  #4105 ) ;
#2497 = ADVANCED_FACE ( 'NONE', ( #2695 ), #1346, .F. ) ;
#2498 = CARTESIAN_POINT ( 'NONE',  ( -0.1240157480314960370, -8.659973399492811311E-16, 2.492125984251968962 ) ) ;
#2499 = CARTESIAN_POINT ( 'NONE',  ( 0.0006802607098644540247, -0.09842284602878219324, 10.81732283803149564 ) ) ;
#2500 = EDGE_CURVE ( 'NONE', #2038, #1999, #5919, .T. ) ;
#2501 = VERTEX_POINT ( 'NONE', #2297 ) ;
#2502 = ORIENTED_EDGE ( 'NONE', *, *, #2328, .T. ) ;
#2503 = PLANE ( 'NONE',  #3045 ) ;
#2504 = EDGE_CURVE ( 'NONE', #5836, #5018, #3721, .T. ) ;
#2505 = ORIENTED_EDGE ( 'NONE', *, *, #23, .T. ) ;
#2506 = CARTESIAN_POINT ( 'NONE',  ( 0.000000000000000000, 0.000000000000000000, 2.744094488188976388 ) ) ;
#2507 = ORIENTED_EDGE ( 'NONE', *, *, #2844, .F. ) ;
#2508 = DIRECTION ( 'NONE',  ( 0.000000000000000000, 0.000000000000000000, 1.000000000000000000 ) ) ;
#2509 = EDGE_CURVE ( 'NONE', #4431, #3080, #432, .T. ) ;
#2510 = CARTESIAN_POINT ( 'NONE',  ( 0.000000000000000000, 0.000000000000000000, 6.482677165354330917 ) ) ;
#2511 = ORIENTED_EDGE ( 'NONE', *, *, #3304, .F. ) ;
#2512 = ORIENTED_EDGE ( 'NONE', *, *, #5602, .F. ) ;
#2513 = PLANE ( 'NONE',  #3868 ) ;
#2514 = DIRECTION ( 'NONE',  ( 1.000000000000000000, 0.000000000000000000, 0.000000000000000000 ) ) ;
#2515 = VERTEX_POINT ( 'NONE', #6042 ) ;
#2516 = ORIENTED_EDGE ( 'NONE', *, *, #761, .F. ) ;
#2517 = DIRECTION ( 'NONE',  ( 0.4999999999999950595, 0.8660254037844414832, 0.000000000000000000 ) ) ;
#2518 = CARTESIAN_POINT ( 'NONE',  ( -0.1311809662309435798, -0.1270374181231365418, 4.575984251968503891 ) ) ;
#2519 = CARTESIAN_POINT ( 'NONE',  ( 0.000000000000000000, 0.000000000000000000, 5.797637795275591088 ) ) ;
#2520 = ORIENTED_EDGE ( 'NONE', *, *, #4388, .F. ) ;
#2521 = VECTOR ( 'NONE', #1271, 39.37007874015748854 ) ;
#2522 = DIRECTION ( 'NONE',  ( -1.000000000000000000, 0.000000000000000000, 0.000000000000000000 ) ) ;
#2523 = DIRECTION ( 'NONE',  ( 1.000000000000000000, 0.000000000000000000, 0.000000000000000000 ) ) ;
#2524 = CARTESIAN_POINT ( 'NONE',  ( -0.09842519685039370636, 0.000000000000000000, 3.366141732283464361 ) ) ;
#2525 = CARTESIAN_POINT ( 'NONE',  ( -0.1240157480314960370, -8.659973399492811311E-16, 0.2480314960629921295 ) ) ;
#2526 = DIRECTION ( 'NONE',  ( 1.000000000000000000, 0.000000000000000000, -0.000000000000000000 ) ) ;
#2527 = CARTESIAN_POINT ( 'NONE',  ( -0.0006802607098644442669, 0.09842284602878219324, 10.81732283803149564 ) ) ;
#2528 = EDGE_CURVE ( 'NONE', #2515, #3363, #4601, .T. ) ;
#2529 = EDGE_CURVE ( 'NONE', #232, #3231, #6072, .T. ) ;
#2530 = EDGE_CURVE ( 'NONE', #2095, #2639, #4108, .T. ) ;
#2531 = EDGE_LOOP ( 'NONE', ( #2414, #3521 ) ) ;
#2532 = CARTESIAN_POINT ( 'NONE',  ( 0.06889763779527557919, 8.437527159479795937E-18, 5.797637795275591088 ) ) ;
#2533 = CARTESIAN_POINT ( 'NONE',  ( 0.2649999999999999578, 3.245314017740485592E-17, 8.207086613622047722 ) ) ;
#2534 = ORIENTED_EDGE ( 'NONE', *, *, #1776, .F. ) ;
#2535 = VECTOR ( 'NONE', #798, 39.37007874015748143 ) ;
#2536 = LINE ( 'NONE', #5845, #4803 ) ;
#2537 = ORIENTED_EDGE ( 'NONE', *, *, #1776, .T. ) ;
#2538 = CARTESIAN_POINT ( 'NONE',  ( -0.1311809662309435798, -0.1270374181231365418, 5.297637795275590200 ) ) ;
#2539 = ORIENTED_EDGE ( 'NONE', *, *, #3770, .T. ) ;
#2540 = ORIENTED_EDGE ( 'NONE', *, *, #1402, .T. ) ;
#2541 = VERTEX_POINT ( 'NONE', #4667 ) ;
#2542 = CARTESIAN_POINT ( 'NONE',  ( -0.1311809662309435798, -0.1270374181231365418, 5.297637795275590200 ) ) ;
#2543 = CARTESIAN_POINT ( 'NONE',  ( -0.06200787401574702623, -0.1074007882646061396, 0.6259842519685040463 ) ) ;
#2544 = ORIENTED_EDGE ( 'NONE', *, *, #565, .F. ) ;
#2545 = VECTOR ( 'NONE', #2476, 39.37007874015748143 ) ;
#2546 = ORIENTED_EDGE ( 'NONE', *, *, #511, .F. ) ;
#2547 = CARTESIAN_POINT ( 'NONE',  ( 0.1311809662309435798, 0.1270374181231365418, 5.297637795275590200 ) ) ;
#2548 = ADVANCED_FACE ( 'NONE', ( #855 ), #4566, .T. ) ;
#2549 = CARTESIAN_POINT ( 'NONE',  ( -0.08842519685039371136, 0.000000000000000000, 1.933070866141732624 ) ) ;
#2550 = ORIENTED_EDGE ( 'NONE', *, *, #4779, .F. ) ;
#2551 = FACE_OUTER_BOUND ( 'NONE', #4702, .T. ) ;
#2552 = CARTESIAN_POINT ( 'NONE',  ( -0.1240157480314960370, -8.659973399492811311E-16, 4.051181102362204633 ) ) ;
#2553 = CARTESIAN_POINT ( 'NONE',  ( 0.06200787401574776869, 0.1074007882646057094, 5.797637795275591088 ) ) ;
#2554 = FACE_OUTER_BOUND ( 'NONE', #3995, .T. ) ;
#2555 = DIRECTION ( 'NONE',  ( 0.000000000000000000, 0.000000000000000000, 1.000000000000000000 ) ) ;
#2556 = AXIS2_PLACEMENT_3D ( 'NONE', #1809, #1777, #337 ) ;
#2557 = EDGE_CURVE ( 'NONE', #4381, #4961, #1314, .T. ) ;
#2558 = ORIENTED_EDGE ( 'NONE', *, *, #5767, .F. ) ;
#2559 = DIRECTION ( 'NONE',  ( -1.000000000000000000, -3.441911658684135488E-15, 0.000000000000000000 ) ) ;
#2560 = ORIENTED_EDGE ( 'NONE', *, *, #54, .T. ) ;
#2561 = LINE ( 'NONE', #3586, #3822 ) ;
#2562 = ORIENTED_EDGE ( 'NONE', *, *, #4896, .F. ) ;
#2563 = ADVANCED_FACE ( 'NONE', ( #2267 ), #4142, .F. ) ;
#2564 = CARTESIAN_POINT ( 'NONE',  ( 0.09842519685039370636, 1.205361022782828035E-17, 0.9370078740157481434 ) ) ;
#2565 = AXIS2_PLACEMENT_3D ( 'NONE', #3391, #1549, #207 ) ;
#2566 = ORIENTED_EDGE ( 'NONE', *, *, #2879, .T. ) ;
#2567 = VECTOR ( 'NONE', #5619, 39.37007874015748143 ) ;
#2568 = VERTEX_POINT ( 'NONE', #1249 ) ;
#2569 = AXIS2_PLACEMENT_3D ( 'NONE', #6022, #5165, #3646 ) ;
#2570 = ORIENTED_EDGE ( 'NONE', *, *, #4789, .F. ) ;
#2571 = DIRECTION ( 'NONE',  ( -1.000000000000000000, 0.000000000000000000, 0.000000000000000000 ) ) ;
#2572 = CARTESIAN_POINT ( 'NONE',  ( -0.06200787401574702623, -0.1074007882646061396, 0.6259842519685040463 ) ) ;
#2573 = VECTOR ( 'NONE', #525, 39.37007874015748143 ) ;
#2574 = ORIENTED_EDGE ( 'NONE', *, *, #5648, .F. ) ;
#2575 = CARTESIAN_POINT ( 'NONE',  ( 0.000000000000000000, 0.000000000000000000, 10.56929133803149590 ) ) ;
#2576 = EDGE_CURVE ( 'NONE', #3050, #2285, #1716, .T. ) ;
#2577 = ORIENTED_EDGE ( 'NONE', *, *, #487, .F. ) ;
#2578 = LINE ( 'NONE', #3816, #1966 ) ;
#2579 = VECTOR ( 'NONE', #3477, 39.37007874015748143 ) ;
#2580 = CARTESIAN_POINT ( 'NONE',  ( 0.000000000000000000, 0.000000000000000000, 3.492125984251968074 ) ) ;
#2581 = CYLINDRICAL_SURFACE ( 'NONE', #4851, 0.1240157480314960509 ) ;
#2582 = CARTESIAN_POINT ( 'NONE',  ( -0.09842519685039370636, 0.000000000000000000, 4.425196850393700032 ) ) ;
#2583 = CARTESIAN_POINT ( 'NONE',  ( 0.07342519685039371191, 8.991993229959897949E-18, 11.95118110574803083 ) ) ;
#2584 = CIRCLE ( 'NONE', #1014, 0.1240157480314960509 ) ;
#2585 = AXIS2_PLACEMENT_3D ( 'NONE', #4496, #3139, #4097 ) ;
#2586 = VERTEX_POINT ( 'NONE', #2667 ) ;
#2587 = DIRECTION ( 'NONE',  ( -0.000000000000000000, -0.000000000000000000, -1.000000000000000000 ) ) ;
#2588 = ORIENTED_EDGE ( 'NONE', *, *, #4939, .T. ) ;
#2589 = LINE ( 'NONE', #4973, #4909 ) ;
#2590 = CIRCLE ( 'NONE', #5238, 0.09842519685039370636 ) ;
#2591 = ORIENTED_EDGE ( 'NONE', *, *, #1238, .F. ) ;
#2592 = CARTESIAN_POINT ( 'NONE',  ( 0.000000000000000000, 0.000000000000000000, 2.618110236220472675 ) ) ;
#2593 = EDGE_CURVE ( 'NONE', #3719, #3915, #4080, .T. ) ;
#2594 = ORIENTED_EDGE ( 'NONE', *, *, #5764, .T. ) ;
#2595 = ORIENTED_EDGE ( 'NONE', *, *, #2350, .T. ) ;
#2596 = VERTEX_POINT ( 'NONE', #1283 ) ;
#2597 = DIRECTION ( 'NONE',  ( 0.000000000000000000, 0.000000000000000000, 1.000000000000000000 ) ) ;
#2598 = LINE ( 'NONE', #1501, #4725 ) ;
#2599 = ADVANCED_FACE ( 'NONE', ( #3155 ), #829, .F. ) ;
#2600 = EDGE_CURVE ( 'NONE', #5260, #74, #5091, .T. ) ;
#2601 = ORIENTED_EDGE ( 'NONE', *, *, #1146, .F. ) ;
#2602 = CARTESIAN_POINT ( 'NONE',  ( 0.06200787401574927443, -0.1074007882646048490, 12.08110236559055117 ) ) ;
#2603 = ORIENTED_EDGE ( 'NONE', *, *, #695, .T. ) ;
#2604 = DIRECTION ( 'NONE',  ( 1.000000000000000000, 0.000000000000000000, 0.000000000000000000 ) ) ;
#2605 = FACE_OUTER_BOUND ( 'NONE', #4071, .T. ) ;
#2606 = ADVANCED_FACE ( 'NONE', ( #1874, #2889 ), #5162, .F. ) ;
#2607 = CARTESIAN_POINT ( 'NONE',  ( -0.1240157480314960370, -8.659973399492811311E-16, 5.797637795275591088 ) ) ;
#2608 = LINE ( 'NONE', #1660, #5000 ) ;
#2609 = EDGE_LOOP ( 'NONE', ( #3711, #2915, #388, #2435, #4570, #4467 ) ) ;
#2610 = CARTESIAN_POINT ( 'NONE',  ( 0.06200787401574776869, 0.1074007882646057094, 0.8740157480314961758 ) ) ;
#2611 = ORIENTED_EDGE ( 'NONE', *, *, #1219, .T. ) ;
#2612 = DIRECTION ( 'NONE',  ( 1.000000000000000000, 1.046341144239976841E-14, 0.000000000000000000 ) ) ;
#2613 = CIRCLE ( 'NONE', #1931, 0.09842519685039370636 ) ;
#2614 = ORIENTED_EDGE ( 'NONE', *, *, #1400, .F. ) ;
#2615 = LINE ( 'NONE', #833, #2644 ) ;
#2616 = ORIENTED_EDGE ( 'NONE', *, *, #357, .F. ) ;
#2617 = AXIS2_PLACEMENT_3D ( 'NONE', #2353, #4724, #5213 ) ;
#2618 = ORIENTED_EDGE ( 'NONE', *, *, #5039, .F. ) ;
#2619 = VERTEX_POINT ( 'NONE', #954 ) ;
#2620 = CARTESIAN_POINT ( 'NONE',  ( -0.09842519685039370636, 0.000000000000000000, 0.3740157480314960647 ) ) ;
#2621 = CARTESIAN_POINT ( 'NONE',  ( -0.06200787401574702623, -0.1074007882646061396, 11.69133858606299015 ) ) ;
#2622 = ORIENTED_EDGE ( 'NONE', *, *, #5712, .F. ) ;
#2623 = LINE ( 'NONE', #2649, #2474 ) ;
#2624 = EDGE_CURVE ( 'NONE', #4513, #3591, #2251, .T. ) ;
#2625 = ORIENTED_EDGE ( 'NONE', *, *, #63, .F. ) ;
#2626 = LINE ( 'NONE', #3438, #785 ) ;
#2627 = CARTESIAN_POINT ( 'NONE',  ( 0.06200787401574927443, -0.1074007882646048490, 1.685039370078740495 ) ) ;
#2628 = CARTESIAN_POINT ( 'NONE',  ( 0.06200787401574776869, 0.1074007882646057094, 2.492125984251968962 ) ) ;
#2629 = CARTESIAN_POINT ( 'NONE',  ( 0.000000000000000000, 0.000000000000000000, 0.6259842519685040463 ) ) ;
#2630 = CIRCLE ( 'NONE', #586, 0.08842519685039371136 ) ;
#2631 = VERTEX_POINT ( 'NONE', #1475 ) ;
#2632 = EDGE_CURVE ( 'NONE', #3158, #252, #2459, .T. ) ;
#2633 = CARTESIAN_POINT ( 'NONE',  ( 0.000000000000000000, 0.000000000000000000, 7.277952755354331060 ) ) ;
#2634 = VECTOR ( 'NONE', #3410, 39.37007874015748143 ) ;
#2635 = DIRECTION ( 'NONE',  ( 0.000000000000000000, 0.000000000000000000, 1.000000000000000000 ) ) ;
#2636 = ORIENTED_EDGE ( 'NONE', *, *, #344, .F. ) ;
#2637 = LINE ( 'NONE', #4544, #4614 ) ;
#2638 = VECTOR ( 'NONE', #4432, 39.37007874015748143 ) ;
#2639 = VERTEX_POINT ( 'NONE', #4732 ) ;
#2640 = ORIENTED_EDGE ( 'NONE', *, *, #1084, .T. ) ;
#2641 = AXIS2_PLACEMENT_3D ( 'NONE', #5750, #1978, #3848 ) ;
#2642 = ORIENTED_EDGE ( 'NONE', *, *, #2665, .F. ) ;
#2643 = CARTESIAN_POINT ( 'NONE',  ( 0.000000000000000000, 0.000000000000000000, 10.81732283803149564 ) ) ;
#2644 = VECTOR ( 'NONE', #3127, 39.37007874015748143 ) ;
#2645 = LINE ( 'NONE', #4523, #4130 ) ;
#2646 = AXIS2_PLACEMENT_3D ( 'NONE', #435, #38, #1382 ) ;
#2647 = EDGE_CURVE ( 'NONE', #1884, #6015, #3128, .T. ) ;
#2648 = EDGE_LOOP ( 'NONE', ( #73, #2244, #730, #3905 ) ) ;
#2649 = CARTESIAN_POINT ( 'NONE',  ( -0.1311809662309435798, 0.1270374181231365418, 4.575984251968503891 ) ) ;
#2650 = ADVANCED_FACE ( 'NONE', ( #5279 ), #3283, .T. ) ;
#2651 = VECTOR ( 'NONE', #4790, 39.37007874015748143 ) ;
#2652 = AXIS2_PLACEMENT_3D ( 'NONE', #4359, #5737, #1013 ) ;
#2653 = EDGE_CURVE ( 'NONE', #787, #3847, #4697, .T. ) ;
#2654 = EDGE_LOOP ( 'NONE', ( #2190, #6071, #2373, #4897 ) ) ;
#2655 = AXIS2_PLACEMENT_3D ( 'NONE', #934, #906, #2775 ) ;
#2656 = CARTESIAN_POINT ( 'NONE',  ( 0.1240157480314960647, 0.000000000000000000, 0.000000000000000000 ) ) ;
#2657 = CARTESIAN_POINT ( 'NONE',  ( 0.06200787401574927443, -0.1074007882646048490, 3.492125984251968074 ) ) ;
#2658 = DIRECTION ( 'NONE',  ( 1.000000000000000000, 0.000000000000000000, -0.000000000000000000 ) ) ;
#2659 = DIRECTION ( 'NONE',  ( 0.000000000000000000, 0.000000000000000000, 1.000000000000000000 ) ) ;
#2660 = ADVANCED_FACE ( 'NONE', ( #1444, #4760 ), #1937, .T. ) ;
#2661 = VECTOR ( 'NONE', #479, 39.37007874015748143 ) ;
#2662 = ORIENTED_EDGE ( 'NONE', *, *, #4217, .T. ) ;
#2663 = VECTOR ( 'NONE', #152, 39.37007874015748143 ) ;
#2664 = LINE ( 'NONE', #3154, #184 ) ;
#2665 = EDGE_CURVE ( 'NONE', #5104, #2923, #1415, .T. ) ;
#2666 = EDGE_CURVE ( 'NONE', #2631, #4047, #3839, .T. ) ;
#2667 = CARTESIAN_POINT ( 'NONE',  ( -0.1240157480314960370, -8.659973399492811311E-16, 11.95118110574803083 ) ) ;
#2668 = CARTESIAN_POINT ( 'NONE',  ( 0.07342519685039371191, 8.991993229959897949E-18, 11.82125984590551049 ) ) ;
#2669 = CARTESIAN_POINT ( 'NONE',  ( 0.3912887873928638238, 2.732354998561485124E-15, 10.44330708606299396 ) ) ;
#2670 = ORIENTED_EDGE ( 'NONE', *, *, #4789, .T. ) ;
#2671 = AXIS2_PLACEMENT_3D ( 'NONE', #1754, #4119, #5598 ) ;
#2672 = DIRECTION ( 'NONE',  ( 1.000000000000000000, 0.000000000000000000, 0.000000000000000000 ) ) ;
#2673 = ADVANCED_FACE ( 'NONE', ( #1044 ), #2855, .F. ) ;
#2674 = ORIENTED_EDGE ( 'NONE', *, *, #3296, .T. ) ;
#2675 = ADVANCED_FACE ( 'NONE', ( #1534 ), #5191, .F. ) ;
#2676 = ORIENTED_EDGE ( 'NONE', *, *, #5471, .F. ) ;
#2677 = AXIS2_PLACEMENT_3D ( 'NONE', #299, #4890, #3476 ) ;
#2678 = CYLINDRICAL_SURFACE ( 'NONE', #5606, 0.06889763779527557919 ) ;
#2679 = VERTEX_POINT ( 'NONE', #2330 ) ;
#2680 = CARTESIAN_POINT ( 'NONE',  ( 0.000000000000000000, 0.000000000000000000, 0.2480314960629921295 ) ) ;
#2681 = EDGE_CURVE ( 'NONE', #4440, #5968, #4201, .T. ) ;
#2682 = CARTESIAN_POINT ( 'NONE',  ( 0.000000000000000000, 0.000000000000000000, 2.492125984251968962 ) ) ;
#2683 = ADVANCED_FACE ( 'NONE', ( #2394 ), #2360, .F. ) ;
#2684 = DIRECTION ( 'NONE',  ( 1.000000000000000000, 0.000000000000000000, 0.000000000000000000 ) ) ;
#2685 = ORIENTED_EDGE ( 'NONE', *, *, #3674, .T. ) ;
#2686 = FACE_OUTER_BOUND ( 'NONE', #2135, .T. ) ;
#2687 = LINE ( 'NONE', #2224, #2772 ) ;
#2688 = ORIENTED_EDGE ( 'NONE', *, *, #1599, .F. ) ;
#2689 = DIRECTION ( 'NONE',  ( 1.000000000000000000, 3.441911658684136277E-15, 0.000000000000000000 ) ) ;
#2690 = CARTESIAN_POINT ( 'NONE',  ( 0.1240157480314960647, 0.000000000000000000, 4.299212598425196319 ) ) ;
#2691 = CYLINDRICAL_SURFACE ( 'NONE', #1592, 0.2649999999999999578 ) ;
#2692 = CARTESIAN_POINT ( 'NONE',  ( 0.000000000000000000, 0.000000000000000000, 5.549606299212598515 ) ) ;
#2693 = ORIENTED_EDGE ( 'NONE', *, *, #2509, .T. ) ;
#2694 = CARTESIAN_POINT ( 'NONE',  ( -0.1956443936964311348, -0.3388660300982287432, 9.947244093937008813 ) ) ;
#2695 = FACE_OUTER_BOUND ( 'NONE', #3794, .T. ) ;
#2696 = CARTESIAN_POINT ( 'NONE',  ( 0.000000000000000000, 0.000000000000000000, 0.8740157480314961758 ) ) ;
#2697 = LINE ( 'NONE', #4144, #1855 ) ;
#2698 = ORIENTED_EDGE ( 'NONE', *, *, #5185, .T. ) ;
#2699 = DIRECTION ( 'NONE',  ( -0.5000000000000012212, 0.8660254037844379305, 0.000000000000000000 ) ) ;
#2700 = CIRCLE ( 'NONE', #2125, 0.06889763779527557919 ) ;
#2701 = EDGE_CURVE ( 'NONE', #2050, #3080, #4272, .T. ) ;
#2702 = ADVANCED_FACE ( 'NONE', ( #4070 ), #1168, .T. ) ;
#2703 = CYLINDRICAL_SURFACE ( 'NONE', #4723, 0.09842519685039370636 ) ;
#2704 = ORIENTED_EDGE ( 'NONE', *, *, #246, .T. ) ;
#2705 = ORIENTED_EDGE ( 'NONE', *, *, #2784, .T. ) ;
#2706 = DIRECTION ( 'NONE',  ( 0.000000000000000000, 0.000000000000000000, 1.000000000000000000 ) ) ;
#2707 = VECTOR ( 'NONE', #4231, 39.37007874015747433 ) ;
#2708 = EDGE_LOOP ( 'NONE', ( #1406, #4284, #783, #1390 ) ) ;
#2709 = DIRECTION ( 'NONE',  ( 1.000000000000000000, 0.000000000000000000, 0.000000000000000000 ) ) ;
#2710 = CARTESIAN_POINT ( 'NONE',  ( 0.000000000000000000, 0.000000000000000000, 9.699212597874016240 ) ) ;
#2711 = VECTOR ( 'NONE', #1908, 39.37007874015748143 ) ;
#2712 = LINE ( 'NONE', #1856, #3213 ) ;
#2713 = ORIENTED_EDGE ( 'NONE', *, *, #1921, .F. ) ;
#2714 = FACE_BOUND ( 'NONE', #5779, .T. ) ;
#2715 = DIRECTION ( 'NONE',  ( 1.000000000000000000, 0.000000000000000000, -0.000000000000000000 ) ) ;
#2716 = AXIS2_PLACEMENT_3D ( 'NONE', #588, #2001, #2492 ) ;
#2717 = ORIENTED_EDGE ( 'NONE', *, *, #2024, .F. ) ;
#2718 = EDGE_CURVE ( 'NONE', #2737, #2987, #2028, .T. ) ;
#2719 = CARTESIAN_POINT ( 'NONE',  ( -0.06200787401574702623, -0.1074007882646061396, 1.933070866141732624 ) ) ;
#2720 = FACE_OUTER_BOUND ( 'NONE', #1723, .T. ) ;
#2721 = DIRECTION ( 'NONE',  ( -1.000000000000000000, 0.000000000000000000, 0.000000000000000000 ) ) ;
#2722 = CYLINDRICAL_SURFACE ( 'NONE', #5801, 0.09842519685039370636 ) ;
#2723 = ORIENTED_EDGE ( 'NONE', *, *, #169, .F. ) ;
#2724 = CYLINDRICAL_SURFACE ( 'NONE', #4888, 0.08842519685039371136 ) ;
#2725 = CARTESIAN_POINT ( 'NONE',  ( 0.06200787401574927443, -0.1074007882646048490, 0.2480314960629921295 ) ) ;
#2726 = DIRECTION ( 'NONE',  ( -1.000000000000000000, -3.441911658684135488E-15, 0.000000000000000000 ) ) ;
#2727 = DIRECTION ( 'NONE',  ( 1.000000000000000000, 0.000000000000000000, -0.000000000000000000 ) ) ;
#2728 = DIRECTION ( 'NONE',  ( -0.5000000000000012212, 0.8660254037844379305, 0.000000000000000000 ) ) ;
#2729 = ORIENTED_EDGE ( 'NONE', *, *, #415, .F. ) ;
#2730 = CARTESIAN_POINT ( 'NONE',  ( 0.000000000000000000, 0.000000000000000000, 11.82125984590551049 ) ) ;
#2731 = EDGE_CURVE ( 'NONE', #3048, #4777, #684, .T. ) ;
#2732 = CARTESIAN_POINT ( 'NONE',  ( -0.07342519685039371191, 0.000000000000000000, 11.95118110574803083 ) ) ;
#2733 = ORIENTED_EDGE ( 'NONE', *, *, #3689, .T. ) ;
#2734 = AXIS2_PLACEMENT_3D ( 'NONE', #3613, #3157, #2727 ) ;
#2735 = ORIENTED_EDGE ( 'NONE', *, *, #3400, .F. ) ;
#2736 = CARTESIAN_POINT ( 'NONE',  ( -0.06200787401574702623, -0.1074007882646061396, 0.2480314960629921295 ) ) ;
#2737 = VERTEX_POINT ( 'NONE', #354 ) ;
#2738 = CARTESIAN_POINT ( 'NONE',  ( 0.000000000000000000, 0.000000000000000000, 6.356692913385826316 ) ) ;
#2739 = AXIS2_PLACEMENT_3D ( 'NONE', #2793, #3675, #2183 ) ;
#2740 = EDGE_LOOP ( 'NONE', ( #5483, #5334, #3818, #4264 ) ) ;
#2741 = PLANE ( 'NONE',  #2175 ) ;
#2742 = DIRECTION ( 'NONE',  ( -0.000000000000000000, 0.000000000000000000, 1.000000000000000000 ) ) ;
#2743 = VECTOR ( 'NONE', #599, 39.37007874015748143 ) ;
#2744 = ORIENTED_EDGE ( 'NONE', *, *, #1845, .T. ) ;
#2745 = DIRECTION ( 'NONE',  ( -0.000000000000000000, -0.000000000000000000, -1.000000000000000000 ) ) ;
#2746 = CARTESIAN_POINT ( 'NONE',  ( 0.1956443936964334940, -0.3388660300982274665, 9.947244093937008813 ) ) ;
#2747 = ORIENTED_EDGE ( 'NONE', *, *, #695, .F. ) ;
#2748 = VECTOR ( 'NONE', #1668, 39.37007874015748143 ) ;
#2749 = ORIENTED_EDGE ( 'NONE', *, *, #4410, .F. ) ;
#2750 = CARTESIAN_POINT ( 'NONE',  ( 0.1311809662309435798, 0.000000000000000000, 2.744094488188976388 ) ) ;
#2751 = AXIS2_PLACEMENT_3D ( 'NONE', #3776, #918, #2789 ) ;
#2752 = DIRECTION ( 'NONE',  ( 1.000000000000000000, 0.000000000000000000, -0.000000000000000000 ) ) ;
#2753 = VECTOR ( 'NONE', #2363, 39.37007874015748143 ) ;
#2754 = DIRECTION ( 'NONE',  ( -0.000000000000000000, -0.000000000000000000, -1.000000000000000000 ) ) ;
#2755 = PLANE ( 'NONE',  #403 ) ;
#2756 = VECTOR ( 'NONE', #4208, 39.37007874015748143 ) ;
#2757 = EDGE_CURVE ( 'NONE', #4409, #185, #1959, .T. ) ;
#2758 = AXIS2_PLACEMENT_3D ( 'NONE', #2682, #3594, #1213 ) ;
#2759 = EDGE_LOOP ( 'NONE', ( #3520, #4516, #836, #1204 ) ) ;
#2760 = FACE_OUTER_BOUND ( 'NONE', #5650, .T. ) ;
#2761 = DIRECTION ( 'NONE',  ( -0.8660254037844379305, -0.5000000000000012212, 0.000000000000000000 ) ) ;
#2762 = CARTESIAN_POINT ( 'NONE',  ( 0.06200787401574927443, -0.1074007882646048490, 11.82125984590551049 ) ) ;
#2763 = CARTESIAN_POINT ( 'NONE',  ( 0.000000000000000000, 0.000000000000000000, 8.333070865590551435 ) ) ;
#2764 = CARTESIAN_POINT ( 'NONE',  ( -0.06200787401574851115, 0.1074007882646052930, 0.8740157480314961758 ) ) ;
#2765 = ORIENTED_EDGE ( 'NONE', *, *, #1832, .T. ) ;
#2766 = CARTESIAN_POINT ( 'NONE',  ( 0.000000000000000000, 0.000000000000000000, 3.366141732283464361 ) ) ;
#2767 = CARTESIAN_POINT ( 'NONE',  ( 0.1311809662309435798, -0.1270374181231365418, 4.551181102362203745 ) ) ;
#2768 = EDGE_LOOP ( 'NONE', ( #3028, #4518, #1068, #4783 ) ) ;
#2769 = ORIENTED_EDGE ( 'NONE', *, *, #2632, .T. ) ;
#2770 = DIRECTION ( 'NONE',  ( -0.000000000000000000, -0.000000000000000000, -1.000000000000000000 ) ) ;
#2771 = ORIENTED_EDGE ( 'NONE', *, *, #761, .T. ) ;
#2772 = VECTOR ( 'NONE', #5966, 39.37007874015748143 ) ;
#2773 = LINE ( 'NONE', #4710, #4744 ) ;
#2774 = ORIENTED_EDGE ( 'NONE', *, *, #5153, .F. ) ;
#2775 = DIRECTION ( 'NONE',  ( 1.000000000000000000, 0.000000000000000000, 0.000000000000000000 ) ) ;
#2776 = EDGE_CURVE ( 'NONE', #5641, #5297, #2196, .T. ) ;
#2777 = CARTESIAN_POINT ( 'NONE',  ( 0.1240157480314960647, 0.000000000000000000, 0.8740157480314961758 ) ) ;
#2778 = VERTEX_POINT ( 'NONE', #2552 ) ;
#2779 = CARTESIAN_POINT ( 'NONE',  ( -0.06200787401574851115, 0.1074007882646052930, 4.051181102362204633 ) ) ;
#2780 = DIRECTION ( 'NONE',  ( -0.000000000000000000, -0.000000000000000000, -1.000000000000000000 ) ) ;
#2781 = ORIENTED_EDGE ( 'NONE', *, *, #1599, .T. ) ;
#2782 = EDGE_CURVE ( 'NONE', #2095, #5830, #700, .T. ) ;
#2783 = ADVANCED_FACE ( 'NONE', ( #2990 ), #3600, .T. ) ;
#2784 = EDGE_CURVE ( 'NONE', #5790, #1093, #3439, .T. ) ;
#2785 = EDGE_LOOP ( 'NONE', ( #3784, #2618, #2642, #1638, #1290, #3939 ) ) ;
#2786 = CARTESIAN_POINT ( 'NONE',  ( -0.06889763779527557919, 0.000000000000000000, 5.423622047244094801 ) ) ;
#2787 = CYLINDRICAL_SURFACE ( 'NONE', #1637, 0.09842519685039370636 ) ;
#2788 = DIRECTION ( 'NONE',  ( -0.000000000000000000, -0.000000000000000000, -1.000000000000000000 ) ) ;
#2789 = DIRECTION ( 'NONE',  ( 0.5000000000000012212, -0.8660254037844379305, 0.000000000000000000 ) ) ;
#2790 = ORIENTED_EDGE ( 'NONE', *, *, #3853, .T. ) ;
#2791 = LINE ( 'NONE', #4994, #2320 ) ;
#2792 = EDGE_CURVE ( 'NONE', #4901, #3908, #5318, .T. ) ;
#2793 = CARTESIAN_POINT ( 'NONE',  ( 0.000000000000000000, 0.000000000000000000, 1.433070866141732402 ) ) ;
#2794 = LINE ( 'NONE', #5978, #536 ) ;
#2795 = CARTESIAN_POINT ( 'NONE',  ( 0.000000000000000000, 0.000000000000000000, 1.433070866141732402 ) ) ;
#2796 = CARTESIAN_POINT ( 'NONE',  ( -0.06200787401574702623, -0.1074007882646061396, 0.8740157480314961758 ) ) ;
#2797 = ORIENTED_EDGE ( 'NONE', *, *, #2500, .T. ) ;
#2798 = CARTESIAN_POINT ( 'NONE',  ( 0.1240157480314960647, 0.000000000000000000, 0.8740157480314961758 ) ) ;
#2799 = CARTESIAN_POINT ( 'NONE',  ( 0.000000000000000000, 0.000000000000000000, 11.31732283803149386 ) ) ;
#2800 = ORIENTED_EDGE ( 'NONE', *, *, #5963, .T. ) ;
#2801 = VERTEX_POINT ( 'NONE', #5838 ) ;
#2802 = FACE_OUTER_BOUND ( 'NONE', #2927, .T. ) ;
#2803 = EDGE_CURVE ( 'NONE', #5262, #2050, #4363, .T. ) ;
#2804 = ORIENTED_EDGE ( 'NONE', *, *, #4468, .T. ) ;
#2805 = CARTESIAN_POINT ( 'NONE',  ( 0.000000000000000000, 0.000000000000000000, 0.8740157480314961758 ) ) ;
#2806 = FACE_BOUND ( 'NONE', #4605, .T. ) ;
#2807 = PLANE ( 'NONE',  #5464 ) ;
#2808 = ORIENTED_EDGE ( 'NONE', *, *, #3110, .T. ) ;
#2809 = CARTESIAN_POINT ( 'NONE',  ( -0.1240157480314960370, -8.659973399492811311E-16, 6.856692913385827204 ) ) ;
#2810 = CARTESIAN_POINT ( 'NONE',  ( 0.06200787401574927443, -0.1074007882646048490, 11.19133858606299015 ) ) ;
#2811 = ORIENTED_EDGE ( 'NONE', *, *, #5123, .F. ) ;
#2812 = EDGE_LOOP ( 'NONE', ( #5904, #2540 ) ) ;
#2813 = CARTESIAN_POINT ( 'NONE',  ( 0.000000000000000000, 0.000000000000000000, 11.19133858606299015 ) ) ;
#2814 = CARTESIAN_POINT ( 'NONE',  ( -0.06200787401574851115, 0.1074007882646052930, 4.299212598425196319 ) ) ;
#2815 = EDGE_CURVE ( 'NONE', #1555, #1983, #4555, .T. ) ;
#2816 = DIRECTION ( 'NONE',  ( -0.000000000000000000, 1.000000000000000000, -0.000000000000000000 ) ) ;
#2817 = CARTESIAN_POINT ( 'NONE',  ( 0.2649999999999999578, 3.245314017740484976E-17, 7.277952755354331060 ) ) ;
#2818 = ORIENTED_EDGE ( 'NONE', *, *, #5324, .F. ) ;
#2819 = DIRECTION ( 'NONE',  ( 3.441911658684136277E-15, -1.000000000000000000, 0.000000000000000000 ) ) ;
#2820 = CARTESIAN_POINT ( 'NONE',  ( 0.000000000000000000, 0.000000000000000000, 11.95118110574803083 ) ) ;
#2821 = DIRECTION ( 'NONE',  ( 0.000000000000000000, 0.000000000000000000, 1.000000000000000000 ) ) ;
#2822 = CARTESIAN_POINT ( 'NONE',  ( 0.000000000000000000, 0.000000000000000000, 4.051181102362204633 ) ) ;
#2823 = DIRECTION ( 'NONE',  ( 0.000000000000000000, 0.000000000000000000, 1.000000000000000000 ) ) ;
#2824 = EDGE_LOOP ( 'NONE', ( #3143, #5432, #4249, #1042, #2729, #3731 ) ) ;
#2825 = CARTESIAN_POINT ( 'NONE',  ( 0.06200787401574927443, -0.1074007882646048490, 11.19133858606299015 ) ) ;
#2826 = CIRCLE ( 'NONE', #4798, 0.07342519685039371191 ) ;
#2827 = DIRECTION ( 'NONE',  ( -0.4999999999999948375, -0.8660254037844417052, 0.000000000000000000 ) ) ;
#2828 = ADVANCED_FACE ( 'NONE', ( #162 ), #1113, .F. ) ;
#2829 = ORIENTED_EDGE ( 'NONE', *, *, #1706, .T. ) ;
#2830 = ORIENTED_EDGE ( 'NONE', *, *, #2757, .T. ) ;
#2831 = PLANE ( 'NONE',  #2457 ) ;
#2832 = ORIENTED_EDGE ( 'NONE', *, *, #5309, .F. ) ;
#2833 = CARTESIAN_POINT ( 'NONE',  ( -0.06200787401574702623, -0.1074007882646061396, 6.608661417322835518 ) ) ;
#2834 = CARTESIAN_POINT ( 'NONE',  ( -0.1240157480314960370, -8.659973399492811311E-16, 12.08110236559055117 ) ) ;
#2835 = CIRCLE ( 'NONE', #4012, 0.2649999999999999578 ) ;
#2836 = CARTESIAN_POINT ( 'NONE',  ( -0.1975259527674288196, 0.09706232460905329928, 10.81732283803149564 ) ) ;
#2837 = EDGE_LOOP ( 'NONE', ( #4906, #2465, #407, #624 ) ) ;
#2838 = CARTESIAN_POINT ( 'NONE',  ( 0.000000000000000000, 0.000000000000000000, 3.740157480314960203 ) ) ;
#2839 = FACE_OUTER_BOUND ( 'NONE', #2111, .T. ) ;
#2840 = AXIS2_PLACEMENT_3D ( 'NONE', #5989, #3194, #1849 ) ;
#2841 = ORIENTED_EDGE ( 'NONE', *, *, #2718, .T. ) ;
#2842 = VECTOR ( 'NONE', #491, 39.37007874015748854 ) ;
#2843 = EDGE_CURVE ( 'NONE', #3541, #515, #656, .T. ) ;
#2844 = EDGE_CURVE ( 'NONE', #4623, #313, #4917, .T. ) ;
#2845 = LINE ( 'NONE', #522, #5854 ) ;
#2846 = CARTESIAN_POINT ( 'NONE',  ( 0.09842519685039370636, 1.205361022782828035E-17, 0.3740157480314960647 ) ) ;
#2847 = DIRECTION ( 'NONE',  ( -0.000000000000000000, -0.000000000000000000, -1.000000000000000000 ) ) ;
#2848 = VECTOR ( 'NONE', #3288, 39.37007874015748143 ) ;
#2849 = PLANE ( 'NONE',  #506 ) ;
#2850 = ADVANCED_FACE ( 'NONE', ( #5469, #5807 ), #3140, .F. ) ;
#2851 = CIRCLE ( 'NONE', #5314, 0.09842519685039370636 ) ;
#2852 = ORIENTED_EDGE ( 'NONE', *, *, #3053, .F. ) ;
#2853 = VECTOR ( 'NONE', #3507, 39.37007874015747433 ) ;
#2854 = CARTESIAN_POINT ( 'NONE',  ( 0.000000000000000000, 0.000000000000000000, 7.462992125433071777 ) ) ;
#2855 = PLANE ( 'NONE',  #387 ) ;
#2856 = CARTESIAN_POINT ( 'NONE',  ( 0.000000000000000000, 0.000000000000000000, 0.5000000000000000000 ) ) ;
#2857 = DIRECTION ( 'NONE',  ( -1.000000000000000000, 0.000000000000000000, 0.000000000000000000 ) ) ;
#2858 = LINE ( 'NONE', #99, #509 ) ;
#2859 = CIRCLE ( 'NONE', #310, 0.06889763779527557919 ) ;
#2860 = DIRECTION ( 'NONE',  ( -0.000000000000000000, -0.000000000000000000, -1.000000000000000000 ) ) ;
#2861 = AXIS2_PLACEMENT_3D ( 'NONE', #127, #3658, #3134 ) ;
#2862 = AXIS2_PLACEMENT_3D ( 'NONE', #295, #2195, #4983 ) ;
#2863 = EDGE_CURVE ( 'NONE', #682, #5007, #2687, .T. ) ;
#2864 = ADVANCED_FACE ( 'NONE', ( #1761, #5506 ), #5538, .F. ) ;
#2865 = ORIENTED_EDGE ( 'NONE', *, *, #942, .T. ) ;
#2866 = EDGE_LOOP ( 'NONE', ( #2558, #1621 ) ) ;
#2867 = CARTESIAN_POINT ( 'NONE',  ( -0.2649999999999999578, 0.000000000000000000, 7.462992125433071777 ) ) ;
#2868 = EDGE_LOOP ( 'NONE', ( #4546, #2007 ) ) ;
#2869 = LINE ( 'NONE', #1947, #3528 ) ;
#2870 = EDGE_CURVE ( 'NONE', #6015, #1884, #29, .T. ) ;
#2871 = ORIENTED_EDGE ( 'NONE', *, *, #3177, .F. ) ;
#2872 = CARTESIAN_POINT ( 'NONE',  ( 0.09842519685039370636, 1.205361022782828035E-17, 2.618110236220472675 ) ) ;
#2873 = EDGE_CURVE ( 'NONE', #4692, #5987, #1859, .T. ) ;
#2874 = LINE ( 'NONE', #4348, #5574 ) ;
#2875 = VECTOR ( 'NONE', #2780, 39.37007874015748143 ) ;
#2876 = ORIENTED_EDGE ( 'NONE', *, *, #4737, .T. ) ;
#2877 = DIRECTION ( 'NONE',  ( 1.000000000000000000, 0.000000000000000000, 0.000000000000000000 ) ) ;
#2878 = DIRECTION ( 'NONE',  ( 0.4999999999999950595, 0.8660254037844414832, 0.000000000000000000 ) ) ;
#2879 = EDGE_CURVE ( 'NONE', #4874, #3314, #3695, .T. ) ;
#2880 = ORIENTED_EDGE ( 'NONE', *, *, #1697, .T. ) ;
#2881 = AXIS2_PLACEMENT_3D ( 'NONE', #5179, #1034, #53 ) ;
#2882 = CARTESIAN_POINT ( 'NONE',  ( -0.1240157480314960370, -8.659973399492811311E-16, 0.2480314960629921295 ) ) ;
#2883 = VECTOR ( 'NONE', #1742, 39.37007874015748143 ) ;
#2884 = CARTESIAN_POINT ( 'NONE',  ( -0.06200787401574851115, 0.1074007882646052930, 0.2480314960629921295 ) ) ;
#2885 = LINE ( 'NONE', #62, #1685 ) ;
#2886 = LINE ( 'NONE', #4821, #5983 ) ;
#2887 = EDGE_LOOP ( 'NONE', ( #2036, #3126, #1575, #2841 ) ) ;
#2888 = CARTESIAN_POINT ( 'NONE',  ( 0.000000000000000000, 0.000000000000000000, 1.433070866141732402 ) ) ;
#2889 = FACE_OUTER_BOUND ( 'NONE', #1355, .T. ) ;
#2890 = DIRECTION ( 'NONE',  ( 0.000000000000000000, 0.000000000000000000, 1.000000000000000000 ) ) ;
#2891 = FACE_OUTER_BOUND ( 'NONE', #1913, .T. ) ;
#2892 = PLANE ( 'NONE',  #3547 ) ;
#2893 = CARTESIAN_POINT ( 'NONE',  ( 0.000000000000000000, 0.000000000000000000, 10.94330708999999935 ) ) ;
#2894 = DIRECTION ( 'NONE',  ( 1.000000000000000000, 0.000000000000000000, 0.000000000000000000 ) ) ;
#2895 = ORIENTED_EDGE ( 'NONE', *, *, #5933, .T. ) ;
#2896 = ORIENTED_EDGE ( 'NONE', *, *, #2147, .T. ) ;
#2897 = PLANE ( 'NONE',  #5886 ) ;
#2898 = EDGE_LOOP ( 'NONE', ( #1544, #2852 ) ) ;
#2899 = CARTESIAN_POINT ( 'NONE',  ( 0.09842519685039370636, 1.205361022782828035E-17, 0.3740157480314960647 ) ) ;
#2900 = ORIENTED_EDGE ( 'NONE', *, *, #4322, .F. ) ;
#2901 = EDGE_CURVE ( 'NONE', #5536, #4772, #384, .T. ) ;
#2902 = PLANE ( 'NONE',  #521 ) ;
#2903 = CARTESIAN_POINT ( 'NONE',  ( 0.1975259527674288196, -0.09706232460905327153, 10.81732283803149564 ) ) ;
#2904 = EDGE_LOOP ( 'NONE', ( #4904, #3300, #488, #5289, #1733 ) ) ;
#2905 = PLANE ( 'NONE',  #1612 ) ;
#2906 = FACE_OUTER_BOUND ( 'NONE', #2106, .T. ) ;
#2907 = ORIENTED_EDGE ( 'NONE', *, *, #4867, .T. ) ;
#2908 = DIRECTION ( 'NONE',  ( 0.000000000000000000, 0.000000000000000000, 1.000000000000000000 ) ) ;
#2909 = VECTOR ( 'NONE', #3176, 39.37007874015748143 ) ;
#2910 = CARTESIAN_POINT ( 'NONE',  ( -0.1240157480314960370, -8.659973399492811311E-16, 11.19133858606299015 ) ) ;
#2911 = CYLINDRICAL_SURFACE ( 'NONE', #3141, 0.08842519685039371136 ) ;
#2912 = CARTESIAN_POINT ( 'NONE',  ( -0.1240157480314960370, -8.659973399492811311E-16, 3.740157480314960203 ) ) ;
#2913 = EDGE_CURVE ( 'NONE', #5528, #2639, #1996, .T. ) ;
#2914 = CIRCLE ( 'NONE', #362, 0.08842519685039371136 ) ;
#2915 = ORIENTED_EDGE ( 'NONE', *, *, #4780, .T. ) ;
#2916 = CYLINDRICAL_SURFACE ( 'NONE', #5765, 0.2649999999999999578 ) ;
#2917 = CARTESIAN_POINT ( 'NONE',  ( -0.06200787401574702623, -0.1074007882646061396, 2.492125984251968962 ) ) ;
#2918 = DIRECTION ( 'NONE',  ( 0.000000000000000000, 0.000000000000000000, 1.000000000000000000 ) ) ;
#2919 = DIRECTION ( 'NONE',  ( 1.000000000000000000, 0.000000000000000000, 0.000000000000000000 ) ) ;
#2920 = CARTESIAN_POINT ( 'NONE',  ( -0.06200787401574702623, -0.1074007882646061396, 0.8740157480314961758 ) ) ;
#2921 = VECTOR ( 'NONE', #453, 39.37007874015748143 ) ;
#2922 = CARTESIAN_POINT ( 'NONE',  ( -0.6903573141958433412, 0.1881668906484388615, 10.56929133803149767 ) ) ;
#2923 = VERTEX_POINT ( 'NONE', #5571 ) ;
#2924 = EDGE_CURVE ( 'NONE', #5388, #4885, #5643, .T. ) ;
#2925 = ORIENTED_EDGE ( 'NONE', *, *, #1892, .F. ) ;
#2926 = CARTESIAN_POINT ( 'NONE',  ( -0.06200787401574851115, 0.1074007882646052930, 3.740157480314960203 ) ) ;
#2927 = EDGE_LOOP ( 'NONE', ( #2505, #2317, #444, #3897 ) ) ;
#2928 = LINE ( 'NONE', #2011, #2243 ) ;
#2929 = EDGE_CURVE ( 'NONE', #5297, #2038, #3727, .T. ) ;
#2930 = EDGE_LOOP ( 'NONE', ( #4154, #2698, #3023, #1253, #5896, #2781 ) ) ;
#2931 = CARTESIAN_POINT ( 'NONE',  ( -0.06200787401574851115, 0.1074007882646052930, 6.856692913385827204 ) ) ;
#2932 = CARTESIAN_POINT ( 'NONE',  ( 0.06200787401574927443, -0.1074007882646048490, 0.000000000000000000 ) ) ;
#2933 = ORIENTED_EDGE ( 'NONE', *, *, #5874, .T. ) ;
#2934 = VERTEX_POINT ( 'NONE', #1432 ) ;
#2935 = LINE ( 'NONE', #800, #5733 ) ;
#2936 = CARTESIAN_POINT ( 'NONE',  ( 0.000000000000000000, 0.000000000000000000, 9.699212597874016240 ) ) ;
#2937 = ORIENTED_EDGE ( 'NONE', *, *, #2528, .T. ) ;
#2938 = PRESENTATION_LAYER_ASSIGNMENT (  '', '', ( #1561 ) ) ;
#2939 = ADVANCED_FACE ( 'NONE', ( #3302 ), #449, .T. ) ;
#2940 = ADVANCED_FACE ( 'NONE', ( #940 ), #1366, .T. ) ;
#2941 = AXIS2_PLACEMENT_3D ( 'NONE', #628, #98, #591 ) ;
#2942 = LINE ( 'NONE', #3370, #269 ) ;
#2943 = CARTESIAN_POINT ( 'NONE',  ( 0.000000000000000000, 0.000000000000000000, 0.3740157480314960647 ) ) ;
#2944 = EDGE_CURVE ( 'NONE', #5991, #1430, #419, .T. ) ;
#2945 = VECTOR ( 'NONE', #3215, 39.37007874015748143 ) ;
#2946 = LINE ( 'NONE', #5275, #3632 ) ;
#2947 = CARTESIAN_POINT ( 'NONE',  ( 0.000000000000000000, 0.000000000000000000, 4.425196850393700032 ) ) ;
#2948 = EDGE_CURVE ( 'NONE', #1864, #102, #3796, .T. ) ;
#2949 = VERTEX_POINT ( 'NONE', #5998 ) ;
#2950 = CIRCLE ( 'NONE', #5592, 0.07342519685039371191 ) ;
#2951 = FACE_OUTER_BOUND ( 'NONE', #5189, .T. ) ;
#2952 = CARTESIAN_POINT ( 'NONE',  ( 0.06200787401574927443, -0.1074007882646048490, 11.69133858606299015 ) ) ;
#2953 = CARTESIAN_POINT ( 'NONE',  ( 0.1311809662309435798, -0.1270374181231365418, 5.297637795275590200 ) ) ;
#2954 = DIRECTION ( 'NONE',  ( -1.000000000000000000, 0.000000000000000000, 0.000000000000000000 ) ) ;
#2955 = LINE ( 'NONE', #5254, #121 ) ;
#2956 = EDGE_CURVE ( 'NONE', #5452, #3056, #1294, .T. ) ;
#2957 = DIRECTION ( 'NONE',  ( 1.000000000000000000, 1.046341144239976841E-14, 0.000000000000000000 ) ) ;
#2958 = LINE ( 'NONE', #2433, #5496 ) ;
#2959 = VECTOR ( 'NONE', #1384, 39.37007874015748854 ) ;
#2960 = EDGE_LOOP ( 'NONE', ( #1088, #4933 ) ) ;
#2961 = ORIENTED_EDGE ( 'NONE', *, *, #431, .F. ) ;
#2962 = CARTESIAN_POINT ( 'NONE',  ( 0.06200787401574927443, -0.1074007882646048490, 6.608661417322835518 ) ) ;
#2963 = ORIENTED_EDGE ( 'NONE', *, *, #4848, .F. ) ;
#2964 = AXIS2_PLACEMENT_3D ( 'NONE', #3903, #5777, #1690 ) ;
#2965 = DIRECTION ( 'NONE',  ( -1.000000000000000000, 0.000000000000000000, 0.000000000000000000 ) ) ;
#2966 = VECTOR ( 'NONE', #4204, 39.37007874015748143 ) ;
#2967 = ORIENTED_EDGE ( 'NONE', *, *, #508, .T. ) ;
#2968 = PLANE ( 'NONE',  #1269 ) ;
#2969 = VECTOR ( 'NONE', #1596, 39.37007874015748143 ) ;
#2970 = VECTOR ( 'NONE', #4149, 39.37007874015748143 ) ;
#2971 = DIRECTION ( 'NONE',  ( 0.000000000000000000, -1.000000000000000000, 0.000000000000000000 ) ) ;
#2972 = VECTOR ( 'NONE', #3104, 39.37007874015748143 ) ;
#2973 = ORIENTED_EDGE ( 'NONE', *, *, #5679, .T. ) ;
#2974 = ORIENTED_EDGE ( 'NONE', *, *, #2776, .F. ) ;
#2975 = CARTESIAN_POINT ( 'NONE',  ( 0.09842519685039370636, 1.205361022782828035E-17, 0.6259842519685040463 ) ) ;
#2976 = PLANE ( 'NONE',  #4049 ) ;
#2977 = VERTEX_POINT ( 'NONE', #1796 ) ;
#2978 = CIRCLE ( 'NONE', #810, 0.09842519685039370636 ) ;
#2979 = CYLINDRICAL_SURFACE ( 'NONE', #3989, 0.3200000000000000067 ) ;
#2980 = CARTESIAN_POINT ( 'NONE',  ( -0.1311809662309435798, -0.1270374181231365418, 4.575984251968503891 ) ) ;
#2981 = CONICAL_SURFACE ( 'NONE', #1900, 0.09842519685039370636, 0.5989978851846331498 ) ;
#2982 = CARTESIAN_POINT ( 'NONE',  ( -0.06200787401574851115, 0.1074007882646052930, 2.492125984251968962 ) ) ;
#2983 = ADVANCED_FACE ( 'NONE', ( #2839 ), #4717, .T. ) ;
#2984 = EDGE_CURVE ( 'NONE', #568, #879, #913, .T. ) ;
#2985 = EDGE_CURVE ( 'NONE', #3769, #3158, #55, .T. ) ;
#2986 = DIRECTION ( 'NONE',  ( 1.000000000000000000, 0.000000000000000000, 0.000000000000000000 ) ) ;
#2987 = VERTEX_POINT ( 'NONE', #845 ) ;
#2988 = VECTOR ( 'NONE', #226, 39.37007874015748143 ) ;
#2989 = DIRECTION ( 'NONE',  ( -0.000000000000000000, -0.000000000000000000, -1.000000000000000000 ) ) ;
#2990 = FACE_OUTER_BOUND ( 'NONE', #863, .T. ) ;
#2991 = FACE_OUTER_BOUND ( 'NONE', #1101, .T. ) ;
#2992 = CARTESIAN_POINT ( 'NONE',  ( 0.000000000000000000, 0.000000000000000000, 3.492125984251968074 ) ) ;
#2993 = DIRECTION ( 'NONE',  ( 0.5000000000000071054, -0.8660254037844345998, 0.000000000000000000 ) ) ;
#2994 = CARTESIAN_POINT ( 'NONE',  ( -0.06280470657979313198, 0.3137763038080251254, 10.56929133803149590 ) ) ;
#2995 = EDGE_LOOP ( 'NONE', ( #118, #1626 ) ) ;
#2996 = FACE_BOUND ( 'NONE', #3741, .T. ) ;
#2997 = DIRECTION ( 'NONE',  ( -0.000000000000000000, -0.000000000000000000, -1.000000000000000000 ) ) ;
#2998 = ORIENTED_EDGE ( 'NONE', *, *, #1434, .T. ) ;
#2999 = DIRECTION ( 'NONE',  ( -0.5000000000000012212, 0.8660254037844379305, 0.000000000000000000 ) ) ;
#3000 = EDGE_LOOP ( 'NONE', ( #3552, #3376 ) ) ;
#3001 = DIRECTION ( 'NONE',  ( -0.000000000000000000, -0.000000000000000000, -1.000000000000000000 ) ) ;
#3002 = EDGE_LOOP ( 'NONE', ( #3470, #275 ) ) ;
#3003 = EDGE_CURVE ( 'NONE', #374, #2737, #3238, .T. ) ;
#3004 = ORIENTED_EDGE ( 'NONE', *, *, #377, .T. ) ;
#3005 = ORIENTED_EDGE ( 'NONE', *, *, #4269, .F. ) ;
#3006 = CARTESIAN_POINT ( 'NONE',  ( -0.06200787401574851115, 0.1074007882646052930, 11.69133858606299015 ) ) ;
#3007 = LINE ( 'NONE', #4380, #3956 ) ;
#3008 = ORIENTED_EDGE ( 'NONE', *, *, #2284, .T. ) ;
#3009 = ORIENTED_EDGE ( 'NONE', *, *, #2495, .F. ) ;
#3010 = CARTESIAN_POINT ( 'NONE',  ( 0.1240157480314960647, 0.000000000000000000, 10.94330708999999935 ) ) ;
#3011 = EDGE_CURVE ( 'NONE', #1864, #2334, #2379, .T. ) ;
#3012 = FACE_OUTER_BOUND ( 'NONE', #5114, .T. ) ;
#3013 = ORIENTED_EDGE ( 'NONE', *, *, #3958, .F. ) ;
#3014 = VECTOR ( 'NONE', #5245, 39.37007874015748143 ) ;
#3015 = EDGE_CURVE ( 'NONE', #3622, #4879, #2181, .T. ) ;
#3016 = DIRECTION ( 'NONE',  ( -0.000000000000000000, -0.000000000000000000, -1.000000000000000000 ) ) ;
#3017 = DIRECTION ( 'NONE',  ( -0.4999999999999950595, -0.8660254037844414832, 0.000000000000000000 ) ) ;
#3018 = CARTESIAN_POINT ( 'NONE',  ( -0.08842519685039371136, 0.000000000000000000, 11.31732283803149386 ) ) ;
#3019 = DIRECTION ( 'NONE',  ( 0.5000000000000071054, -0.8660254037844345998, 0.000000000000000000 ) ) ;
#3020 = LINE ( 'NONE', #3412, #1485 ) ;
#3021 = VERTEX_POINT ( 'NONE', #5301 ) ;
#3022 = CARTESIAN_POINT ( 'NONE',  ( -0.2649999999999999578, 0.000000000000000000, 9.699212597874016240 ) ) ;
#3023 = ORIENTED_EDGE ( 'NONE', *, *, #4305, .T. ) ;
#3024 = AXIS2_PLACEMENT_3D ( 'NONE', #3282, #2819, #3806 ) ;
#3025 = DIRECTION ( 'NONE',  ( -1.000000000000000000, 0.000000000000000000, 0.000000000000000000 ) ) ;
#3026 = ORIENTED_EDGE ( 'NONE', *, *, #4958, .T. ) ;
#3027 = FACE_OUTER_BOUND ( 'NONE', #5748, .T. ) ;
#3028 = ORIENTED_EDGE ( 'NONE', *, *, #4877, .F. ) ;
#3029 = EDGE_LOOP ( 'NONE', ( #4068, #4345, #2319, #1836 ) ) ;
#3030 = ORIENTED_EDGE ( 'NONE', *, *, #5690, .T. ) ;
#3031 = CARTESIAN_POINT ( 'NONE',  ( 0.4230224295639704035, 0.000000000000000000, 9.325196849842519953 ) ) ;
#3032 = DIRECTION ( 'NONE',  ( 0.000000000000000000, 0.000000000000000000, 1.000000000000000000 ) ) ;
#3033 = AXIS2_PLACEMENT_3D ( 'NONE', #416, #2742, #4095 ) ;
#3034 = ORIENTED_EDGE ( 'NONE', *, *, #4388, .T. ) ;
#3035 = CARTESIAN_POINT ( 'NONE',  ( 0.000000000000000000, 0.000000000000000000, 9.947244093937008813 ) ) ;
#3036 = AXIS2_PLACEMENT_3D ( 'NONE', #2506, #5291, #2965 ) ;
#3037 = ORIENTED_EDGE ( 'NONE', *, *, #4577, .F. ) ;
#3038 = DIRECTION ( 'NONE',  ( -0.4999999999999948375, -0.8660254037844417052, 0.000000000000000000 ) ) ;
#3039 = DIRECTION ( 'NONE',  ( 1.000000000000000000, 0.000000000000000000, 0.000000000000000000 ) ) ;
#3040 = VECTOR ( 'NONE', #2559, 39.37007874015748143 ) ;
#3041 = DIRECTION ( 'NONE',  ( -0.5000000000000012212, 0.8660254037844379305, 0.000000000000000000 ) ) ;
#3042 = CARTESIAN_POINT ( 'NONE',  ( -0.6143265327702777112, 0.5152529012642550477, 9.325196849842519953 ) ) ;
#3043 = EDGE_CURVE ( 'NONE', #1965, #3719, #646, .T. ) ;
#3044 = DIRECTION ( 'NONE',  ( 1.000000000000000000, 0.000000000000000000, 0.000000000000000000 ) ) ;
#3045 = AXIS2_PLACEMENT_3D ( 'NONE', #967, #4972, #4926 ) ;
#3046 = ORIENTED_EDGE ( 'NONE', *, *, #1154, .F. ) ;
#3047 = FACE_OUTER_BOUND ( 'NONE', #5414, .T. ) ;
#3048 = VERTEX_POINT ( 'NONE', #5794 ) ;
#3049 = DIRECTION ( 'NONE',  ( 0.000000000000000000, 0.000000000000000000, 1.000000000000000000 ) ) ;
#3050 = VERTEX_POINT ( 'NONE', #3954 ) ;
#3051 = DIRECTION ( 'NONE',  ( -0.000000000000000000, -0.000000000000000000, -1.000000000000000000 ) ) ;
#3052 = VECTOR ( 'NONE', #3616, 39.37007874015747433 ) ;
#3053 = EDGE_CURVE ( 'NONE', #1332, #1678, #5129, .T. ) ;
#3054 = EDGE_CURVE ( 'NONE', #2409, #1093, #3007, .T. ) ;
#3055 = ADVANCED_FACE ( 'NONE', ( #3918 ), #2085, .F. ) ;
#3056 = VERTEX_POINT ( 'NONE', #5270 ) ;
#3057 = AXIS2_PLACEMENT_3D ( 'NONE', #303, #2659, #3151 ) ;
#3058 = EDGE_LOOP ( 'NONE', ( #998, #5988 ) ) ;
#3059 = AXIS2_PLACEMENT_3D ( 'NONE', #4534, #333, #228 ) ;
#3060 = ORIENTED_EDGE ( 'NONE', *, *, #3595, .T. ) ;
#3061 = PLANE ( 'NONE',  #4843 ) ;
#3062 = AXIS2_PLACEMENT_3D ( 'NONE', #4855, #4788, #5310 ) ;
#3063 = EDGE_CURVE ( 'NONE', #4632, #3158, #3426, .T. ) ;
#3064 = ORIENTED_EDGE ( 'NONE', *, *, #2901, .T. ) ;
#3065 = LINE ( 'NONE', #678, #2969 ) ;
#3066 = EDGE_LOOP ( 'NONE', ( #2061, #4834, #1202, #289, #5268, #1370 ) ) ;
#3067 = LINE ( 'NONE', #2144, #4815 ) ;
#3068 = VECTOR ( 'NONE', #4190, 39.37007874015748143 ) ;
#3069 = DIRECTION ( 'NONE',  ( -0.8660254037844379305, -0.5000000000000012212, 0.000000000000000000 ) ) ;
#3070 = CARTESIAN_POINT ( 'NONE',  ( 0.3196850393700786941, 3.915012601998624920E-17, 8.207086613622047722 ) ) ;
#3071 = CARTESIAN_POINT ( 'NONE',  ( 0.1956443936964287755, 0.3388660300982301310, 10.44330708606299396 ) ) ;
#3072 = ORIENTED_EDGE ( 'NONE', *, *, #826, .T. ) ;
#3073 = CARTESIAN_POINT ( 'NONE',  ( -0.1311809662309435798, 0.1270374181231365418, 5.297637795275590200 ) ) ;
#3074 = ORIENTED_EDGE ( 'NONE', *, *, #3297, .F. ) ;
#3075 = CARTESIAN_POINT ( 'NONE',  ( -0.3412599786509462052, 0.1485531330579657749, 2.744094488188976388 ) ) ;
#3076 = ORIENTED_EDGE ( 'NONE', *, *, #2530, .F. ) ;
#3077 = LINE ( 'NONE', #341, #396 ) ;
#3078 = ORIENTED_EDGE ( 'NONE', *, *, #5416, .F. ) ;
#3079 = VERTEX_POINT ( 'NONE', #5339 ) ;
#3080 = VERTEX_POINT ( 'NONE', #3336 ) ;
#3081 = EDGE_CURVE ( 'NONE', #4791, #4543, #2487, .T. ) ;
#3082 = CARTESIAN_POINT ( 'NONE',  ( 0.000000000000000000, 0.000000000000000000, 10.94330708999999935 ) ) ;
#3083 = CARTESIAN_POINT ( 'NONE',  ( -0.06200787401574702623, -0.1074007882646061396, 1.685039370078740495 ) ) ;
#3084 = ORIENTED_EDGE ( 'NONE', *, *, #1154, .T. ) ;
#3085 = DIRECTION ( 'NONE',  ( 1.000000000000000000, 0.000000000000000000, 0.000000000000000000 ) ) ;
#3086 = VERTEX_POINT ( 'NONE', #182 ) ;
#3087 = CYLINDRICAL_SURFACE ( 'NONE', #108, 0.09842519685039370636 ) ;
#3088 = PLANE ( 'NONE',  #4785 ) ;
#3089 = DIRECTION ( 'NONE',  ( -1.000000000000000000, 0.000000000000000000, 0.000000000000000000 ) ) ;
#3090 = DIRECTION ( 'NONE',  ( -1.000000000000000000, 0.000000000000000000, 0.000000000000000000 ) ) ;
#3091 = VERTEX_POINT ( 'NONE', #4413 ) ;
#3092 = LINE ( 'NONE', #770, #1085 ) ;
#3093 = DIRECTION ( 'NONE',  ( 1.000000000000000000, 0.000000000000000000, 0.000000000000000000 ) ) ;
#3094 = AXIS2_PLACEMENT_3D ( 'NONE', #358, #2229, #1767 ) ;
#3095 = ORIENTED_EDGE ( 'NONE', *, *, #3570, .F. ) ;
#3096 = LINE ( 'NONE', #314, #1677 ) ;
#3097 = EDGE_CURVE ( 'NONE', #3291, #566, #3365, .T. ) ;
#3098 = ORIENTED_EDGE ( 'NONE', *, *, #681, .F. ) ;
#3099 = AXIS2_PLACEMENT_3D ( 'NONE', #2980, #187, #4854 ) ;
#3100 = EDGE_CURVE ( 'NONE', #1965, #3846, #1006, .T. ) ;
#3101 = ORIENTED_EDGE ( 'NONE', *, *, #772, .T. ) ;
#3102 = ORIENTED_EDGE ( 'NONE', *, *, #1052, .T. ) ;
#3103 = DIRECTION ( 'NONE',  ( -1.000000000000000000, -1.046341144239976999E-14, 0.000000000000000000 ) ) ;
#3104 = DIRECTION ( 'NONE',  ( -0.000000000000000000, -0.000000000000000000, -1.000000000000000000 ) ) ;
#3105 = EDGE_CURVE ( 'NONE', #1090, #4885, #548, .T. ) ;
#3106 = ORIENTED_EDGE ( 'NONE', *, *, #4913, .T. ) ;
#3107 = DIRECTION ( 'NONE',  ( 1.000000000000000000, 0.000000000000000000, 0.000000000000000000 ) ) ;
#3108 = EDGE_CURVE ( 'NONE', #722, #5038, #4291, .T. ) ;
#3109 = ADVANCED_FACE ( 'NONE', ( #3827 ), #2976, .F. ) ;
#3110 = EDGE_CURVE ( 'NONE', #3466, #3021, #3152, .T. ) ;
#3111 = ORIENTED_EDGE ( 'NONE', *, *, #5687, .T. ) ;
#3112 = CARTESIAN_POINT ( 'NONE',  ( -0.09842519685039370636, 1.205361022782828035E-17, 6.919685039370079060 ) ) ;
#3113 = ADVANCED_FACE ( 'NONE', ( #2906 ), #4353, .F. ) ;
#3114 = CARTESIAN_POINT ( 'NONE',  ( -0.1240157480314960370, -8.659973399492811311E-16, 11.19133858606299015 ) ) ;
#3115 = CARTESIAN_POINT ( 'NONE',  ( -0.06889763779527557919, 0.000000000000000000, 2.618110236220472675 ) ) ;
#3116 = CARTESIAN_POINT ( 'NONE',  ( 0.06200787401574776869, 0.1074007882646057094, 3.740157480314960203 ) ) ;
#3117 = EDGE_CURVE ( 'NONE', #5407, #5104, #3859, .T. ) ;
#3118 = ORIENTED_EDGE ( 'NONE', *, *, #5416, .T. ) ;
#3119 = CARTESIAN_POINT ( 'NONE',  ( -0.1240157480314960370, -8.659973399492811311E-16, 4.299212598425196319 ) ) ;
#3120 = ADVANCED_FACE ( 'NONE', ( #1100 ), #4847, .F. ) ;
#3121 = DIRECTION ( 'NONE',  ( -1.000000000000000000, 0.000000000000000000, 0.000000000000000000 ) ) ;
#3122 = DIRECTION ( 'NONE',  ( 0.000000000000000000, 0.000000000000000000, 1.000000000000000000 ) ) ;
#3123 = AXIS2_PLACEMENT_3D ( 'NONE', #3841, #5654, #2919 ) ;
#3124 = DIRECTION ( 'NONE',  ( -1.000000000000000000, 0.000000000000000000, 0.000000000000000000 ) ) ;
#3125 = EDGE_CURVE ( 'NONE', #3201, #2151, #4066, .T. ) ;
#3126 = ORIENTED_EDGE ( 'NONE', *, *, #2557, .F. ) ;
#3127 = DIRECTION ( 'NONE',  ( -1.000000000000000000, -3.441911658684135488E-15, 0.000000000000000000 ) ) ;
#3128 = CIRCLE ( 'NONE', #2453, 0.07342519685039371191 ) ;
#3129 = ORIENTED_EDGE ( 'NONE', *, *, #2213, .T. ) ;
#3130 = ORIENTED_EDGE ( 'NONE', *, *, #3614, .F. ) ;
#3131 = CARTESIAN_POINT ( 'NONE',  ( -0.09842519685039370636, 0.000000000000000000, 2.492125984251968962 ) ) ;
#3132 = ORIENTED_EDGE ( 'NONE', *, *, #423, .T. ) ;
#3133 = CARTESIAN_POINT ( 'NONE',  ( 0.000000000000000000, 0.000000000000000000, 6.482677165354330917 ) ) ;
#3134 = DIRECTION ( 'NONE',  ( 1.000000000000000000, 0.000000000000000000, -0.000000000000000000 ) ) ;
#3135 = AXIS2_PLACEMENT_3D ( 'NONE', #4866, #660, #4797 ) ;
#3136 = LINE ( 'NONE', #2283, #193 ) ;
#3137 = VECTOR ( 'NONE', #3481, 39.37007874015747433 ) ;
#3138 = ORIENTED_EDGE ( 'NONE', *, *, #138, .F. ) ;
#3139 = DIRECTION ( 'NONE',  ( 0.000000000000000000, 0.000000000000000000, 1.000000000000000000 ) ) ;
#3140 = PLANE ( 'NONE',  #5225 ) ;
#3141 = AXIS2_PLACEMENT_3D ( 'NONE', #5215, #5647, #3309 ) ;
#3142 = VECTOR ( 'NONE', #5505, 39.37007874015748143 ) ;
#3143 = ORIENTED_EDGE ( 'NONE', *, *, #246, .F. ) ;
#3144 = VECTOR ( 'NONE', #1949, 39.37007874015748143 ) ;
#3145 = CARTESIAN_POINT ( 'NONE',  ( -0.06200787401574851115, 0.1074007882646052930, 10.94330708999999935 ) ) ;
#3146 = DIRECTION ( 'NONE',  ( 0.5638151089695246920, 0.000000000000000000, 0.8259010369878966307 ) ) ;
#3147 = EDGE_CURVE ( 'NONE', #5495, #3880, #2978, .T. ) ;
#3148 = EDGE_CURVE ( 'NONE', #4028, #319, #1404, .T. ) ;
#3149 = EDGE_CURVE ( 'NONE', #5692, #326, #1895, .T. ) ;
#3150 = CARTESIAN_POINT ( 'NONE',  ( 0.000000000000000000, 0.000000000000000000, 11.31732283803149386 ) ) ;
#3151 = DIRECTION ( 'NONE',  ( 1.000000000000000000, 0.000000000000000000, 0.000000000000000000 ) ) ;
#3152 = CIRCLE ( 'NONE', #3751, 0.2999999999999999889 ) ;
#3153 = ORIENTED_EDGE ( 'NONE', *, *, #2056, .T. ) ;
#3154 = CARTESIAN_POINT ( 'NONE',  ( -0.09842519685039370636, 0.000000000000000000, 6.919685039370079060 ) ) ;
#3155 = FACE_OUTER_BOUND ( 'NONE', #3629, .T. ) ;
#3156 = DIRECTION ( 'NONE',  ( -0.5000000000000009992, 0.8660254037844379305, 0.000000000000000000 ) ) ;
#3157 = DIRECTION ( 'NONE',  ( 0.000000000000000000, 0.000000000000000000, 1.000000000000000000 ) ) ;
#3158 = VERTEX_POINT ( 'NONE', #811 ) ;
#3159 = CIRCLE ( 'NONE', #2104, 0.09842519685039370636 ) ;
#3160 = CARTESIAN_POINT ( 'NONE',  ( -0.000000000000000000, -0.3415247957475154861, 8.333070865590551435 ) ) ;
#3161 = AXIS2_PLACEMENT_3D ( 'NONE', #3726, #3335, #3364 ) ;
#3162 = DIRECTION ( 'NONE',  ( 1.000000000000000000, 0.000000000000000000, -0.000000000000000000 ) ) ;
#3163 = EDGE_LOOP ( 'NONE', ( #636, #5462 ) ) ;
#3164 = VERTEX_POINT ( 'NONE', #5879 ) ;
#3165 = VECTOR ( 'NONE', #4794, 39.37007874015748143 ) ;
#3166 = FACE_OUTER_BOUND ( 'NONE', #1375, .T. ) ;
#3167 = ORIENTED_EDGE ( 'NONE', *, *, #594, .F. ) ;
#3168 = LINE ( 'NONE', #1394, #3472 ) ;
#3169 = CARTESIAN_POINT ( 'NONE',  ( 0.09842519685039370636, 1.205361022782828035E-17, 4.299212598425196319 ) ) ;
#3170 = EDGE_CURVE ( 'NONE', #4289, #3086, #1011, .T. ) ;
#3171 = DIRECTION ( 'NONE',  ( -0.8660254037844414832, 0.4999999999999950595, 0.000000000000000000 ) ) ;
#3172 = ORIENTED_EDGE ( 'NONE', *, *, #206, .F. ) ;
#3173 = CARTESIAN_POINT ( 'NONE',  ( 0.1561809662309435742, -0.1520374181231365363, 5.272834645669290943 ) ) ;
#3174 = CARTESIAN_POINT ( 'NONE',  ( 0.1240157480314960647, 0.000000000000000000, 11.95118110574803083 ) ) ;
#3175 = ORIENTED_EDGE ( 'NONE', *, *, #2530, .T. ) ;
#3176 = DIRECTION ( 'NONE',  ( 0.000000000000000000, -1.000000000000000000, 0.000000000000000000 ) ) ;
#3177 = EDGE_CURVE ( 'NONE', #879, #5495, #5020, .T. ) ;
#3178 = DIRECTION ( 'NONE',  ( 0.4999999999999950595, 0.8660254037844414832, 0.000000000000000000 ) ) ;
#3179 = DIRECTION ( 'NONE',  ( 0.4999999999999950595, 0.8660254037844414832, 0.000000000000000000 ) ) ;
#3180 = FACE_OUTER_BOUND ( 'NONE', #57, .T. ) ;
#3181 = ADVANCED_FACE ( 'NONE', ( #5905 ), #4444, .T. ) ;
#3182 = VERTEX_POINT ( 'NONE', #4980 ) ;
#3183 = CARTESIAN_POINT ( 'NONE',  ( -0.1956443936964358532, 0.3388660300982260232, 9.947244093937008813 ) ) ;
#3184 = FACE_OUTER_BOUND ( 'NONE', #1087, .T. ) ;
#3185 = FACE_BOUND ( 'NONE', #4400, .T. ) ;
#3186 = PLANE ( 'NONE',  #482 ) ;
#3187 = DIRECTION ( 'NONE',  ( -0.5000000000000069944, 0.8660254037844345998, 0.000000000000000000 ) ) ;
#3188 = EDGE_LOOP ( 'NONE', ( #3943, #5435, #1157, #3980 ) ) ;
#3189 = DIRECTION ( 'NONE',  ( -1.000000000000000000, -3.441911658684135488E-15, 0.000000000000000000 ) ) ;
#3190 = VECTOR ( 'NONE', #4787, 39.37007874015748143 ) ;
#3191 = CARTESIAN_POINT ( 'NONE',  ( -0.1956443936964358532, 0.3388660300982260232, 10.44330708606299396 ) ) ;
#3192 = ORIENTED_EDGE ( 'NONE', *, *, #297, .T. ) ;
#3193 = ORIENTED_EDGE ( 'NONE', *, *, #3043, .T. ) ;
#3194 = DIRECTION ( 'NONE',  ( -1.000000000000000000, 0.000000000000000000, 0.000000000000000000 ) ) ;
#3195 = CIRCLE ( 'NONE', #355, 0.09842519685039370636 ) ;
#3196 = EDGE_LOOP ( 'NONE', ( #2747, #5926, #5700, #1645 ) ) ;
#3197 = LINE ( 'NONE', #5073, #5470 ) ;
#3198 = DIRECTION ( 'NONE',  ( -0.000000000000000000, -0.000000000000000000, -1.000000000000000000 ) ) ;
#3199 = CIRCLE ( 'NONE', #3509, 0.06889763779527557919 ) ;
#3200 = CARTESIAN_POINT ( 'NONE',  ( 0.000000000000000000, 0.000000000000000000, 9.699212597874016240 ) ) ;
#3201 = VERTEX_POINT ( 'NONE', #2216 ) ;
#3202 = CARTESIAN_POINT ( 'NONE',  ( 0.000000000000000000, 0.000000000000000000, 4.551181102362203745 ) ) ;
#3203 = DIRECTION ( 'NONE',  ( -0.000000000000000000, -0.000000000000000000, -1.000000000000000000 ) ) ;
#3204 = CIRCLE ( 'NONE', #574, 0.1240157480314960509 ) ;
#3205 = ORIENTED_EDGE ( 'NONE', *, *, #3672, .F. ) ;
#3206 = ADVANCED_FACE ( 'NONE', ( #4549 ), #3061, .T. ) ;
#3207 = ORIENTED_EDGE ( 'NONE', *, *, #5460, .T. ) ;
#3208 = DIRECTION ( 'NONE',  ( 0.000000000000000000, 0.000000000000000000, 1.000000000000000000 ) ) ;
#3209 = CARTESIAN_POINT ( 'NONE',  ( 0.000000000000000000, 0.000000000000000000, 7.277952755354331060 ) ) ;
#3210 = DIRECTION ( 'NONE',  ( -0.000000000000000000, -0.000000000000000000, -1.000000000000000000 ) ) ;
#3211 = CARTESIAN_POINT ( 'NONE',  ( 0.1240157480314960647, 0.000000000000000000, 3.740157480314960203 ) ) ;
#3212 = ORIENTED_EDGE ( 'NONE', *, *, #3614, .T. ) ;
#3213 = VECTOR ( 'NONE', #4584, 39.37007874015748143 ) ;
#3214 = DIRECTION ( 'NONE',  ( 0.000000000000000000, 1.000000000000000000, -0.000000000000000000 ) ) ;
#3215 = DIRECTION ( 'NONE',  ( -0.000000000000000000, -0.000000000000000000, -1.000000000000000000 ) ) ;
#3216 = DIRECTION ( 'NONE',  ( 0.000000000000000000, 0.000000000000000000, 1.000000000000000000 ) ) ;
#3217 = EDGE_CURVE ( 'NONE', #2188, #3455, #4531, .T. ) ;
#3218 = CARTESIAN_POINT ( 'NONE',  ( 0.06200787401574927443, -0.1074007882646048490, 2.244094488188976833 ) ) ;
#3219 = DIRECTION ( 'NONE',  ( 0.000000000000000000, -1.000000000000000000, 0.000000000000000000 ) ) ;
#3220 = VECTOR ( 'NONE', #1577, 39.37007874015748143 ) ;
#3221 = EDGE_LOOP ( 'NONE', ( #3172, #5728, #3982, #2662, #707 ) ) ;
#3222 = DIRECTION ( 'NONE',  ( 1.000000000000000000, 0.000000000000000000, -0.000000000000000000 ) ) ;
#3223 = DIRECTION ( 'NONE',  ( -0.000000000000000000, -0.000000000000000000, -1.000000000000000000 ) ) ;
#3224 = ORIENTED_EDGE ( 'NONE', *, *, #2148, .F. ) ;
#3225 = AXIS2_PLACEMENT_3D ( 'NONE', #2429, #4242, #2857 ) ;
#3226 = VERTEX_POINT ( 'NONE', #779 ) ;
#3227 = CARTESIAN_POINT ( 'NONE',  ( 0.06200787401574927443, -0.1074007882646048490, 3.740157480314960203 ) ) ;
#3228 = VERTEX_POINT ( 'NONE', #243 ) ;
#3229 = CARTESIAN_POINT ( 'NONE',  ( 0.000000000000000000, 0.000000000000000000, 4.299212598425196319 ) ) ;
#3230 = VECTOR ( 'NONE', #3942, 39.37007874015747433 ) ;
#3231 = VERTEX_POINT ( 'NONE', #349 ) ;
#3232 = EDGE_CURVE ( 'NONE', #5419, #2069, #2117, .T. ) ;
#3233 = CARTESIAN_POINT ( 'NONE',  ( 0.000000000000000000, 0.000000000000000000, 0.3740157480314960647 ) ) ;
#3234 = CARTESIAN_POINT ( 'NONE',  ( -0.09842519685039370636, 0.000000000000000000, 6.608661417322835518 ) ) ;
#3235 = AXIS2_PLACEMENT_3D ( 'NONE', #4453, #5376, #1656 ) ;
#3236 = ORIENTED_EDGE ( 'NONE', *, *, #4560, .F. ) ;
#3237 = LINE ( 'NONE', #5208, #3650 ) ;
#3238 = LINE ( 'NONE', #2255, #1695 ) ;
#3239 = ORIENTED_EDGE ( 'NONE', *, *, #2701, .T. ) ;
#3240 = VECTOR ( 'NONE', #41, 39.37007874015747433 ) ;
#3241 = EDGE_CURVE ( 'NONE', #5439, #5723, #3159, .T. ) ;
#3242 = ORIENTED_EDGE ( 'NONE', *, *, #5515, .F. ) ;
#3243 = CARTESIAN_POINT ( 'NONE',  ( 0.1311809662309435798, 0.1270374181231365418, 4.575984251968503891 ) ) ;
#3244 = CIRCLE ( 'NONE', #4232, 0.06889763779527557919 ) ;
#3245 = CARTESIAN_POINT ( 'NONE',  ( 0.06200787401574927443, -0.1074007882646048490, 12.08110236559055117 ) ) ;
#3246 = AXIS2_PLACEMENT_3D ( 'NONE', #2607, #4427, #1199 ) ;
#3247 = CARTESIAN_POINT ( 'NONE',  ( 0.000000000000000000, 0.000000000000000000, 3.366141732283464361 ) ) ;
#3248 = PLANE ( 'NONE',  #2751 ) ;
#3249 = AXIS2_PLACEMENT_3D ( 'NONE', #1540, #5256, #5658 ) ;
#3250 = EDGE_CURVE ( 'NONE', #1715, #2515, #1791, .T. ) ;
#3251 = AXIS2_PLACEMENT_3D ( 'NONE', #5516, #360, #4629 ) ;
#3252 = EDGE_LOOP ( 'NONE', ( #2865, #5374 ) ) ;
#3253 = DIRECTION ( 'NONE',  ( -1.000000000000000000, 0.000000000000000000, 0.000000000000000000 ) ) ;
#3254 = DIRECTION ( 'NONE',  ( 3.441911658684136277E-15, -1.000000000000000000, 0.000000000000000000 ) ) ;
#3255 = LINE ( 'NONE', #5522, #42 ) ;
#3256 = FACE_BOUND ( 'NONE', #538, .T. ) ;
#3257 = CARTESIAN_POINT ( 'NONE',  ( 0.1240157480314960647, 0.000000000000000000, 0.8740157480314961758 ) ) ;
#3258 = ORIENTED_EDGE ( 'NONE', *, *, #120, .F. ) ;
#3259 = LINE ( 'NONE', #5557, #4120 ) ;
#3260 = DIRECTION ( 'NONE',  ( -0.000000000000000000, -0.000000000000000000, -1.000000000000000000 ) ) ;
#3261 = ORIENTED_EDGE ( 'NONE', *, *, #5863, .F. ) ;
#3262 = ORIENTED_EDGE ( 'NONE', *, *, #5927, .T. ) ;
#3263 = LINE ( 'NONE', #3227, #2358 ) ;
#3264 = EDGE_LOOP ( 'NONE', ( #1058, #661, #5342, #4418, #528, #1497 ) ) ;
#3265 = VECTOR ( 'NONE', #2049, 39.37007874015748143 ) ;
#3266 = DIRECTION ( 'NONE',  ( -1.000000000000000000, -3.441911658684135488E-15, 0.000000000000000000 ) ) ;
#3267 = CARTESIAN_POINT ( 'NONE',  ( 0.08842519685039371136, 1.082896342868092677E-17, 11.31732283803149386 ) ) ;
#3268 = VECTOR ( 'NONE', #2494, 39.37007874015748143 ) ;
#3269 = CARTESIAN_POINT ( 'NONE',  ( -0.06200787401574702623, -0.1074007882646061396, 2.492125984251968962 ) ) ;
#3270 = EDGE_CURVE ( 'NONE', #2639, #5528, #2584, .T. ) ;
#3271 = EDGE_LOOP ( 'NONE', ( #5749, #5729, #3567, #5042 ) ) ;
#3272 = CARTESIAN_POINT ( 'NONE',  ( 0.1240157480314960647, 0.000000000000000000, 6.608661417322835518 ) ) ;
#3273 = DIRECTION ( 'NONE',  ( -1.000000000000000000, 0.000000000000000000, 0.000000000000000000 ) ) ;
#3274 = ORIENTED_EDGE ( 'NONE', *, *, #5146, .T. ) ;
#3275 = EDGE_LOOP ( 'NONE', ( #1946, #32, #1120, #1504 ) ) ;
#3276 = DIRECTION ( 'NONE',  ( -0.000000000000000000, 0.000000000000000000, 1.000000000000000000 ) ) ;
#3277 = CARTESIAN_POINT ( 'NONE',  ( 0.06200787401574927443, -0.1074007882646048490, 11.82125984590551049 ) ) ;
#3278 = DIRECTION ( 'NONE',  ( -0.000000000000000000, -0.000000000000000000, -1.000000000000000000 ) ) ;
#3279 = EDGE_CURVE ( 'NONE', #2153, #3455, #703, .T. ) ;
#3280 = CARTESIAN_POINT ( 'NONE',  ( -0.09842519685039370636, 0.000000000000000000, 10.94330708999999935 ) ) ;
#3281 = EDGE_LOOP ( 'NONE', ( #5467, #5364, #5057, #4037 ) ) ;
#3282 = CARTESIAN_POINT ( 'NONE',  ( 0.06200787401574776869, 0.1074007882646057094, 3.740157480314960203 ) ) ;
#3283 = CYLINDRICAL_SURFACE ( 'NONE', #4711, 0.08842519685039371136 ) ;
#3284 = CARTESIAN_POINT ( 'NONE',  ( 0.000000000000000000, 0.000000000000000000, 6.919685039370079060 ) ) ;
#3285 = CARTESIAN_POINT ( 'NONE',  ( -0.2649999999999999578, 0.000000000000000000, 7.277952755354331060 ) ) ;
#3286 = DIRECTION ( 'NONE',  ( 1.000000000000000000, 0.000000000000000000, 0.000000000000000000 ) ) ;
#3287 = ORIENTED_EDGE ( 'NONE', *, *, #4505, .T. ) ;
#3288 = DIRECTION ( 'NONE',  ( -0.000000000000000000, -0.000000000000000000, -1.000000000000000000 ) ) ;
#3289 = CARTESIAN_POINT ( 'NONE',  ( -0.1561809662309435742, -0.1520374181231365363, 5.272834645669290943 ) ) ;
#3290 = ORIENTED_EDGE ( 'NONE', *, *, #4661, .F. ) ;
#3291 = VERTEX_POINT ( 'NONE', #2572 ) ;
#3292 = CARTESIAN_POINT ( 'NONE',  ( 0.06200787401574927443, -0.1074007882646048490, 6.856692913385827204 ) ) ;
#3293 = ORIENTED_EDGE ( 'NONE', *, *, #1149, .F. ) ;
#3294 = DIRECTION ( 'NONE',  ( 0.000000000000000000, 0.000000000000000000, 1.000000000000000000 ) ) ;
#3295 = CARTESIAN_POINT ( 'NONE',  ( -0.3200000000000000067, 0.000000000000000000, 10.56929133803149590 ) ) ;
#3296 = EDGE_CURVE ( 'NONE', #4835, #4106, #5511, .T. ) ;
#3297 = EDGE_CURVE ( 'NONE', #1152, #5260, #1234, .T. ) ;
#3298 = CARTESIAN_POINT ( 'NONE',  ( 0.06200787401574927443, -0.1074007882646048490, 12.08110236559055117 ) ) ;
#3299 = CIRCLE ( 'NONE', #5938, 0.08842519685039371136 ) ;
#3300 = ORIENTED_EDGE ( 'NONE', *, *, #4269, .T. ) ;
#3301 = FACE_OUTER_BOUND ( 'NONE', #546, .T. ) ;
#3302 = FACE_OUTER_BOUND ( 'NONE', #2311, .T. ) ;
#3303 = ORIENTED_EDGE ( 'NONE', *, *, #5937, .F. ) ;
#3304 = EDGE_CURVE ( 'NONE', #5018, #5836, #814, .T. ) ;
#3305 = VECTOR ( 'NONE', #5646, 39.37007874015748143 ) ;
#3306 = DIRECTION ( 'NONE',  ( -0.000000000000000000, 0.000000000000000000, 1.000000000000000000 ) ) ;
#3307 = EDGE_CURVE ( 'NONE', #1337, #3483, #378, .T. ) ;
#3308 = CARTESIAN_POINT ( 'NONE',  ( 0.4230224295639704035, -0.3415247957475154861, 8.333070865590551435 ) ) ;
#3309 = DIRECTION ( 'NONE',  ( -1.000000000000000000, 0.000000000000000000, 0.000000000000000000 ) ) ;
#3310 = ADVANCED_FACE ( 'NONE', ( #2247 ), #933, .T. ) ;
#3311 = ADVANCED_FACE ( 'NONE', ( #4155 ), #2981, .T. ) ;
#3312 = DIRECTION ( 'NONE',  ( 0.8660254037844345998, 0.5000000000000069944, -0.000000000000000000 ) ) ;
#3313 = UNCERTAINTY_MEASURE_WITH_UNIT (LENGTH_MEASURE( 1.000000000000000082E-05 ), #4247, 'distance_accuracy_value', 'NONE');
#3314 = VERTEX_POINT ( 'NONE', #443 ) ;
#3315 = EDGE_CURVE ( 'NONE', #4106, #4835, #5335, .T. ) ;
#3316 = FACE_OUTER_BOUND ( 'NONE', #5244, .T. ) ;
#3317 = CARTESIAN_POINT ( 'NONE',  ( 0.000000000000000000, 0.000000000000000000, 0.3740157480314960647 ) ) ;
#3318 = DIRECTION ( 'NONE',  ( -0.000000000000000000, -0.000000000000000000, -1.000000000000000000 ) ) ;
#3319 = CARTESIAN_POINT ( 'NONE',  ( 0.1240157480314960647, 0.000000000000000000, 2.492125984251968962 ) ) ;
#3320 = EDGE_CURVE ( 'NONE', #3406, #2211, #3759, .T. ) ;
#3321 = CARTESIAN_POINT ( 'NONE',  ( 0.1240157480314960647, 0.000000000000000000, 0.000000000000000000 ) ) ;
#3322 = LINE ( 'NONE', #5196, #2959 ) ;
#3323 = VECTOR ( 'NONE', #4808, 39.37007874015748854 ) ;
#3324 = CARTESIAN_POINT ( 'NONE',  ( 0.000000000000000000, 0.000000000000000000, 0.000000000000000000 ) ) ;
#3325 = ADVANCED_FACE ( 'NONE', ( #5564 ), #2280, .F. ) ;
#3326 = ORIENTED_EDGE ( 'NONE', *, *, #4782, .F. ) ;
#3327 = ORIENTED_EDGE ( 'NONE', *, *, #2043, .F. ) ;
#3328 = CARTESIAN_POINT ( 'NONE',  ( 0.06200787401574927443, -0.1074007882646048490, 4.299212598425196319 ) ) ;
#3329 = VERTEX_POINT ( 'NONE', #5992 ) ;
#3330 = ORIENTED_EDGE ( 'NONE', *, *, #4417, .T. ) ;
#3331 = PLANE ( 'NONE',  #2655 ) ;
#3332 = VECTOR ( 'NONE', #4669, 39.37007874015748143 ) ;
#3333 = FACE_OUTER_BOUND ( 'NONE', #1813, .T. ) ;
#3334 = ORIENTED_EDGE ( 'NONE', *, *, #5016, .F. ) ;
#3335 = DIRECTION ( 'NONE',  ( -1.000000000000000000, 0.000000000000000000, 0.000000000000000000 ) ) ;
#3336 = CARTESIAN_POINT ( 'NONE',  ( -0.6143265327702777112, 0.5152529012642550477, 8.333070865590551435 ) ) ;
#3337 = ORIENTED_EDGE ( 'NONE', *, *, #1676, .T. ) ;
#3338 = VECTOR ( 'NONE', #4424, 39.37007874015748143 ) ;
#3339 = CARTESIAN_POINT ( 'NONE',  ( 0.000000000000000000, 0.000000000000000000, 6.919685039370079060 ) ) ;
#3340 = LINE ( 'NONE', #5184, #3590 ) ;
#3341 = FACE_OUTER_BOUND ( 'NONE', #5229, .T. ) ;
#3342 = AXIS2_PLACEMENT_3D ( 'NONE', #370, #2240, #748 ) ;
#3343 = CARTESIAN_POINT ( 'NONE',  ( -0.1311809662309435798, 0.1270374181231365418, 5.272834645669290943 ) ) ;
#3344 = VECTOR ( 'NONE', #136, 39.37007874015748143 ) ;
#3345 = ORIENTED_EDGE ( 'NONE', *, *, #4327, .F. ) ;
#3346 = VECTOR ( 'NONE', #3709, 39.37007874015748143 ) ;
#3347 = ADVANCED_FACE ( 'NONE', ( #5107, #2310 ), #5043, .T. ) ;
#3348 = PLANE ( 'NONE',  #3024 ) ;
#3349 = DIRECTION ( 'NONE',  ( -0.000000000000000000, 0.000000000000000000, 1.000000000000000000 ) ) ;
#3350 = DIRECTION ( 'NONE',  ( 0.5000000000000071054, -0.8660254037844345998, 0.000000000000000000 ) ) ;
#3351 = CARTESIAN_POINT ( 'NONE',  ( -0.06200787401574851115, 0.1074007882646052930, 6.856692913385827204 ) ) ;
#3352 = CARTESIAN_POINT ( 'NONE',  ( -0.1240157480314960509, 0.000000000000000000, 5.860629921259842057 ) ) ;
#3353 = CARTESIAN_POINT ( 'NONE',  ( -0.1975259527674288196, 0.09706232460905329928, 10.81732283803149564 ) ) ;
#3354 = VECTOR ( 'NONE', #4040, 39.37007874015748143 ) ;
#3355 = ORIENTED_EDGE ( 'NONE', *, *, #5286, .T. ) ;
#3356 = ORIENTED_EDGE ( 'NONE', *, *, #5940, .F. ) ;
#3357 = DIRECTION ( 'NONE',  ( -0.8660254037844379305, -0.5000000000000012212, 0.000000000000000000 ) ) ;
#3358 = ORIENTED_EDGE ( 'NONE', *, *, #5473, .F. ) ;
#3359 = EDGE_LOOP ( 'NONE', ( #3959, #3138, #3500, #2120 ) ) ;
#3360 = CARTESIAN_POINT ( 'NONE',  ( 0.000000000000000000, 0.000000000000000000, 9.325196849842519953 ) ) ;
#3361 = CARTESIAN_POINT ( 'NONE',  ( 0.0006802607098644540247, -0.09842284602878219324, 10.81732283803149564 ) ) ;
#3362 = AXIS2_PLACEMENT_3D ( 'NONE', #1334, #3203, #2347 ) ;
#3363 = VERTEX_POINT ( 'NONE', #1358 ) ;
#3364 = DIRECTION ( 'NONE',  ( 0.000000000000000000, 0.000000000000000000, 1.000000000000000000 ) ) ;
#3365 = LINE ( 'NONE', #2543, #3265 ) ;
#3366 = ORIENTED_EDGE ( 'NONE', *, *, #2803, .F. ) ;
#3367 = ADVANCED_FACE ( 'NONE', ( #4093 ), #905, .F. ) ;
#3368 = VECTOR ( 'NONE', #4216, 39.37007874015748143 ) ;
#3369 = AXIS2_PLACEMENT_3D ( 'NONE', #3795, #5608, #2877 ) ;
#3370 = CARTESIAN_POINT ( 'NONE',  ( 0.1240157480314960647, 0.000000000000000000, 11.19133858606299015 ) ) ;
#3371 = VECTOR ( 'NONE', #3318, 39.37007874015748143 ) ;
#3372 = DIRECTION ( 'NONE',  ( -0.000000000000000000, -0.000000000000000000, -1.000000000000000000 ) ) ;
#3373 = CARTESIAN_POINT ( 'NONE',  ( -0.1561809662309435742, -0.1520374181231365363, 5.272834645669290943 ) ) ;
#3374 = CYLINDRICAL_SURFACE ( 'NONE', #2652, 0.2999999999999999889 ) ;
#3375 = ADVANCED_FACE ( 'NONE', ( #5636, #1426 ), #5532, .F. ) ;
#3376 = ORIENTED_EDGE ( 'NONE', *, *, #2252, .T. ) ;
#3377 = EDGE_CURVE ( 'NONE', #3647, #3564, #2773, .T. ) ;
#3378 = CARTESIAN_POINT ( 'NONE',  ( 0.000000000000000000, 0.000000000000000000, 10.56929133803149590 ) ) ;
#3379 = AXIS2_PLACEMENT_3D ( 'NONE', #3031, #2571, #645 ) ;
#3380 = DIRECTION ( 'NONE',  ( 0.000000000000000000, 0.000000000000000000, 1.000000000000000000 ) ) ;
#3381 = DIRECTION ( 'NONE',  ( -1.046341144239976999E-14, 1.000000000000000000, 0.000000000000000000 ) ) ;
#3382 = CARTESIAN_POINT ( 'NONE',  ( -0.06200787401574851115, 0.1074007882646052930, 6.856692913385827204 ) ) ;
#3383 = LINE ( 'NONE', #2920, #4230 ) ;
#3384 = CARTESIAN_POINT ( 'NONE',  ( -0.1240157480314960370, -8.659973399492811311E-16, 0.2480314960629921295 ) ) ;
#3385 = ORIENTED_EDGE ( 'NONE', *, *, #5826, .T. ) ;
#3386 = ORIENTED_EDGE ( 'NONE', *, *, #4217, .F. ) ;
#3387 = CARTESIAN_POINT ( 'NONE',  ( 0.06280470657979303484, -0.3137763038080251254, 10.56929133803149590 ) ) ;
#3388 = ORIENTED_EDGE ( 'NONE', *, *, #342, .T. ) ;
#3389 = DIRECTION ( 'NONE',  ( 1.000000000000000000, 0.000000000000000000, 0.000000000000000000 ) ) ;
#3390 = ORIENTED_EDGE ( 'NONE', *, *, #1854, .F. ) ;
#3391 = CARTESIAN_POINT ( 'NONE',  ( 0.000000000000000000, 0.000000000000000000, 2.244094488188976833 ) ) ;
#3392 = CARTESIAN_POINT ( 'NONE',  ( 0.06200787401574776869, 0.1074007882646057094, 0.000000000000000000 ) ) ;
#3393 = ORIENTED_EDGE ( 'NONE', *, *, #2284, .F. ) ;
#3394 = ORIENTED_EDGE ( 'NONE', *, *, #1710, .T. ) ;
#3395 = CARTESIAN_POINT ( 'NONE',  ( 0.1956443936964287755, 0.3388660300982301310, 10.44330708606299396 ) ) ;
#3396 = CARTESIAN_POINT ( 'NONE',  ( -0.1240157480314960370, -8.659973399492811311E-16, 11.82125984590551049 ) ) ;
#3397 = ORIENTED_EDGE ( 'NONE', *, *, #423, .F. ) ;
#3398 = EDGE_CURVE ( 'NONE', #2409, #4112, #3168, .T. ) ;
#3399 = DIRECTION ( 'NONE',  ( 1.000000000000000000, 0.000000000000000000, 0.000000000000000000 ) ) ;
#3400 = EDGE_CURVE ( 'NONE', #4901, #4911, #4252, .T. ) ;
#3401 = AXIS2_PLACEMENT_3D ( 'NONE', #3339, #1037, #4753 ) ;
#3402 = DIRECTION ( 'NONE',  ( 1.000000000000000000, 0.000000000000000000, 0.000000000000000000 ) ) ;
#3403 = CARTESIAN_POINT ( 'NONE',  ( 0.06200787401574776869, 0.1074007882646057094, 12.08110236559055117 ) ) ;
#3404 = DIRECTION ( 'NONE',  ( -0.4999999999999950595, -0.8660254037844414832, 0.000000000000000000 ) ) ;
#3405 = VECTOR ( 'NONE', #4107, 39.37007874015748143 ) ;
#3406 = VERTEX_POINT ( 'NONE', #2833 ) ;
#3407 = DIRECTION ( 'NONE',  ( 0.000000000000000000, 0.000000000000000000, 1.000000000000000000 ) ) ;
#3408 = DIRECTION ( 'NONE',  ( -1.000000000000000000, -3.441911658684135488E-15, 0.000000000000000000 ) ) ;
#3409 = LINE ( 'NONE', #4827, #3371 ) ;
#3410 = DIRECTION ( 'NONE',  ( -1.000000000000000000, -3.441911658684135488E-15, 0.000000000000000000 ) ) ;
#3411 = CARTESIAN_POINT ( 'NONE',  ( 0.000000000000000000, 0.000000000000000000, 12.45511811362204746 ) ) ;
#3412 = CARTESIAN_POINT ( 'NONE',  ( -0.06200787401574702623, -0.1074007882646061396, 5.549606299212598515 ) ) ;
#3413 = VERTEX_POINT ( 'NONE', #507 ) ;
#3414 = ORIENTED_EDGE ( 'NONE', *, *, #5226, .T. ) ;
#3415 = DIRECTION ( 'NONE',  ( 1.000000000000000000, 0.000000000000000000, -0.000000000000000000 ) ) ;
#3416 = ORIENTED_EDGE ( 'NONE', *, *, #35, .F. ) ;
#3417 = FILL_AREA_STYLE_COLOUR ( '', #3608 ) ;
#3418 = ORIENTED_EDGE ( 'NONE', *, *, #4780, .F. ) ;
#3419 = DIRECTION ( 'NONE',  ( -0.000000000000000000, -0.000000000000000000, -1.000000000000000000 ) ) ;
#3420 = CARTESIAN_POINT ( 'NONE',  ( 0.000000000000000000, 0.000000000000000000, 12.45511811362204746 ) ) ;
#3421 = ORIENTED_EDGE ( 'NONE', *, *, #307, .T. ) ;
#3422 = VERTEX_POINT ( 'NONE', #839 ) ;
#3423 = EDGE_CURVE ( 'NONE', #3363, #2194, #4914, .T. ) ;
#3424 = DIRECTION ( 'NONE',  ( 0.000000000000000000, 0.000000000000000000, 1.000000000000000000 ) ) ;
#3425 = EDGE_CURVE ( 'NONE', #5955, #853, #3197, .T. ) ;
#3426 = LINE ( 'NONE', #1463, #4936 ) ;
#3427 = EDGE_CURVE ( 'NONE', #1152, #3164, #2835, .T. ) ;
#3428 = EDGE_LOOP ( 'NONE', ( #5148, #4270, #1861, #3514 ) ) ;
#3429 = CIRCLE ( 'NONE', #5576, 0.3196850393700786941 ) ;
#3430 = AXIS2_PLACEMENT_3D ( 'NONE', #5530, #5005, #3621 ) ;
#3431 = CARTESIAN_POINT ( 'NONE',  ( 0.000000000000000000, 0.000000000000000000, 3.366141732283464361 ) ) ;
#3432 = LINE ( 'NONE', #2694, #676 ) ;
#3433 = VECTOR ( 'NONE', #5487, 39.37007874015748854 ) ;
#3434 = CARTESIAN_POINT ( 'NONE',  ( -0.3196850393700786941, 0.000000000000000000, 7.462992125433071777 ) ) ;
#3435 = CARTESIAN_POINT ( 'NONE',  ( -0.1561809662309435742, 0.1520374181231365363, 5.272834645669290943 ) ) ;
#3436 = ORIENTED_EDGE ( 'NONE', *, *, #4580, .T. ) ;
#3437 = VECTOR ( 'NONE', #4801, 39.37007874015748143 ) ;
#3438 = CARTESIAN_POINT ( 'NONE',  ( 0.1311809662309435798, 0.1270374181231365418, 5.297637795275590200 ) ) ;
#3439 = LINE ( 'NONE', #1302, #235 ) ;
#3440 = CARTESIAN_POINT ( 'NONE',  ( -0.1240157480314960370, -8.659973399492811311E-16, 11.82125984590551049 ) ) ;
#3441 = VECTOR ( 'NONE', #4806, 39.37007874015748143 ) ;
#3442 = LINE ( 'NONE', #3934, #4212 ) ;
#3443 = CARTESIAN_POINT ( 'NONE',  ( 0.06200787401574776869, 0.1074007882646057094, 4.299212598425196319 ) ) ;
#3444 = PLANE ( 'NONE',  #1872 ) ;
#3445 = EDGE_CURVE ( 'NONE', #5038, #5855, #2928, .T. ) ;
#3446 = CARTESIAN_POINT ( 'NONE',  ( 0.06200787401574927443, -0.1074007882646048490, 1.933070866141732624 ) ) ;
#3447 = AXIS2_PLACEMENT_3D ( 'NONE', #1047, #2398, #2462 ) ;
#3448 = ORIENTED_EDGE ( 'NONE', *, *, #772, .F. ) ;
#3449 = FACE_OUTER_BOUND ( 'NONE', #832, .T. ) ;
#3450 = CYLINDRICAL_SURFACE ( 'NONE', #3824, 0.09842519685039370636 ) ;
#3451 = ORIENTED_EDGE ( 'NONE', *, *, #1513, .F. ) ;
#3452 = VECTOR ( 'NONE', #5916, 39.37007874015748143 ) ;
#3453 = CARTESIAN_POINT ( 'NONE',  ( -0.2999999999999999889, 0.000000000000000000, 9.947244093937008813 ) ) ;
#3454 = CIRCLE ( 'NONE', #4234, 0.06889763779527557919 ) ;
#3455 = VERTEX_POINT ( 'NONE', #4804 ) ;
#3456 = LINE ( 'NONE', #1125, #2167 ) ;
#3457 = AXIS2_PLACEMENT_3D ( 'NONE', #1216, #3526, #1105 ) ;
#3458 = VECTOR ( 'NONE', #1086, 39.37007874015748143 ) ;
#3459 = VERTEX_POINT ( 'NONE', #3453 ) ;
#3460 = VECTOR ( 'NONE', #3210, 39.37007874015748143 ) ;
#3461 = EDGE_LOOP ( 'NONE', ( #1919, #264, #797, #5181 ) ) ;
#3462 = EDGE_CURVE ( 'NONE', #1983, #3877, #2869, .T. ) ;
#3463 = EDGE_LOOP ( 'NONE', ( #835, #288, #4652, #5771 ) ) ;
#3464 = LINE ( 'NONE', #3006, #3475 ) ;
#3465 = CARTESIAN_POINT ( 'NONE',  ( 0.000000000000000000, 0.000000000000000000, 0.8740157480314961758 ) ) ;
#3466 = VERTEX_POINT ( 'NONE', #3819 ) ;
#3467 = EDGE_CURVE ( 'NONE', #1662, #2188, #1057, .T. ) ;
#3468 = VECTOR ( 'NONE', #4654, 39.37007874015748143 ) ;
#3469 = VECTOR ( 'NONE', #1099, 39.37007874015748143 ) ;
#3470 = ORIENTED_EDGE ( 'NONE', *, *, #5690, .F. ) ;
#3471 = LINE ( 'NONE', #2547, #1883 ) ;
#3472 = VECTOR ( 'NONE', #3266, 39.37007874015748143 ) ;
#3473 = DIRECTION ( 'NONE',  ( 0.000000000000000000, 0.000000000000000000, 1.000000000000000000 ) ) ;
#3474 = ORIENTED_EDGE ( 'NONE', *, *, #6, .F. ) ;
#3475 = VECTOR ( 'NONE', #4881, 39.37007874015748143 ) ;
#3476 = DIRECTION ( 'NONE',  ( 1.000000000000000000, 0.000000000000000000, 0.000000000000000000 ) ) ;
#3477 = DIRECTION ( 'NONE',  ( -0.000000000000000000, -0.000000000000000000, -1.000000000000000000 ) ) ;
#3478 = CARTESIAN_POINT ( 'NONE',  ( -0.3200000000000000067, 0.000000000000000000, 10.44330708606299396 ) ) ;
#3479 = MANIFOLD_SOLID_BREP ( 'Boss-Extrude51', #4008 ) ;
#3480 = EDGE_CURVE ( 'NONE', #2568, #4431, #1091, .T. ) ;
#3481 = DIRECTION ( 'NONE',  ( 0.5000000000000071054, -0.8660254037844345998, 0.000000000000000000 ) ) ;
#3482 = CARTESIAN_POINT ( 'NONE',  ( -0.08842519685039371136, 0.000000000000000000, 2.244094488188976833 ) ) ;
#3483 = VERTEX_POINT ( 'NONE', #2039 ) ;
#3484 = LINE ( 'NONE', #5433, #2638 ) ;
#3485 = EDGE_LOOP ( 'NONE', ( #1344, #2614, #3978, #3568 ) ) ;
#3486 = DIRECTION ( 'NONE',  ( 0.000000000000000000, 0.000000000000000000, 1.000000000000000000 ) ) ;
#3487 = VERTEX_POINT ( 'NONE', #48 ) ;
#3488 = LINE ( 'NONE', #3946, #8 ) ;
#3489 = ORIENTED_EDGE ( 'NONE', *, *, #500, .F. ) ;
#3490 = VERTEX_POINT ( 'NONE', #3790 ) ;
#3491 = VERTEX_POINT ( 'NONE', #1920 ) ;
#3492 = LINE ( 'NONE', #2206, #927 ) ;
#3493 = DIRECTION ( 'NONE',  ( 1.000000000000000000, 0.000000000000000000, 0.000000000000000000 ) ) ;
#3494 = EDGE_CURVE ( 'NONE', #345, #2288, #5195, .T. ) ;
#3495 = EDGE_LOOP ( 'NONE', ( #3609, #2047, #3656, #1270, #4878 ) ) ;
#3496 = ORIENTED_EDGE ( 'NONE', *, *, #501, .F. ) ;
#3497 = CARTESIAN_POINT ( 'NONE',  ( 0.1311809662309435798, 0.1270374181231365418, 4.575984251968503891 ) ) ;
#3498 = CIRCLE ( 'NONE', #1343, 0.09842519685039370636 ) ;
#3499 = CARTESIAN_POINT ( 'NONE',  ( 0.06200787401574927443, -0.1074007882646048490, 3.740157480314960203 ) ) ;
#3500 = ORIENTED_EDGE ( 'NONE', *, *, #4417, .F. ) ;
#3501 = CIRCLE ( 'NONE', #5056, 0.07342519685039371191 ) ;
#3502 = CARTESIAN_POINT ( 'NONE',  ( -0.06200787401574851115, 0.1074007882646052930, 2.492125984251968962 ) ) ;
#3503 = DIRECTION ( 'NONE',  ( 0.8660254037844417052, -0.4999999999999948375, 0.000000000000000000 ) ) ;
#3504 = DIRECTION ( 'NONE',  ( -1.046341144239976999E-14, 1.000000000000000000, 0.000000000000000000 ) ) ;
#3505 = ADVANCED_FACE ( 'NONE', ( #4312 ), #637, .T. ) ;
#3506 = EDGE_CURVE ( 'NONE', #777, #4823, #4372, .T. ) ;
#3507 = DIRECTION ( 'NONE',  ( 0.5000000000000071054, -0.8660254037844345998, 0.000000000000000000 ) ) ;
#3508 = DIRECTION ( 'NONE',  ( 0.000000000000000000, 0.000000000000000000, 1.000000000000000000 ) ) ;
#3509 = AXIS2_PLACEMENT_3D ( 'NONE', #2888, #3407, #5741 ) ;
#3510 = ADVANCED_FACE ( 'NONE', ( #570, #1981 ), #5783, .T. ) ;
#3511 = EDGE_LOOP ( 'NONE', ( #3537, #1728, #5644, #3337 ) ) ;
#3512 = FACE_OUTER_BOUND ( 'NONE', #4382, .T. ) ;
#3513 = EDGE_CURVE ( 'NONE', #3847, #5337, #5724, .T. ) ;
#3514 = ORIENTED_EDGE ( 'NONE', *, *, #4618, .T. ) ;
#3515 = VECTOR ( 'NONE', #3862, 39.37007874015748143 ) ;
#3516 = CARTESIAN_POINT ( 'NONE',  ( 0.000000000000000000, 0.000000000000000000, 11.69133858606299015 ) ) ;
#3517 = ORIENTED_EDGE ( 'NONE', *, *, #1698, .F. ) ;
#3518 = DIRECTION ( 'NONE',  ( 0.5000000000000012212, -0.8660254037844379305, 0.000000000000000000 ) ) ;
#3519 = ADVANCED_FACE ( 'NONE', ( #1518 ), #5330, .F. ) ;
#3520 = ORIENTED_EDGE ( 'NONE', *, *, #632, .T. ) ;
#3521 = ORIENTED_EDGE ( 'NONE', *, *, #731, .T. ) ;
#3522 = ORIENTED_EDGE ( 'NONE', *, *, #3015, .T. ) ;
#3523 = CARTESIAN_POINT ( 'NONE',  ( 0.000000000000000000, 0.000000000000000000, 0.9370078740157481434 ) ) ;
#3524 = VECTOR ( 'NONE', #3627, 39.37007874015748143 ) ;
#3525 = EDGE_LOOP ( 'NONE', ( #4350, #180 ) ) ;
#3526 = DIRECTION ( 'NONE',  ( 0.000000000000000000, 0.000000000000000000, 1.000000000000000000 ) ) ;
#3527 = AXIS2_PLACEMENT_3D ( 'NONE', #4512, #1641, #5817 ) ;
#3528 = VECTOR ( 'NONE', #2376, 39.37007874015748854 ) ;
#3529 = ORIENTED_EDGE ( 'NONE', *, *, #2803, .T. ) ;
#3530 = FACE_OUTER_BOUND ( 'NONE', #4307, .T. ) ;
#3531 = AXIS2_PLACEMENT_3D ( 'NONE', #2002, #3869, #5742 ) ;
#3532 = LINE ( 'NONE', #5808, #1929 ) ;
#3533 = PLANE ( 'NONE',  #5894 ) ;
#3534 = CARTESIAN_POINT ( 'NONE',  ( 0.1561809662309435742, -0.1520374181231365363, 4.575984251968503891 ) ) ;
#3535 = AXIS2_PLACEMENT_3D ( 'NONE', #4390, #5428, #253 ) ;
#3536 = ADVANCED_FACE ( 'NONE', ( #4900 ), #1251, .T. ) ;
#3537 = ORIENTED_EDGE ( 'NONE', *, *, #4696, .T. ) ;
#3538 = CARTESIAN_POINT ( 'NONE',  ( 0.06200787401574776869, 0.1074007882646057094, 10.94330708999999935 ) ) ;
#3539 = ORIENTED_EDGE ( 'NONE', *, *, #1320, .T. ) ;
#3540 = DIRECTION ( 'NONE',  ( -0.000000000000000000, -0.000000000000000000, -1.000000000000000000 ) ) ;
#3541 = VERTEX_POINT ( 'NONE', #723 ) ;
#3542 = DIRECTION ( 'NONE',  ( 0.000000000000000000, 0.000000000000000000, 1.000000000000000000 ) ) ;
#3543 = AXIS2_PLACEMENT_3D ( 'NONE', #5526, #3051, #5492 ) ;
#3544 = VERTEX_POINT ( 'NONE', #1666 ) ;
#3545 = CIRCLE ( 'NONE', #3135, 0.06889763779527557919 ) ;
#3546 = EDGE_LOOP ( 'NONE', ( #4278, #5614, #5672, #2611 ) ) ;
#3547 = AXIS2_PLACEMENT_3D ( 'NONE', #4865, #165, #2526 ) ;
#3548 = ORIENTED_EDGE ( 'NONE', *, *, #58, .T. ) ;
#3549 = DIRECTION ( 'NONE',  ( 0.000000000000000000, 0.000000000000000000, 1.000000000000000000 ) ) ;
#3550 = LINE ( 'NONE', #5045, #223 ) ;
#3551 = AXIS2_PLACEMENT_3D ( 'NONE', #4121, #1790, #1329 ) ;
#3552 = ORIENTED_EDGE ( 'NONE', *, *, #3081, .T. ) ;
#3553 = LINE ( 'NONE', #5834, #1049 ) ;
#3554 = EDGE_LOOP ( 'NONE', ( #2302, #5974, #5908, #2625 ) ) ;
#3555 = PLANE ( 'NONE',  #3535 ) ;
#3556 = CARTESIAN_POINT ( 'NONE',  ( 0.000000000000000000, 0.000000000000000000, 1.433070866141732402 ) ) ;
#3557 = EDGE_CURVE ( 'NONE', #5541, #4129, #2073, .T. ) ;
#3558 = CYLINDRICAL_SURFACE ( 'NONE', #3251, 0.3196850393700786941 ) ;
#3559 = DIRECTION ( 'NONE',  ( 0.8660254037844417052, -0.4999999999999948375, 0.000000000000000000 ) ) ;
#3560 = EDGE_CURVE ( 'NONE', #816, #4874, #1205, .T. ) ;
#3561 = ORIENTED_EDGE ( 'NONE', *, *, #2870, .F. ) ;
#3562 = CARTESIAN_POINT ( 'NONE',  ( 0.000000000000000000, 0.000000000000000000, 0.6259842519685040463 ) ) ;
#3563 = DIRECTION ( 'NONE',  ( 1.000000000000000000, 0.000000000000000000, 0.000000000000000000 ) ) ;
#3564 = VERTEX_POINT ( 'NONE', #3075 ) ;
#3565 = DIRECTION ( 'NONE',  ( -1.000000000000000000, 0.000000000000000000, 0.000000000000000000 ) ) ;
#3566 = EDGE_LOOP ( 'NONE', ( #1871, #199, #3686, #114, #5844, #2900 ) ) ;
#3567 = ORIENTED_EDGE ( 'NONE', *, *, #5895, .F. ) ;
#3568 = ORIENTED_EDGE ( 'NONE', *, *, #5712, .T. ) ;
#3569 = DIRECTION ( 'NONE',  ( 0.000000000000000000, 0.000000000000000000, 1.000000000000000000 ) ) ;
#3570 = EDGE_CURVE ( 'NONE', #5711, #2801, #2536, .T. ) ;
#3571 = EDGE_CURVE ( 'NONE', #5723, #1134, #2589, .T. ) ;
#3572 = DIRECTION ( 'NONE',  ( 0.000000000000000000, 0.000000000000000000, 1.000000000000000000 ) ) ;
#3573 = EDGE_CURVE ( 'NONE', #3329, #1965, #3999, .T. ) ;
#3574 = ORIENTED_EDGE ( 'NONE', *, *, #2815, .T. ) ;
#3575 = DIRECTION ( 'NONE',  ( -1.000000000000000000, -3.441911658684135488E-15, 0.000000000000000000 ) ) ;
#3576 = EDGE_CURVE ( 'NONE', #79, #722, #2561, .T. ) ;
#3577 = ADVANCED_FACE ( 'NONE', ( #746 ), #5412, .F. ) ;
#3578 = EDGE_LOOP ( 'NONE', ( #6055, #3489, #4054, #1360 ) ) ;
#3579 = LINE ( 'NONE', #848, #1336 ) ;
#3580 = DIRECTION ( 'NONE',  ( -1.000000000000000000, -1.046341144239976999E-14, 0.000000000000000000 ) ) ;
#3581 = LINE ( 'NONE', #5449, #2853 ) ;
#3582 = DIRECTION ( 'NONE',  ( -1.000000000000000000, -1.046341144239976999E-14, 0.000000000000000000 ) ) ;
#3583 = VERTEX_POINT ( 'NONE', #4485 ) ;
#3584 = DIRECTION ( 'NONE',  ( 1.000000000000000000, 0.000000000000000000, 0.000000000000000000 ) ) ;
#3585 = LINE ( 'NONE', #4412, #5508 ) ;
#3586 = CARTESIAN_POINT ( 'NONE',  ( -0.1561809662309435742, -0.1520374181231365363, 5.272834645669290943 ) ) ;
#3587 = EDGE_LOOP ( 'NONE', ( #1455, #3805 ) ) ;
#3588 = DIRECTION ( 'NONE',  ( 0.4999999999999950595, 0.8660254037844414832, 0.000000000000000000 ) ) ;
#3589 = ORIENTED_EDGE ( 'NONE', *, *, #2043, .T. ) ;
#3590 = VECTOR ( 'NONE', #977, 39.37007874015748143 ) ;
#3591 = VERTEX_POINT ( 'NONE', #4401 ) ;
#3592 = EDGE_LOOP ( 'NONE', ( #807, #2309, #5798, #3076 ) ) ;
#3593 = CARTESIAN_POINT ( 'NONE',  ( -0.06200787401574851115, 0.1074007882646052930, 12.08110236559055117 ) ) ;
#3594 = DIRECTION ( 'NONE',  ( 0.000000000000000000, 0.000000000000000000, 1.000000000000000000 ) ) ;
#3595 = EDGE_CURVE ( 'NONE', #2679, #3483, #2630, .T. ) ;
#3596 = EDGE_CURVE ( 'NONE', #5509, #4872, #4311, .T. ) ;
#3597 = EDGE_CURVE ( 'NONE', #3422, #43, #5290, .T. ) ;
#3598 = EDGE_LOOP ( 'NONE', ( #4026, #4769, #4215, #3193 ) ) ;
#3599 = FACE_OUTER_BOUND ( 'NONE', #577, .T. ) ;
#3600 = CYLINDRICAL_SURFACE ( 'NONE', #4246, 0.09842519685039370636 ) ;
#3601 = VECTOR ( 'NONE', #1757, 39.37007874015748143 ) ;
#3602 = ORIENTED_EDGE ( 'NONE', *, *, #5375, .F. ) ;
#3603 = FACE_OUTER_BOUND ( 'NONE', #5230, .T. ) ;
#3604 = LINE ( 'NONE', #5479, #274 ) ;
#3605 = APPLICATION_CONTEXT ( 'automotive_design' ) ;
#3606 = CARTESIAN_POINT ( 'NONE',  ( -0.08842519685039371136, 0.000000000000000000, 4.051181102362204633 ) ) ;
#3607 = DIRECTION ( 'NONE',  ( 1.000000000000000000, 0.000000000000000000, 0.000000000000000000 ) ) ;
#3608 = COLOUR_RGB ( '',0.7921568627450980005, 0.8196078431372548767, 0.9333333333333333481 ) ;
#3609 = ORIENTED_EDGE ( 'NONE', *, *, #5458, .F. ) ;
#3610 = LINE ( 'NONE', #3742, #4387 ) ;
#3611 = CARTESIAN_POINT ( 'NONE',  ( 0.06200787401574927443, -0.1074007882646048490, 2.244094488188976833 ) ) ;
#3612 = DIRECTION ( 'NONE',  ( 0.000000000000000000, 0.000000000000000000, 1.000000000000000000 ) ) ;
#3613 = CARTESIAN_POINT ( 'NONE',  ( 0.000000000000000000, 0.000000000000000000, 5.423622047244094801 ) ) ;
#3614 = EDGE_CURVE ( 'NONE', #185, #4409, #3429, .T. ) ;
#3615 = ORIENTED_EDGE ( 'NONE', *, *, #3147, .F. ) ;
#3616 = DIRECTION ( 'NONE',  ( 0.5000000000000071054, -0.8660254037844345998, 0.000000000000000000 ) ) ;
#3617 = AXIS2_PLACEMENT_3D ( 'NONE', #1741, #4055, #3584 ) ;
#3618 = CARTESIAN_POINT ( 'NONE',  ( 0.06200787401574927443, -0.1074007882646048490, 3.740157480314960203 ) ) ;
#3619 = EDGE_LOOP ( 'NONE', ( #39, #6001, #3602, #2640 ) ) ;
#3620 = ORIENTED_EDGE ( 'NONE', *, *, #169, .T. ) ;
#3621 = DIRECTION ( 'NONE',  ( 1.000000000000000000, 0.000000000000000000, 0.000000000000000000 ) ) ;
#3622 = VERTEX_POINT ( 'NONE', #2129 ) ;
#3623 = DIRECTION ( 'NONE',  ( -1.000000000000000000, -1.046341144239976999E-14, 0.000000000000000000 ) ) ;
#3624 = AXIS2_PLACEMENT_3D ( 'NONE', #1782, #1720, #2672 ) ;
#3625 = DIRECTION ( 'NONE',  ( 1.000000000000000000, 1.046341144239976841E-14, 0.000000000000000000 ) ) ;
#3626 = AXIS2_PLACEMENT_3D ( 'NONE', #4197, #1870, #5649 ) ;
#3627 = DIRECTION ( 'NONE',  ( -0.000000000000000000, -0.000000000000000000, -1.000000000000000000 ) ) ;
#3628 = ADVANCED_FACE ( 'NONE', ( #2109 ), #311, .F. ) ;
#3629 = EDGE_LOOP ( 'NONE', ( #2704, #151, #5664, #172 ) ) ;
#3630 = FACE_OUTER_BOUND ( 'NONE', #1829, .T. ) ;
#3631 = CARTESIAN_POINT ( 'NONE',  ( -0.06200787401574851115, 0.1074007882646052930, 2.244094488188976833 ) ) ;
#3632 = VECTOR ( 'NONE', #619, 39.37007874015748143 ) ;
#3633 = EDGE_CURVE ( 'NONE', #2949, #160, #385, .T. ) ;
#3634 = CIRCLE ( 'NONE', #898, 0.06889763779527557919 ) ;
#3635 = VERTEX_POINT ( 'NONE', #1616 ) ;
#3636 = PLANE ( 'NONE',  #1438 ) ;
#3637 = LINE ( 'NONE', #4195, #556 ) ;
#3638 = FACE_BOUND ( 'NONE', #1552, .T. ) ;
#3639 = CARTESIAN_POINT ( 'NONE',  ( 0.000000000000000000, 0.000000000000000000, 0.2480314960629921295 ) ) ;
#3640 = VECTOR ( 'NONE', #6030, 39.37007874015748854 ) ;
#3641 = VERTEX_POINT ( 'NONE', #2185 ) ;
#3642 = CARTESIAN_POINT ( 'NONE',  ( 0.09842519685039370636, 1.205361022782828035E-17, 0.9370078740157481434 ) ) ;
#3643 = CARTESIAN_POINT ( 'NONE',  ( 0.1240157480314960647, 0.000000000000000000, 5.797637795275591088 ) ) ;
#3644 = DIRECTION ( 'NONE',  ( -1.000000000000000000, 0.000000000000000000, 0.000000000000000000 ) ) ;
#3645 = CARTESIAN_POINT ( 'NONE',  ( 0.06200787401574776869, 0.1074007882646057094, 1.933070866141732624 ) ) ;
#3646 = DIRECTION ( 'NONE',  ( -1.000000000000000000, 0.000000000000000000, 0.000000000000000000 ) ) ;
#3647 = VERTEX_POINT ( 'NONE', #4057 ) ;
#3648 = AXIS2_PLACEMENT_3D ( 'NONE', #2680, #4470, #1159 ) ;
#3649 = DIRECTION ( 'NONE',  ( -0.000000000000000000, -0.000000000000000000, -1.000000000000000000 ) ) ;
#3650 = VECTOR ( 'NONE', #4290, 39.37007874015747433 ) ;
#3651 = PLANE ( 'NONE',  #3739 ) ;
#3652 = ORIENTED_EDGE ( 'NONE', *, *, #3423, .F. ) ;
#3653 = EDGE_LOOP ( 'NONE', ( #234, #6038, #2880, #1719 ) ) ;
#3654 = EDGE_CURVE ( 'NONE', #750, #5362, #873, .T. ) ;
#3655 = PLANE ( 'NONE',  #4985 ) ;
#3656 = ORIENTED_EDGE ( 'NONE', *, *, #3177, .T. ) ;
#3657 = DIRECTION ( 'NONE',  ( 0.000000000000000000, 0.000000000000000000, 1.000000000000000000 ) ) ;
#3658 = DIRECTION ( 'NONE',  ( 0.000000000000000000, 0.000000000000000000, 1.000000000000000000 ) ) ;
#3659 = DIRECTION ( 'NONE',  ( -1.000000000000000000, -1.046341144239976999E-14, 0.000000000000000000 ) ) ;
#3660 = ORIENTED_EDGE ( 'NONE', *, *, #3768, .T. ) ;
#3661 = CARTESIAN_POINT ( 'NONE',  ( 0.07342519685039371191, 8.991993229959897949E-18, 12.45511811362204746 ) ) ;
#3662 = CARTESIAN_POINT ( 'NONE',  ( -0.1240157480314960370, -8.659973399492811311E-16, 6.856692913385827204 ) ) ;
#3663 = ORIENTED_EDGE ( 'NONE', *, *, #5227, .T. ) ;
#3664 = ADVANCED_FACE ( 'NONE', ( #5357, #5033 ), #802, .F. ) ;
#3665 = EDGE_LOOP ( 'NONE', ( #5456, #3192, #4115, #5539 ) ) ;
#3666 = CARTESIAN_POINT ( 'NONE',  ( 0.000000000000000000, 0.000000000000000000, 8.207086613622047722 ) ) ;
#3667 = DIRECTION ( 'NONE',  ( -0.000000000000000000, -0.000000000000000000, -1.000000000000000000 ) ) ;
#3668 = CARTESIAN_POINT ( 'NONE',  ( 0.06889763779527557919, 8.437527159479795937E-18, 5.860629921259842057 ) ) ;
#3669 = CARTESIAN_POINT ( 'NONE',  ( 0.1240157480314960647, 0.000000000000000000, 4.051181102362204633 ) ) ;
#3670 = ORIENTED_EDGE ( 'NONE', *, *, #2600, .T. ) ;
#3671 = LINE ( 'NONE', #5550, #2535 ) ;
#3672 = EDGE_CURVE ( 'NONE', #4885, #3406, #2332, .T. ) ;
#3673 = EDGE_CURVE ( 'NONE', #816, #4729, #4568, .T. ) ;
#3674 = EDGE_CURVE ( 'NONE', #4729, #712, #5489, .T. ) ;
#3675 = DIRECTION ( 'NONE',  ( -0.000000000000000000, 0.000000000000000000, 1.000000000000000000 ) ) ;
#3676 = DIRECTION ( 'NONE',  ( -0.000000000000000000, -0.000000000000000000, -1.000000000000000000 ) ) ;
#3677 = DIRECTION ( 'NONE',  ( -0.5000000000000069944, 0.8660254037844345998, 0.000000000000000000 ) ) ;
#3678 = CARTESIAN_POINT ( 'NONE',  ( 0.000000000000000000, 0.000000000000000000, 10.81732283803149564 ) ) ;
#3679 = EDGE_LOOP ( 'NONE', ( #5080, #968, #3797, #330 ) ) ;
#3680 = LINE ( 'NONE', #2798, #5890 ) ;
#3681 = FACE_OUTER_BOUND ( 'NONE', #1618, .T. ) ;
#3682 = VERTEX_POINT ( 'NONE', #1285 ) ;
#3683 = ORIENTED_EDGE ( 'NONE', *, *, #5759, .F. ) ;
#3684 = DIRECTION ( 'NONE',  ( 1.000000000000000000, 0.000000000000000000, -0.000000000000000000 ) ) ;
#3685 = CIRCLE ( 'NONE', #4475, 0.06889763779527557919 ) ;
#3686 = ORIENTED_EDGE ( 'NONE', *, *, #5226, .F. ) ;
#3687 = DIRECTION ( 'NONE',  ( -1.000000000000000000, 0.000000000000000000, 0.000000000000000000 ) ) ;
#3688 = EDGE_LOOP ( 'NONE', ( #1055, #1807 ) ) ;
#3689 = EDGE_CURVE ( 'NONE', #3908, #3491, #2343, .T. ) ;
#3690 = DIRECTION ( 'NONE',  ( -0.000000000000000000, -0.000000000000000000, -1.000000000000000000 ) ) ;
#3691 = VECTOR ( 'NONE', #3214, 39.37007874015748143 ) ;
#3692 = DIRECTION ( 'NONE',  ( 1.000000000000000000, 0.000000000000000000, 0.000000000000000000 ) ) ;
#3693 = ORIENTED_EDGE ( 'NONE', *, *, #5472, .F. ) ;
#3694 = DIRECTION ( 'NONE',  ( 0.000000000000000000, 0.000000000000000000, 1.000000000000000000 ) ) ;
#3695 = LINE ( 'NONE', #2746, #1397 ) ;
#3696 = CIRCLE ( 'NONE', #3986, 0.07342519685039371191 ) ;
#3697 = ORIENTED_EDGE ( 'NONE', *, *, #5243, .T. ) ;
#3698 = VERTEX_POINT ( 'NONE', #5096 ) ;
#3699 = LINE ( 'NONE', #5510, #5657 ) ;
#3700 = FACE_OUTER_BOUND ( 'NONE', #1785, .T. ) ;
#3701 = CARTESIAN_POINT ( 'NONE',  ( 0.06889763779527557919, 8.437527159479795937E-18, 3.366141732283464361 ) ) ;
#3702 = CARTESIAN_POINT ( 'NONE',  ( 0.000000000000000000, 0.000000000000000000, 0.9370078740157481434 ) ) ;
#3703 = EDGE_LOOP ( 'NONE', ( #3421, #1484, #5796, #5903 ) ) ;
#3704 = CIRCLE ( 'NONE', #3033, 0.08842519685039371136 ) ;
#3705 = LINE ( 'NONE', #5028, #272 ) ;
#3706 = CARTESIAN_POINT ( 'NONE',  ( 0.000000000000000000, 0.000000000000000000, 11.69133858606299015 ) ) ;
#3707 = CARTESIAN_POINT ( 'NONE',  ( 0.000000000000000000, 0.000000000000000000, 10.56929133803149590 ) ) ;
#3708 = CARTESIAN_POINT ( 'NONE',  ( 0.1240157480314960647, 0.000000000000000000, 11.95118110574803083 ) ) ;
#3709 = DIRECTION ( 'NONE',  ( -0.000000000000000000, -0.000000000000000000, -1.000000000000000000 ) ) ;
#3710 = AXIS2_PLACEMENT_3D ( 'NONE', #78, #3850, #175 ) ;
#3711 = ORIENTED_EDGE ( 'NONE', *, *, #5375, .T. ) ;
#3712 = CARTESIAN_POINT ( 'NONE',  ( -0.1240157480314960370, -8.659973399492811311E-16, 11.82125984590551049 ) ) ;
#3713 = ADVANCED_FACE ( 'NONE', ( #4998 ), #831, .F. ) ;
#3714 = DIRECTION ( 'NONE',  ( -1.000000000000000000, 0.000000000000000000, 0.000000000000000000 ) ) ;
#3715 = ORIENTED_EDGE ( 'NONE', *, *, #1065, .T. ) ;
#3716 = VECTOR ( 'NONE', #1446, 39.37007874015748143 ) ;
#3717 = VERTEX_POINT ( 'NONE', #891 ) ;
#3718 = DIRECTION ( 'NONE',  ( 0.000000000000000000, 0.000000000000000000, 1.000000000000000000 ) ) ;
#3719 = VERTEX_POINT ( 'NONE', #3218 ) ;
#3720 = DIRECTION ( 'NONE',  ( 1.000000000000000000, 0.000000000000000000, -0.000000000000000000 ) ) ;
#3721 = CIRCLE ( 'NONE', #2556, 0.09842519685039370636 ) ;
#3722 = DIRECTION ( 'NONE',  ( -0.000000000000000000, 0.000000000000000000, 1.000000000000000000 ) ) ;
#3723 = DIRECTION ( 'NONE',  ( 0.000000000000000000, 0.000000000000000000, 1.000000000000000000 ) ) ;
#3724 = VECTOR ( 'NONE', #2121, 39.37007874015748143 ) ;
#3725 = ORIENTED_EDGE ( 'NONE', *, *, #2948, .T. ) ;
#3726 = CARTESIAN_POINT ( 'NONE',  ( -0.6143265327702777112, 0.000000000000000000, 9.325196849842519953 ) ) ;
#3727 = LINE ( 'NONE', #2810, #137 ) ;
#3728 = EDGE_CURVE ( 'NONE', #4911, #3491, #2697, .T. ) ;
#3729 = EDGE_LOOP ( 'NONE', ( #5595, #4351, #964, #3539 ) ) ;
#3730 = VECTOR ( 'NONE', #1880, 39.37007874015748143 ) ;
#3731 = ORIENTED_EDGE ( 'NONE', *, *, #1268, .F. ) ;
#3732 = CARTESIAN_POINT ( 'NONE',  ( -0.06889763779527557919, 0.000000000000000000, 5.860629921259842057 ) ) ;
#3733 = AXIS2_PLACEMENT_3D ( 'NONE', #2629, #4507, #3090 ) ;
#3734 = DIRECTION ( 'NONE',  ( -0.000000000000000000, -0.000000000000000000, -1.000000000000000000 ) ) ;
#3735 = VECTOR ( 'NONE', #1117, 39.37007874015748143 ) ;
#3736 = LINE ( 'NONE', #2261, #1278 ) ;
#3737 = VECTOR ( 'NONE', #1163, 39.37007874015747433 ) ;
#3738 = DIRECTION ( 'NONE',  ( -0.5000000000000012212, 0.8660254037844379305, 0.000000000000000000 ) ) ;
#3739 = AXIS2_PLACEMENT_3D ( 'NONE', #3191, #5527, #5067 ) ;
#3740 = AXIS2_PLACEMENT_3D ( 'NONE', #3373, #4471, #1997 ) ;
#3741 = EDGE_LOOP ( 'NONE', ( #2295, #1620 ) ) ;
#3742 = CARTESIAN_POINT ( 'NONE',  ( 0.000000000000000000, -0.3415247957475154861, 9.325196849842519953 ) ) ;
#3743 = DIRECTION ( 'NONE',  ( 1.000000000000000000, 0.000000000000000000, 0.000000000000000000 ) ) ;
#3744 = ADVANCED_FACE ( 'NONE', ( #1316 ), #2207, .F. ) ;
#3745 = CARTESIAN_POINT ( 'NONE',  ( 0.000000000000000000, 0.000000000000000000, 1.559055118110236338 ) ) ;
#3746 = CARTESIAN_POINT ( 'NONE',  ( 0.000000000000000000, 0.000000000000000000, 2.744094488188976388 ) ) ;
#3747 = FACE_OUTER_BOUND ( 'NONE', #5210, .T. ) ;
#3748 = ORIENTED_EDGE ( 'NONE', *, *, #4305, .F. ) ;
#3749 = ADVANCED_FACE ( 'NONE', ( #3256, #1840 ), #1348, .F. ) ;
#3750 = LINE ( 'NONE', #1814, #2076 ) ;
#3751 = AXIS2_PLACEMENT_3D ( 'NONE', #2936, #2481, #4813 ) ;
#3752 = DIRECTION ( 'NONE',  ( 0.000000000000000000, 0.000000000000000000, 1.000000000000000000 ) ) ;
#3753 = ORIENTED_EDGE ( 'NONE', *, *, #3921, .T. ) ;
#3754 = ADVANCED_FACE ( 'NONE', ( #5979 ), #5134, .T. ) ;
#3755 = EDGE_LOOP ( 'NONE', ( #4188, #1751, #4439, #2800 ) ) ;
#3756 = DIRECTION ( 'NONE',  ( 0.000000000000000000, 0.000000000000000000, 1.000000000000000000 ) ) ;
#3757 = ORIENTED_EDGE ( 'NONE', *, *, #5371, .F. ) ;
#3758 = AXIS2_PLACEMENT_3D ( 'NONE', #1851, #13, #3623 ) ;
#3759 = LINE ( 'NONE', #1820, #1611 ) ;
#3760 = DIRECTION ( 'NONE',  ( 1.000000000000000000, 0.000000000000000000, 0.000000000000000000 ) ) ;
#3761 = AXIS2_PLACEMENT_3D ( 'NONE', #277, #3504, #3580 ) ;
#3762 = DIRECTION ( 'NONE',  ( -0.000000000000000000, -0.000000000000000000, -1.000000000000000000 ) ) ;
#3763 = ADVANCED_FACE ( 'NONE', ( #434 ), #3186, .F. ) ;
#3764 = ORIENTED_EDGE ( 'NONE', *, *, #5620, .T. ) ;
#3765 = FACE_OUTER_BOUND ( 'NONE', #1857, .T. ) ;
#3766 = EDGE_CURVE ( 'NONE', #3182, #4213, #4174, .T. ) ;
#3767 = DIRECTION ( 'NONE',  ( 1.000000000000000000, 1.445602896647339410E-16, 0.000000000000000000 ) ) ;
#3768 = EDGE_CURVE ( 'NONE', #1993, #4499, #2299, .T. ) ;
#3769 = VERTEX_POINT ( 'NONE', #3708 ) ;
#3770 = EDGE_CURVE ( 'NONE', #3583, #3422, #5588, .T. ) ;
#3771 = ADVANCED_FACE ( 'NONE', ( #1 ), #1876, .T. ) ;
#3772 = CARTESIAN_POINT ( 'NONE',  ( -0.06200787401574702623, -0.1074007882646061396, 0.8740157480314961758 ) ) ;
#3773 = LINE ( 'NONE', #617, #1545 ) ;
#3774 = DIRECTION ( 'NONE',  ( 1.000000000000000000, 0.000000000000000000, 0.000000000000000000 ) ) ;
#3775 = ADVANCED_FACE ( 'NONE', ( #4365, #5253 ), #2496, .F. ) ;
#3776 = CARTESIAN_POINT ( 'NONE',  ( 0.1240157480314960647, 0.000000000000000000, 12.08110236559055117 ) ) ;
#3777 = EDGE_CURVE ( 'NONE', #5331, #5987, #1367, .T. ) ;
#3778 = ORIENTED_EDGE ( 'NONE', *, *, #1698, .T. ) ;
#3779 = FACE_OUTER_BOUND ( 'NONE', #1098, .T. ) ;
#3780 = DIRECTION ( 'NONE',  ( 0.000000000000000000, 0.000000000000000000, 1.000000000000000000 ) ) ;
#3781 = DIRECTION ( 'NONE',  ( 1.000000000000000000, 0.000000000000000000, -0.000000000000000000 ) ) ;
#3782 = DIRECTION ( 'NONE',  ( 1.000000000000000000, 0.000000000000000000, 0.000000000000000000 ) ) ;
#3783 = PLANE ( 'NONE',  #4125 ) ;
#3784 = ORIENTED_EDGE ( 'NONE', *, *, #3513, .F. ) ;
#3785 = DIRECTION ( 'NONE',  ( -1.000000000000000000, 0.000000000000000000, 0.000000000000000000 ) ) ;
#3786 = VERTEX_POINT ( 'NONE', #37 ) ;
#3787 = ORIENTED_EDGE ( 'NONE', *, *, #3674, .F. ) ;
#3788 = DIRECTION ( 'NONE',  ( 1.000000000000000000, 0.000000000000000000, 0.000000000000000000 ) ) ;
#3789 = EDGE_LOOP ( 'NONE', ( #2019, #2340, #1279, #4684 ) ) ;
#3790 = CARTESIAN_POINT ( 'NONE',  ( 0.3196850393700786941, 3.915012601998624920E-17, 7.462992125433071777 ) ) ;
#3791 = DIRECTION ( 'NONE',  ( 1.000000000000000000, 0.000000000000000000, 0.000000000000000000 ) ) ;
#3792 = LINE ( 'NONE', #5727, #3323 ) ;
#3793 = AXIS2_PLACEMENT_3D ( 'NONE', #1994, #550, #3831 ) ;
#3794 = EDGE_LOOP ( 'NONE', ( #4805, #217, #6023, #2967 ) ) ;
#3795 = CARTESIAN_POINT ( 'NONE',  ( 0.000000000000000000, 0.000000000000000000, 6.919685039370079060 ) ) ;
#3796 = LINE ( 'NONE', #911, #3468 ) ;
#3797 = ORIENTED_EDGE ( 'NONE', *, *, #3125, .F. ) ;
#3798 = EDGE_CURVE ( 'NONE', #4879, #5660, #5164, .T. ) ;
#3799 = EDGE_CURVE ( 'NONE', #2210, #294, #5581, .T. ) ;
#3800 = AXIS2_PLACEMENT_3D ( 'NONE', #33, #2426, #1077 ) ;
#3801 = DIRECTION ( 'NONE',  ( 1.000000000000000000, 0.000000000000000000, 0.000000000000000000 ) ) ;
#3802 = CARTESIAN_POINT ( 'NONE',  ( 0.1956443936964287755, 0.3388660300982301310, 9.947244093937008813 ) ) ;
#3803 = CARTESIAN_POINT ( 'NONE',  ( -0.1240157480314960370, -8.659973399492811311E-16, 11.95118110574803083 ) ) ;
#3804 = CYLINDRICAL_SURFACE ( 'NONE', #2173, 0.09842519685039370636 ) ;
#3805 = ORIENTED_EDGE ( 'NONE', *, *, #4677, .T. ) ;
#3806 = DIRECTION ( 'NONE',  ( 1.000000000000000000, 3.441911658684136277E-15, 0.000000000000000000 ) ) ;
#3807 = DIRECTION ( 'NONE',  ( 0.8660254037844415942, -0.4999999999999948930, 0.000000000000000000 ) ) ;
#3808 = DIRECTION ( 'NONE',  ( 0.5000000000000071054, -0.8660254037844345998, 0.000000000000000000 ) ) ;
#3809 = DIRECTION ( 'NONE',  ( 0.000000000000000000, 0.000000000000000000, 1.000000000000000000 ) ) ;
#3810 = DIRECTION ( 'NONE',  ( -0.4999999999999948375, -0.8660254037844417052, 0.000000000000000000 ) ) ;
#3811 = DIRECTION ( 'NONE',  ( 0.000000000000000000, 0.000000000000000000, 1.000000000000000000 ) ) ;
#3812 = VECTOR ( 'NONE', #3941, 39.37007874015748143 ) ;
#3813 = LENGTH_MEASURE_WITH_UNIT ( LENGTH_MEASURE( 0.02539999999999999897 ), #139 );
#3814 = EDGE_LOOP ( 'NONE', ( #5074, #3095, #1886, #4005, #2577, #4687 ) ) ;
#3815 = EDGE_LOOP ( 'NONE', ( #1514, #1293, #3290, #237 ) ) ;
#3816 = CARTESIAN_POINT ( 'NONE',  ( -0.08842519685039371136, 0.000000000000000000, 2.244094488188976833 ) ) ;
#3817 = ADVANCED_FACE ( 'NONE', ( #3871 ), #4829, .F. ) ;
#3818 = ORIENTED_EDGE ( 'NONE', *, *, #2415, .F. ) ;
#3819 = CARTESIAN_POINT ( 'NONE',  ( 0.2999999999999999889, 3.673940397442058882E-17, 9.699212597874016240 ) ) ;
#3820 = VERTEX_POINT ( 'NONE', #3285 ) ;
#3821 = FACE_OUTER_BOUND ( 'NONE', #598, .T. ) ;
#3822 = VECTOR ( 'NONE', #3563, 39.37007874015748143 ) ;
#3823 = CARTESIAN_POINT ( 'NONE',  ( -0.5647479010362571605, -0.4393857169676113061, 10.56929133803149767 ) ) ;
#3824 = AXIS2_PLACEMENT_3D ( 'NONE', #5328, #4399, #1639 ) ;
#3825 = ORIENTED_EDGE ( 'NONE', *, *, #984, .T. ) ;
#3826 = CARTESIAN_POINT ( 'NONE',  ( 0.09842519685039370636, 1.205361022782828035E-17, 6.919685039370079060 ) ) ;
#3827 = FACE_OUTER_BOUND ( 'NONE', #1823, .T. ) ;
#3828 = EDGE_LOOP ( 'NONE', ( #1613, #409, #2974, #3945 ) ) ;
#3829 = AXIS2_PLACEMENT_3D ( 'NONE', #504, #2374, #5199 ) ;
#3830 = EDGE_CURVE ( 'NONE', #1573, #4310, #5786, .T. ) ;
#3831 = DIRECTION ( 'NONE',  ( 1.000000000000000000, 0.000000000000000000, 0.000000000000000000 ) ) ;
#3832 = DIRECTION ( 'NONE',  ( -0.000000000000000000, -0.000000000000000000, -1.000000000000000000 ) ) ;
#3833 = CARTESIAN_POINT ( 'NONE',  ( 0.3912887873928638238, 2.732354998561485124E-15, 10.44330708606299396 ) ) ;
#3834 = VECTOR ( 'NONE', #2132, 39.37007874015748143 ) ;
#3835 = FACE_OUTER_BOUND ( 'NONE', #4489, .T. ) ;
#3836 = VECTOR ( 'NONE', #2232, 39.37007874015748143 ) ;
#3837 = ORIENTED_EDGE ( 'NONE', *, *, #4719, .T. ) ;
#3838 = DIRECTION ( 'NONE',  ( 0.000000000000000000, 0.000000000000000000, 1.000000000000000000 ) ) ;
#3839 = LINE ( 'NONE', #2952, #2842 ) ;
#3840 = PLANE ( 'NONE',  #638 ) ;
#3841 = CARTESIAN_POINT ( 'NONE',  ( 0.000000000000000000, 0.000000000000000000, 5.860629921259842057 ) ) ;
#3842 = FACE_OUTER_BOUND ( 'NONE', #4610, .T. ) ;
#3843 = VECTOR ( 'NONE', #4704, 39.37007874015748143 ) ;
#3844 = DIRECTION ( 'NONE',  ( -0.5000000000000069944, 0.8660254037844345998, 0.000000000000000000 ) ) ;
#3845 = CIRCLE ( 'NONE', #411, 0.2649999999999999578 ) ;
#3846 = VERTEX_POINT ( 'NONE', #3319 ) ;
#3847 = VERTEX_POINT ( 'NONE', #5222 ) ;
#3848 = DIRECTION ( 'NONE',  ( 1.000000000000000000, 0.000000000000000000, -0.000000000000000000 ) ) ;
#3849 = VERTEX_POINT ( 'NONE', #3382 ) ;
#3850 = DIRECTION ( 'NONE',  ( 0.000000000000000000, 0.000000000000000000, 1.000000000000000000 ) ) ;
#3851 = ORIENTED_EDGE ( 'NONE', *, *, #1548, .T. ) ;
#3852 = DIRECTION ( 'NONE',  ( -1.000000000000000000, 0.000000000000000000, 0.000000000000000000 ) ) ;
#3853 = EDGE_CURVE ( 'NONE', #5594, #1482, #533, .T. ) ;
#3854 = DIRECTION ( 'NONE',  ( -0.000000000000000000, -0.000000000000000000, -1.000000000000000000 ) ) ;
#3855 = AXIS2_PLACEMENT_3D ( 'NONE', #4860, #3503, #1267 ) ;
#3856 = VERTEX_POINT ( 'NONE', #164 ) ;
#3857 = ORIENTED_EDGE ( 'NONE', *, *, #822, .F. ) ;
#3858 = CARTESIAN_POINT ( 'NONE',  ( 0.000000000000000000, 0.000000000000000000, 2.744094488188976388 ) ) ;
#3859 = LINE ( 'NONE', #5731, #4738 ) ;
#3860 = ORIENTED_EDGE ( 'NONE', *, *, #681, .T. ) ;
#3861 = DIRECTION ( 'NONE',  ( 1.000000000000000000, 1.046341144239976841E-14, 0.000000000000000000 ) ) ;
#3862 = DIRECTION ( 'NONE',  ( 1.000000000000000000, 1.046341144239976841E-14, 0.000000000000000000 ) ) ;
#3863 = DIRECTION ( 'NONE',  ( 0.5000000000000012212, -0.8660254037844379305, 0.000000000000000000 ) ) ;
#3864 = DIRECTION ( 'NONE',  ( -0.000000000000000000, -0.000000000000000000, -1.000000000000000000 ) ) ;
#3865 = ADVANCED_FACE ( 'NONE', ( #2461 ), #5193, .F. ) ;
#3866 = ORIENTED_EDGE ( 'NONE', *, *, #6056, .F. ) ;
#3867 = CYLINDRICAL_SURFACE ( 'NONE', #959, 0.3200000000000000067 ) ;
#3868 = AXIS2_PLACEMENT_3D ( 'NONE', #4379, #1553, #4907 ) ;
#3869 = DIRECTION ( 'NONE',  ( 0.8660254037844415942, -0.4999999999999948930, 0.000000000000000000 ) ) ;
#3870 = CARTESIAN_POINT ( 'NONE',  ( -0.0006802607098644175955, 0.09842284602878219324, 10.81732283803149564 ) ) ;
#3871 = FACE_OUTER_BOUND ( 'NONE', #2136, .T. ) ;
#3872 = PLANE ( 'NONE',  #997 ) ;
#3873 = DIRECTION ( 'NONE',  ( 1.000000000000000000, 0.000000000000000000, 0.000000000000000000 ) ) ;
#3874 = ADVANCED_FACE ( 'NONE', ( #3901, #2362 ), #2397, .F. ) ;
#3875 = ADVANCED_FACE ( 'NONE', ( #4699 ), #493, .T. ) ;
#3876 = EDGE_CURVE ( 'NONE', #4632, #3201, #4337, .T. ) ;
#3877 = VERTEX_POINT ( 'NONE', #5281 ) ;
#3878 = ORIENTED_EDGE ( 'NONE', *, *, #251, .F. ) ;
#3879 = PLANE ( 'NONE',  #2641 ) ;
#3880 = VERTEX_POINT ( 'NONE', #4734 ) ;
#3881 =( CONVERSION_BASED_UNIT ( 'INCH', #145 ) LENGTH_UNIT ( ) NAMED_UNIT ( #1806 ) );
#3882 = EDGE_LOOP ( 'NONE', ( #2876, #4641, #1648, #806 ) ) ;
#3883 = CARTESIAN_POINT ( 'NONE',  ( 0.1240157480314960647, 0.000000000000000000, 5.549606299212598515 ) ) ;
#3884 = CARTESIAN_POINT ( 'NONE',  ( 0.06200787401574927443, -0.1074007882646048490, 4.051181102362204633 ) ) ;
#3885 = VERTEX_POINT ( 'NONE', #5686 ) ;
#3886 = ORIENTED_EDGE ( 'NONE', *, *, #1503, .T. ) ;
#3887 = DIRECTION ( 'NONE',  ( -1.000000000000000000, -3.441911658684135488E-15, 0.000000000000000000 ) ) ;
#3888 = DIRECTION ( 'NONE',  ( -0.000000000000000000, -0.000000000000000000, -1.000000000000000000 ) ) ;
#3889 = EDGE_CURVE ( 'NONE', #3849, #1090, #1477, .T. ) ;
#3890 = ORIENTED_EDGE ( 'NONE', *, *, #5016, .T. ) ;
#3891 = LINE ( 'NONE', #1188, #4620 ) ;
#3892 = LINE ( 'NONE', #2884, #1338 ) ;
#3893 = ADVANCED_FACE ( 'NONE', ( #2891 ), #4762, .T. ) ;
#3894 = DIRECTION ( 'NONE',  ( 1.000000000000000000, 1.046341144239976841E-14, 0.000000000000000000 ) ) ;
#3895 = DIRECTION ( 'NONE',  ( -0.000000000000000000, -0.000000000000000000, -1.000000000000000000 ) ) ;
#3896 = VECTOR ( 'NONE', #3372, 39.37007874015748143 ) ;
#3897 = ORIENTED_EDGE ( 'NONE', *, *, #620, .T. ) ;
#3898 = CARTESIAN_POINT ( 'NONE',  ( -0.6143265327702777112, -0.3415247957475154861, 8.333070865590551435 ) ) ;
#3899 = DIRECTION ( 'NONE',  ( -1.000000000000000000, 0.000000000000000000, 0.000000000000000000 ) ) ;
#3900 = CARTESIAN_POINT ( 'NONE',  ( 0.06200787401574776869, 0.1074007882646057094, 12.08110236559055117 ) ) ;
#3901 = FACE_BOUND ( 'NONE', #5852, .T. ) ;
#3902 = DIRECTION ( 'NONE',  ( -0.5000000000000069944, 0.8660254037844345998, 0.000000000000000000 ) ) ;
#3903 = CARTESIAN_POINT ( 'NONE',  ( 0.000000000000000000, 0.000000000000000000, 6.856692913385827204 ) ) ;
#3904 = APPLICATION_PROTOCOL_DEFINITION ( 'draft international standard', 'automotive_design', 1998, #3605 ) ;
#3905 = ORIENTED_EDGE ( 'NONE', *, *, #4779, .T. ) ;
#3906 = VERTEX_POINT ( 'NONE', #560 ) ;
#3907 = CYLINDRICAL_SURFACE ( 'NONE', #210, 0.2999999999999999889 ) ;
#3908 = VERTEX_POINT ( 'NONE', #195 ) ;
#3909 = CARTESIAN_POINT ( 'NONE',  ( 0.06200787401574776869, 0.1074007882646057094, 5.549606299212598515 ) ) ;
#3910 = ORIENTED_EDGE ( 'NONE', *, *, #431, .T. ) ;
#3911 = EDGE_CURVE ( 'NONE', #2334, #1864, #4706, .T. ) ;
#3912 = DIRECTION ( 'NONE',  ( -0.4999999999999950595, -0.8660254037844414832, 0.000000000000000000 ) ) ;
#3913 = VECTOR ( 'NONE', #4187, 39.37007874015748143 ) ;
#3914 = DIRECTION ( 'NONE',  ( -1.000000000000000000, 0.000000000000000000, 0.000000000000000000 ) ) ;
#3915 = VERTEX_POINT ( 'NONE', #2065 ) ;
#3916 = ORIENTED_EDGE ( 'NONE', *, *, #5344, .T. ) ;
#3917 = CARTESIAN_POINT ( 'NONE',  ( -0.06200787401574851115, 0.1074007882646052930, 11.69133858606299015 ) ) ;
#3918 = FACE_OUTER_BOUND ( 'NONE', #925, .T. ) ;
#3919 = ORIENTED_EDGE ( 'NONE', *, *, #3494, .F. ) ;
#3920 = AXIS2_PLACEMENT_3D ( 'NONE', #4770, #4253, #996 ) ;
#3921 = EDGE_CURVE ( 'NONE', #417, #4905, #658, .T. ) ;
#3922 = AXIS2_PLACEMENT_3D ( 'NONE', #1080, #1970, #2954 ) ;
#3923 = EDGE_LOOP ( 'NONE', ( #4664, #1181, #2131, #2588 ) ) ;
#3924 = FACE_OUTER_BOUND ( 'NONE', #5356, .T. ) ;
#3925 = LINE ( 'NONE', #2518, #6046 ) ;
#3926 = AXIS2_PLACEMENT_3D ( 'NONE', #3643, #2761, #5551 ) ;
#3927 = DIRECTION ( 'NONE',  ( -0.8660254037844414832, 0.4999999999999950595, 0.000000000000000000 ) ) ;
#3928 = ORIENTED_EDGE ( 'NONE', *, *, #5540, .T. ) ;
#3929 = CARTESIAN_POINT ( 'NONE',  ( -0.1311809662309435798, -0.1270374181231365418, 5.272834645669290943 ) ) ;
#3930 = ADVANCED_BREP_SHAPE_REPRESENTATION ( 'RIFTS_RF_Pathway_Reference_Model', ( #3479, #1597 ), #5323 ) ;
#3931 = DIRECTION ( 'NONE',  ( -0.000000000000000000, -0.000000000000000000, -1.000000000000000000 ) ) ;
#3932 = CYLINDRICAL_SURFACE ( 'NONE', #5630, 0.1240157480314960509 ) ;
#3933 = AXIS2_PLACEMENT_3D ( 'NONE', #5386, #1580, #5984 ) ;
#3934 = CARTESIAN_POINT ( 'NONE',  ( 0.06200787401574776869, 0.1074007882646057094, 1.685039370078740495 ) ) ;
#3935 = CYLINDRICAL_SURFACE ( 'NONE', #3447, 0.09842519685039370636 ) ;
#3936 = CARTESIAN_POINT ( 'NONE',  ( 0.06200787401574927443, -0.1074007882646048490, 5.797637795275591088 ) ) ;
#3937 = CIRCLE ( 'NONE', #4123, 0.09842519685039370636 ) ;
#3938 = VECTOR ( 'NONE', #5717, 39.37007874015748854 ) ;
#3939 = ORIENTED_EDGE ( 'NONE', *, *, #5544, .F. ) ;
#3940 = EDGE_CURVE ( 'NONE', #972, #2380, #3442, .T. ) ;
#3941 = DIRECTION ( 'NONE',  ( -0.4999999999999948375, -0.8660254037844417052, 0.000000000000000000 ) ) ;
#3942 = DIRECTION ( 'NONE',  ( 0.5000000000000071054, -0.8660254037844345998, 0.000000000000000000 ) ) ;
#3943 = ORIENTED_EDGE ( 'NONE', *, *, #297, .F. ) ;
#3944 = CARTESIAN_POINT ( 'NONE',  ( -0.06200787401574702623, -0.1074007882646061396, 11.19133858606299015 ) ) ;
#3945 = ORIENTED_EDGE ( 'NONE', *, *, #138, .T. ) ;
#3946 = CARTESIAN_POINT ( 'NONE',  ( 0.09842519685039370636, 1.205361022782828035E-17, 2.618110236220472675 ) ) ;
#3947 = VECTOR ( 'NONE', #3575, 39.37007874015748143 ) ;
#3948 = EDGE_CURVE ( 'NONE', #682, #672, #1115, .T. ) ;
#3949 = ORIENTED_EDGE ( 'NONE', *, *, #632, .F. ) ;
#3950 = AXIS2_PLACEMENT_3D ( 'NONE', #1489, #5237, #6026 ) ;
#3951 = ORIENTED_EDGE ( 'NONE', *, *, #6063, .T. ) ;
#3952 = ORIENTED_EDGE ( 'NONE', *, *, #5963, .F. ) ;
#3953 = FACE_OUTER_BOUND ( 'NONE', #270, .T. ) ;
#3954 = CARTESIAN_POINT ( 'NONE',  ( -0.06200787401574702623, -0.1074007882646061396, 6.856692913385827204 ) ) ;
#3955 = ORIENTED_EDGE ( 'NONE', *, *, #4896, .T. ) ;
#3956 = VECTOR ( 'NONE', #3888, 39.37007874015748143 ) ;
#3957 = EDGE_CURVE ( 'NONE', #4802, #5437, #1568, .T. ) ;
#3958 = EDGE_CURVE ( 'NONE', #3056, #5452, #6070, .T. ) ;
#3959 = ORIENTED_EDGE ( 'NONE', *, *, #857, .T. ) ;
#3960 = DIRECTION ( 'NONE',  ( 1.000000000000000000, 0.000000000000000000, 0.000000000000000000 ) ) ;
#3961 = AXIS2_PLACEMENT_3D ( 'NONE', #2805, #4680, #3720 ) ;
#3962 = EDGE_CURVE ( 'NONE', #2425, #86, #5041, .T. ) ;
#3963 = CIRCLE ( 'NONE', #4148, 0.08842519685039371136 ) ;
#3964 = CARTESIAN_POINT ( 'NONE',  ( -0.06200787401574702623, -0.1074007882646061396, 11.69133858606299015 ) ) ;
#3965 = EDGE_CURVE ( 'NONE', #1228, #1928, #902, .T. ) ;
#3966 = ORIENTED_EDGE ( 'NONE', *, *, #1572, .T. ) ;
#3967 = VECTOR ( 'NONE', #1416, 39.37007874015748143 ) ;
#3968 = DIRECTION ( 'NONE',  ( -0.000000000000000000, -0.000000000000000000, -1.000000000000000000 ) ) ;
#3969 = DIRECTION ( 'NONE',  ( -0.000000000000000000, -0.000000000000000000, -1.000000000000000000 ) ) ;
#3970 = CARTESIAN_POINT ( 'NONE',  ( 0.1240157480314960647, 0.000000000000000000, 11.82125984590551049 ) ) ;
#3971 = ADVANCED_FACE ( 'NONE', ( #4153 ), #3655, .F. ) ;
#3972 = FACE_OUTER_BOUND ( 'NONE', #5597, .T. ) ;
#3973 = CARTESIAN_POINT ( 'NONE',  ( 0.1240157480314960509, 1.518754888706363084E-17, 0.9370078740157481434 ) ) ;
#3974 = VERTEX_POINT ( 'NONE', #1786 ) ;
#3975 = DIRECTION ( 'NONE',  ( -1.000000000000000000, -3.441911658684135488E-15, 0.000000000000000000 ) ) ;
#3976 = EDGE_LOOP ( 'NONE', ( #4491, #3207, #762, #864 ) ) ;
#3977 = CARTESIAN_POINT ( 'NONE',  ( 0.1561809662309435742, -0.1520374181231365363, 5.272834645669290943 ) ) ;
#3978 = ORIENTED_EDGE ( 'NONE', *, *, #2142, .F. ) ;
#3979 = PLANE ( 'NONE',  #5975 ) ;
#3980 = ORIENTED_EDGE ( 'NONE', *, *, #1845, .F. ) ;
#3981 = ORIENTED_EDGE ( 'NONE', *, *, #3427, .F. ) ;
#3982 = ORIENTED_EDGE ( 'NONE', *, *, #5755, .T. ) ;
#3983 = DIRECTION ( 'NONE',  ( 1.000000000000000000, 0.000000000000000000, 0.000000000000000000 ) ) ;
#3984 = ORIENTED_EDGE ( 'NONE', *, *, #3557, .T. ) ;
#3985 = DIRECTION ( 'NONE',  ( -0.000000000000000000, -0.000000000000000000, -1.000000000000000000 ) ) ;
#3986 = AXIS2_PLACEMENT_3D ( 'NONE', #4050, #5913, #1712 ) ;
#3987 = EDGE_CURVE ( 'NONE', #5119, #4441, #2154, .T. ) ;
#3988 = EDGE_LOOP ( 'NONE', ( #735, #2325, #1649, #4354, #5240, #3474 ) ) ;
#3989 = AXIS2_PLACEMENT_3D ( 'NONE', #2575, #4419, #250 ) ;
#3990 = CARTESIAN_POINT ( 'NONE',  ( -0.09842519685039370636, 0.000000000000000000, 0.3740157480314960647 ) ) ;
#3991 = FACE_OUTER_BOUND ( 'NONE', #1211, .T. ) ;
#3992 = CARTESIAN_POINT ( 'NONE',  ( 0.000000000000000000, 0.000000000000000000, 11.95118110574803083 ) ) ;
#3993 = DIRECTION ( 'NONE',  ( 1.000000000000000000, 0.000000000000000000, 0.000000000000000000 ) ) ;
#3994 = CIRCLE ( 'NONE', #5176, 0.09842519685039370636 ) ;
#3995 = EDGE_LOOP ( 'NONE', ( #4170, #3451, #4927, #5739 ) ) ;
#3996 = LINE ( 'NONE', #4025, #3230 ) ;
#3997 = EDGE_LOOP ( 'NONE', ( #820, #495, #5822, #4948 ) ) ;
#3998 = VECTOR ( 'NONE', #2322, 39.37007874015748143 ) ;
#3999 = LINE ( 'NONE', #1718, #1256 ) ;
#4000 = ORIENTED_EDGE ( 'NONE', *, *, #308, .T. ) ;
#4001 = CARTESIAN_POINT ( 'NONE',  ( 0.06200787401574927443, -0.1074007882646048490, 5.549606299212598515 ) ) ;
#4002 = EDGE_LOOP ( 'NONE', ( #5867, #83 ) ) ;
#4003 = ADVANCED_FACE ( 'NONE', ( #5071 ), #5105, .F. ) ;
#4004 = ORIENTED_EDGE ( 'NONE', *, *, #585, .T. ) ;
#4005 = ORIENTED_EDGE ( 'NONE', *, *, #1593, .F. ) ;
#4006 = DIRECTION ( 'NONE',  ( -1.000000000000000000, 0.000000000000000000, 0.000000000000000000 ) ) ;
#4007 = DIRECTION ( 'NONE',  ( 0.5000000000000012212, -0.8660254037844379305, 0.000000000000000000 ) ) ;
#4008 = CLOSED_SHELL ( 'NONE', ( #2983, #4407, #2548, #5921, #869, #255, #1961, #612, #4693, #3754, #3893, #324, #198, #3311, #1143, #5036, #5313, #5305, #692, #2783, #4537, #4967, #1454, #2025, #2702, #4550, #3505, #2000, #5012, #5939, #317, #1323, #5666, #2417, #3310, #1385, #793, #699, #5182, #948, #5424, #148, #4132, #3971, #3181, #2660, #4060, #5601, #5083, #520, #5857, #4670, #315, #985, #293, #3347, #5345, #4328, #1328, #2482, #752, #1465, #2449, #2202, #4122, #4766, #3713, #4816, #3744, #2675, #4524, #5862, #2650, #4662, #4375, #2673, #5637, #2053, #3109, #2130, #4445, #2940, #3510, #3771, #2939, #3865, #2326, #3206, #1802, #936, #5228, #4960, #1252, #2599, #3628, #1379, #2368, #3763, #1975, #1201, #4858, #4695, #1963, #1304, #2683, #3120, #2217, #5094, #4341, #3874, #5795, #651, #5121, #4984, #4033, #2225, #1732, #4871, #5864, #4648, #3519, #3817, #5486, #4730, #5640, #2329, #4192, #4003, #5403, #3536, #4131, #3664, #1412, #5931, #4442, #5482, #5029, #2484, #5832, #3749, #1846, #4458, #4395, #3775, #168, #3875, #768, #4830, #760, #5044, #5746, #1312, #4974, #1628, #1142, #2084, #792, #2411, #1067, #1924, #4480, #497, #4210, #2159, #247, #957, #4072, #813, #4895, #2850, #4563, #5793, #3375, #5995, #1172, #5118, #966, #2046, #1038, #945, #2606, #543, #5445, #518, #2300, #2563, #3113, #1651, #3577, #105, #5914, #4415, #1891, #4486, #4062, #1435, #1405, #2497, #2828, #3055, #3325, #706, #2864, #5740, #3367, #571, #5738, #1230, #5490, #5754, #40, #1469, #216, #4361 ) ) ;
#4009 = EDGE_CURVE ( 'NONE', #1457, #2113, #878, .T. ) ;
#4010 = ORIENTED_EDGE ( 'NONE', *, *, #3596, .F. ) ;
#4011 = DIRECTION ( 'NONE',  ( -0.000000000000000000, -0.000000000000000000, -1.000000000000000000 ) ) ;
#4012 = AXIS2_PLACEMENT_3D ( 'NONE', #4613, #413, #3389 ) ;
#4013 = EDGE_CURVE ( 'NONE', #3682, #3885, #5881, .T. ) ;
#4014 = AXIS2_PLACEMENT_3D ( 'NONE', #1887, #5596, #4643 ) ;
#4015 = EDGE_LOOP ( 'NONE', ( #2054, #2544, #3345, #5106 ) ) ;
#4016 = CARTESIAN_POINT ( 'NONE',  ( 0.1311809662309435798, -0.1270374181231365418, 5.272834645669290943 ) ) ;
#4017 = VECTOR ( 'NONE', #6074, 39.37007874015748143 ) ;
#4018 = DIRECTION ( 'NONE',  ( -0.000000000000000000, -0.000000000000000000, -1.000000000000000000 ) ) ;
#4019 = CARTESIAN_POINT ( 'NONE',  ( -0.1240157480314960370, -8.659973399492811311E-16, 0.6259842519685040463 ) ) ;
#4020 = CARTESIAN_POINT ( 'NONE',  ( 0.000000000000000000, 0.000000000000000000, 9.947244093937008813 ) ) ;
#4021 = CIRCLE ( 'NONE', #1866, 0.3200000000000000067 ) ;
#4022 = ORIENTED_EDGE ( 'NONE', *, *, #2270, .F. ) ;
#4023 = EDGE_CURVE ( 'NONE', #2977, #4837, #865, .T. ) ;
#4024 = EDGE_CURVE ( 'NONE', #5947, #875, #3263, .T. ) ;
#4025 = CARTESIAN_POINT ( 'NONE',  ( -0.1240157480314960370, -8.659973399492811311E-16, 2.492125984251968962 ) ) ;
#4026 = ORIENTED_EDGE ( 'NONE', *, *, #2593, .T. ) ;
#4027 = DIRECTION ( 'NONE',  ( -0.000000000000000000, -0.000000000000000000, -1.000000000000000000 ) ) ;
#4028 = VERTEX_POINT ( 'NONE', #3131 ) ;
#4029 = CYLINDRICAL_SURFACE ( 'NONE', #301, 0.06889763779527557919 ) ;
#4030 = EDGE_CURVE ( 'NONE', #1555, #1427, #5142, .T. ) ;
#4031 = AXIS2_PLACEMENT_3D ( 'NONE', #4673, #466, #3222 ) ;
#4032 = ORIENTED_EDGE ( 'NONE', *, *, #5600, .F. ) ;
#4033 = ADVANCED_FACE ( 'NONE', ( #2802 ), #471, .F. ) ;
#4034 = VECTOR ( 'NONE', #3738, 39.37007874015748854 ) ;
#4035 = ORIENTED_EDGE ( 'NONE', *, *, #4410, .T. ) ;
#4036 = VECTOR ( 'NONE', #2339, 39.37007874015748143 ) ;
#4037 = ORIENTED_EDGE ( 'NONE', *, *, #4030, .T. ) ;
#4038 = DIRECTION ( 'NONE',  ( -0.4999999999999948375, -0.8660254037844417052, 0.000000000000000000 ) ) ;
#4039 = AXIS2_PLACEMENT_3D ( 'NONE', #4127, #5078, #784 ) ;
#4040 = DIRECTION ( 'NONE',  ( -0.000000000000000000, -0.000000000000000000, -1.000000000000000000 ) ) ;
#4041 = VECTOR ( 'NONE', #3223, 39.37007874015748143 ) ;
#4042 = EDGE_CURVE ( 'NONE', #185, #4676, #1356, .T. ) ;
#4043 = VECTOR ( 'NONE', #812, 39.37007874015748854 ) ;
#4044 = ORIENTED_EDGE ( 'NONE', *, *, #908, .F. ) ;
#4045 = CYLINDRICAL_SURFACE ( 'NONE', #2370, 0.06889763779527557919 ) ;
#4046 = AXIS2_PLACEMENT_3D ( 'NONE', #3465, #4882, #213 ) ;
#4047 = VERTEX_POINT ( 'NONE', #2277 ) ;
#4048 = DIRECTION ( 'NONE',  ( 0.000000000000000000, 1.000000000000000000, -0.000000000000000000 ) ) ;
#4049 = AXIS2_PLACEMENT_3D ( 'NONE', #5702, #1496, #5762 ) ;
#4050 = CARTESIAN_POINT ( 'NONE',  ( 0.000000000000000000, 0.000000000000000000, 11.69133858606299015 ) ) ;
#4051 = CARTESIAN_POINT ( 'NONE',  ( 0.000000000000000000, 0.000000000000000000, 2.244094488188976833 ) ) ;
#4052 = DIRECTION ( 'NONE',  ( 1.000000000000000000, 0.000000000000000000, 0.000000000000000000 ) ) ;
#4053 = CIRCLE ( 'NONE', #5831, 0.08842519685039371136 ) ;
#4054 = ORIENTED_EDGE ( 'NONE', *, *, #1862, .T. ) ;
#4055 = DIRECTION ( 'NONE',  ( 0.000000000000000000, 0.000000000000000000, 1.000000000000000000 ) ) ;
#4056 = LINE ( 'NONE', #2480, #2663 ) ;
#4057 = CARTESIAN_POINT ( 'NONE',  ( 0.1311809662309435798, 0.1485531330579657749, 2.744094488188976388 ) ) ;
#4058 = ORIENTED_EDGE ( 'NONE', *, *, #3506, .F. ) ;
#4059 = CARTESIAN_POINT ( 'NONE',  ( -0.1956443936964311348, -0.3388660300982287432, 10.44330708606299396 ) ) ;
#4060 = ADVANCED_FACE ( 'NONE', ( #3166 ), #2678, .T. ) ;
#4061 = EDGE_CURVE ( 'NONE', #4310, #1573, #5406, .T. ) ;
#4062 = ADVANCED_FACE ( 'NONE', ( #2245 ), #4117, .T. ) ;
#4063 = EDGE_LOOP ( 'NONE', ( #5122, #3037, #3857, #1700 ) ) ;
#4064 = ORIENTED_EDGE ( 'NONE', *, *, #5930, .F. ) ;
#4065 = EDGE_LOOP ( 'NONE', ( #2566, #2290, #690, #5847 ) ) ;
#4066 = LINE ( 'NONE', #3593, #4138 ) ;
#4067 = CARTESIAN_POINT ( 'NONE',  ( -0.2649999999999999578, 0.000000000000000000, 8.207086613622047722 ) ) ;
#4068 = ORIENTED_EDGE ( 'NONE', *, *, #1313, .T. ) ;
#4069 = FACE_BOUND ( 'NONE', #2531, .T. ) ;
#4070 = FACE_OUTER_BOUND ( 'NONE', #1194, .T. ) ;
#4071 = EDGE_LOOP ( 'NONE', ( #5691, #4992, #4982, #2015 ) ) ;
#4072 = ADVANCED_FACE ( 'NONE', ( #2238 ), #859, .F. ) ;
#4073 = CARTESIAN_POINT ( 'NONE',  ( -0.1240157480314960370, -8.659973399492811311E-16, 0.8740157480314961758 ) ) ;
#4074 = CARTESIAN_POINT ( 'NONE',  ( 0.1240157480314960509, 1.518754888706363084E-17, 5.860629921259842057 ) ) ;
#4075 = DIRECTION ( 'NONE',  ( 1.000000000000000000, 0.000000000000000000, -0.000000000000000000 ) ) ;
#4076 = CARTESIAN_POINT ( 'NONE',  ( -0.06200787401574702623, -0.1074007882646061396, 5.797637795275591088 ) ) ;
#4077 = CIRCLE ( 'NONE', #3793, 0.2999999999999999889 ) ;
#4078 = EDGE_LOOP ( 'NONE', ( #3860, #505, #1622, #5751 ) ) ;
#4079 = DIRECTION ( 'NONE',  ( -0.000000000000000000, -0.000000000000000000, -1.000000000000000000 ) ) ;
#4080 = LINE ( 'NONE', #3611, #3433 ) ;
#4081 = PLANE ( 'NONE',  #2099 ) ;
#4082 = DIRECTION ( 'NONE',  ( 3.441911658684136277E-15, -1.000000000000000000, 0.000000000000000000 ) ) ;
#4083 = ORIENTED_EDGE ( 'NONE', *, *, #5874, .F. ) ;
#4084 = CARTESIAN_POINT ( 'NONE',  ( 0.06200787401574776869, 0.1074007882646057094, 11.82125984590551049 ) ) ;
#4085 = EDGE_CURVE ( 'NONE', #86, #2409, #6045, .T. ) ;
#4086 = LINE ( 'NONE', #1747, #2365 ) ;
#4087 = ORIENTED_EDGE ( 'NONE', *, *, #826, .F. ) ;
#4088 = CIRCLE ( 'NONE', #1448, 0.06889763779527557919 ) ;
#4089 = ORIENTED_EDGE ( 'NONE', *, *, #2328, .F. ) ;
#4090 = DIRECTION ( 'NONE',  ( 0.000000000000000000, 0.000000000000000000, 1.000000000000000000 ) ) ;
#4091 = VERTEX_POINT ( 'NONE', #4604 ) ;
#4092 = EDGE_CURVE ( 'NONE', #3717, #1573, #463, .T. ) ;
#4093 = FACE_OUTER_BOUND ( 'NONE', #3029, .T. ) ;
#4094 = PLANE ( 'NONE',  #5325 ) ;
#4095 = DIRECTION ( 'NONE',  ( 1.000000000000000000, 0.000000000000000000, 0.000000000000000000 ) ) ;
#4096 = ORIENTED_EDGE ( 'NONE', *, *, #696, .T. ) ;
#4097 = DIRECTION ( 'NONE',  ( 1.000000000000000000, 0.000000000000000000, -0.000000000000000000 ) ) ;
#4098 = CARTESIAN_POINT ( 'NONE',  ( 0.06200787401574776869, 0.1074007882646057094, 0.2480314960629921295 ) ) ;
#4099 = AXIS2_PLACEMENT_3D ( 'NONE', #4073, #2258, #5019 ) ;
#4100 = VERTEX_POINT ( 'NONE', #2796 ) ;
#4101 = DIRECTION ( 'NONE',  ( 0.000000000000000000, 1.000000000000000000, -0.000000000000000000 ) ) ;
#4102 = LINE ( 'NONE', #5943, #842 ) ;
#4103 = PLANE ( 'NONE',  #312 ) ;
#4104 = LINE ( 'NONE', #428, #3836 ) ;
#4105 = AXIS2_PLACEMENT_3D ( 'NONE', #5744, #956, #1911 ) ;
#4106 = VERTEX_POINT ( 'NONE', #924 ) ;
#4107 = DIRECTION ( 'NONE',  ( -0.4999999999999950595, -0.8660254037844414832, 0.000000000000000000 ) ) ;
#4108 = LINE ( 'NONE', #2205, #4501 ) ;
#4109 = CARTESIAN_POINT ( 'NONE',  ( 0.06200787401574776869, 0.1074007882646057094, 3.740157480314960203 ) ) ;
#4110 = DIRECTION ( 'NONE',  ( 0.000000000000000000, 0.000000000000000000, 1.000000000000000000 ) ) ;
#4111 = DIRECTION ( 'NONE',  ( 0.000000000000000000, -0.000000000000000000, -1.000000000000000000 ) ) ;
#4112 = VERTEX_POINT ( 'NONE', #2764 ) ;
#4113 = PLANE ( 'NONE',  #5108 ) ;
#4114 = DIRECTION ( 'NONE',  ( -0.000000000000000000, -0.000000000000000000, -1.000000000000000000 ) ) ;
#4115 = ORIENTED_EDGE ( 'NONE', *, *, #3597, .F. ) ;
#4116 = ORIENTED_EDGE ( 'NONE', *, *, #5679, .F. ) ;
#4117 = CYLINDRICAL_SURFACE ( 'NONE', #2569, 0.07342519685039371191 ) ;
#4118 = EDGE_LOOP ( 'NONE', ( #4096, #3683, #2507, #4162 ) ) ;
#4119 = DIRECTION ( 'NONE',  ( -1.046341144239976999E-14, 1.000000000000000000, 0.000000000000000000 ) ) ;
#4120 = VECTOR ( 'NONE', #4177, 39.37007874015748143 ) ;
#4121 = CARTESIAN_POINT ( 'NONE',  ( 0.000000000000000000, 0.000000000000000000, 8.207086613622047722 ) ) ;
#4122 = ADVANCED_FACE ( 'NONE', ( #4175 ), #4671, .F. ) ;
#4123 = AXIS2_PLACEMENT_3D ( 'NONE', #5481, #3508, #3993 ) ;
#4124 = DIRECTION ( 'NONE',  ( -0.000000000000000000, -0.000000000000000000, -1.000000000000000000 ) ) ;
#4125 = AXIS2_PLACEMENT_3D ( 'NONE', #5135, #1447, #3286 ) ;
#4126 = ORIENTED_EDGE ( 'NONE', *, *, #3965, .F. ) ;
#4127 = CARTESIAN_POINT ( 'NONE',  ( 0.000000000000000000, 0.000000000000000000, 10.44330708606299396 ) ) ;
#4128 = DIRECTION ( 'NONE',  ( -1.000000000000000000, -0.000000000000000000, -0.000000000000000000 ) ) ;
#4129 = VERTEX_POINT ( 'NONE', #4637 ) ;
#4130 = VECTOR ( 'NONE', #5442, 39.37007874015748854 ) ;
#4131 = ADVANCED_FACE ( 'NONE', ( #1780 ), #1317, .T. ) ;
#4132 = ADVANCED_FACE ( 'NONE', ( #958, #3747 ), #4145, .T. ) ;
#4133 = EDGE_LOOP ( 'NONE', ( #2072, #743, #3418, #3825 ) ) ;
#4134 = CARTESIAN_POINT ( 'NONE',  ( -0.1311809662309435798, 0.1270374181231365418, 4.551181102362203745 ) ) ;
#4135 = CARTESIAN_POINT ( 'NONE',  ( 0.06200787401574927443, -0.1074007882646048490, 10.94330708999999935 ) ) ;
#4136 = CARTESIAN_POINT ( 'NONE',  ( 0.000000000000000000, 0.000000000000000000, 9.699212597874016240 ) ) ;
#4137 = LINE ( 'NONE', #4630, #1980 ) ;
#4138 = VECTOR ( 'NONE', #4038, 39.37007874015748143 ) ;
#4139 = ORIENTED_EDGE ( 'NONE', *, *, #908, .T. ) ;
#4140 = DIRECTION ( 'NONE',  ( 1.000000000000000000, 3.316291799815033580E-15, 0.000000000000000000 ) ) ;
#4141 = EDGE_CURVE ( 'NONE', #4451, #5427, #5705, .T. ) ;
#4142 = PLANE ( 'NONE',  #1863 ) ;
#4143 = FACE_BOUND ( 'NONE', #4745, .T. ) ;
#4144 = CARTESIAN_POINT ( 'NONE',  ( 0.06889763779527557919, 8.437527159479795937E-18, 1.559055118110236338 ) ) ;
#4145 = PLANE ( 'NONE',  #5316 ) ;
#4146 = ORIENTED_EDGE ( 'NONE', *, *, #2218, .F. ) ;
#4147 = CARTESIAN_POINT ( 'NONE',  ( -0.06200787401574702623, -0.1074007882646061396, 3.740157480314960203 ) ) ;
#4148 = AXIS2_PLACEMENT_3D ( 'NONE', #2838, #5642, #2381 ) ;
#4149 = DIRECTION ( 'NONE',  ( 1.000000000000000000, 1.046341144239976841E-14, 0.000000000000000000 ) ) ;
#4150 = ORIENTED_EDGE ( 'NONE', *, *, #2913, .F. ) ;
#4151 = ORIENTED_EDGE ( 'NONE', *, *, #3557, .F. ) ;
#4152 = CIRCLE ( 'NONE', #2388, 0.2649999999999999578 ) ;
#4153 = FACE_OUTER_BOUND ( 'NONE', #5956, .T. ) ;
#4154 = ORIENTED_EDGE ( 'NONE', *, *, #5152, .T. ) ;
#4155 = FACE_OUTER_BOUND ( 'NONE', #3665, .T. ) ;
#4156 = DIRECTION ( 'NONE',  ( 1.000000000000000000, 0.000000000000000000, 0.000000000000000000 ) ) ;
#4157 = CARTESIAN_POINT ( 'NONE',  ( -0.1240157480314960370, -8.659973399492811311E-16, 0.6259842519685040463 ) ) ;
#4158 = AXIS2_PLACEMENT_3D ( 'NONE', #181, #3424, #1717 ) ;
#4159 = EDGE_LOOP ( 'NONE', ( #502, #2591 ) ) ;
#4160 = CARTESIAN_POINT ( 'NONE',  ( 0.06200787401574776869, 0.1074007882646057094, 6.856692913385827204 ) ) ;
#4161 = DIRECTION ( 'NONE',  ( 0.000000000000000000, 0.000000000000000000, 1.000000000000000000 ) ) ;
#4162 = ORIENTED_EDGE ( 'NONE', *, *, #4288, .T. ) ;
#4163 = VERTEX_POINT ( 'NONE', #5589 ) ;
#4164 = CARTESIAN_POINT ( 'NONE',  ( -0.06200787401574851115, 0.1074007882646052930, 0.2480314960629921295 ) ) ;
#4165 = CARTESIAN_POINT ( 'NONE',  ( -0.09842519685039370636, 0.000000000000000000, 6.919685039370079060 ) ) ;
#4166 = EDGE_CURVE ( 'NONE', #4548, #2305, #2, .T. ) ;
#4167 = CARTESIAN_POINT ( 'NONE',  ( -0.06200787401574702623, -0.1074007882646061396, 4.299212598425196319 ) ) ;
#4168 = LINE ( 'NONE', #4691, #5405 ) ;
#4169 = UNCERTAINTY_MEASURE_WITH_UNIT (LENGTH_MEASURE( 1.000000000000000082E-05 ), #3881, 'distance_accuracy_value', 'NONE');
#4170 = ORIENTED_EDGE ( 'NONE', *, *, #4092, .F. ) ;
#4171 = LINE ( 'NONE', #5623, #4784 ) ;
#4172 = DIRECTION ( 'NONE',  ( -0.000000000000000000, -0.000000000000000000, -1.000000000000000000 ) ) ;
#4173 = FACE_OUTER_BOUND ( 'NONE', #2654, .T. ) ;
#4174 = LINE ( 'NONE', #5523, #100 ) ;
#4175 = FACE_OUTER_BOUND ( 'NONE', #597, .T. ) ;
#4176 = ORIENTED_EDGE ( 'NONE', *, *, #5673, .F. ) ;
#4177 = DIRECTION ( 'NONE',  ( -0.000000000000000000, -0.000000000000000000, -1.000000000000000000 ) ) ;
#4178 = DIRECTION ( 'NONE',  ( 1.000000000000000000, 1.046341144239976841E-14, 0.000000000000000000 ) ) ;
#4179 = ORIENTED_EDGE ( 'NONE', *, *, #756, .T. ) ;
#4180 = EDGE_LOOP ( 'NONE', ( #1388, #4849, #5669, #866 ) ) ;
#4181 = DIRECTION ( 'NONE',  ( 0.4999999999999950595, 0.8660254037844414832, 0.000000000000000000 ) ) ;
#4182 = VERTEX_POINT ( 'NONE', #1877 ) ;
#4183 = DIRECTION ( 'NONE',  ( 1.000000000000000000, 0.000000000000000000, 0.000000000000000000 ) ) ;
#4184 = ORIENTED_EDGE ( 'NONE', *, *, #2082, .T. ) ;
#4185 = CARTESIAN_POINT ( 'NONE',  ( -0.09842519685039370636, 0.000000000000000000, 3.492125984251968074 ) ) ;
#4186 = AXIS2_PLACEMENT_3D ( 'NONE', #2943, #89, #4818 ) ;
#4187 = DIRECTION ( 'NONE',  ( -0.000000000000000000, -0.000000000000000000, -1.000000000000000000 ) ) ;
#4188 = ORIENTED_EDGE ( 'NONE', *, *, #1116, .T. ) ;
#4189 = CARTESIAN_POINT ( 'NONE',  ( 0.2999999999999999889, 3.673940397442058882E-17, 9.947244093937008813 ) ) ;
#4190 = DIRECTION ( 'NONE',  ( -0.000000000000000000, -0.000000000000000000, -1.000000000000000000 ) ) ;
#4191 = ORIENTED_EDGE ( 'NONE', *, *, #6040, .T. ) ;
#4192 = ADVANCED_FACE ( 'NONE', ( #4243 ), #5627, .F. ) ;
#4193 = EDGE_LOOP ( 'NONE', ( #587, #1150, #5258, #2189 ) ) ;
#4194 = DIRECTION ( 'NONE',  ( -0.000000000000000000, -0.000000000000000000, -1.000000000000000000 ) ) ;
#4195 = CARTESIAN_POINT ( 'NONE',  ( -0.06200787401574702623, -0.1074007882646061396, 3.740157480314960203 ) ) ;
#4196 = DIRECTION ( 'NONE',  ( -1.000000000000000000, 0.000000000000000000, 0.000000000000000000 ) ) ;
#4197 = CARTESIAN_POINT ( 'NONE',  ( 0.000000000000000000, 0.000000000000000000, 11.95118110574803083 ) ) ;
#4198 = EDGE_CURVE ( 'NONE', #5297, #3906, #4569, .T. ) ;
#4199 = ORIENTED_EDGE ( 'NONE', *, *, #415, .T. ) ;
#4200 = DIRECTION ( 'NONE',  ( -0.000000000000000000, -0.000000000000000000, -1.000000000000000000 ) ) ;
#4201 = LINE ( 'NONE', #531, #4017 ) ;
#4202 = CARTESIAN_POINT ( 'NONE',  ( 0.1311809662309435798, 0.1270374181231365418, 5.297637795275590200 ) ) ;
#4203 = CARTESIAN_POINT ( 'NONE',  ( 0.1240157480314960647, 0.000000000000000000, 6.856692913385827204 ) ) ;
#4204 = DIRECTION ( 'NONE',  ( -0.000000000000000000, -0.000000000000000000, -1.000000000000000000 ) ) ;
#4205 = AXIS2_PLACEMENT_3D ( 'NONE', #3645, #4082, #367 ) ;
#4206 = ORIENTED_EDGE ( 'NONE', *, *, #3576, .T. ) ;
#4207 = CARTESIAN_POINT ( 'NONE',  ( 0.1240157480314960647, 0.000000000000000000, 1.685039370078740495 ) ) ;
#4208 = DIRECTION ( 'NONE',  ( -0.000000000000000000, -0.000000000000000000, -1.000000000000000000 ) ) ;
#4209 = EDGE_CURVE ( 'NONE', #1983, #1228, #5981, .T. ) ;
#4210 = ADVANCED_FACE ( 'NONE', ( #6014, #1418 ), #3783, .F. ) ;
#4211 = ORIENTED_EDGE ( 'NONE', *, *, #3053, .T. ) ;
#4212 = VECTOR ( 'NONE', #1566, 39.37007874015748143 ) ;
#4213 = VERTEX_POINT ( 'NONE', #3321 ) ;
#4214 = CARTESIAN_POINT ( 'NONE',  ( -0.1956443936964358532, 0.3388660300982260232, 10.44330708606299396 ) ) ;
#4215 = ORIENTED_EDGE ( 'NONE', *, *, #3100, .F. ) ;
#4216 = DIRECTION ( 'NONE',  ( -0.000000000000000000, -0.000000000000000000, -1.000000000000000000 ) ) ;
#4217 = EDGE_CURVE ( 'NONE', #3880, #568, #4721, .T. ) ;
#4218 = LINE ( 'NONE', #3267, #4929 ) ;
#4219 = EDGE_CURVE ( 'NONE', #1794, #4741, #1349, .T. ) ;
#4220 = PLANE ( 'NONE',  #4405 ) ;
#4221 = VECTOR ( 'NONE', #5860, 39.37007874015748143 ) ;
#4222 = CIRCLE ( 'NONE', #887, 0.07342519685039371191 ) ;
#4223 = ORIENTED_EDGE ( 'NONE', *, *, #2282, .T. ) ;
#4224 = DIRECTION ( 'NONE',  ( -0.000000000000000000, -0.000000000000000000, -1.000000000000000000 ) ) ;
#4225 = DIRECTION ( 'NONE',  ( -0.4999999999999948375, -0.8660254037844417052, 0.000000000000000000 ) ) ;
#4226 = EDGE_CURVE ( 'NONE', #2380, #1794, #4735, .T. ) ;
#4227 = ORIENTED_EDGE ( 'NONE', *, *, #51, .T. ) ;
#4228 = EDGE_CURVE ( 'NONE', #4100, #2425, #3383, .T. ) ;
#4229 = CIRCLE ( 'NONE', #5704, 0.3200000000000000067 ) ;
#4230 = VECTOR ( 'NONE', #534, 39.37007874015748143 ) ;
#4231 = DIRECTION ( 'NONE',  ( 0.5000000000000071054, -0.8660254037844345998, 0.000000000000000000 ) ) ;
#4232 = AXIS2_PLACEMENT_3D ( 'NONE', #5055, #5127, #851 ) ;
#4233 = FACE_OUTER_BOUND ( 'NONE', #5340, .T. ) ;
#4234 = AXIS2_PLACEMENT_3D ( 'NONE', #1428, #5665, #4156 ) ;
#4235 = DIRECTION ( 'NONE',  ( -0.000000000000000000, -0.000000000000000000, -1.000000000000000000 ) ) ;
#4236 = DIRECTION ( 'NONE',  ( 1.000000000000000000, 0.000000000000000000, 0.000000000000000000 ) ) ;
#4237 = AXIS2_PLACEMENT_3D ( 'NONE', #1942, #5284, #2894 ) ;
#4238 = EDGE_LOOP ( 'NONE', ( #4360, #724 ) ) ;
#4239 = DIRECTION ( 'NONE',  ( 1.000000000000000000, 3.441911658684136277E-15, 0.000000000000000000 ) ) ;
#4240 = CARTESIAN_POINT ( 'NONE',  ( -0.1240157480314960370, -8.659973399492811311E-16, 4.299212598425196319 ) ) ;
#4241 = DIRECTION ( 'NONE',  ( 1.000000000000000000, 0.000000000000000000, 0.000000000000000000 ) ) ;
#4242 = DIRECTION ( 'NONE',  ( -0.000000000000000000, -0.000000000000000000, -1.000000000000000000 ) ) ;
#4243 = FACE_OUTER_BOUND ( 'NONE', #5902, .T. ) ;
#4244 = ORIENTED_EDGE ( 'NONE', *, *, #1594, .T. ) ;
#4245 = LINE ( 'NONE', #4147, #215 ) ;
#4246 = AXIS2_PLACEMENT_3D ( 'NONE', #2063, #4826, #626 ) ;
#4247 =( CONVERSION_BASED_UNIT ( 'INCH', #3813 ) LENGTH_UNIT ( ) NAMED_UNIT ( #5885 ) );
#4248 = ORIENTED_EDGE ( 'NONE', *, *, #4198, .T. ) ;
#4249 = ORIENTED_EDGE ( 'NONE', *, *, #949, .F. ) ;
#4250 = LINE ( 'NONE', #2037, #602 ) ;
#4251 = VERTEX_POINT ( 'NONE', #4275 ) ;
#4252 = CIRCLE ( 'NONE', #1297, 0.06889763779527557919 ) ;
#4253 = DIRECTION ( 'NONE',  ( 0.000000000000000000, 0.000000000000000000, 1.000000000000000000 ) ) ;
#4254 = AXIS2_PLACEMENT_3D ( 'NONE', #4716, #4262, #5670 ) ;
#4255 = EDGE_CURVE ( 'NONE', #3877, #1928, #2858, .T. ) ;
#4256 = EDGE_CURVE ( 'NONE', #4433, #4692, #4519, .T. ) ;
#4257 = EDGE_CURVE ( 'NONE', #5519, #465, #1681, .T. ) ;
#4258 = LINE ( 'NONE', #3295, #1493 ) ;
#4259 = CIRCLE ( 'NONE', #4747, 0.3200000000000000067 ) ;
#4260 = DIRECTION ( 'NONE',  ( -1.000000000000000000, 0.000000000000000000, 0.000000000000000000 ) ) ;
#4261 = ORIENTED_EDGE ( 'NONE', *, *, #4024, .T. ) ;
#4262 = DIRECTION ( 'NONE',  ( -0.000000000000000000, -0.000000000000000000, -1.000000000000000000 ) ) ;
#4263 = CARTESIAN_POINT ( 'NONE',  ( 0.000000000000000000, 0.000000000000000000, 11.69133858606299015 ) ) ;
#4264 = ORIENTED_EDGE ( 'NONE', *, *, #1400, .T. ) ;
#4265 = FACE_OUTER_BOUND ( 'NONE', #1816, .T. ) ;
#4266 = CARTESIAN_POINT ( 'NONE',  ( -0.06889763779527557919, 0.000000000000000000, 4.551181102362203745 ) ) ;
#4267 = FACE_OUTER_BOUND ( 'NONE', #1703, .T. ) ;
#4268 = DIRECTION ( 'NONE',  ( -0.5000000000000012212, 0.8660254037844379305, 0.000000000000000000 ) ) ;
#4269 = EDGE_CURVE ( 'NONE', #3856, #2541, #5352, .T. ) ;
#4270 = ORIENTED_EDGE ( 'NONE', *, *, #2509, .F. ) ;
#4271 = CARTESIAN_POINT ( 'NONE',  ( 0.000000000000000000, 0.000000000000000000, 0.6259842519685040463 ) ) ;
#4272 = LINE ( 'NONE', #715, #5970 ) ;
#4273 = PLANE ( 'NONE',  #4941 ) ;
#4274 = CARTESIAN_POINT ( 'NONE',  ( 0.06200787401574776869, 0.1074007882646057094, 12.08110236559055117 ) ) ;
#4275 = CARTESIAN_POINT ( 'NONE',  ( -0.1240157480314960370, -8.659973399492811311E-16, 10.94330708999999935 ) ) ;
#4276 = DIRECTION ( 'NONE',  ( -0.000000000000000000, -0.000000000000000000, -1.000000000000000000 ) ) ;
#4277 = LINE ( 'NONE', #3446, #3458 ) ;
#4278 = ORIENTED_EDGE ( 'NONE', *, *, #4850, .F. ) ;
#4279 = LINE ( 'NONE', #5327, #5676 ) ;
#4280 = LINE ( 'NONE', #75, #5695 ) ;
#4281 = ORIENTED_EDGE ( 'NONE', *, *, #4226, .F. ) ;
#4282 = VECTOR ( 'NONE', #1867, 39.37007874015748854 ) ;
#4283 = EDGE_CURVE ( 'NONE', #3413, #3974, #4831, .T. ) ;
#4284 = ORIENTED_EDGE ( 'NONE', *, *, #5682, .T. ) ;
#4285 = DIRECTION ( 'NONE',  ( -1.000000000000000000, 0.000000000000000000, 0.000000000000000000 ) ) ;
#4286 = CARTESIAN_POINT ( 'NONE',  ( 0.000000000000000000, -0.3415247957475154861, 9.325196849842519953 ) ) ;
#4287 = VECTOR ( 'NONE', #1800, 39.37007874015748143 ) ;
#4288 = EDGE_CURVE ( 'NONE', #4623, #211, #4338, .T. ) ;
#4289 = VERTEX_POINT ( 'NONE', #659 ) ;
#4290 = DIRECTION ( 'NONE',  ( 0.5000000000000071054, -0.8660254037844345998, 0.000000000000000000 ) ) ;
#4291 = LINE ( 'NONE', #85, #5332 ) ;
#4292 = ORIENTED_EDGE ( 'NONE', *, *, #1906, .F. ) ;
#4293 = CIRCLE ( 'NONE', #2677, 0.3200000000000000067 ) ;
#4294 = CIRCLE ( 'NONE', #5069, 0.3196850393700786941 ) ;
#4295 = CARTESIAN_POINT ( 'NONE',  ( -0.1240157480314960370, -8.659973399492811311E-16, 2.244094488188976833 ) ) ;
#4296 = DIRECTION ( 'NONE',  ( -0.000000000000000000, -0.000000000000000000, -1.000000000000000000 ) ) ;
#4297 = LINE ( 'NONE', #91, #1888 ) ;
#4298 = CARTESIAN_POINT ( 'NONE',  ( -0.09842519685039370636, 0.000000000000000000, 0.9370078740157481434 ) ) ;
#4299 = ORIENTED_EDGE ( 'NONE', *, *, #1017, .F. ) ;
#4300 = CARTESIAN_POINT ( 'NONE',  ( 0.000000000000000000, 0.000000000000000000, 6.482677165354330917 ) ) ;
#4301 = CARTESIAN_POINT ( 'NONE',  ( 0.000000000000000000, 0.000000000000000000, 9.947244093937008813 ) ) ;
#4302 = CARTESIAN_POINT ( 'NONE',  ( 0.000000000000000000, 0.000000000000000000, 3.740157480314960203 ) ) ;
#4303 = CARTESIAN_POINT ( 'NONE',  ( 0.1561809662309435742, 0.1520374181231365363, 5.272834645669290943 ) ) ;
#4304 = PLANE ( 'NONE',  #1274 ) ;
#4305 = EDGE_CURVE ( 'NONE', #2208, #3413, #2955, .T. ) ;
#4306 = CARTESIAN_POINT ( 'NONE',  ( 0.1240157480314960647, 0.000000000000000000, 1.933070866141732624 ) ) ;
#4307 = EDGE_LOOP ( 'NONE', ( #5459, #1842, #4718, #3355 ) ) ;
#4308 = ORIENTED_EDGE ( 'NONE', *, *, #1601, .F. ) ;
#4309 = CARTESIAN_POINT ( 'NONE',  ( -0.06200787401574851115, 0.1074007882646052930, 5.797637795275591088 ) ) ;
#4310 = VERTEX_POINT ( 'NONE', #3352 ) ;
#4311 = CIRCLE ( 'NONE', #6065, 0.09842519685039370636 ) ;
#4312 = FACE_OUTER_BOUND ( 'NONE', #1225, .T. ) ;
#4313 = ORIENTED_EDGE ( 'NONE', *, *, #585, .F. ) ;
#4314 = DIRECTION ( 'NONE',  ( -0.8660254037844414832, 0.4999999999999950595, 0.000000000000000000 ) ) ;
#4315 = DIRECTION ( 'NONE',  ( -0.000000000000000000, -0.000000000000000000, -1.000000000000000000 ) ) ;
#4316 = ORIENTED_EDGE ( 'NONE', *, *, #5917, .T. ) ;
#4317 = AXIS2_PLACEMENT_3D ( 'NONE', #5936, #1605, #3039 ) ;
#4318 = EDGE_LOOP ( 'NONE', ( #4937, #2550, #4950, #1184 ) ) ;
#4319 = DIRECTION ( 'NONE',  ( 0.000000000000000000, -1.000000000000000000, 0.000000000000000000 ) ) ;
#4320 = DIRECTION ( 'NONE',  ( -0.5000000000000069944, 0.8660254037844345998, 0.000000000000000000 ) ) ;
#4321 = ORIENTED_EDGE ( 'NONE', *, *, #963, .T. ) ;
#4322 = EDGE_CURVE ( 'NONE', #4047, #286, #2430, .T. ) ;
#4323 = VECTOR ( 'NONE', #3038, 39.37007874015748143 ) ;
#4324 = DIRECTION ( 'NONE',  ( 1.000000000000000000, 0.000000000000000000, 0.000000000000000000 ) ) ;
#4325 = LINE ( 'NONE', #582, #4558 ) ;
#4326 = PLANE ( 'NONE',  #2861 ) ;
#4327 = EDGE_CURVE ( 'NONE', #4112, #4091, #135, .T. ) ;
#4328 = ADVANCED_FACE ( 'NONE', ( #1478 ), #3935, .T. ) ;
#4329 = LINE ( 'NONE', #2059, #2651 ) ;
#4330 = AXIS2_PLACEMENT_3D ( 'NONE', #4076, #5892, #3582 ) ;
#4331 = ORIENTED_EDGE ( 'NONE', *, *, #6021, .T. ) ;
#4332 = VECTOR ( 'NONE', #1736, 39.37007874015748143 ) ;
#4333 = CARTESIAN_POINT ( 'NONE',  ( 0.06889763779527557919, 8.437527159479795937E-18, 5.860629921259842057 ) ) ;
#4334 = CARTESIAN_POINT ( 'NONE',  ( 0.06200787401574776869, 0.1074007882646057094, 5.797637795275591088 ) ) ;
#4335 = CARTESIAN_POINT ( 'NONE',  ( -0.3912887873928638793, 0.000000000000000000, 9.947244093937008813 ) ) ;
#4336 = AXIS2_PLACEMENT_3D ( 'NONE', #4160, #327, #1824 ) ;
#4337 = LINE ( 'NONE', #4274, #2634 ) ;
#4338 = LINE ( 'NONE', #1537, #1191 ) ;
#4339 = CARTESIAN_POINT ( 'NONE',  ( -0.06280470657979313198, 0.3137763038080251254, 10.56929133803149590 ) ) ;
#4340 = VECTOR ( 'NONE', #4660, 39.37007874015748143 ) ;
#4341 = ADVANCED_FACE ( 'NONE', ( #5282, #3842 ), #2892, .T. ) ;
#4342 = ORIENTED_EDGE ( 'NONE', *, *, #3965, .T. ) ;
#4343 = ORIENTED_EDGE ( 'NONE', *, *, #3117, .T. ) ;
#4344 = FACE_OUTER_BOUND ( 'NONE', #1322, .T. ) ;
#4345 = ORIENTED_EDGE ( 'NONE', *, *, #159, .F. ) ;
#4346 = ORIENTED_EDGE ( 'NONE', *, *, #2984, .F. ) ;
#4347 = CARTESIAN_POINT ( 'NONE',  ( 0.000000000000000000, 0.000000000000000000, 0.5000000000000000000 ) ) ;
#4348 = CARTESIAN_POINT ( 'NONE',  ( 0.09842519685039370636, 1.205361022782828035E-17, 10.94330708999999935 ) ) ;
#4349 = AXIS2_PLACEMENT_3D ( 'NONE', #517, #4161, #2382 ) ;
#4350 = ORIENTED_EDGE ( 'NONE', *, *, #2870, .T. ) ;
#4351 = ORIENTED_EDGE ( 'NONE', *, *, #2956, .F. ) ;
#4352 = DIRECTION ( 'NONE',  ( 0.000000000000000000, 0.000000000000000000, 1.000000000000000000 ) ) ;
#4353 = PLANE ( 'NONE',  #2279 ) ;
#4354 = ORIENTED_EDGE ( 'NONE', *, *, #2213, .F. ) ;
#4355 = CIRCLE ( 'NONE', #1511, 0.09842519685039370636 ) ;
#4356 = DIRECTION ( 'NONE',  ( -0.8660254037844414832, 0.4999999999999951150, 0.000000000000000000 ) ) ;
#4357 = CARTESIAN_POINT ( 'NONE',  ( -0.06200787401574702623, -0.1074007882646061396, 11.82125984590551049 ) ) ;
#4358 = CARTESIAN_POINT ( 'NONE',  ( 0.4230224295639704035, 0.5152529012642550477, 9.325196849842519953 ) ) ;
#4359 = CARTESIAN_POINT ( 'NONE',  ( 0.000000000000000000, 0.000000000000000000, 9.947244093937008813 ) ) ;
#4360 = ORIENTED_EDGE ( 'NONE', *, *, #1512, .T. ) ;
#4361 = ADVANCED_FACE ( 'NONE', ( #2031 ), #3872, .T. ) ;
#4362 = CARTESIAN_POINT ( 'NONE',  ( -0.3412599786509462052, -0.1270374181231365973, 3.240157480314960647 ) ) ;
#4363 = LINE ( 'NONE', #1730, #1604 ) ;
#4364 = DIRECTION ( 'NONE',  ( 1.000000000000000000, 0.000000000000000000, 0.000000000000000000 ) ) ;
#4365 = FACE_BOUND ( 'NONE', #3000, .T. ) ;
#4366 = DIRECTION ( 'NONE',  ( 1.000000000000000000, 0.000000000000000000, 0.000000000000000000 ) ) ;
#4367 = CARTESIAN_POINT ( 'NONE',  ( 0.6903573141958431192, -0.1881668906484390558, 10.56929133803149767 ) ) ;
#4368 = EDGE_LOOP ( 'NONE', ( #4389, #1128, #4585, #2797 ) ) ;
#4369 = VERTEX_POINT ( 'NONE', #4763 ) ;
#4370 = LINE ( 'NONE', #2867, #3437 ) ;
#4371 = EDGE_LOOP ( 'NONE', ( #519, #363, #1562, #3030 ) ) ;
#4372 = LINE ( 'NONE', #2438, #287 ) ;
#4373 = ORIENTED_EDGE ( 'NONE', *, *, #3270, .T. ) ;
#4374 = CARTESIAN_POINT ( 'NONE',  ( -0.09842519685039370636, 0.000000000000000000, 5.549606299212598515 ) ) ;
#4375 = ADVANCED_FACE ( 'NONE', ( #5809 ), #4304, .F. ) ;
#4376 = FACE_OUTER_BOUND ( 'NONE', #4626, .T. ) ;
#4377 = ORIENTED_EDGE ( 'NONE', *, *, #1706, .F. ) ;
#4378 = EDGE_LOOP ( 'NONE', ( #2168, #932 ) ) ;
#4379 = CARTESIAN_POINT ( 'NONE',  ( 0.1956443936964334940, -0.3388660300982274665, 10.44330708606299396 ) ) ;
#4380 = CARTESIAN_POINT ( 'NONE',  ( 0.06200787401574776869, 0.1074007882646057094, 0.8740157480314961758 ) ) ;
#4381 = VERTEX_POINT ( 'NONE', #5776 ) ;
#4382 = EDGE_LOOP ( 'NONE', ( #5833, #2456, #4083, #4261 ) ) ;
#4383 = DIRECTION ( 'NONE',  ( 0.4999999999999950595, 0.8660254037844414832, 0.000000000000000000 ) ) ;
#4384 = CARTESIAN_POINT ( 'NONE',  ( 0.1240157480314960647, 0.000000000000000000, 3.492125984251968074 ) ) ;
#4385 = DIRECTION ( 'NONE',  ( 0.8660254037844345998, 0.5000000000000069944, -0.000000000000000000 ) ) ;
#4386 = EDGE_CURVE ( 'NONE', #1257, #386, #196, .T. ) ;
#4387 = VECTOR ( 'NONE', #3253, 39.37007874015748143 ) ;
#4388 = EDGE_CURVE ( 'NONE', #2434, #24, #686, .T. ) ;
#4389 = ORIENTED_EDGE ( 'NONE', *, *, #594, .T. ) ;
#4390 = CARTESIAN_POINT ( 'NONE',  ( 0.000000000000000000, 0.000000000000000000, 2.492125984251968962 ) ) ;
#4391 = DIRECTION ( 'NONE',  ( -0.4999999999999948375, -0.8660254037844417052, 0.000000000000000000 ) ) ;
#4392 = PLANE ( 'NONE',  #2431 ) ;
#4393 = DIRECTION ( 'NONE',  ( 1.000000000000000000, 0.000000000000000000, 0.000000000000000000 ) ) ;
#4394 = DIRECTION ( 'NONE',  ( 0.8660254037844345998, 0.5000000000000069944, -0.000000000000000000 ) ) ;
#4395 = ADVANCED_FACE ( 'NONE', ( #4990, #3972 ), #2200, .T. ) ;
#4396 = DIRECTION ( 'NONE',  ( 0.000000000000000000, 0.000000000000000000, 1.000000000000000000 ) ) ;
#4397 = ORIENTED_EDGE ( 'NONE', *, *, #2307, .T. ) ;
#4398 = LINE ( 'NONE', #1121, #868 ) ;
#4399 = DIRECTION ( 'NONE',  ( -0.000000000000000000, -0.000000000000000000, -1.000000000000000000 ) ) ;
#4400 = EDGE_LOOP ( 'NONE', ( #4089, #1917 ) ) ;
#4401 = CARTESIAN_POINT ( 'NONE',  ( -0.06889763779527557919, 0.000000000000000000, 3.366141732283464361 ) ) ;
#4402 = EDGE_CURVE ( 'NONE', #5427, #4835, #4456, .T. ) ;
#4403 = ORIENTED_EDGE ( 'NONE', *, *, #2681, .T. ) ;
#4404 = DIRECTION ( 'NONE',  ( -0.000000000000000000, -0.000000000000000000, -1.000000000000000000 ) ) ;
#4405 = AXIS2_PLACEMENT_3D ( 'NONE', #907, #3171, #6027 ) ;
#4406 = EDGE_CURVE ( 'NONE', #4905, #4837, #3581, .T. ) ;
#4407 = ADVANCED_FACE ( 'NONE', ( #4944 ), #2123, .T. ) ;
#4408 = EDGE_LOOP ( 'NONE', ( #4839, #3118 ) ) ;
#4409 = VERTEX_POINT ( 'NONE', #3070 ) ;
#4410 = EDGE_CURVE ( 'NONE', #4741, #2246, #1245, .T. ) ;
#4411 = ORIENTED_EDGE ( 'NONE', *, *, #4406, .T. ) ;
#4412 = CARTESIAN_POINT ( 'NONE',  ( 0.06200787401574927443, -0.1074007882646048490, 4.299212598425196319 ) ) ;
#4413 = CARTESIAN_POINT ( 'NONE',  ( 0.06200787401574927443, -0.1074007882646048490, 0.2480314960629921295 ) ) ;
#4414 = ORIENTED_EDGE ( 'NONE', *, *, #5678, .T. ) ;
#4415 = ADVANCED_FACE ( 'NONE', ( #766, #718 ), #3533, .F. ) ;
#4416 = VECTOR ( 'NONE', #6044, 39.37007874015748854 ) ;
#4417 = EDGE_CURVE ( 'NONE', #1430, #5641, #4920, .T. ) ;
#4418 = ORIENTED_EDGE ( 'NONE', *, *, #3398, .T. ) ;
#4419 = DIRECTION ( 'NONE',  ( -0.000000000000000000, -0.000000000000000000, -1.000000000000000000 ) ) ;
#4420 = VECTOR ( 'NONE', #4540, 39.37007874015748143 ) ;
#4421 = DIRECTION ( 'NONE',  ( 0.000000000000000000, 0.000000000000000000, 1.000000000000000000 ) ) ;
#4422 = ORIENTED_EDGE ( 'NONE', *, *, #3957, .F. ) ;
#4423 = CYLINDRICAL_SURFACE ( 'NONE', #2162, 0.2649999999999999578 ) ;
#4424 = DIRECTION ( 'NONE',  ( 1.000000000000000000, 1.046341144239976841E-14, 0.000000000000000000 ) ) ;
#4425 = DIRECTION ( 'NONE',  ( 3.441911658684136277E-15, -1.000000000000000000, 0.000000000000000000 ) ) ;
#4426 = CIRCLE ( 'NONE', #1376, 0.09842519685039370636 ) ;
#4427 = DIRECTION ( 'NONE',  ( 0.8660254037844345998, 0.5000000000000069944, -0.000000000000000000 ) ) ;
#4428 = CARTESIAN_POINT ( 'NONE',  ( 0.06200787401574776869, 0.1074007882646057094, 11.19133858606299015 ) ) ;
#4429 = VECTOR ( 'NONE', #334, 39.37007874015748143 ) ;
#4430 = CIRCLE ( 'NONE', #4924, 0.09842519685039370636 ) ;
#4431 = VERTEX_POINT ( 'NONE', #3042 ) ;
#4432 = DIRECTION ( 'NONE',  ( -0.000000000000000000, -0.000000000000000000, -1.000000000000000000 ) ) ;
#4433 = VERTEX_POINT ( 'NONE', #3606 ) ;
#4434 = CIRCLE ( 'NONE', #4237, 0.2649999999999999578 ) ;
#4435 = DIRECTION ( 'NONE',  ( -0.000000000000000000, -0.000000000000000000, -1.000000000000000000 ) ) ;
#4436 = VECTOR ( 'NONE', #4493, 39.37007874015748143 ) ;
#4437 = ORIENTED_EDGE ( 'NONE', *, *, #622, .T. ) ;
#4438 = LINE ( 'NONE', #4374, #5484 ) ;
#4439 = ORIENTED_EDGE ( 'NONE', *, *, #3576, .F. ) ;
#4440 = VERTEX_POINT ( 'NONE', #2628 ) ;
#4441 = VERTEX_POINT ( 'NONE', #3115 ) ;
#4442 = ADVANCED_FACE ( 'NONE', ( #302 ), #5891, .F. ) ;
#4443 = PLANE ( 'NONE',  #3379 ) ;
#4444 = CYLINDRICAL_SURFACE ( 'NONE', #728, 0.09842519685039370636 ) ;
#4445 = ADVANCED_FACE ( 'NONE', ( #4968, #5865 ), #794, .F. ) ;
#4446 = AXIS2_PLACEMENT_3D ( 'NONE', #1212, #5463, #3983 ) ;
#4447 = ORIENTED_EDGE ( 'NONE', *, *, #44, .F. ) ;
#4448 = DIRECTION ( 'NONE',  ( -0.000000000000000000, -0.000000000000000000, -1.000000000000000000 ) ) ;
#4449 = VECTOR ( 'NONE', #1185, 39.37007874015748143 ) ;
#4450 = AXIS2_PLACEMENT_3D ( 'NONE', #2083, #4352, #1129 ) ;
#4451 = VERTEX_POINT ( 'NONE', #2582 ) ;
#4452 = AXIS2_PLACEMENT_3D ( 'NONE', #4302, #1910, #3781 ) ;
#4453 = CARTESIAN_POINT ( 'NONE',  ( 0.1240157480314960647, 0.000000000000000000, 2.492125984251968962 ) ) ;
#4454 = CARTESIAN_POINT ( 'NONE',  ( -0.1311809662309435798, 0.1270374181231365418, 4.575984251968503891 ) ) ;
#4455 = CARTESIAN_POINT ( 'NONE',  ( 0.09842519685039370636, 1.205361022782828035E-17, 0.8740157480314961758 ) ) ;
#4456 = LINE ( 'NONE', #5402, #5985 ) ;
#4457 = CARTESIAN_POINT ( 'NONE',  ( 0.000000000000000000, 0.000000000000000000, 9.325196849842519953 ) ) ;
#4458 = ADVANCED_FACE ( 'NONE', ( #2554 ), #5915, .T. ) ;
#4459 = ORIENTED_EDGE ( 'NONE', *, *, #2948, .F. ) ;
#4460 = PLANE ( 'NONE',  #4607 ) ;
#4461 = ORIENTED_EDGE ( 'NONE', *, *, #273, .F. ) ;
#4462 = DIRECTION ( 'NONE',  ( 1.000000000000000000, 0.000000000000000000, 0.000000000000000000 ) ) ;
#4463 = ORIENTED_EDGE ( 'NONE', *, *, #1609, .F. ) ;
#4464 = CARTESIAN_POINT ( 'NONE',  ( 0.07342519685039371191, 8.991993229959897949E-18, 12.45511811362204746 ) ) ;
#4465 = EDGE_CURVE ( 'NONE', #480, #1326, #4430, .T. ) ;
#4466 = VERTEX_POINT ( 'NONE', #4478 ) ;
#4467 = ORIENTED_EDGE ( 'NONE', *, *, #1629, .T. ) ;
#4468 = EDGE_CURVE ( 'NONE', #76, #3291, #2149, .T. ) ;
#4469 = ORIENTED_EDGE ( 'NONE', *, *, #4288, .F. ) ;
#4470 = DIRECTION ( 'NONE',  ( -0.000000000000000000, 0.000000000000000000, 1.000000000000000000 ) ) ;
#4471 = DIRECTION ( 'NONE',  ( 0.000000000000000000, 1.000000000000000000, 0.000000000000000000 ) ) ;
#4472 = VERTEX_POINT ( 'NONE', #4893 ) ;
#4473 = DIRECTION ( 'NONE',  ( -0.5000000000000012212, 0.8660254037844379305, 0.000000000000000000 ) ) ;
#4474 = ORIENTED_EDGE ( 'NONE', *, *, #5472, .T. ) ;
#4475 = AXIS2_PLACEMENT_3D ( 'NONE', #1679, #4852, #3085 ) ;
#4476 = CARTESIAN_POINT ( 'NONE',  ( 0.06200787401574776869, 0.1074007882646057094, 10.94330708999999935 ) ) ;
#4477 = DIRECTION ( 'NONE',  ( -0.000000000000000000, -0.000000000000000000, -1.000000000000000000 ) ) ;
#4478 = CARTESIAN_POINT ( 'NONE',  ( 0.08842519685039371136, 1.082896342868092677E-17, 11.31732283803149386 ) ) ;
#4479 = CARTESIAN_POINT ( 'NONE',  ( -0.2649999999999999578, 0.000000000000000000, 8.333070865590551435 ) ) ;
#4480 = ADVANCED_FACE ( 'NONE', ( #1688 ), #3558, .T. ) ;
#4481 = AXIS2_PLACEMENT_3D ( 'NONE', #5161, #5250, #953 ) ;
#4482 = ORIENTED_EDGE ( 'NONE', *, *, #1436, .F. ) ;
#4483 = CARTESIAN_POINT ( 'NONE',  ( 0.06889763779527557919, 8.437527159479795937E-18, 4.551181102362203745 ) ) ;
#4484 = ORIENTED_EDGE ( 'NONE', *, *, #4650, .T. ) ;
#4485 = CARTESIAN_POINT ( 'NONE',  ( 0.2999999999999999889, 3.673940397442058882E-17, 7.277952755354331060 ) ) ;
#4486 = ADVANCED_FACE ( 'NONE', ( #6068, #2293 ), #4103, .T. ) ;
#4487 = ORIENTED_EDGE ( 'NONE', *, *, #1765, .F. ) ;
#4488 = CARTESIAN_POINT ( 'NONE',  ( -0.1240157480314960370, -8.659973399492811311E-16, 11.69133858606299015 ) ) ;
#4489 = EDGE_LOOP ( 'NONE', ( #214, #1951, #2439, #3394 ) ) ;
#4490 = ORIENTED_EDGE ( 'NONE', *, *, #59, .F. ) ;
#4491 = ORIENTED_EDGE ( 'NONE', *, *, #3654, .F. ) ;
#4492 = DIRECTION ( 'NONE',  ( -0.000000000000000000, -0.000000000000000000, -1.000000000000000000 ) ) ;
#4493 = DIRECTION ( 'NONE',  ( -0.000000000000000000, -0.000000000000000000, -1.000000000000000000 ) ) ;
#4494 = VECTOR ( 'NONE', #2313, 39.37007874015748143 ) ;
#4495 = ORIENTED_EDGE ( 'NONE', *, *, #1607, .F. ) ;
#4496 = CARTESIAN_POINT ( 'NONE',  ( 0.000000000000000000, 0.000000000000000000, 6.482677165354330917 ) ) ;
#4497 = VECTOR ( 'NONE', #3677, 39.37007874015748143 ) ;
#4498 = AXIS2_PLACEMENT_3D ( 'NONE', #2992, #4863, #4393 ) ;
#4499 = VERTEX_POINT ( 'NONE', #5972 ) ;
#4500 = CARTESIAN_POINT ( 'NONE',  ( 0.000000000000000000, 0.000000000000000000, 6.919685039370079060 ) ) ;
#4501 = VECTOR ( 'NONE', #5031, 39.37007874015748143 ) ;
#4502 = DIRECTION ( 'NONE',  ( 1.000000000000000000, 3.441911658684136277E-15, 0.000000000000000000 ) ) ;
#4503 = EDGE_CURVE ( 'NONE', #3487, #3769, #6036, .T. ) ;
#4504 = EDGE_CURVE ( 'NONE', #5038, #3048, #1771, .T. ) ;
#4505 = EDGE_CURVE ( 'NONE', #4932, #2501, #5618, .T. ) ;
#4506 = DIRECTION ( 'NONE',  ( 1.000000000000000000, 0.000000000000000000, -0.000000000000000000 ) ) ;
#4507 = DIRECTION ( 'NONE',  ( -0.000000000000000000, -0.000000000000000000, -1.000000000000000000 ) ) ;
#4508 = CIRCLE ( 'NONE', #3829, 0.06889763779527557919 ) ;
#4509 = EDGE_LOOP ( 'NONE', ( #382, #4575, #4139, #5267 ) ) ;
#4510 = CIRCLE ( 'NONE', #4515, 0.09842519685039370636 ) ;
#4511 = CARTESIAN_POINT ( 'NONE',  ( 0.06200787401574927443, -0.1074007882646048490, 0.8740157480314961758 ) ) ;
#4512 = CARTESIAN_POINT ( 'NONE',  ( -0.1240157480314960370, -8.659973399492811311E-16, 3.740157480314960203 ) ) ;
#4513 = VERTEX_POINT ( 'NONE', #3701 ) ;
#4514 = CARTESIAN_POINT ( 'NONE',  ( -0.06200787401574702623, -0.1074007882646061396, 11.95118110574803083 ) ) ;
#4515 = AXIS2_PLACEMENT_3D ( 'NONE', #5689, #5747, #5810 ) ;
#4516 = ORIENTED_EDGE ( 'NONE', *, *, #3921, .F. ) ;
#4517 = CIRCLE ( 'NONE', #1879, 0.09842519685039370636 ) ;
#4518 = ORIENTED_EDGE ( 'NONE', *, *, #1646, .F. ) ;
#4519 = CIRCLE ( 'NONE', #1585, 0.08842519685039371136 ) ;
#4520 = VERTEX_POINT ( 'NONE', #5579 ) ;
#4521 = DIRECTION ( 'NONE',  ( 0.000000000000000000, 0.000000000000000000, 1.000000000000000000 ) ) ;
#4522 = CIRCLE ( 'NONE', #227, 0.2649999999999999578 ) ;
#4523 = CARTESIAN_POINT ( 'NONE',  ( 0.06200787401574927443, -0.1074007882646048490, 5.797637795275591088 ) ) ;
#4524 = ADVANCED_FACE ( 'NONE', ( #3638, #5087 ), #1373, .T. ) ;
#4525 = VECTOR ( 'NONE', #1530, 39.37007874015747433 ) ;
#4526 = ORIENTED_EDGE ( 'NONE', *, *, #5217, .T. ) ;
#4527 = DIRECTION ( 'NONE',  ( 0.000000000000000000, -1.000000000000000000, 0.000000000000000000 ) ) ;
#4528 = AXIS2_PLACEMENT_3D ( 'NONE', #3396, #2446, #4320 ) ;
#4529 = ORIENTED_EDGE ( 'NONE', *, *, #791, .F. ) ;
#4530 = DIRECTION ( 'NONE',  ( -0.000000000000000000, -0.000000000000000000, -1.000000000000000000 ) ) ;
#4531 = CIRCLE ( 'NONE', #3648, 0.09842519685039370636 ) ;
#4532 = EDGE_CURVE ( 'NONE', #3201, #252, #4561, .T. ) ;
#4533 = CARTESIAN_POINT ( 'NONE',  ( 0.000000000000000000, 0.000000000000000000, 4.425196850393700032 ) ) ;
#4534 = CARTESIAN_POINT ( 'NONE',  ( 0.000000000000000000, 0.000000000000000000, 6.356692913385826316 ) ) ;
#4535 = LINE ( 'NONE', #2583, #4429 ) ;
#4536 = VECTOR ( 'NONE', #2361, 39.37007874015748143 ) ;
#4537 = ADVANCED_FACE ( 'NONE', ( #5126 ), #5546, .T. ) ;
#4538 = ORIENTED_EDGE ( 'NONE', *, *, #1852, .T. ) ;
#4539 = DIRECTION ( 'NONE',  ( -1.000000000000000000, 0.000000000000000000, 0.000000000000000000 ) ) ;
#4540 = DIRECTION ( 'NONE',  ( -0.000000000000000000, -0.000000000000000000, -1.000000000000000000 ) ) ;
#4541 = PLANE ( 'NONE',  #244 ) ;
#4542 = CARTESIAN_POINT ( 'NONE',  ( 0.1956443936964334940, -0.3388660300982274665, 10.44330708606299396 ) ) ;
#4543 = VERTEX_POINT ( 'NONE', #3668 ) ;
#4544 = CARTESIAN_POINT ( 'NONE',  ( 0.1240157480314960647, 0.000000000000000000, 1.685039370078740495 ) ) ;
#4545 = EDGE_LOOP ( 'NONE', ( #209, #540 ) ) ;
#4546 = ORIENTED_EDGE ( 'NONE', *, *, #2051, .F. ) ;
#4547 = CARTESIAN_POINT ( 'NONE',  ( 0.000000000000000000, 0.000000000000000000, 0.5000000000000000000 ) ) ;
#4548 = VERTEX_POINT ( 'NONE', #2323 ) ;
#4549 = FACE_OUTER_BOUND ( 'NONE', #258, .T. ) ;
#4550 = ADVANCED_FACE ( 'NONE', ( #824 ), #1834, .T. ) ;
#4551 = CARTESIAN_POINT ( 'NONE',  ( 0.06889763779527557919, 8.437527159479795937E-18, 2.744094488188976388 ) ) ;
#4552 = CARTESIAN_POINT ( 'NONE',  ( 0.06200787401574776869, 0.1074007882646057094, 2.492125984251968962 ) ) ;
#4553 = ORIENTED_EDGE ( 'NONE', *, *, #4583, .T. ) ;
#4554 = CARTESIAN_POINT ( 'NONE',  ( -0.08842519685039371136, 0.000000000000000000, 4.051181102362204633 ) ) ;
#4555 = LINE ( 'NONE', #1633, #1788 ) ;
#4556 = ORIENTED_EDGE ( 'NONE', *, *, #4257, .T. ) ;
#4557 = FACE_OUTER_BOUND ( 'NONE', #4977, .T. ) ;
#4558 = VECTOR ( 'NONE', #1995, 39.37007874015748854 ) ;
#4559 = CARTESIAN_POINT ( 'NONE',  ( -0.09842519685039370636, 0.000000000000000000, 0.5000000000000000000 ) ) ;
#4560 = EDGE_CURVE ( 'NONE', #4837, #190, #850, .T. ) ;
#4561 = LINE ( 'NONE', #5054, #4340 ) ;
#4562 = DIRECTION ( 'NONE',  ( -0.4999999999999948375, -0.8660254037844417052, 0.000000000000000000 ) ) ;
#4563 = ADVANCED_FACE ( 'NONE', ( #455 ), #2691, .T. ) ;
#4564 = VERTEX_POINT ( 'NONE', #1341 ) ;
#4565 = DIRECTION ( 'NONE',  ( -0.000000000000000000, -0.000000000000000000, -1.000000000000000000 ) ) ;
#4566 = CYLINDRICAL_SURFACE ( 'NONE', #1758, 0.07342519685039371191 ) ;
#4567 = DIRECTION ( 'NONE',  ( 1.000000000000000000, 0.000000000000000000, -0.000000000000000000 ) ) ;
#4568 = LINE ( 'NONE', #4542, #776 ) ;
#4569 = LINE ( 'NONE', #1912, #305 ) ;
#4570 = ORIENTED_EDGE ( 'NONE', *, *, #5324, .T. ) ;
#4571 = DIRECTION ( 'NONE',  ( 1.000000000000000000, 0.000000000000000000, 0.000000000000000000 ) ) ;
#4572 = CARTESIAN_POINT ( 'NONE',  ( 0.000000000000000000, 0.000000000000000000, 3.240157480314960647 ) ) ;
#4573 = ORIENTED_EDGE ( 'NONE', *, *, #2929, .T. ) ;
#4574 = AXIS2_PLACEMENT_3D ( 'NONE', #4300, #4825, #625 ) ;
#4575 = ORIENTED_EDGE ( 'NONE', *, *, #4141, .F. ) ;
#4576 = CARTESIAN_POINT ( 'NONE',  ( 0.000000000000000000, 0.000000000000000000, 5.297637795275590200 ) ) ;
#4577 = EDGE_CURVE ( 'NONE', #3050, #3406, #1868, .T. ) ;
#4578 = ORIENTED_EDGE ( 'NONE', *, *, #1217, .T. ) ;
#4579 = DIRECTION ( 'NONE',  ( 0.000000000000000000, 0.000000000000000000, 1.000000000000000000 ) ) ;
#4580 = EDGE_CURVE ( 'NONE', #3228, #3769, #3736, .T. ) ;
#4581 = EDGE_CURVE ( 'NONE', #3635, #374, #5158, .T. ) ;
#4582 = DIRECTION ( 'NONE',  ( -1.000000000000000000, -1.046341144239976999E-14, 0.000000000000000000 ) ) ;
#4583 = EDGE_CURVE ( 'NONE', #698, #5827, #4690, .T. ) ;
#4584 = DIRECTION ( 'NONE',  ( 0.000000000000000000, -1.000000000000000000, 0.000000000000000000 ) ) ;
#4585 = ORIENTED_EDGE ( 'NONE', *, *, #454, .F. ) ;
#4586 = CARTESIAN_POINT ( 'NONE',  ( 0.1240157480314960647, 0.000000000000000000, 0.2480314960629921295 ) ) ;
#4587 = DIRECTION ( 'NONE',  ( 1.000000000000000000, 0.000000000000000000, 0.000000000000000000 ) ) ;
#4588 = EDGE_CURVE ( 'NONE', #4466, #1337, #618, .T. ) ;
#4589 = VECTOR ( 'NONE', #178, 39.37007874015748854 ) ;
#4590 = EDGE_CURVE ( 'NONE', #2275, #5827, #2946, .T. ) ;
#4591 = ORIENTED_EDGE ( 'NONE', *, *, #5154, .T. ) ;
#4592 = LINE ( 'NONE', #6002, #4287 ) ;
#4593 = LINE ( 'NONE', #61, #3515 ) ;
#4594 = B_SPLINE_CURVE_WITH_KNOTS ( 'NONE', 1,
 ( #3387, #4768 ),
 .UNSPECIFIED., .F., .F.,
 ( 2, 2 ),
 ( 0.000000000000000000, 1.000000000000000000 ),
 .UNSPECIFIED. ) ;
#4595 = CARTESIAN_POINT ( 'NONE',  ( -0.06200787401574702623, -0.1074007882646061396, 6.856692913385827204 ) ) ;
#4596 = LINE ( 'NONE', #456, #2567 ) ;
#4597 = AXIS2_PLACEMENT_3D ( 'NONE', #2795, #1811, #5553 ) ;
#4598 = ORIENTED_EDGE ( 'NONE', *, *, #5243, .F. ) ;
#4599 = VECTOR ( 'NONE', #4891, 39.37007874015748143 ) ;
#4600 = DIRECTION ( 'NONE',  ( 1.000000000000000000, 0.000000000000000000, 0.000000000000000000 ) ) ;
#4601 = LINE ( 'NONE', #5132, #4988 ) ;
#4602 = DIRECTION ( 'NONE',  ( 0.000000000000000000, 0.000000000000000000, 1.000000000000000000 ) ) ;
#4603 = CARTESIAN_POINT ( 'NONE',  ( -0.1240157480314960370, -8.659973399492811311E-16, 6.608661417322835518 ) ) ;
#4604 = CARTESIAN_POINT ( 'NONE',  ( -0.1240157480314960370, -8.659973399492811311E-16, 0.8740157480314961758 ) ) ;
#4605 = EDGE_LOOP ( 'NONE', ( #5819, #1233 ) ) ;
#4606 = DIRECTION ( 'NONE',  ( 0.5000000000000071054, -0.8660254037844345998, 0.000000000000000000 ) ) ;
#4607 = AXIS2_PLACEMENT_3D ( 'NONE', #3073, #721, #1122 ) ;
#4608 = LINE ( 'NONE', #406, #2372 ) ;
#4609 = ORIENTED_EDGE ( 'NONE', *, *, #2495, .T. ) ;
#4610 = EDGE_LOOP ( 'NONE', ( #1551, #564, #3916, #4484, #4857, #2594 ) ) ;
#4611 = DIRECTION ( 'NONE',  ( -0.000000000000000000, -0.000000000000000000, -1.000000000000000000 ) ) ;
#4612 = ORIENTED_EDGE ( 'NONE', *, *, #1268, .T. ) ;
#4613 = CARTESIAN_POINT ( 'NONE',  ( 0.000000000000000000, 0.000000000000000000, 9.699212597874016240 ) ) ;
#4614 = VECTOR ( 'NONE', #2699, 39.37007874015748854 ) ;
#4615 = CARTESIAN_POINT ( 'NONE',  ( 0.09842519685039370636, 1.205361022782828035E-17, 0.6259842519685040463 ) ) ;
#4616 = CIRCLE ( 'NONE', #5111, 0.2649999999999999578 ) ;
#4617 = LINE ( 'NONE', #3234, #3524 ) ;
#4618 = EDGE_CURVE ( 'NONE', #2568, #282, #1072, .T. ) ;
#4619 = EDGE_LOOP ( 'NONE', ( #376, #1357, #1954, #5200 ) ) ;
#4620 = VECTOR ( 'NONE', #2517, 39.37007874015748854 ) ;
#4621 = DIRECTION ( 'NONE',  ( -0.000000000000000000, -0.000000000000000000, -1.000000000000000000 ) ) ;
#4622 = DIRECTION ( 'NONE',  ( 1.000000000000000000, 0.000000000000000000, 0.000000000000000000 ) ) ;
#4623 = VERTEX_POINT ( 'NONE', #978 ) ;
#4624 = AXIS2_PLACEMENT_3D ( 'NONE', #7, #3752, #5631 ) ;
#4625 = VECTOR ( 'NONE', #3278, 39.37007874015748143 ) ;
#4626 = EDGE_LOOP ( 'NONE', ( #1515, #5169, #3132, #3955 ) ) ;
#4627 = CARTESIAN_POINT ( 'NONE',  ( -0.3412599786509462052, 0.000000000000000000, 2.744094488188976388 ) ) ;
#4628 = DIRECTION ( 'NONE',  ( 0.000000000000000000, 0.000000000000000000, 1.000000000000000000 ) ) ;
#4629 = DIRECTION ( 'NONE',  ( -1.000000000000000000, 0.000000000000000000, 0.000000000000000000 ) ) ;
#4630 = CARTESIAN_POINT ( 'NONE',  ( -0.06889763779527557919, 0.000000000000000000, 2.744094488188976388 ) ) ;
#4631 = VECTOR ( 'NONE', #192, 39.37007874015748143 ) ;
#4632 = VERTEX_POINT ( 'NONE', #3403 ) ;
#4633 = CARTESIAN_POINT ( 'NONE',  ( 0.000000000000000000, 0.000000000000000000, 11.31732283803149386 ) ) ;
#4634 = DIRECTION ( 'NONE',  ( 1.000000000000000000, 3.441911658684136277E-15, 0.000000000000000000 ) ) ;
#4635 = FACE_OUTER_BOUND ( 'NONE', #1239, .T. ) ;
#4636 = DIRECTION ( 'NONE',  ( -0.000000000000000000, -0.000000000000000000, -1.000000000000000000 ) ) ;
#4637 = CARTESIAN_POINT ( 'NONE',  ( 0.06200787401574776869, 0.1074007882646057094, 3.492125984251968074 ) ) ;
#4638 = ORIENTED_EDGE ( 'NONE', *, *, #642, .F. ) ;
#4639 = DIRECTION ( 'NONE',  ( -0.000000000000000000, -0.000000000000000000, -1.000000000000000000 ) ) ;
#4640 = FACE_OUTER_BOUND ( 'NONE', #2837, .T. ) ;
#4641 = ORIENTED_EDGE ( 'NONE', *, *, #1084, .F. ) ;
#4642 = ORIENTED_EDGE ( 'NONE', *, *, #4656, .F. ) ;
#4643 = DIRECTION ( 'NONE',  ( 1.000000000000000000, 0.000000000000000000, 0.000000000000000000 ) ) ;
#4644 = ORIENTED_EDGE ( 'NONE', *, *, #481, .T. ) ;
#4645 = CARTESIAN_POINT ( 'NONE',  ( -0.08842519685039371136, 0.000000000000000000, 11.31732283803149386 ) ) ;
#4646 = ORIENTED_EDGE ( 'NONE', *, *, #4023, .T. ) ;
#4647 = CARTESIAN_POINT ( 'NONE',  ( -0.06889763779527557919, 0.000000000000000000, 1.559055118110236338 ) ) ;
#4648 = ADVANCED_FACE ( 'NONE', ( #5736 ), #268, .F. ) ;
#4649 = DIRECTION ( 'NONE',  ( 0.5000000000000071054, -0.8660254037844345998, 0.000000000000000000 ) ) ;
#4650 = EDGE_CURVE ( 'NONE', #4932, #5109, #2885, .T. ) ;
#4651 = AXIS2_PLACEMENT_3D ( 'NONE', #702, #242, #5792 ) ;
#4652 = ORIENTED_EDGE ( 'NONE', *, *, #343, .F. ) ;
#4653 = CARTESIAN_POINT ( 'NONE',  ( -0.1561809662309435742, 0.1520374181231365363, 4.575984251968503891 ) ) ;
#4654 = DIRECTION ( 'NONE',  ( -0.000000000000000000, -0.000000000000000000, -1.000000000000000000 ) ) ;
#4655 = EDGE_LOOP ( 'NONE', ( #5859, #1935, #2961, #1671 ) ) ;
#4656 = EDGE_CURVE ( 'NONE', #5830, #5528, #4726, .T. ) ;
#4657 = EDGE_LOOP ( 'NONE', ( #4411, #4955, #1029, #3753 ) ) ;
#4658 = DIRECTION ( 'NONE',  ( -1.000000000000000000, 0.000000000000000000, 0.000000000000000000 ) ) ;
#4659 = FACE_BOUND ( 'NONE', #3525, .T. ) ;
#4660 = DIRECTION ( 'NONE',  ( -0.000000000000000000, -0.000000000000000000, -1.000000000000000000 ) ) ;
#4661 = EDGE_CURVE ( 'NONE', #2151, #5594, #2598, .T. ) ;
#4662 = ADVANCED_FACE ( 'NONE', ( #1933 ), #157, .F. ) ;
#4663 = FACE_OUTER_BOUND ( 'NONE', #5563, .T. ) ;
#4664 = ORIENTED_EDGE ( 'NONE', *, *, #542, .T. ) ;
#4665 = EDGE_CURVE ( 'NONE', #2586, #5218, #2390, .T. ) ;
#4666 = DIRECTION ( 'NONE',  ( -0.000000000000000000, -0.000000000000000000, -1.000000000000000000 ) ) ;
#4667 = CARTESIAN_POINT ( 'NONE',  ( 0.3200000000000000067, 3.918869757271530830E-17, 10.44330708606299396 ) ) ;
#4668 = LINE ( 'NONE', #2762, #5518 ) ;
#4669 = DIRECTION ( 'NONE',  ( -0.000000000000000000, -0.000000000000000000, -1.000000000000000000 ) ) ;
#4670 = ADVANCED_FACE ( 'NONE', ( #5709 ), #2488, .F. ) ;
#4671 = PLANE ( 'NONE',  #5802 ) ;
#4672 = ORIENTED_EDGE ( 'NONE', *, *, #5791, .T. ) ;
#4673 = CARTESIAN_POINT ( 'NONE',  ( 0.000000000000000000, 0.000000000000000000, 0.6259842519685040463 ) ) ;
#4674 = DIRECTION ( 'NONE',  ( -0.000000000000000000, -0.000000000000000000, -1.000000000000000000 ) ) ;
#4675 = ORIENTED_EDGE ( 'NONE', *, *, #5927, .F. ) ;
#4676 = VERTEX_POINT ( 'NONE', #3434 ) ;
#4677 = EDGE_CURVE ( 'NONE', #1051, #5778, #5990, .T. ) ;
#4678 = DIRECTION ( 'NONE',  ( -1.000000000000000000, -1.445602896647339163E-16, 0.000000000000000000 ) ) ;
#4679 = ORIENTED_EDGE ( 'NONE', *, *, #2701, .F. ) ;
#4680 = DIRECTION ( 'NONE',  ( 0.000000000000000000, 0.000000000000000000, 1.000000000000000000 ) ) ;
#4681 = CARTESIAN_POINT ( 'NONE',  ( -0.06200787401574702623, -0.1074007882646061396, 4.299212598425196319 ) ) ;
#4682 = VECTOR ( 'NONE', #828, 39.37007874015748143 ) ;
#4683 = CARTESIAN_POINT ( 'NONE',  ( -0.06200787401574851115, 0.1074007882646052930, 0.6259842519685040463 ) ) ;
#4684 = ORIENTED_EDGE ( 'NONE', *, *, #1436, .T. ) ;
#4685 = FACE_OUTER_BOUND ( 'NONE', #3495, .T. ) ;
#4686 = CARTESIAN_POINT ( 'NONE',  ( -0.2649999999999999578, 0.000000000000000000, 8.333070865590551435 ) ) ;
#4687 = ORIENTED_EDGE ( 'NONE', *, *, #871, .F. ) ;
#4688 = CARTESIAN_POINT ( 'NONE',  ( 0.09842519685039370636, 1.205361022782828035E-17, 5.423622047244094801 ) ) ;
#4689 = FACE_OUTER_BOUND ( 'NONE', #3461, .T. ) ;
#4690 = LINE ( 'NONE', #2354, #2477 ) ;
#4691 = CARTESIAN_POINT ( 'NONE',  ( -0.06200787401574851115, 0.1074007882646052930, 2.492125984251968962 ) ) ;
#4692 = VERTEX_POINT ( 'NONE', #1108 ) ;
#4693 = ADVANCED_FACE ( 'NONE', ( #4267 ), #5677, .T. ) ;
#4694 = LINE ( 'NONE', #1043, #569 ) ;
#4695 = ADVANCED_FACE ( 'NONE', ( #3341 ), #2911, .T. ) ;
#4696 = EDGE_CURVE ( 'NONE', #4823, #1090, #2421, .T. ) ;
#4697 = LINE ( 'NONE', #4334, #5394 ) ;
#4698 = DIRECTION ( 'NONE',  ( -1.000000000000000000, 0.000000000000000000, 0.000000000000000000 ) ) ;
#4699 = FACE_OUTER_BOUND ( 'NONE', #751, .T. ) ;
#4700 = DIRECTION ( 'NONE',  ( 0.000000000000000000, -0.000000000000000000, 1.000000000000000000 ) ) ;
#4701 = AXIS2_PLACEMENT_3D ( 'NONE', #1227, #4027, #3124 ) ;
#4702 = EDGE_LOOP ( 'NONE', ( #2832, #1403, #3064, #103 ) ) ;
#4703 = CYLINDRICAL_SURFACE ( 'NONE', #1581, 0.1240157480314960509 ) ;
#4704 = DIRECTION ( 'NONE',  ( -0.000000000000000000, -0.000000000000000000, -1.000000000000000000 ) ) ;
#4705 = ORIENTED_EDGE ( 'NONE', *, *, #3320, .T. ) ;
#4706 = CIRCLE ( 'NONE', #4498, 0.09842519685039370636 ) ;
#4707 = ORIENTED_EDGE ( 'NONE', *, *, #1116, .F. ) ;
#4708 = CARTESIAN_POINT ( 'NONE',  ( -0.06889763779527557919, 0.000000000000000000, 6.356692913385826316 ) ) ;
#4709 = ORIENTED_EDGE ( 'NONE', *, *, #1710, .F. ) ;
#4710 = CARTESIAN_POINT ( 'NONE',  ( -5.368720986365823016E-18, 0.1485531330579657749, 2.744094488188976388 ) ) ;
#4711 = AXIS2_PLACEMENT_3D ( 'NONE', #1506, #5652, #5251 ) ;
#4712 = FACE_OUTER_BOUND ( 'NONE', #757, .T. ) ;
#4713 = CARTESIAN_POINT ( 'NONE',  ( 0.06280470657979303484, -0.3137763038080251254, 10.56929133803149590 ) ) ;
#4714 = CIRCLE ( 'NONE', #3624, 0.3196850393700786941 ) ;
#4715 = VERTEX_POINT ( 'NONE', #552 ) ;
#4716 = CARTESIAN_POINT ( 'NONE',  ( 0.000000000000000000, 0.000000000000000000, 10.94330708999999935 ) ) ;
#4717 = CYLINDRICAL_SURFACE ( 'NONE', #6000, 0.07342519685039371191 ) ;
#4718 = ORIENTED_EDGE ( 'NONE', *, *, #322, .F. ) ;
#4719 = EDGE_CURVE ( 'NONE', #5968, #3541, #4297, .T. ) ;
#4720 = AXIS2_PLACEMENT_3D ( 'NONE', #1048, #2555, #166 ) ;
#4721 = CIRCLE ( 'NONE', #1103, 0.09842519685039370636 ) ;
#4722 = LINE ( 'NONE', #5156, #5368 ) ;
#4723 = AXIS2_PLACEMENT_3D ( 'NONE', #928, #4674, #5139 ) ;
#4724 = DIRECTION ( 'NONE',  ( 0.000000000000000000, 0.000000000000000000, 1.000000000000000000 ) ) ;
#4725 = VECTOR ( 'NONE', #5247, 39.37007874015747433 ) ;
#4726 = LINE ( 'NONE', #4819, #2573 ) ;
#4727 = DIRECTION ( 'NONE',  ( -0.4999999999999948375, -0.8660254037844417052, 0.000000000000000000 ) ) ;
#4728 = VECTOR ( 'NONE', #3690, 39.37007874015748143 ) ;
#4729 = VERTEX_POINT ( 'NONE', #3833 ) ;
#4730 = ADVANCED_FACE ( 'NONE', ( #583, #2454 ), #4326, .T. ) ;
#4731 = CARTESIAN_POINT ( 'NONE',  ( 0.06200787401574927443, -0.1074007882646048490, 2.492125984251968962 ) ) ;
#4732 = CARTESIAN_POINT ( 'NONE',  ( -0.1240157480314960509, 0.000000000000000000, 0.9370078740157481434 ) ) ;
#4733 = DIRECTION ( 'NONE',  ( -0.000000000000000000, -0.000000000000000000, -1.000000000000000000 ) ) ;
#4734 = CARTESIAN_POINT ( 'NONE',  ( -0.09842519685039370636, -2.347653833130344233E-17, 10.81732283803149564 ) ) ;
#4735 = LINE ( 'NONE', #592, #3735 ) ;
#4736 = CARTESIAN_POINT ( 'NONE',  ( -0.1240157480314960370, -8.659973399492811311E-16, 6.856692913385827204 ) ) ;
#4737 = EDGE_CURVE ( 'NONE', #5869, #2631, #5906, .T. ) ;
#4738 = VECTOR ( 'NONE', #116, 39.37007874015748143 ) ;
#4739 = DIRECTION ( 'NONE',  ( -0.4999999999999948375, -0.8660254037844417052, 0.000000000000000000 ) ) ;
#4740 = ORIENTED_EDGE ( 'NONE', *, *, #3110, .F. ) ;
#4741 = VERTEX_POINT ( 'NONE', #3083 ) ;
#4742 = CARTESIAN_POINT ( 'NONE',  ( -0.07342519685039371191, 0.000000000000000000, 11.95118110574803083 ) ) ;
#4743 = ORIENTED_EDGE ( 'NONE', *, *, #481, .F. ) ;
#4744 = VECTOR ( 'NONE', #6054, 39.37007874015748143 ) ;
#4745 = EDGE_LOOP ( 'NONE', ( #3004, #352 ) ) ;
#4746 = CARTESIAN_POINT ( 'NONE',  ( 0.1956443936964334940, -0.3388660300982274665, 9.947244093937008813 ) ) ;
#4747 = AXIS2_PLACEMENT_3D ( 'NONE', #3707, #2821, #4698 ) ;
#4748 = LINE ( 'NONE', #5296, #476 ) ;
#4749 = ORIENTED_EDGE ( 'NONE', *, *, #764, .T. ) ;
#4750 = LINE ( 'NONE', #2809, #2105 ) ;
#4751 = DIRECTION ( 'NONE',  ( -0.000000000000000000, -0.000000000000000000, -1.000000000000000000 ) ) ;
#4752 = ORIENTED_EDGE ( 'NONE', *, *, #680, .F. ) ;
#4753 = DIRECTION ( 'NONE',  ( 1.000000000000000000, 0.000000000000000000, 0.000000000000000000 ) ) ;
#4754 = EDGE_CURVE ( 'NONE', #909, #5119, #5009, .T. ) ;
#4755 = FACE_BOUND ( 'NONE', #4545, .T. ) ;
#4756 = CARTESIAN_POINT ( 'NONE',  ( 0.06200787401574776869, 0.1074007882646057094, 6.608661417322835518 ) ) ;
#4757 = DIRECTION ( 'NONE',  ( -0.5000000000000069944, 0.8660254037844345998, 0.000000000000000000 ) ) ;
#4758 = EDGE_LOOP ( 'NONE', ( #5500, #3239, #2636, #1819 ) ) ;
#4759 = DIRECTION ( 'NONE',  ( -1.000000000000000000, 0.000000000000000000, 0.000000000000000000 ) ) ;
#4760 = FACE_OUTER_BOUND ( 'NONE', #3688, .T. ) ;
#4761 = DIRECTION ( 'NONE',  ( 1.000000000000000000, 0.000000000000000000, -0.000000000000000000 ) ) ;
#4762 = CYLINDRICAL_SURFACE ( 'NONE', #3922, 0.3196850393700786941 ) ;
#4763 = CARTESIAN_POINT ( 'NONE',  ( 0.1240157480314960647, 0.000000000000000000, 3.740157480314960203 ) ) ;
#4764 = LINE ( 'NONE', #1510, #2259 ) ;
#4765 = ORIENTED_EDGE ( 'NONE', *, *, #4532, .F. ) ;
#4766 = ADVANCED_FACE ( 'NONE', ( #350 ), #5932, .F. ) ;
#4767 = ORIENTED_EDGE ( 'NONE', *, *, #1236, .T. ) ;
#4768 = CARTESIAN_POINT ( 'NONE',  ( 0.0006802607098644272449, -0.09842284602878219324, 10.81732283803149564 ) ) ;
#4769 = ORIENTED_EDGE ( 'NONE', *, *, #5286, .F. ) ;
#4770 = CARTESIAN_POINT ( 'NONE',  ( 0.000000000000000000, 0.000000000000000000, 6.482677165354330917 ) ) ;
#4771 = CIRCLE ( 'NONE', #2416, 0.2999999999999999889 ) ;
#4772 = VERTEX_POINT ( 'NONE', #4067 ) ;
#4773 = LINE ( 'NONE', #2013, #5797 ) ;
#4774 = CARTESIAN_POINT ( 'NONE',  ( 0.5647479010362571605, 0.4393857169676113061, 10.56929133803149767 ) ) ;
#4775 = AXIS2_PLACEMENT_3D ( 'NONE', #2602, #4356, #5426 ) ;
#4776 = EDGE_LOOP ( 'NONE', ( #5504, #5173 ) ) ;
#4777 = VERTEX_POINT ( 'NONE', #380 ) ;
#4778 = CARTESIAN_POINT ( 'NONE',  ( -0.09842519685039370636, 0.000000000000000000, 4.425196850393700032 ) ) ;
#4779 = EDGE_CURVE ( 'NONE', #2306, #5337, #3550, .T. ) ;
#4780 = EDGE_CURVE ( 'NONE', #2596, #5166, #5075, .T. ) ;
#4781 = DIRECTION ( 'NONE',  ( -0.000000000000000000, -0.000000000000000000, -1.000000000000000000 ) ) ;
#4782 = EDGE_CURVE ( 'NONE', #1187, #1532, #2219, .T. ) ;
#4783 = ORIENTED_EDGE ( 'NONE', *, *, #468, .T. ) ;
#4784 = VECTOR ( 'NONE', #2296, 39.37007874015748854 ) ;
#4785 = AXIS2_PLACEMENT_3D ( 'NONE', #3970, #3069, #685 ) ;
#4786 = CARTESIAN_POINT ( 'NONE',  ( -0.06200787401574851115, 0.1074007882646052930, 4.299212598425196319 ) ) ;
#4787 = DIRECTION ( 'NONE',  ( -0.000000000000000000, -0.000000000000000000, -1.000000000000000000 ) ) ;
#4788 = DIRECTION ( 'NONE',  ( 0.000000000000000000, 0.000000000000000000, 1.000000000000000000 ) ) ;
#4789 = EDGE_CURVE ( 'NONE', #319, #4028, #1195, .T. ) ;
#4790 = DIRECTION ( 'NONE',  ( -0.000000000000000000, -0.000000000000000000, -1.000000000000000000 ) ) ;
#4791 = VERTEX_POINT ( 'NONE', #5533 ) ;
#4792 = DIRECTION ( 'NONE',  ( 3.441911658684136277E-15, -1.000000000000000000, 0.000000000000000000 ) ) ;
#4793 = DIRECTION ( 'NONE',  ( 0.4999999999999948375, 0.8660254037844414832, 0.000000000000000000 ) ) ;
#4794 = DIRECTION ( 'NONE',  ( 0.000000000000000000, 1.000000000000000000, 0.000000000000000000 ) ) ;
#4795 = CARTESIAN_POINT ( 'NONE',  ( -0.06200787401574702623, -0.1074007882646061396, 12.08110236559055117 ) ) ;
#4796 = CARTESIAN_POINT ( 'NONE',  ( -0.1240157480314960370, -8.659973399492811311E-16, 1.685039370078740495 ) ) ;
#4797 = DIRECTION ( 'NONE',  ( 1.000000000000000000, 0.000000000000000000, 0.000000000000000000 ) ) ;
#4798 = AXIS2_PLACEMENT_3D ( 'NONE', #5112, #1894, #3692 ) ;
#4799 = ORIENTED_EDGE ( 'NONE', *, *, #1756, .T. ) ;
#4800 = EDGE_LOOP ( 'NONE', ( #4811, #2937, #5696, #3397 ) ) ;
#4801 = DIRECTION ( 'NONE',  ( -0.000000000000000000, -0.000000000000000000, -1.000000000000000000 ) ) ;
#4802 = VERTEX_POINT ( 'NONE', #872 ) ;
#4803 = VECTOR ( 'NONE', #4949, 39.37007874015748854 ) ;
#4804 = CARTESIAN_POINT ( 'NONE',  ( -0.09842519685039370636, 0.000000000000000000, 0.2480314960629921295 ) ) ;
#4805 = ORIENTED_EDGE ( 'NONE', *, *, #2383, .T. ) ;
#4806 = DIRECTION ( 'NONE',  ( -0.000000000000000000, -0.000000000000000000, -1.000000000000000000 ) ) ;
#4807 = VECTOR ( 'NONE', #5775, 39.37007874015748143 ) ;
#4808 = DIRECTION ( 'NONE',  ( 0.4999999999999950595, 0.8660254037844414832, 0.000000000000000000 ) ) ;
#4809 = ORIENTED_EDGE ( 'NONE', *, *, #394, .F. ) ;
#4810 = VECTOR ( 'NONE', #2098, 39.37007874015748143 ) ;
#4811 = ORIENTED_EDGE ( 'NONE', *, *, #731, .F. ) ;
#4812 = DIRECTION ( 'NONE',  ( 0.4999999999999948375, 0.8660254037844414832, 0.000000000000000000 ) ) ;
#4813 = DIRECTION ( 'NONE',  ( 1.000000000000000000, 0.000000000000000000, 0.000000000000000000 ) ) ;
#4814 = EDGE_LOOP ( 'NONE', ( #2265, #2490, #3262, #5207 ) ) ;
#4815 = VECTOR ( 'NONE', #4859, 39.37007874015748143 ) ;
#4816 = ADVANCED_FACE ( 'NONE', ( #5465 ), #4094, .F. ) ;
#4817 = PLANE ( 'NONE',  #5548 ) ;
#4818 = DIRECTION ( 'NONE',  ( 1.000000000000000000, 0.000000000000000000, 0.000000000000000000 ) ) ;
#4819 = CARTESIAN_POINT ( 'NONE',  ( 0.1240157480314960509, 1.518754888706363084E-17, 1.433070866141732402 ) ) ;
#4820 = AXIS2_PLACEMENT_3D ( 'NONE', #2730, #1914, #861 ) ;
#4821 = CARTESIAN_POINT ( 'NONE',  ( -0.09842519685039370636, 0.000000000000000000, 10.94330708999999935 ) ) ;
#4822 = VECTOR ( 'NONE', #4969, 39.37007874015748143 ) ;
#4823 = VERTEX_POINT ( 'NONE', #5502 ) ;
#4824 = AXIS2_PLACEMENT_3D ( 'NONE', #2212, #4090, #1752 ) ;
#4825 = DIRECTION ( 'NONE',  ( 0.000000000000000000, 0.000000000000000000, 1.000000000000000000 ) ) ;
#4826 = DIRECTION ( 'NONE',  ( -0.000000000000000000, -0.000000000000000000, -1.000000000000000000 ) ) ;
#4827 = CARTESIAN_POINT ( 'NONE',  ( 0.1240157480314960647, 0.000000000000000000, 3.740157480314960203 ) ) ;
#4828 = VECTOR ( 'NONE', #1557, 39.37007874015748143 ) ;
#4829 = PLANE ( 'NONE',  #2348 ) ;
#4830 = ADVANCED_FACE ( 'NONE', ( #4957 ), #2741, .F. ) ;
#4831 = LINE ( 'NONE', #5322, #790 ) ;
#4832 = CARTESIAN_POINT ( 'NONE',  ( 0.000000000000000000, 0.000000000000000000, 5.297637795275590200 ) ) ;
#4833 = LINE ( 'NONE', #1450, #1106 ) ;
#4834 = ORIENTED_EDGE ( 'NONE', *, *, #2415, .T. ) ;
#4835 = VERTEX_POINT ( 'NONE', #3169 ) ;
#4836 = DIRECTION ( 'NONE',  ( -0.4999999999999948375, -0.8660254037844417052, 0.000000000000000000 ) ) ;
#4837 = VERTEX_POINT ( 'NONE', #2165 ) ;
#4838 = DIRECTION ( 'NONE',  ( -0.000000000000000000, -0.000000000000000000, -1.000000000000000000 ) ) ;
#4839 = ORIENTED_EDGE ( 'NONE', *, *, #3596, .T. ) ;
#4840 = AXIS2_PLACEMENT_3D ( 'NONE', #1130, #674, #5209 ) ;
#4841 = CARTESIAN_POINT ( 'NONE',  ( 0.06200787401574776869, 0.1074007882646057094, 4.299212598425196319 ) ) ;
#4842 = DIRECTION ( 'NONE',  ( 0.000000000000000000, -0.000000000000000000, -1.000000000000000000 ) ) ;
#4843 = AXIS2_PLACEMENT_3D ( 'NONE', #5829, #1624, #1674 ) ;
#4844 = EDGE_LOOP ( 'NONE', ( #5681, #2126 ) ) ;
#4845 = ORIENTED_EDGE ( 'NONE', *, *, #4166, .T. ) ;
#4846 = DIRECTION ( 'NONE',  ( -0.5000000000000012212, 0.8660254037844379305, 0.000000000000000000 ) ) ;
#4847 = PLANE ( 'NONE',  #421 ) ;
#4848 = EDGE_CURVE ( 'NONE', #3164, #1152, #3845, .T. ) ;
#4849 = ORIENTED_EDGE ( 'NONE', *, *, #5263, .F. ) ;
#4850 = EDGE_CURVE ( 'NONE', #1051, #3786, #323, .T. ) ;
#4851 = AXIS2_PLACEMENT_3D ( 'NONE', #3556, #4018, #2122 ) ;
#4852 = DIRECTION ( 'NONE',  ( 0.000000000000000000, 0.000000000000000000, 1.000000000000000000 ) ) ;
#4853 = EDGE_CURVE ( 'NONE', #2447, #4772, #713, .T. ) ;
#4854 = DIRECTION ( 'NONE',  ( 0.000000000000000000, -0.000000000000000000, 1.000000000000000000 ) ) ;
#4855 = CARTESIAN_POINT ( 'NONE',  ( 0.000000000000000000, 0.000000000000000000, 0.6259842519685040463 ) ) ;
#4856 = CARTESIAN_POINT ( 'NONE',  ( -0.09842519685039370636, 0.000000000000000000, 0.6259842519685040463 ) ) ;
#4857 = ORIENTED_EDGE ( 'NONE', *, *, #4876, .T. ) ;
#4858 = ADVANCED_FACE ( 'NONE', ( #2138, #2193 ), #1675, .F. ) ;
#4859 = DIRECTION ( 'NONE',  ( -0.000000000000000000, -0.000000000000000000, -1.000000000000000000 ) ) ;
#4860 = CARTESIAN_POINT ( 'NONE',  ( -0.06200787401574851115, 0.1074007882646052930, 11.82125984590551049 ) ) ;
#4861 = PLANE ( 'NONE',  #329 ) ;
#4862 = EDGE_CURVE ( 'NONE', #5407, #1625, #2645, .T. ) ;
#4863 = DIRECTION ( 'NONE',  ( 0.000000000000000000, 0.000000000000000000, 1.000000000000000000 ) ) ;
#4864 = EDGE_CURVE ( 'NONE', #1062, #2079, #4981, .T. ) ;
#4865 = CARTESIAN_POINT ( 'NONE',  ( 0.000000000000000000, 0.000000000000000000, 4.299212598425196319 ) ) ;
#4866 = CARTESIAN_POINT ( 'NONE',  ( 0.000000000000000000, 0.000000000000000000, 0.5000000000000000000 ) ) ;
#4867 = EDGE_CURVE ( 'NONE', #5519, #1364, #4258, .T. ) ;
#4868 = ORIENTED_EDGE ( 'NONE', *, *, #3377, .F. ) ;
#4869 = CARTESIAN_POINT ( 'NONE',  ( -0.3412599786509462052, -0.1270374181231365973, 2.744094488188976388 ) ) ;
#4870 = DIRECTION ( 'NONE',  ( -0.4999999999999950595, -0.8660254037844414832, 0.000000000000000000 ) ) ;
#4871 = ADVANCED_FACE ( 'NONE', ( #2377, #5566 ), #3331, .F. ) ;
#4872 = VERTEX_POINT ( 'NONE', #2872 ) ;
#4873 = DIRECTION ( 'NONE',  ( -1.000000000000000000, 0.000000000000000000, 0.000000000000000000 ) ) ;
#4874 = VERTEX_POINT ( 'NONE', #4746 ) ;
#4875 = DIRECTION ( 'NONE',  ( -0.4999999999999950595, -0.8660254037844414832, 0.000000000000000000 ) ) ;
#4876 = EDGE_CURVE ( 'NONE', #5109, #4182, #49, .T. ) ;
#4877 = EDGE_CURVE ( 'NONE', #4466, #2679, #4218, .T. ) ;
#4878 = ORIENTED_EDGE ( 'NONE', *, *, #5755, .F. ) ;
#4879 = VERTEX_POINT ( 'NONE', #970 ) ;
#4880 = EDGE_LOOP ( 'NONE', ( #965, #1422, #2314, #775 ) ) ;
#4881 = DIRECTION ( 'NONE',  ( -0.4999999999999948375, -0.8660254037844417052, 0.000000000000000000 ) ) ;
#4882 = DIRECTION ( 'NONE',  ( 0.000000000000000000, 0.000000000000000000, 1.000000000000000000 ) ) ;
#4883 = ORIENTED_EDGE ( 'NONE', *, *, #3270, .F. ) ;
#4884 = AXIS2_PLACEMENT_3D ( 'NONE', #3666, #3208, #1371 ) ;
#4885 = VERTEX_POINT ( 'NONE', #1922 ) ;
#4886 = CARTESIAN_POINT ( 'NONE',  ( -0.3412599786509462052, -0.1270374181231365973, 3.240157480314960647 ) ) ;
#4887 = DIRECTION ( 'NONE',  ( 1.000000000000000000, 0.000000000000000000, -0.000000000000000000 ) ) ;
#4888 = AXIS2_PLACEMENT_3D ( 'NONE', #4633, #397, #4539 ) ;
#4889 = EDGE_LOOP ( 'NONE', ( #4707, #5878, #4940, #2616 ) ) ;
#4890 = DIRECTION ( 'NONE',  ( 0.000000000000000000, 0.000000000000000000, 1.000000000000000000 ) ) ;
#4891 = DIRECTION ( 'NONE',  ( -0.000000000000000000, -0.000000000000000000, -1.000000000000000000 ) ) ;
#4892 = DIRECTION ( 'NONE',  ( -1.000000000000000000, 0.000000000000000000, 0.000000000000000000 ) ) ;
#4893 = CARTESIAN_POINT ( 'NONE',  ( 0.09842519685039370636, 1.205361022782828035E-17, 5.549606299212598515 ) ) ;
#4894 = DIRECTION ( 'NONE',  ( 1.000000000000000000, 0.000000000000000000, 0.000000000000000000 ) ) ;
#4895 = ADVANCED_FACE ( 'NONE', ( #2806, #6057 ), #510, .T. ) ;
#4896 = EDGE_CURVE ( 'NONE', #2194, #3363, #3454, .T. ) ;
#4897 = ORIENTED_EDGE ( 'NONE', *, *, #1862, .F. ) ;
#4898 = FACE_OUTER_BOUND ( 'NONE', #5072, .T. ) ;
#4899 = ORIENTED_EDGE ( 'NONE', *, *, #4862, .F. ) ;
#4900 = FACE_OUTER_BOUND ( 'NONE', #420, .T. ) ;
#4901 = VERTEX_POINT ( 'NONE', #4647 ) ;
#4902 = DIRECTION ( 'NONE',  ( -1.000000000000000000, 0.000000000000000000, 0.000000000000000000 ) ) ;
#4903 = VECTOR ( 'NONE', #4101, 39.37007874015748143 ) ;
#4904 = ORIENTED_EDGE ( 'NONE', *, *, #2180, .F. ) ;
#4905 = VERTEX_POINT ( 'NONE', #445 ) ;
#4906 = ORIENTED_EDGE ( 'NONE', *, *, #3241, .F. ) ;
#4907 = DIRECTION ( 'NONE',  ( -0.4999999999999948375, -0.8660254037844417052, 0.000000000000000000 ) ) ;
#4908 = DIRECTION ( 'NONE',  ( -0.000000000000000000, 0.000000000000000000, 1.000000000000000000 ) ) ;
#4909 = VECTOR ( 'NONE', #3540, 39.37007874015748143 ) ;
#4910 = VECTOR ( 'NONE', #4172, 39.37007874015748143 ) ;
#4911 = VERTEX_POINT ( 'NONE', #1893 ) ;
#4912 = DIRECTION ( 'NONE',  ( -0.000000000000000000, -0.000000000000000000, -1.000000000000000000 ) ) ;
#4913 = EDGE_CURVE ( 'NONE', #2334, #1393, #2312, .T. ) ;
#4914 = CIRCLE ( 'NONE', #1661, 0.06889763779527557919 ) ;
#4915 = ORIENTED_EDGE ( 'NONE', *, *, #5217, .F. ) ;
#4916 = CARTESIAN_POINT ( 'NONE',  ( 0.000000000000000000, 0.000000000000000000, 8.333070865590551435 ) ) ;
#4917 = LINE ( 'NONE', #4098, #4631 ) ;
#4918 = PLANE ( 'NONE',  #5560 ) ;
#4919 = VECTOR ( 'NONE', #4404, 39.37007874015748143 ) ;
#4920 = LINE ( 'NONE', #278, #220 ) ;
#4921 = PLANE ( 'NONE',  #4330 ) ;
#4922 = CIRCLE ( 'NONE', #4720, 0.09842519685039370636 ) ;
#4923 = EDGE_CURVE ( 'NONE', #2151, #2586, #5175, .T. ) ;
#4924 = AXIS2_PLACEMENT_3D ( 'NONE', #5944, #256, #1144 ) ;
#4925 = ORIENTED_EDGE ( 'NONE', *, *, #1149, .T. ) ;
#4926 = DIRECTION ( 'NONE',  ( 1.000000000000000000, 3.614007241618348524E-17, 0.000000000000000000 ) ) ;
#4927 = ORIENTED_EDGE ( 'NONE', *, *, #1769, .T. ) ;
#4928 = DIRECTION ( 'NONE',  ( 0.000000000000000000, 0.000000000000000000, 1.000000000000000000 ) ) ;
#4929 = VECTOR ( 'NONE', #5638, 39.37007874015748143 ) ;
#4930 = ORIENTED_EDGE ( 'NONE', *, *, #3063, .T. ) ;
#4931 = DIRECTION ( 'NONE',  ( -1.000000000000000000, -3.316291799815033975E-15, 0.000000000000000000 ) ) ;
#4932 = VERTEX_POINT ( 'NONE', #4681 ) ;
#4933 = ORIENTED_EDGE ( 'NONE', *, *, #3241, .T. ) ;
#4934 = ORIENTED_EDGE ( 'NONE', *, *, #4577, .T. ) ;
#4935 = DIRECTION ( 'NONE',  ( -0.5000000000000012212, 0.8660254037844379305, 0.000000000000000000 ) ) ;
#4936 = VECTOR ( 'NONE', #4781, 39.37007874015748143 ) ;
#4937 = ORIENTED_EDGE ( 'NONE', *, *, #3513, .T. ) ;
#4938 = LINE ( 'NONE', #3497, #4964 ) ;
#4939 = EDGE_CURVE ( 'NONE', #2285, #2211, #1853, .T. ) ;
#4940 = ORIENTED_EDGE ( 'NONE', *, *, #2731, .F. ) ;
#4941 = AXIS2_PLACEMENT_3D ( 'NONE', #68, #2890, #4761 ) ;
#4942 = DIRECTION ( 'NONE',  ( -1.000000000000000000, 0.000000000000000000, 0.000000000000000000 ) ) ;
#4943 = CARTESIAN_POINT ( 'NONE',  ( -0.06889763779527557919, 0.000000000000000000, 3.366141732283464361 ) ) ;
#4944 = FACE_OUTER_BOUND ( 'NONE', #1451, .T. ) ;
#4945 = LINE ( 'NONE', #1224, #4822 ) ;
#4946 = ORIENTED_EDGE ( 'NONE', *, *, #2792, .T. ) ;
#4947 = CARTESIAN_POINT ( 'NONE',  ( -0.1240157480314960370, -8.659973399492811311E-16, 2.244094488188976833 ) ) ;
#4948 = ORIENTED_EDGE ( 'NONE', *, *, #621, .T. ) ;
#4949 = DIRECTION ( 'NONE',  ( -0.5000000000000012212, 0.8660254037844379305, 0.000000000000000000 ) ) ;
#4950 = ORIENTED_EDGE ( 'NONE', *, *, #5152, .F. ) ;
#4951 = LINE ( 'NONE', #5436, #705 ) ;
#4952 = EDGE_CURVE ( 'NONE', #2153, #1662, #5812, .T. ) ;
#4953 = ORIENTED_EDGE ( 'NONE', *, *, #4913, .F. ) ;
#4954 = EDGE_LOOP ( 'NONE', ( #1781, #1155, #608, #424 ) ) ;
#4955 = ORIENTED_EDGE ( 'NONE', *, *, #4023, .F. ) ;
#4956 = DIRECTION ( 'NONE',  ( 1.000000000000000000, 0.000000000000000000, 0.000000000000000000 ) ) ;
#4957 = FACE_OUTER_BOUND ( 'NONE', #4954, .T. ) ;
#4958 = EDGE_CURVE ( 'NONE', #5419, #5381, #16, .T. ) ;
#4959 = EDGE_CURVE ( 'NONE', #4472, #1110, #5010, .T. ) ;
#4960 = ADVANCED_FACE ( 'NONE', ( #4712 ), #1458, .T. ) ;
#4961 = VERTEX_POINT ( 'NONE', #80 ) ;
#4962 = DIRECTION ( 'NONE',  ( 1.000000000000000000, 0.000000000000000000, 0.000000000000000000 ) ) ;
#4963 = ORIENTED_EDGE ( 'NONE', *, *, #3400, .T. ) ;
#4964 = VECTOR ( 'NONE', #4912, 39.37007874015748143 ) ;
#4965 = LINE ( 'NONE', #2176, #1092 ) ;
#4966 = PLANE ( 'NONE',  #3761 ) ;
#4967 = ADVANCED_FACE ( 'NONE', ( #3821 ), #5697, .T. ) ;
#4968 = FACE_BOUND ( 'NONE', #4844, .T. ) ;
#4969 = DIRECTION ( 'NONE',  ( -0.000000000000000000, -0.000000000000000000, -1.000000000000000000 ) ) ;
#4970 = VECTOR ( 'NONE', #5976, 39.37007874015748143 ) ;
#4971 = ORIENTED_EDGE ( 'NONE', *, *, #1906, .T. ) ;
#4972 = DIRECTION ( 'NONE',  ( 3.614007241618348524E-17, -1.000000000000000000, 0.000000000000000000 ) ) ;
#4973 = CARTESIAN_POINT ( 'NONE',  ( -0.09842519685039370636, 0.000000000000000000, 1.685039370078740495 ) ) ;
#4974 = ADVANCED_FACE ( 'NONE', ( #1031 ), #2902, .F. ) ;
#4975 = ORIENTED_EDGE ( 'NONE', *, *, #2844, .T. ) ;
#4976 = CARTESIAN_POINT ( 'NONE',  ( 0.06889763779527557919, 8.437527159479795937E-18, 2.618110236220472675 ) ) ;
#4977 = EDGE_LOOP ( 'NONE', ( #2512, #653, #1335, #5871 ) ) ;
#4978 = ORIENTED_EDGE ( 'NONE', *, *, #3560, .F. ) ;
#4979 = ORIENTED_EDGE ( 'NONE', *, *, #5458, .T. ) ;
#4980 = CARTESIAN_POINT ( 'NONE',  ( 0.1240157480314960647, 0.000000000000000000, 0.2480314960629921295 ) ) ;
#4981 = LINE ( 'NONE', #1235, #2972 ) ;
#4982 = ORIENTED_EDGE ( 'NONE', *, *, #3217, .T. ) ;
#4983 = DIRECTION ( 'NONE',  ( 1.000000000000000000, 0.000000000000000000, -0.000000000000000000 ) ) ;
#4984 = ADVANCED_FACE ( 'NONE', ( #1619 ), #640, .F. ) ;
#4985 = AXIS2_PLACEMENT_3D ( 'NONE', #1325, #441, #3684 ) ;
#4986 = ORIENTED_EDGE ( 'NONE', *, *, #6041, .T. ) ;
#4987 = CARTESIAN_POINT ( 'NONE',  ( 0.06200787401574776869, 0.1074007882646057094, 0.8740157480314961758 ) ) ;
#4988 = VECTOR ( 'NONE', #1838, 39.37007874015748143 ) ;
#4989 = CARTESIAN_POINT ( 'NONE',  ( -0.09842519685039370636, 0.000000000000000000, 5.423622047244094801 ) ) ;
#4990 = FACE_BOUND ( 'NONE', #2405, .T. ) ;
#4991 = DIRECTION ( 'NONE',  ( -1.000000000000000000, 0.000000000000000000, 0.000000000000000000 ) ) ;
#4992 = ORIENTED_EDGE ( 'NONE', *, *, #3467, .T. ) ;
#4993 = VECTOR ( 'NONE', #1972, 39.37007874015748143 ) ;
#4994 = CARTESIAN_POINT ( 'NONE',  ( 0.06889763779527557919, 8.437527159479795937E-18, 3.366141732283464361 ) ) ;
#4995 = EDGE_CURVE ( 'NONE', #1015, #1210, #236, .T. ) ;
#4996 = DIRECTION ( 'NONE',  ( 3.441911658684136277E-15, -1.000000000000000000, 0.000000000000000000 ) ) ;
#4997 = DIRECTION ( 'NONE',  ( 0.4999999999999948375, 0.8660254037844414832, 0.000000000000000000 ) ) ;
#4998 = FACE_OUTER_BOUND ( 'NONE', #395, .T. ) ;
#4999 = EDGE_LOOP ( 'NONE', ( #1640, #1664, #2256, #3026 ) ) ;
#5000 = VECTOR ( 'NONE', #4562, 39.37007874015748143 ) ;
#5001 = CARTESIAN_POINT ( 'NONE',  ( 0.2649999999999999578, 3.245314017740485592E-17, 9.325196849842519953 ) ) ;
#5002 = VECTOR ( 'NONE', #3810, 39.37007874015748143 ) ;
#5003 = ORIENTED_EDGE ( 'NONE', *, *, #5026, .F. ) ;
#5004 = ORIENTED_EDGE ( 'NONE', *, *, #5030, .T. ) ;
#5005 = DIRECTION ( 'NONE',  ( -0.000000000000000000, 0.000000000000000000, 1.000000000000000000 ) ) ;
#5006 = VECTOR ( 'NONE', #2788, 39.37007874015748143 ) ;
#5007 = VERTEX_POINT ( 'NONE', #694 ) ;
#5008 = CARTESIAN_POINT ( 'NONE',  ( 0.000000000000000000, 0.000000000000000000, 4.299212598425196319 ) ) ;
#5009 = LINE ( 'NONE', #4551, #5120 ) ;
#5010 = CIRCLE ( 'NONE', #1286, 0.09842519685039370636 ) ;
#5011 = DIRECTION ( 'NONE',  ( 1.000000000000000000, 0.000000000000000000, -0.000000000000000000 ) ) ;
#5012 = ADVANCED_FACE ( 'NONE', ( #2075 ), #1179, .T. ) ;
#5013 = ORIENTED_EDGE ( 'NONE', *, *, #2252, .F. ) ;
#5014 = LINE ( 'NONE', #4554, #1793 ) ;
#5015 = DIRECTION ( 'NONE',  ( -0.000000000000000000, 0.000000000000000000, 1.000000000000000000 ) ) ;
#5016 = EDGE_CURVE ( 'NONE', #4409, #3490, #4773, .T. ) ;
#5017 = EDGE_CURVE ( 'NONE', #4961, #5955, #3456, .T. ) ;
#5018 = VERTEX_POINT ( 'NONE', #2564 ) ;
#5019 = DIRECTION ( 'NONE',  ( -0.5000000000000069944, 0.8660254037844345998, 0.000000000000000000 ) ) ;
#5020 = CIRCLE ( 'NONE', #5233, 0.09842519685039370636 ) ;
#5021 = VECTOR ( 'NONE', #4319, 39.37007874015748143 ) ;
#5022 = LINE ( 'NONE', #823, #5851 ) ;
#5023 = CARTESIAN_POINT ( 'NONE',  ( 0.1561809662309435742, 0.1520374181231365363, 5.272834645669290943 ) ) ;
#5024 = CARTESIAN_POINT ( 'NONE',  ( -0.3412599786509462052, 0.1485531330579657749, 3.240157480314960647 ) ) ;
#5025 = AXIS2_PLACEMENT_3D ( 'NONE', #3900, #5774, #2003 ) ;
#5026 = EDGE_CURVE ( 'NONE', #4872, #319, #3488, .T. ) ;
#5027 = ORIENTED_EDGE ( 'NONE', *, *, #3948, .T. ) ;
#5028 = CARTESIAN_POINT ( 'NONE',  ( -0.06889763779527557919, 0.000000000000000000, 5.423622047244094801 ) ) ;
#5029 = ADVANCED_FACE ( 'NONE', ( #5333 ), #2968, .F. ) ;
#5030 = EDGE_CURVE ( 'NONE', #1110, #1326, #4438, .T. ) ;
#5031 = DIRECTION ( 'NONE',  ( -0.000000000000000000, -0.000000000000000000, -1.000000000000000000 ) ) ;
#5032 = PLANE ( 'NONE',  #2491 ) ;
#5033 = FACE_OUTER_BOUND ( 'NONE', #9, .T. ) ;
#5034 = ORIENTED_EDGE ( 'NONE', *, *, #4754, .T. ) ;
#5035 = DIRECTION ( 'NONE',  ( 1.000000000000000000, 0.000000000000000000, 0.000000000000000000 ) ) ;
#5036 = ADVANCED_FACE ( 'NONE', ( #3027 ), #5264, .T. ) ;
#5037 = LINE ( 'NONE', #5954, #25 ) ;
#5038 = VERTEX_POINT ( 'NONE', #2112 ) ;
#5039 = EDGE_CURVE ( 'NONE', #2923, #3847, #573, .T. ) ;
#5040 = ORIENTED_EDGE ( 'NONE', *, *, #1491, .T. ) ;
#5041 = LINE ( 'NONE', #410, #5089 ) ;
#5042 = ORIENTED_EDGE ( 'NONE', *, *, #4283, .T. ) ;
#5043 = PLANE ( 'NONE',  #3961 ) ;
#5044 = ADVANCED_FACE ( 'NONE', ( #1059 ), #3979, .F. ) ;
#5045 = CARTESIAN_POINT ( 'NONE',  ( -0.06200787401574851115, 0.1074007882646052930, 5.797637795275591088 ) ) ;
#5046 = CARTESIAN_POINT ( 'NONE',  ( -0.06200787401574702623, -0.1074007882646061396, 11.19133858606299015 ) ) ;
#5047 = ORIENTED_EDGE ( 'NONE', *, *, #4465, .F. ) ;
#5048 = DIRECTION ( 'NONE',  ( -1.000000000000000000, 0.000000000000000000, 0.000000000000000000 ) ) ;
#5049 = DIRECTION ( 'NONE',  ( 0.000000000000000000, 0.000000000000000000, 1.000000000000000000 ) ) ;
#5050 = ORIENTED_EDGE ( 'NONE', *, *, #143, .T. ) ;
#5051 = DIRECTION ( 'NONE',  ( -0.5638151089695246920, 6.904743685104445218E-17, 0.8259010369878966307 ) ) ;
#5052 = VECTOR ( 'NONE', #3178, 39.37007874015748854 ) ;
#5053 = DIRECTION ( 'NONE',  ( 1.000000000000000000, 1.046341144239976841E-14, 0.000000000000000000 ) ) ;
#5054 = CARTESIAN_POINT ( 'NONE',  ( -0.06200787401574851115, 0.1074007882646052930, 12.08110236559055117 ) ) ;
#5055 = CARTESIAN_POINT ( 'NONE',  ( 0.000000000000000000, 0.000000000000000000, 3.240157480314960647 ) ) ;
#5056 = AXIS2_PLACEMENT_3D ( 'NONE', #2418, #2908, #4324 ) ;
#5057 = ORIENTED_EDGE ( 'NONE', *, *, #2815, .F. ) ;
#5058 = LINE ( 'NONE', #1281, #4970 ) ;
#5059 = DIRECTION ( 'NONE',  ( -0.000000000000000000, -0.000000000000000000, -1.000000000000000000 ) ) ;
#5060 = PLANE ( 'NONE',  #5138 ) ;
#5061 = DIRECTION ( 'NONE',  ( 0.4999999999999948375, 0.8660254037844417052, 0.000000000000000000 ) ) ;
#5062 = CARTESIAN_POINT ( 'NONE',  ( 0.000000000000000000, 0.000000000000000000, 5.549606299212598515 ) ) ;
#5063 = CIRCLE ( 'NONE', #4186, 0.06889763779527557919 ) ;
#5064 = ORIENTED_EDGE ( 'NONE', *, *, #3054, .T. ) ;
#5065 = CARTESIAN_POINT ( 'NONE',  ( -0.08842519685039371136, 0.000000000000000000, 3.740157480314960203 ) ) ;
#5066 = EDGE_CURVE ( 'NONE', #1257, #2801, #5293, .T. ) ;
#5067 = DIRECTION ( 'NONE',  ( 0.4999999999999950595, 0.8660254037844414832, 0.000000000000000000 ) ) ;
#5068 = ORIENTED_EDGE ( 'NONE', *, *, #654, .T. ) ;
#5069 = AXIS2_PLACEMENT_3D ( 'NONE', #551, #1070, #3402 ) ;
#5070 = ORIENTED_EDGE ( 'NONE', *, *, #6032, .T. ) ;
#5071 = FACE_OUTER_BOUND ( 'NONE', #5632, .T. ) ;
#5072 = EDGE_LOOP ( 'NONE', ( #5257, #827, #1976, #2744 ) ) ;
#5073 = CARTESIAN_POINT ( 'NONE',  ( 0.1311809662309435798, 0.1270374181231365418, 4.551181102362203745 ) ) ;
#5074 = ORIENTED_EDGE ( 'NONE', *, *, #5667, .F. ) ;
#5075 = LINE ( 'NONE', #1705, #4043 ) ;
#5076 = LINE ( 'NONE', #841, #1071 ) ;
#5077 = ORIENTED_EDGE ( 'NONE', *, *, #621, .F. ) ;
#5078 = DIRECTION ( 'NONE',  ( 0.000000000000000000, 0.000000000000000000, 1.000000000000000000 ) ) ;
#5079 = DIRECTION ( 'NONE',  ( -0.000000000000000000, 0.000000000000000000, 1.000000000000000000 ) ) ;
#5080 = ORIENTED_EDGE ( 'NONE', *, *, #5937, .T. ) ;
#5081 = AXIS2_PLACEMENT_3D ( 'NONE', #5994, #1792, #3659 ) ;
#5082 = EDGE_LOOP ( 'NONE', ( #5900, #1126 ) ) ;
#5083 = ADVANCED_FACE ( 'NONE', ( #177, #2041 ), #5753, .F. ) ;
#5084 = AXIS2_PLACEMENT_3D ( 'NONE', #3516, #3486, #5922 ) ;
#5085 = LINE ( 'NONE', #2656, #2521 ) ;
#5086 = DIRECTION ( 'NONE',  ( 1.000000000000000000, 0.000000000000000000, 0.000000000000000000 ) ) ;
#5087 = FACE_OUTER_BOUND ( 'NONE', #1178, .T. ) ;
#5088 = CARTESIAN_POINT ( 'NONE',  ( -0.06200787401574851115, 0.1074007882646052930, 1.933070866141732624 ) ) ;
#5089 = VECTOR ( 'NONE', #4181, 39.37007874015748854 ) ;
#5090 = EDGE_LOOP ( 'NONE', ( #2114, #65, #2808, #693 ) ) ;
#5091 = CIRCLE ( 'NONE', #1473, 0.2649999999999999578 ) ;
#5092 = CARTESIAN_POINT ( 'NONE',  ( -0.1311809662309435798, 0.1270374181231365418, 5.297637795275590200 ) ) ;
#5093 = FACE_BOUND ( 'NONE', #5875, .T. ) ;
#5094 = ADVANCED_FACE ( 'NONE', ( #1094 ), #5785, .F. ) ;
#5095 = LINE ( 'NONE', #890, #3967 ) ;
#5096 = CARTESIAN_POINT ( 'NONE',  ( -0.06200787401574702623, -0.1074007882646061396, 10.94330708999999935 ) ) ;
#5097 = CARTESIAN_POINT ( 'NONE',  ( -0.1240157480314960370, -8.659973399492811311E-16, 3.740157480314960203 ) ) ;
#5098 = ORIENTED_EDGE ( 'NONE', *, *, #3689, .F. ) ;
#5099 = CARTESIAN_POINT ( 'NONE',  ( -0.07342519685039371191, 0.000000000000000000, 11.69133858606299015 ) ) ;
#5100 = VECTOR ( 'NONE', #5806, 39.37007874015748143 ) ;
#5101 = EDGE_CURVE ( 'NONE', #860, #3459, #5304, .T. ) ;
#5102 = LINE ( 'NONE', #5168, #2756 ) ;
#5103 = ORIENTED_EDGE ( 'NONE', *, *, #5648, .T. ) ;
#5104 = VERTEX_POINT ( 'NONE', #4001 ) ;
#5105 = PLANE ( 'NONE',  #2840 ) ;
#5106 = ORIENTED_EDGE ( 'NONE', *, *, #642, .T. ) ;
#5107 = FACE_BOUND ( 'NONE', #2898, .T. ) ;
#5108 = AXIS2_PLACEMENT_3D ( 'NONE', #4059, #1745, #4931 ) ;
#5109 = VERTEX_POINT ( 'NONE', #774 ) ;
#5110 = CARTESIAN_POINT ( 'NONE',  ( 0.1240157480314960647, 0.000000000000000000, 1.933070866141732624 ) ) ;
#5111 = AXIS2_PLACEMENT_3D ( 'NONE', #4457, #5431, #3607 ) ;
#5112 = CARTESIAN_POINT ( 'NONE',  ( 0.000000000000000000, 0.000000000000000000, 12.45511811362204746 ) ) ;
#5113 = AXIS2_PLACEMENT_3D ( 'NONE', #5062, #401, #2271 ) ;
#5114 = EDGE_LOOP ( 'NONE', ( #1368, #4281, #45, #2774, #266, #2749 ) ) ;
#5115 = AXIS2_PLACEMENT_3D ( 'NONE', #1729, #1365, #1760 ) ;
#5116 = FACE_OUTER_BOUND ( 'NONE', #3188, .T. ) ;
#5117 = CARTESIAN_POINT ( 'NONE',  ( 0.000000000000000000, 0.000000000000000000, 3.492125984251968074 ) ) ;
#5118 = ADVANCED_FACE ( 'NONE', ( #263 ), #4113, .F. ) ;
#5119 = VERTEX_POINT ( 'NONE', #4976 ) ;
#5120 = VECTOR ( 'NONE', #1261, 39.37007874015748143 ) ;
#5121 = ADVANCED_FACE ( 'NONE', ( #5872 ), #1208, .T. ) ;
#5122 = ORIENTED_EDGE ( 'NONE', *, *, #3672, .T. ) ;
#5123 = EDGE_CURVE ( 'NONE', #1707, #2050, #2209, .T. ) ;
#5124 = CARTESIAN_POINT ( 'NONE',  ( 0.000000000000000000, 0.000000000000000000, 6.608661417322835518 ) ) ;
#5125 = DIRECTION ( 'NONE',  ( 1.000000000000000000, 0.000000000000000000, 0.000000000000000000 ) ) ;
#5126 = FACE_OUTER_BOUND ( 'NONE', #2708, .T. ) ;
#5127 = DIRECTION ( 'NONE',  ( 0.000000000000000000, 0.000000000000000000, 1.000000000000000000 ) ) ;
#5128 = EDGE_CURVE ( 'NONE', #2222, #6009, #3077, .T. ) ;
#5129 = CIRCLE ( 'NONE', #4046, 0.09842519685039370636 ) ;
#5130 = EDGE_LOOP ( 'NONE', ( #5140, #5720 ) ) ;
#5131 = FACE_OUTER_BOUND ( 'NONE', #4193, .T. ) ;
#5132 = CARTESIAN_POINT ( 'NONE',  ( 0.06889763779527557919, 8.437527159479795937E-18, 6.482677165354330917 ) ) ;
#5133 = CARTESIAN_POINT ( 'NONE',  ( -0.06200787401574702623, -0.1074007882646061396, 12.08110236559055117 ) ) ;
#5134 = CYLINDRICAL_SURFACE ( 'NONE', #2060, 0.2649999999999999578 ) ;
#5135 = CARTESIAN_POINT ( 'NONE',  ( 0.000000000000000000, 0.000000000000000000, 7.462992125433071777 ) ) ;
#5136 = ORIENTED_EDGE ( 'NONE', *, *, #1593, .T. ) ;
#5137 = LINE ( 'NONE', #4, #3730 ) ;
#5138 = AXIS2_PLACEMENT_3D ( 'NONE', #2331, #3612, #4567 ) ;
#5139 = DIRECTION ( 'NONE',  ( -1.000000000000000000, 0.000000000000000000, 0.000000000000000000 ) ) ;
#5140 = ORIENTED_EDGE ( 'NONE', *, *, #1646, .T. ) ;
#5141 = ORIENTED_EDGE ( 'NONE', *, *, #1828, .F. ) ;
#5142 = LINE ( 'NONE', #4214, #614 ) ;
#5143 = ORIENTED_EDGE ( 'NONE', *, *, #5026, .T. ) ;
#5144 = CARTESIAN_POINT ( 'NONE',  ( 0.000000000000000000, 0.000000000000000000, 1.559055118110236338 ) ) ;
#5145 = DIRECTION ( 'NONE',  ( -0.000000000000000000, -0.000000000000000000, -1.000000000000000000 ) ) ;
#5146 = EDGE_CURVE ( 'NONE', #4441, #5119, #5699, .T. ) ;
#5147 = CARTESIAN_POINT ( 'NONE',  ( -0.06889763779527557919, 0.000000000000000000, 2.744094488188976388 ) ) ;
#5148 = ORIENTED_EDGE ( 'NONE', *, *, #344, .T. ) ;
#5149 = FACE_BOUND ( 'NONE', #1817, .T. ) ;
#5150 = DIRECTION ( 'NONE',  ( 1.445602896647339410E-16, -1.000000000000000000, 0.000000000000000000 ) ) ;
#5151 = ORIENTED_EDGE ( 'NONE', *, *, #248, .T. ) ;
#5152 = EDGE_CURVE ( 'NONE', #787, #2306, #2615, .T. ) ;
#5153 = EDGE_CURVE ( 'NONE', #5381, #972, #2637, .T. ) ;
#5154 = EDGE_CURVE ( 'NONE', #1826, #2778, #805, .T. ) ;
#5155 = ORIENTED_EDGE ( 'NONE', *, *, #4560, .T. ) ;
#5156 = CARTESIAN_POINT ( 'NONE',  ( 0.06200787401574776869, 0.1074007882646057094, 1.933070866141732624 ) ) ;
#5157 = CARTESIAN_POINT ( 'NONE',  ( -0.1240157480314960370, -8.659973399492811311E-16, 1.933070866141732624 ) ) ;
#5158 = LINE ( 'NONE', #947, #1988 ) ;
#5159 = CARTESIAN_POINT ( 'NONE',  ( 0.06200787401574927443, -0.1074007882646048490, 2.492125984251968962 ) ) ;
#5160 = VERTEX_POINT ( 'NONE', #4464 ) ;
#5161 = CARTESIAN_POINT ( 'NONE',  ( 0.000000000000000000, 0.000000000000000000, 2.744094488188976388 ) ) ;
#5162 = PLANE ( 'NONE',  #2248 ) ;
#5163 = CARTESIAN_POINT ( 'NONE',  ( 0.000000000000000000, 0.000000000000000000, 6.608661417322835518 ) ) ;
#5164 = LINE ( 'NONE', #2030, #3716 ) ;
#5165 = DIRECTION ( 'NONE',  ( -0.000000000000000000, -0.000000000000000000, -1.000000000000000000 ) ) ;
#5166 = VERTEX_POINT ( 'NONE', #4084 ) ;
#5167 = CYLINDRICAL_SURFACE ( 'NONE', #607, 0.06889763779527557919 ) ;
#5168 = CARTESIAN_POINT ( 'NONE',  ( -0.09842519685039370636, 0.000000000000000000, 2.618110236220472675 ) ) ;
#5169 = ORIENTED_EDGE ( 'NONE', *, *, #3250, .F. ) ;
#5170 = ORIENTED_EDGE ( 'NONE', *, *, #3149, .T. ) ;
#5171 = LINE ( 'NONE', #104, #2743 ) ;
#5172 = EDGE_CURVE ( 'NONE', #2934, #1532, #4222, .T. ) ;
#5173 = ORIENTED_EDGE ( 'NONE', *, *, #3987, .F. ) ;
#5174 = DIRECTION ( 'NONE',  ( 1.000000000000000000, 0.000000000000000000, -0.000000000000000000 ) ) ;
#5175 = LINE ( 'NONE', #2834, #4728 ) ;
#5176 = AXIS2_PLACEMENT_3D ( 'NONE', #2452, #2389, #484 ) ;
#5177 = FACE_OUTER_BOUND ( 'NONE', #960, .T. ) ;
#5178 = ORIENTED_EDGE ( 'NONE', *, *, #1513, .T. ) ;
#5179 = CARTESIAN_POINT ( 'NONE',  ( 0.000000000000000000, 0.000000000000000000, 11.31732283803149386 ) ) ;
#5180 = DIRECTION ( 'NONE',  ( -0.000000000000000000, 0.000000000000000000, 1.000000000000000000 ) ) ;
#5181 = ORIENTED_EDGE ( 'NONE', *, *, #2557, .T. ) ;
#5182 = ADVANCED_FACE ( 'NONE', ( #5415 ), #5457, .F. ) ;
#5183 = CARTESIAN_POINT ( 'NONE',  ( 0.06200787401574776869, 0.1074007882646057094, 11.82125984590551049 ) ) ;
#5184 = CARTESIAN_POINT ( 'NONE',  ( 0.06200787401574927443, -0.1074007882646048490, 0.8740157480314961758 ) ) ;
#5185 = EDGE_CURVE ( 'NONE', #2306, #2208, #4951, .T. ) ;
#5186 = VECTOR ( 'NONE', #4048, 39.37007874015748143 ) ;
#5187 = DIRECTION ( 'NONE',  ( -1.000000000000000000, -3.441911658684135488E-15, 0.000000000000000000 ) ) ;
#5188 = DIRECTION ( 'NONE',  ( -0.5000000000000069944, 0.8660254037844345998, 0.000000000000000000 ) ) ;
#5189 = EDGE_LOOP ( 'NONE', ( #3078, #5143, #2670, #3356 ) ) ;
#5190 = CARTESIAN_POINT ( 'NONE',  ( -0.1956443936964311348, -0.3388660300982287432, 9.947244093937008813 ) ) ;
#5191 = PLANE ( 'NONE',  #3531 ) ;
#5192 = FACE_OUTER_BOUND ( 'NONE', #2253, .T. ) ;
#5193 = PLANE ( 'NONE',  #2941 ) ;
#5194 = DIRECTION ( 'NONE',  ( 0.000000000000000000, 0.000000000000000000, 1.000000000000000000 ) ) ;
#5195 = CIRCLE ( 'NONE', #3920, 0.09842519685039370636 ) ;
#5196 = CARTESIAN_POINT ( 'NONE',  ( 0.06200787401574927443, -0.1074007882646048490, 11.82125984590551049 ) ) ;
#5197 = ORIENTED_EDGE ( 'NONE', *, *, #1750, .T. ) ;
#5198 = ORIENTED_EDGE ( 'NONE', *, *, #2395, .T. ) ;
#5199 = DIRECTION ( 'NONE',  ( 1.000000000000000000, 0.000000000000000000, 0.000000000000000000 ) ) ;
#5200 = ORIENTED_EDGE ( 'NONE', *, *, #1769, .F. ) ;
#5201 = FILL_AREA_STYLE ('',( #3417 ) ) ;
#5202 = VECTOR ( 'NONE', #799, 39.37007874015748143 ) ;
#5203 = ORIENTED_EDGE ( 'NONE', *, *, #5346, .T. ) ;
#5204 = CARTESIAN_POINT ( 'NONE',  ( 0.06200787401574927443, -0.1074007882646048490, 6.856692913385827204 ) ) ;
#5205 = LINE ( 'NONE', #1492, #1739 ) ;
#5206 = VECTOR ( 'NONE', #4606, 39.37007874015747433 ) ;
#5207 = ORIENTED_EDGE ( 'NONE', *, *, #1352, .F. ) ;
#5208 = CARTESIAN_POINT ( 'NONE',  ( -0.1240157480314960370, -8.659973399492811311E-16, 10.94330708999999935 ) ) ;
#5209 = DIRECTION ( 'NONE',  ( 1.000000000000000000, 0.000000000000000000, 0.000000000000000000 ) ) ;
#5210 = EDGE_LOOP ( 'NONE', ( #2537, #5277, #4975, #1350, #6025, #3153 ) ) ;
#5211 = AXIS2_PLACEMENT_3D ( 'NONE', #3639, #1905, #4236 ) ;
#5212 = FACE_OUTER_BOUND ( 'NONE', #5590, .T. ) ;
#5213 = DIRECTION ( 'NONE',  ( 1.000000000000000000, 0.000000000000000000, -0.000000000000000000 ) ) ;
#5214 = VECTOR ( 'NONE', #1275, 39.37007874015748143 ) ;
#5215 = CARTESIAN_POINT ( 'NONE',  ( 0.000000000000000000, 0.000000000000000000, 4.051181102362204633 ) ) ;
#5216 = FACE_OUTER_BOUND ( 'NONE', #5446, .T. ) ;
#5217 = EDGE_CURVE ( 'NONE', #3490, #4676, #4714, .T. ) ;
#5218 = VERTEX_POINT ( 'NONE', #4514 ) ;
#5219 = FACE_OUTER_BOUND ( 'NONE', #106, .T. ) ;
#5220 = DIRECTION ( 'NONE',  ( 0.000000000000000000, 0.000000000000000000, 1.000000000000000000 ) ) ;
#5221 = DIRECTION ( 'NONE',  ( 1.000000000000000000, 0.000000000000000000, 0.000000000000000000 ) ) ;
#5222 = CARTESIAN_POINT ( 'NONE',  ( 0.06200787401574776869, 0.1074007882646057094, 5.549606299212598515 ) ) ;
#5223 = DIRECTION ( 'NONE',  ( -0.000000000000000000, -0.000000000000000000, -1.000000000000000000 ) ) ;
#5224 = CARTESIAN_POINT ( 'NONE',  ( -0.06889763779527557919, 0.000000000000000000, 5.297637795275590200 ) ) ;
#5225 = AXIS2_PLACEMENT_3D ( 'NONE', #5350, #5015, #818 ) ;
#5226 = EDGE_CURVE ( 'NONE', #5556, #5869, #1254, .T. ) ;
#5227 = EDGE_CURVE ( 'NONE', #5991, #284, #285, .T. ) ;
#5228 = ADVANCED_FACE ( 'NONE', ( #1229 ), #4029, .T. ) ;
#5229 = EDGE_LOOP ( 'NONE', ( #1709, #2472, #3101, #1850 ) ) ;
#5230 = EDGE_LOOP ( 'NONE', ( #2804, #3293, #5788, #5559 ) ) ;
#5231 = CARTESIAN_POINT ( 'NONE',  ( -0.1240157480314960370, -8.659973399492811311E-16, 3.492125984251968074 ) ) ;
#5232 = ORIENTED_EDGE ( 'NONE', *, *, #2529, .T. ) ;
#5233 = AXIS2_PLACEMENT_3D ( 'NONE', #5441, #3549, #5853 ) ;
#5234 = SURFACE_STYLE_FILL_AREA ( #5201 ) ;
#5235 = AXIS2_PLACEMENT_3D ( 'NONE', #5828, #3122, #1623 ) ;
#5236 = ORIENTED_EDGE ( 'NONE', *, *, #4024, .F. ) ;
#5237 = DIRECTION ( 'NONE',  ( -0.000000000000000000, -0.000000000000000000, -1.000000000000000000 ) ) ;
#5238 = AXIS2_PLACEMENT_3D ( 'NONE', #2696, #2918, #4241 ) ;
#5239 = CARTESIAN_POINT ( 'NONE',  ( -0.06280470657979313198, 0.3137763038080251254, 10.56929133803149590 ) ) ;
#5240 = ORIENTED_EDGE ( 'NONE', *, *, #2784, .F. ) ;
#5241 = LINE ( 'NONE', #4778, #1299 ) ;
#5242 = DIRECTION ( 'NONE',  ( 0.000000000000000000, 0.000000000000000000, 1.000000000000000000 ) ) ;
#5243 = EDGE_CURVE ( 'NONE', #190, #4213, #3096, .T. ) ;
#5244 = EDGE_LOOP ( 'NONE', ( #4644, #2723, #3787, #3886 ) ) ;
#5245 = DIRECTION ( 'NONE',  ( -0.5000000000000069944, 0.8660254037844345998, 0.000000000000000000 ) ) ;
#5246 = LINE ( 'NONE', #4266, #5555 ) ;
#5247 = DIRECTION ( 'NONE',  ( 0.5000000000000071054, -0.8660254037844345998, 0.000000000000000000 ) ) ;
#5248 = CARTESIAN_POINT ( 'NONE',  ( 0.06200787401574927443, -0.1074007882646048490, 0.8740157480314961758 ) ) ;
#5249 = ORIENTED_EDGE ( 'NONE', *, *, #669, .T. ) ;
#5250 = DIRECTION ( 'NONE',  ( 0.000000000000000000, 0.000000000000000000, 1.000000000000000000 ) ) ;
#5251 = DIRECTION ( 'NONE',  ( -1.000000000000000000, 0.000000000000000000, 0.000000000000000000 ) ) ;
#5252 = LINE ( 'NONE', #627, #3268 ) ;
#5253 = FACE_OUTER_BOUND ( 'NONE', #2995, .T. ) ;
#5254 = CARTESIAN_POINT ( 'NONE',  ( -0.1240157480314960370, -8.659973399492811311E-16, 5.797637795275591088 ) ) ;
#5255 = CARTESIAN_POINT ( 'NONE',  ( 0.000000000000000000, 0.000000000000000000, 1.433070866141732402 ) ) ;
#5256 = DIRECTION ( 'NONE',  ( 0.000000000000000000, 0.000000000000000000, 1.000000000000000000 ) ) ;
#5257 = ORIENTED_EDGE ( 'NONE', *, *, #3770, .F. ) ;
#5258 = ORIENTED_EDGE ( 'NONE', *, *, #5393, .T. ) ;
#5259 = CARTESIAN_POINT ( 'NONE',  ( 0.1311809662309435798, 0.1270374181231365418, 5.272834645669290943 ) ) ;
#5260 = VERTEX_POINT ( 'NONE', #5001 ) ;
#5261 = DIRECTION ( 'NONE',  ( -1.000000000000000000, 0.000000000000000000, 0.000000000000000000 ) ) ;
#5262 = VERTEX_POINT ( 'NONE', #895 ) ;
#5263 = EDGE_CURVE ( 'NONE', #386, #2133, #3750, .T. ) ;
#5264 = CYLINDRICAL_SURFACE ( 'NONE', #1869, 0.09842519685039370636 ) ;
#5265 = CARTESIAN_POINT ( 'NONE',  ( -0.3196850393700786941, 0.000000000000000000, 8.207086613622047722 ) ) ;
#5266 = VECTOR ( 'NONE', #4473, 39.37007874015748854 ) ;
#5267 = ORIENTED_EDGE ( 'NONE', *, *, #3315, .T. ) ;
#5268 = ORIENTED_EDGE ( 'NONE', *, *, #322, .T. ) ;
#5269 = DIRECTION ( 'NONE',  ( 1.047250042046852776E-14, -1.000000000000000000, 0.000000000000000000 ) ) ;
#5270 = CARTESIAN_POINT ( 'NONE',  ( 0.08842519685039371136, 1.082896342868092677E-17, 2.244094488188976833 ) ) ;
#5271 = VERTEX_POINT ( 'NONE', #5629 ) ;
#5272 = AXIS2_PLACEMENT_3D ( 'NONE', #4271, #3838, #95 ) ;
#5273 = FACE_OUTER_BOUND ( 'NONE', #1423, .T. ) ;
#5274 = CARTESIAN_POINT ( 'NONE',  ( 0.06200787401574776869, 0.1074007882646057094, 6.856692913385827204 ) ) ;
#5275 = CARTESIAN_POINT ( 'NONE',  ( 0.1311809662309435798, 0.1270374181231365418, 5.272834645669290943 ) ) ;
#5276 = DIRECTION ( 'NONE',  ( 0.5000000000000071054, -0.8660254037844345998, 0.000000000000000000 ) ) ;
#5277 = ORIENTED_EDGE ( 'NONE', *, *, #1389, .T. ) ;
#5278 = CYLINDRICAL_SURFACE ( 'NONE', #3800, 0.09842519685039370636 ) ;
#5279 = FACE_OUTER_BOUND ( 'NONE', #3729, .T. ) ;
#5280 = DIRECTION ( 'NONE',  ( 0.000000000000000000, 0.000000000000000000, 1.000000000000000000 ) ) ;
#5281 = CARTESIAN_POINT ( 'NONE',  ( -0.1956443936964311348, -0.3388660300982287432, 10.44330708606299396 ) ) ;
#5282 = FACE_BOUND ( 'NONE', #4378, .T. ) ;
#5283 = FACE_BOUND ( 'NONE', #1354, .T. ) ;
#5284 = DIRECTION ( 'NONE',  ( 0.000000000000000000, 0.000000000000000000, 1.000000000000000000 ) ) ;
#5285 = ORIENTED_EDGE ( 'NONE', *, *, #1282, .F. ) ;
#5286 = EDGE_CURVE ( 'NONE', #3846, #3915, #3259, .T. ) ;
#5287 = VERTEX_POINT ( 'NONE', #535 ) ;
#5288 = PLANE ( 'NONE',  #5397 ) ;
#5289 = ORIENTED_EDGE ( 'NONE', *, *, #4867, .F. ) ;
#5290 = CIRCLE ( 'NONE', #2448, 0.2999999999999999889 ) ;
#5291 = DIRECTION ( 'NONE',  ( -0.000000000000000000, -0.000000000000000000, -1.000000000000000000 ) ) ;
#5292 = ORIENTED_EDGE ( 'NONE', *, *, #143, .F. ) ;
#5293 = LINE ( 'NONE', #4841, #3441 ) ;
#5294 = AXIS2_PLACEMENT_3D ( 'NONE', #4576, #3756, #5957 ) ;
#5295 = EDGE_CURVE ( 'NONE', #5166, #4715, #1351, .T. ) ;
#5296 = CARTESIAN_POINT ( 'NONE',  ( -0.06200787401574851115, 0.1074007882646052930, 3.492125984251968074 ) ) ;
#5297 = VERTEX_POINT ( 'NONE', #2825 ) ;
#5298 = AXIS2_PLACEMENT_3D ( 'NONE', #3562, #5355, #1226 ) ;
#5299 = EDGE_LOOP ( 'NONE', ( #4397, #5781, #3851, #2933, #688, #3715 ) ) ;
#5300 = LINE ( 'NONE', #1587, #3469 ) ;
#5301 = CARTESIAN_POINT ( 'NONE',  ( -0.2999999999999999889, 0.000000000000000000, 9.699212597874016240 ) ) ;
#5302 = EDGE_LOOP ( 'NONE', ( #2182, #5607 ) ) ;
#5303 = VECTOR ( 'NONE', #4836, 39.37007874015748143 ) ;
#5304 = CIRCLE ( 'NONE', #3933, 0.2999999999999999889 ) ;
#5305 = ADVANCED_FACE ( 'NONE', ( #2273 ), #4703, .T. ) ;
#5306 = EDGE_CURVE ( 'NONE', #86, #5790, #3680, .T. ) ;
#5307 = DIRECTION ( 'NONE',  ( 0.000000000000000000, 0.000000000000000000, 1.000000000000000000 ) ) ;
#5308 = LINE ( 'NONE', #650, #1647 ) ;
#5309 = EDGE_CURVE ( 'NONE', #838, #2447, #1319, .T. ) ;
#5310 = DIRECTION ( 'NONE',  ( 1.000000000000000000, 0.000000000000000000, 0.000000000000000000 ) ) ;
#5311 = AXIS2_PLACEMENT_3D ( 'NONE', #4051, #2101, #2658 ) ;
#5312 = DIRECTION ( 'NONE',  ( 0.000000000000000000, 0.000000000000000000, 1.000000000000000000 ) ) ;
#5313 = ADVANCED_FACE ( 'NONE', ( #6048 ), #5167, .T. ) ;
#5314 = AXIS2_PLACEMENT_3D ( 'NONE', #2692, #5841, #3044 ) ;
#5315 = ORIENTED_EDGE ( 'NONE', *, *, #3097, .T. ) ;
#5316 = AXIS2_PLACEMENT_3D ( 'NONE', #2333, #4700, #1812 ) ;
#5317 = CARTESIAN_POINT ( 'NONE',  ( -0.06200787401574702623, -0.1074007882646061396, 0.2480314960629921295 ) ) ;
#5318 = LINE ( 'NONE', #2493, #2579 ) ;
#5319 = CARTESIAN_POINT ( 'NONE',  ( 0.08842519685039371136, 1.082896342868092677E-17, 2.244094488188976833 ) ) ;
#5320 = DIRECTION ( 'NONE',  ( -0.000000000000000000, -0.000000000000000000, -1.000000000000000000 ) ) ;
#5321 = EDGE_CURVE ( 'NONE', #3641, #1255, #4245, .T. ) ;
#5322 = CARTESIAN_POINT ( 'NONE',  ( -0.06200787401574702623, -0.1074007882646061396, 5.797637795275591088 ) ) ;
#5323 =( GEOMETRIC_REPRESENTATION_CONTEXT ( 3 ) GLOBAL_UNCERTAINTY_ASSIGNED_CONTEXT ( ( #3313 ) ) GLOBAL_UNIT_ASSIGNED_CONTEXT ( ( #4247, #1915, #1973 ) ) REPRESENTATION_CONTEXT ( 'NONE', 'WORKASPACE' ) );
#5324 = EDGE_CURVE ( 'NONE', #1209, #2197, #1843, .T. ) ;
#5325 = AXIS2_PLACEMENT_3D ( 'NONE', #1755, #5960, #291 ) ;
#5326 = ORIENTED_EDGE ( 'NONE', *, *, #5154, .F. ) ;
#5327 = CARTESIAN_POINT ( 'NONE',  ( 0.06200787401574927443, -0.1074007882646048490, 0.6259842519685040463 ) ) ;
#5328 = CARTESIAN_POINT ( 'NONE',  ( 0.000000000000000000, 0.000000000000000000, 1.685039370078740495 ) ) ;
#5329 = ORIENTED_EDGE ( 'NONE', *, *, #5460, .F. ) ;
#5330 = PLANE ( 'NONE',  #93 ) ;
#5331 = VERTEX_POINT ( 'NONE', #5065 ) ;
#5332 = VECTOR ( 'NONE', #1953, 39.37007874015748143 ) ;
#5333 = FACE_OUTER_BOUND ( 'NONE', #1215, .T. ) ;
#5334 = ORIENTED_EDGE ( 'NONE', *, *, #134, .F. ) ;
#5335 = CIRCLE ( 'NONE', #325, 0.09842519685039370636 ) ;
#5336 = ORIENTED_EDGE ( 'NONE', *, *, #4583, .F. ) ;
#5337 = VERTEX_POINT ( 'NONE', #2366 ) ;
#5338 = CARTESIAN_POINT ( 'NONE',  ( -0.06200787401574851115, 0.1074007882646052930, 0.2480314960629921295 ) ) ;
#5339 = CARTESIAN_POINT ( 'NONE',  ( -0.2999999999999999889, 0.000000000000000000, 7.277952755354331060 ) ) ;
#5340 = EDGE_LOOP ( 'NONE', ( #3660, #3966, #1631, #2010, #208, #4437 ) ) ;
#5341 = VECTOR ( 'NONE', #1658, 39.37007874015748143 ) ;
#5342 = ORIENTED_EDGE ( 'NONE', *, *, #4085, .T. ) ;
#5343 = DIRECTION ( 'NONE',  ( -1.000000000000000000, 0.000000000000000000, 0.000000000000000000 ) ) ;
#5344 = EDGE_CURVE ( 'NONE', #1826, #4932, #496, .T. ) ;
#5345 = ADVANCED_FACE ( 'NONE', ( #6016, #71 ), #1941, .F. ) ;
#5346 = EDGE_CURVE ( 'NONE', #102, #1393, #4426, .T. ) ;
#5347 = LINE ( 'NONE', #1600, #1683 ) ;
#5348 = ORIENTED_EDGE ( 'NONE', *, *, #1756, .F. ) ;
#5349 = CARTESIAN_POINT ( 'NONE',  ( -0.06200787401574851115, 0.1074007882646052930, 1.933070866141732624 ) ) ;
#5350 = CARTESIAN_POINT ( 'NONE',  ( 0.000000000000000000, 0.000000000000000000, 8.333070865590551435 ) ) ;
#5351 = CARTESIAN_POINT ( 'NONE',  ( 0.000000000000000000, 0.000000000000000000, 0.3740157480314960647 ) ) ;
#5352 = LINE ( 'NONE', #5688, #405 ) ;
#5353 = DIRECTION ( 'NONE',  ( -0.000000000000000000, 0.000000000000000000, 1.000000000000000000 ) ) ;
#5354 = EDGE_LOOP ( 'NONE', ( #2769, #4765, #2278, #4930 ) ) ;
#5355 = DIRECTION ( 'NONE',  ( -0.000000000000000000, -0.000000000000000000, -1.000000000000000000 ) ) ;
#5356 = EDGE_LOOP ( 'NONE', ( #1643, #5420, #3878, #5659 ) ) ;
#5357 = FACE_BOUND ( 'NONE', #3252, .T. ) ;
#5358 = ORIENTED_EDGE ( 'NONE', *, *, #5473, .T. ) ;
#5359 = DIRECTION ( 'NONE',  ( -0.5000000000000012212, 0.8660254037844379305, 0.000000000000000000 ) ) ;
#5360 = ORIENTED_EDGE ( 'NONE', *, *, #5811, .T. ) ;
#5361 = EDGE_CURVE ( 'NONE', #929, #1036, #1763, .T. ) ;
#5362 = VERTEX_POINT ( 'NONE', #5099 ) ;
#5363 = VECTOR ( 'NONE', #4477, 39.37007874015748143 ) ;
#5364 = ORIENTED_EDGE ( 'NONE', *, *, #4209, .F. ) ;
#5365 = FACE_OUTER_BOUND ( 'NONE', #3997, .T. ) ;
#5366 = DIRECTION ( 'NONE',  ( 0.000000000000000000, 0.000000000000000000, 1.000000000000000000 ) ) ;
#5367 = ORIENTED_EDGE ( 'NONE', *, *, #3063, .F. ) ;
#5368 = VECTOR ( 'NONE', #27, 39.37007874015748143 ) ;
#5369 = EDGE_LOOP ( 'NONE', ( #144, #3084, #458, #1007, #2871, #4346 ) ) ;
#5370 = FACE_OUTER_BOUND ( 'NONE', #5090, .T. ) ;
#5371 = EDGE_CURVE ( 'NONE', #5855, #4777, #2303, .T. ) ;
#5372 = CARTESIAN_POINT ( 'NONE',  ( 0.000000000000000000, 0.000000000000000000, 4.575984251968503891 ) ) ;
#5373 = CIRCLE ( 'NONE', #5272, 0.09842519685039370636 ) ;
#5374 = ORIENTED_EDGE ( 'NONE', *, *, #3799, .T. ) ;
#5375 = EDGE_CURVE ( 'NONE', #778, #2596, #3322, .T. ) ;
#5376 = DIRECTION ( 'NONE',  ( -0.8660254037844379305, -0.5000000000000012212, 0.000000000000000000 ) ) ;
#5377 = DIRECTION ( 'NONE',  ( 0.000000000000000000, 1.000000000000000000, -0.000000000000000000 ) ) ;
#5378 = CARTESIAN_POINT ( 'NONE',  ( -0.06200787401574702623, -0.1074007882646061396, 11.95118110574803083 ) ) ;
#5379 = DIRECTION ( 'NONE',  ( -0.000000000000000000, -0.000000000000000000, -1.000000000000000000 ) ) ;
#5380 = LINE ( 'NONE', #5024, #3452 ) ;
#5381 = VERTEX_POINT ( 'NONE', #4207 ) ;
#5382 = DIRECTION ( 'NONE',  ( -0.000000000000000000, -0.000000000000000000, -1.000000000000000000 ) ) ;
#5383 = ORIENTED_EDGE ( 'NONE', *, *, #3003, .T. ) ;
#5384 = DIRECTION ( 'NONE',  ( -1.000000000000000000, -1.046341144239976999E-14, 0.000000000000000000 ) ) ;
#5385 = ORIENTED_EDGE ( 'NONE', *, *, #4226, .T. ) ;
#5386 = CARTESIAN_POINT ( 'NONE',  ( 0.000000000000000000, 0.000000000000000000, 9.947244093937008813 ) ) ;
#5387 = CIRCLE ( 'NONE', #90, 0.2999999999999999889 ) ;
#5388 = VERTEX_POINT ( 'NONE', #4736 ) ;
#5389 = ORIENTED_EDGE ( 'NONE', *, *, #3798, .T. ) ;
#5390 = ORIENTED_EDGE ( 'NONE', *, *, #5030, .F. ) ;
#5391 = DIRECTION ( 'NONE',  ( 1.000000000000000000, 0.000000000000000000, 0.000000000000000000 ) ) ;
#5392 = AXIS2_PLACEMENT_3D ( 'NONE', #771, #4928, #5455 ) ;
#5393 = EDGE_CURVE ( 'NONE', #5007, #5287, #5137, .T. ) ;
#5394 = VECTOR ( 'NONE', #986, 39.37007874015748143 ) ;
#5395 = ORIENTED_EDGE ( 'NONE', *, *, #5344, .F. ) ;
#5396 = CARTESIAN_POINT ( 'NONE',  ( -0.1240157480314960370, -8.659973399492811311E-16, 5.549606299212598515 ) ) ;
#5397 = AXIS2_PLACEMENT_3D ( 'NONE', #635, #3357, #1028 ) ;
#5398 = ORIENTED_EDGE ( 'NONE', *, *, #4255, .T. ) ;
#5399 = CARTESIAN_POINT ( 'NONE',  ( 0.06200787401574776869, 0.1074007882646057094, 1.933070866141732624 ) ) ;
#5400 = FACE_OUTER_BOUND ( 'NONE', #804, .T. ) ;
#5401 = AXIS2_PLACEMENT_3D ( 'NONE', #4347, #604, #1644 ) ;
#5402 = CARTESIAN_POINT ( 'NONE',  ( 0.09842519685039370636, 1.205361022782828035E-17, 4.425196850393700032 ) ) ;
#5403 = ADVANCED_FACE ( 'NONE', ( #5283, #562 ), #2102, .T. ) ;
#5404 = CARTESIAN_POINT ( 'NONE',  ( -0.06200787401574702623, -0.1074007882646061396, 12.08110236559055117 ) ) ;
#5405 = VECTOR ( 'NONE', #950, 39.37007874015748143 ) ;
#5406 = CIRCLE ( 'NONE', #4824, 0.1240157480314960509 ) ;
#5407 = VERTEX_POINT ( 'NONE', #3936 ) ;
#5408 = AXIS2_PLACEMENT_3D ( 'NONE', #3431, #5307, #3960 ) ;
#5409 = DIRECTION ( 'NONE',  ( 1.000000000000000000, 0.000000000000000000, 0.000000000000000000 ) ) ;
#5410 = ORIENTED_EDGE ( 'NONE', *, *, #1548, .F. ) ;
#5411 = PRODUCT_DEFINITION_FORMATION_WITH_SPECIFIED_SOURCE ( 'ANY', '', #1167, .NOT_KNOWN. ) ;
#5412 = PLANE ( 'NONE',  #203 ) ;
#5413 = VECTOR ( 'NONE', #2847, 39.37007874015748143 ) ;
#5414 = EDGE_LOOP ( 'NONE', ( #52, #5760, #3390, #4553 ) ) ;
#5415 = FACE_OUTER_BOUND ( 'NONE', #4118, .T. ) ;
#5416 = EDGE_CURVE ( 'NONE', #4872, #5509, #4510, .T. ) ;
#5417 = EDGE_CURVE ( 'NONE', #3079, #43, #1569, .T. ) ;
#5418 = VERTEX_POINT ( 'NONE', #1083 ) ;
#5419 = VERTEX_POINT ( 'NONE', #4306 ) ;
#5420 = ORIENTED_EDGE ( 'NONE', *, *, #4580, .F. ) ;
#5421 = CARTESIAN_POINT ( 'NONE',  ( 0.1240157480314960647, 0.000000000000000000, 1.933070866141732624 ) ) ;
#5422 = CARTESIAN_POINT ( 'NONE',  ( -0.07342519685039371191, 0.000000000000000000, 12.45511811362204746 ) ) ;
#5423 = AXIS2_PLACEMENT_3D ( 'NONE', #877, #5049, #4587 ) ;
#5424 = ADVANCED_FACE ( 'NONE', ( #101 ), #3444, .F. ) ;
#5425 = ORIENTED_EDGE ( 'NONE', *, *, #1434, .F. ) ;
#5426 = DIRECTION ( 'NONE',  ( -0.4999999999999951150, -0.8660254037844414832, 0.000000000000000000 ) ) ;
#5427 = VERTEX_POINT ( 'NONE', #630 ) ;
#5428 = DIRECTION ( 'NONE',  ( 0.000000000000000000, 0.000000000000000000, 1.000000000000000000 ) ) ;
#5429 = DIRECTION ( 'NONE',  ( -1.000000000000000000, 0.000000000000000000, 0.000000000000000000 ) ) ;
#5430 = CARTESIAN_POINT ( 'NONE',  ( 1.836456596214053729E-17, -0.1270374181231365696, 2.744094488188976388 ) ) ;
#5431 = DIRECTION ( 'NONE',  ( 0.000000000000000000, 0.000000000000000000, 1.000000000000000000 ) ) ;
#5432 = ORIENTED_EDGE ( 'NONE', *, *, #963, .F. ) ;
#5433 = CARTESIAN_POINT ( 'NONE',  ( 0.1240157480314960647, 0.000000000000000000, 5.797637795275591088 ) ) ;
#5434 = DIRECTION ( 'NONE',  ( 0.000000000000000000, 0.000000000000000000, 1.000000000000000000 ) ) ;
#5435 = ORIENTED_EDGE ( 'NONE', *, *, #500, .T. ) ;
#5436 = CARTESIAN_POINT ( 'NONE',  ( -0.06200787401574851115, 0.1074007882646052930, 5.797637795275591088 ) ) ;
#5437 = VERTEX_POINT ( 'NONE', #5224 ) ;
#5438 = ORIENTED_EDGE ( 'NONE', *, *, #2024, .T. ) ;
#5439 = VERTEX_POINT ( 'NONE', #229 ) ;
#5440 = EDGE_CURVE ( 'NONE', #3974, #5104, #3020, .T. ) ;
#5441 = CARTESIAN_POINT ( 'NONE',  ( 0.000000000000000000, 0.000000000000000000, 10.81732283803149564 ) ) ;
#5442 = DIRECTION ( 'NONE',  ( 0.4999999999999950595, 0.8660254037844414832, 0.000000000000000000 ) ) ;
#5443 = ORIENTED_EDGE ( 'NONE', *, *, #4590, .T. ) ;
#5444 = DIRECTION ( 'NONE',  ( -0.8660254037844379305, -0.5000000000000012212, 0.000000000000000000 ) ) ;
#5445 = ADVANCED_FACE ( 'NONE', ( #5718 ), #990, .T. ) ;
#5446 = EDGE_LOOP ( 'NONE', ( #1220, #5918, #4184, #4227 ) ) ;
#5447 = CARTESIAN_POINT ( 'NONE',  ( 0.06200787401574776869, 0.1074007882646057094, 11.69133858606299015 ) ) ;
#5448 = FACE_OUTER_BOUND ( 'NONE', #3619, .T. ) ;
#5449 = CARTESIAN_POINT ( 'NONE',  ( -0.1240157480314960370, -8.659973399492811311E-16, 0.000000000000000000 ) ) ;
#5450 = FACE_OUTER_BOUND ( 'NONE', #3679, .T. ) ;
#5451 = AXIS2_PLACEMENT_3D ( 'NONE', #920, #430, #1377 ) ;
#5452 = VERTEX_POINT ( 'NONE', #3482 ) ;
#5453 = CARTESIAN_POINT ( 'NONE',  ( -0.06200787401574702623, -0.1074007882646061396, 6.856692913385827204 ) ) ;
#5454 = DIRECTION ( 'NONE',  ( -0.000000000000000000, -0.000000000000000000, -1.000000000000000000 ) ) ;
#5455 = DIRECTION ( 'NONE',  ( 1.000000000000000000, 0.000000000000000000, 0.000000000000000000 ) ) ;
#5456 = ORIENTED_EDGE ( 'NONE', *, *, #1654, .T. ) ;
#5457 = PLANE ( 'NONE',  #3342 ) ;
#5458 = EDGE_CURVE ( 'NONE', #326, #5692, #1590, .T. ) ;
#5459 = ORIENTED_EDGE ( 'NONE', *, *, #935, .T. ) ;
#5460 = EDGE_CURVE ( 'NONE', #750, #160, #4764, .T. ) ;
#5461 = ORIENTED_EDGE ( 'NONE', *, *, #4228, .F. ) ;
#5462 = ORIENTED_EDGE ( 'NONE', *, *, #4853, .F. ) ;
#5463 = DIRECTION ( 'NONE',  ( 0.000000000000000000, 0.000000000000000000, 1.000000000000000000 ) ) ;
#5464 = AXIS2_PLACEMENT_3D ( 'NONE', #5568, #3723, #5011 ) ;
#5465 = FACE_OUTER_BOUND ( 'NONE', #4999, .T. ) ;
#5466 = EDGE_CURVE ( 'NONE', #5830, #2095, #2469, .T. ) ;
#5467 = ORIENTED_EDGE ( 'NONE', *, *, #1762, .T. ) ;
#5468 = PLANE ( 'NONE',  #122 ) ;
#5469 = FACE_BOUND ( 'NONE', #541, .T. ) ;
#5470 = VECTOR ( 'NONE', #867, 39.37007874015748143 ) ;
#5471 = EDGE_CURVE ( 'NONE', #1326, #480, #4922, .T. ) ;
#5472 = EDGE_CURVE ( 'NONE', #1062, #639, #3545, .T. ) ;
#5473 = EDGE_CURVE ( 'NONE', #2479, #5991, #2463, .T. ) ;
#5474 = AXIS2_PLACEMENT_3D ( 'NONE', #837, #2706, #6052 ) ;
#5475 = VERTEX_POINT ( 'NONE', #2033 ) ;
#5476 = LINE ( 'NONE', #3112, #1460 ) ;
#5477 = EDGE_CURVE ( 'NONE', #3885, #3682, #1102, .T. ) ;
#5478 = VECTOR ( 'NONE', #1078, 39.37007874015748854 ) ;
#5479 = CARTESIAN_POINT ( 'NONE',  ( 0.09842519685039370636, 0.000000000000000000, 6.919685039370079060 ) ) ;
#5480 = CARTESIAN_POINT ( 'NONE',  ( 0.06200787401574927443, -0.1074007882646048490, 11.95118110574803083 ) ) ;
#5481 = CARTESIAN_POINT ( 'NONE',  ( 0.000000000000000000, 0.000000000000000000, 1.685039370078740495 ) ) ;
#5482 = ADVANCED_FACE ( 'NONE', ( #1714 ), #4921, .F. ) ;
#5483 = ORIENTED_EDGE ( 'NONE', *, *, #2413, .T. ) ;
#5484 = VECTOR ( 'NONE', #1153, 39.37007874015748143 ) ;
#5485 = PLANE ( 'NONE',  #5451 ) ;
#5486 = ADVANCED_FACE ( 'NONE', ( #5945 ), #2179, .F. ) ;
#5487 = DIRECTION ( 'NONE',  ( 0.4999999999999950595, 0.8660254037844414832, 0.000000000000000000 ) ) ;
#5488 = PLANE ( 'NONE',  #1303 ) ;
#5489 = LINE ( 'NONE', #2669, #4497 ) ;
#5490 = ADVANCED_FACE ( 'NONE', ( #5450 ), #719, .F. ) ;
#5491 = EDGE_LOOP ( 'NONE', ( #2026, #5367, #670, #3436 ) ) ;
#5492 = DIRECTION ( 'NONE',  ( -1.000000000000000000, 0.000000000000000000, 0.000000000000000000 ) ) ;
#5493 = VECTOR ( 'NONE', #1713, 39.37007874015748143 ) ;
#5494 = CARTESIAN_POINT ( 'NONE',  ( 0.08842519685039371136, 1.082896342868092677E-17, 3.740157480314960203 ) ) ;
#5495 = VERTEX_POINT ( 'NONE', #1636 ) ;
#5496 = VECTOR ( 'NONE', #4739, 39.37007874015748143 ) ;
#5497 = ORIENTED_EDGE ( 'NONE', *, *, #1962, .F. ) ;
#5498 = DIRECTION ( 'NONE',  ( 0.5000000000000009992, -0.8660254037844379305, 0.000000000000000000 ) ) ;
#5499 = VECTOR ( 'NONE', #5187, 39.37007874015748143 ) ;
#5500 = ORIENTED_EDGE ( 'NONE', *, *, #5123, .T. ) ;
#5501 = CARTESIAN_POINT ( 'NONE',  ( 0.000000000000000000, 0.000000000000000000, 9.699212597874016240 ) ) ;
#5502 = CARTESIAN_POINT ( 'NONE',  ( 0.06200787401574776869, 0.1074007882646057094, 6.608661417322835518 ) ) ;
#5503 = CARTESIAN_POINT ( 'NONE',  ( 0.09842519685039370636, 1.205361022782828035E-17, 3.366141732283464361 ) ) ;
#5504 = ORIENTED_EDGE ( 'NONE', *, *, #5146, .F. ) ;
#5505 = DIRECTION ( 'NONE',  ( -0.000000000000000000, -0.000000000000000000, -1.000000000000000000 ) ) ;
#5506 = FACE_OUTER_BOUND ( 'NONE', #3566, .T. ) ;
#5507 = VECTOR ( 'NONE', #4391, 39.37007874015748143 ) ;
#5508 = VECTOR ( 'NONE', #5454, 39.37007874015748143 ) ;
#5509 = VERTEX_POINT ( 'NONE', #1200 ) ;
#5510 = CARTESIAN_POINT ( 'NONE',  ( 0.06889763779527557919, 8.437527159479795937E-18, 0.5000000000000000000 ) ) ;
#5511 = CIRCLE ( 'NONE', #238, 0.09842519685039370636 ) ;
#5512 = CIRCLE ( 'NONE', #2881, 0.07342519685039371191 ) ;
#5513 = FACE_OUTER_BOUND ( 'NONE', #230, .T. ) ;
#5514 = EDGE_CURVE ( 'NONE', #1110, #4472, #2851, .T. ) ;
#5515 = EDGE_CURVE ( 'NONE', #5723, #5439, #3937, .T. ) ;
#5516 = CARTESIAN_POINT ( 'NONE',  ( 0.000000000000000000, 0.000000000000000000, 8.207086613622047722 ) ) ;
#5517 = DIRECTION ( 'NONE',  ( 0.000000000000000000, -1.000000000000000000, 0.000000000000000000 ) ) ;
#5518 = VECTOR ( 'NONE', #3676, 39.37007874015748143 ) ;
#5519 = VERTEX_POINT ( 'NONE', #767 ) ;
#5520 = CARTESIAN_POINT ( 'NONE',  ( 0.07342519685039371191, 8.991993229959897949E-18, 11.95118110574803083 ) ) ;
#5521 = CARTESIAN_POINT ( 'NONE',  ( 0.1240157480314960647, 0.000000000000000000, 11.19133858606299015 ) ) ;
#5522 = CARTESIAN_POINT ( 'NONE',  ( -0.1311809662309435798, -0.1270374181231365418, 5.297637795275590200 ) ) ;
#5523 = CARTESIAN_POINT ( 'NONE',  ( 0.1240157480314960647, 0.000000000000000000, 0.2480314960629921295 ) ) ;
#5524 = CARTESIAN_POINT ( 'NONE',  ( 0.1240157480314960509, 1.518754888706363084E-17, 6.356692913385826316 ) ) ;
#5525 = ORIENTED_EDGE ( 'NONE', *, *, #5980, .T. ) ;
#5526 = CARTESIAN_POINT ( 'NONE',  ( 0.000000000000000000, 0.000000000000000000, 4.551181102362203745 ) ) ;
#5527 = DIRECTION ( 'NONE',  ( 0.8660254037844414832, -0.4999999999999950595, 0.000000000000000000 ) ) ;
#5528 = VERTEX_POINT ( 'NONE', #3973 ) ;
#5529 = ORIENTED_EDGE ( 'NONE', *, *, #3889, .T. ) ;
#5530 = CARTESIAN_POINT ( 'NONE',  ( 0.000000000000000000, 0.000000000000000000, 2.244094488188976833 ) ) ;
#5531 = EDGE_LOOP ( 'NONE', ( #3522, #306 ) ) ;
#5532 = PLANE ( 'NONE',  #1119 ) ;
#5533 = CARTESIAN_POINT ( 'NONE',  ( -0.06889763779527557919, 0.000000000000000000, 5.860629921259842057 ) ) ;
#5534 = EDGE_CURVE ( 'NONE', #1884, #1036, #4535, .T. ) ;
#5535 = LINE ( 'NONE', #937, #5873 ) ;
#5536 = VERTEX_POINT ( 'NONE', #4479 ) ;
#5537 = CARTESIAN_POINT ( 'NONE',  ( 0.000000000000000000, 0.000000000000000000, 5.860629921259842057 ) ) ;
#5538 = PLANE ( 'NONE',  #1207 ) ;
#5539 = ORIENTED_EDGE ( 'NONE', *, *, #1591, .F. ) ;
#5540 = EDGE_CURVE ( 'NONE', #74, #5260, #4616, .T. ) ;
#5541 = VERTEX_POINT ( 'NONE', #3116 ) ;
#5542 = LINE ( 'NONE', #6034, #1827 ) ;
#5543 = VECTOR ( 'NONE', #2177, 39.37007874015748854 ) ;
#5544 = EDGE_CURVE ( 'NONE', #5337, #4163, #2608, .T. ) ;
#5545 = CARTESIAN_POINT ( 'NONE',  ( 0.000000000000000000, 0.000000000000000000, 11.95118110574803083 ) ) ;
#5546 = CYLINDRICAL_SURFACE ( 'NONE', #903, 0.06889763779527557919 ) ;
#5547 = DIRECTION ( 'NONE',  ( -0.4999999999999950595, -0.8660254037844414832, 0.000000000000000000 ) ) ;
#5548 = AXIS2_PLACEMENT_3D ( 'NONE', #3772, #5645, #1437 ) ;
#5549 = ORIENTED_EDGE ( 'NONE', *, *, #2879, .F. ) ;
#5550 = CARTESIAN_POINT ( 'NONE',  ( -0.3412599786509462052, 0.000000000000000000, 3.240157480314960647 ) ) ;
#5551 = DIRECTION ( 'NONE',  ( 0.5000000000000012212, -0.8660254037844379305, 0.000000000000000000 ) ) ;
#5552 = CARTESIAN_POINT ( 'NONE',  ( -0.06200787401574851115, 0.1074007882646052930, 6.608661417322835518 ) ) ;
#5553 = DIRECTION ( 'NONE',  ( 1.000000000000000000, 0.000000000000000000, 0.000000000000000000 ) ) ;
#5554 = DIRECTION ( 'NONE',  ( 1.000000000000000000, 0.000000000000000000, 0.000000000000000000 ) ) ;
#5555 = VECTOR ( 'NONE', #4296, 39.37007874015748143 ) ;
#5556 = VERTEX_POINT ( 'NONE', #257 ) ;
#5557 = CARTESIAN_POINT ( 'NONE',  ( 0.1240157480314960647, 0.000000000000000000, 2.492125984251968962 ) ) ;
#5558 = PLANE ( 'NONE',  #408 ) ;
#5559 = ORIENTED_EDGE ( 'NONE', *, *, #565, .T. ) ;
#5560 = AXIS2_PLACEMENT_3D ( 'NONE', #2553, #4425, #4502 ) ;
#5561 = ORIENTED_EDGE ( 'NONE', *, *, #3105, .T. ) ;
#5562 = DIRECTION ( 'NONE',  ( 0.000000000000000000, -0.000000000000000000, -1.000000000000000000 ) ) ;
#5563 = EDGE_LOOP ( 'NONE', ( #5622, #3561, #4223, #10 ) ) ;
#5564 = FACE_OUTER_BOUND ( 'NONE', #3882, .T. ) ;
#5565 = ORIENTED_EDGE ( 'NONE', *, *, #251, .T. ) ;
#5566 = FACE_OUTER_BOUND ( 'NONE', #3463, .T. ) ;
#5567 = EDGE_CURVE ( 'NONE', #2197, #5869, #4945, .T. ) ;
#5568 = CARTESIAN_POINT ( 'NONE',  ( 0.000000000000000000, 0.000000000000000000, 12.08110236559055117 ) ) ;
#5569 = ORIENTED_EDGE ( 'NONE', *, *, #308, .F. ) ;
#5570 = LINE ( 'NONE', #758, #1985 ) ;
#5571 = CARTESIAN_POINT ( 'NONE',  ( 0.1240157480314960647, 0.000000000000000000, 5.549606299212598515 ) ) ;
#5572 = ORIENTED_EDGE ( 'NONE', *, *, #2166, .T. ) ;
#5573 = EDGE_CURVE ( 'NONE', #171, #5519, #4229, .T. ) ;
#5574 = VECTOR ( 'NONE', #149, 39.37007874015748143 ) ;
#5575 = VERTEX_POINT ( 'NONE', #3534 ) ;
#5576 = AXIS2_PLACEMENT_3D ( 'NONE', #1693, #261, #1151 ) ;
#5577 = DIRECTION ( 'NONE',  ( -0.000000000000000000, -0.000000000000000000, -1.000000000000000000 ) ) ;
#5578 = DIRECTION ( 'NONE',  ( 0.000000000000000000, 0.000000000000000000, 1.000000000000000000 ) ) ;
#5579 = CARTESIAN_POINT ( 'NONE',  ( 0.4230224295639704035, -0.3415247957475154861, 9.325196849842519953 ) ) ;
#5580 = FACE_OUTER_BOUND ( 'NONE', #5491, .T. ) ;
#5581 = CIRCLE ( 'NONE', #2450, 0.06889763779527557919 ) ;
#5582 = ORIENTED_EDGE ( 'NONE', *, *, #44, .T. ) ;
#5583 = AXIS2_PLACEMENT_3D ( 'NONE', #259, #1614, #4870 ) ;
#5584 = LINE ( 'NONE', #3183, #3405 ) ;
#5585 = CARTESIAN_POINT ( 'NONE',  ( -0.1311809662309435798, -0.1270374181231365418, 4.575984251968503891 ) ) ;
#5586 = CARTESIAN_POINT ( 'NONE',  ( -0.09842519685039370636, 0.000000000000000000, 5.549606299212598515 ) ) ;
#5587 = PRODUCT_RELATED_PRODUCT_CATEGORY ( 'part', '', ( #1167 ) ) ;
#5588 = LINE ( 'NONE', #923, #3332 ) ;
#5589 = CARTESIAN_POINT ( 'NONE',  ( -0.1240157480314960370, -8.659973399492811311E-16, 5.549606299212598515 ) ) ;
#5590 = EDGE_LOOP ( 'NONE', ( #3212, #2830 ) ) ;
#5591 = DIRECTION ( 'NONE',  ( -0.000000000000000000, -0.000000000000000000, -1.000000000000000000 ) ) ;
#5592 = AXIS2_PLACEMENT_3D ( 'NONE', #5888, #1111, #2604 ) ;
#5593 = CARTESIAN_POINT ( 'NONE',  ( -0.06200787401574851115, 0.1074007882646052930, 5.797637795275591088 ) ) ;
#5594 = VERTEX_POINT ( 'NONE', #5404 ) ;
#5595 = ORIENTED_EDGE ( 'NONE', *, *, #1217, .F. ) ;
#5596 = DIRECTION ( 'NONE',  ( 0.000000000000000000, 0.000000000000000000, 1.000000000000000000 ) ) ;
#5597 = EDGE_LOOP ( 'NONE', ( #5178, #4414 ) ) ;
#5598 = DIRECTION ( 'NONE',  ( -1.000000000000000000, -1.046341144239976999E-14, 0.000000000000000000 ) ) ;
#5599 = VECTOR ( 'NONE', #5591, 39.37007874015748143 ) ;
#5600 = EDGE_CURVE ( 'NONE', #712, #1555, #361, .T. ) ;
#5601 = ADVANCED_FACE ( 'NONE', ( #2150 ), #1276, .T. ) ;
#5602 = EDGE_CURVE ( 'NONE', #4911, #4901, #613, .T. ) ;
#5603 = DIRECTION ( 'NONE',  ( -0.000000000000000000, -0.000000000000000000, -1.000000000000000000 ) ) ;
#5604 = AXIS2_PLACEMENT_3D ( 'NONE', #4020, #2201, #4052 ) ;
#5605 = CARTESIAN_POINT ( 'NONE',  ( -0.2999999999999999889, 5.510910596163088939E-17, 7.214960629370079204 ) ) ;
#5606 = AXIS2_PLACEMENT_3D ( 'NONE', #4547, #4611, #347 ) ;
#5607 = ORIENTED_EDGE ( 'NONE', *, *, #1773, .F. ) ;
#5608 = DIRECTION ( 'NONE',  ( 0.000000000000000000, 0.000000000000000000, 1.000000000000000000 ) ) ;
#5609 = CARTESIAN_POINT ( 'NONE',  ( 0.000000000000000000, 0.000000000000000000, 2.244094488188976833 ) ) ;
#5610 = ORIENTED_EDGE ( 'NONE', *, *, #2395, .F. ) ;
#5611 = VECTOR ( 'NONE', #679, 39.37007874015748854 ) ;
#5612 = AXIS2_PLACEMENT_3D ( 'NONE', #755, #3572, #780 ) ;
#5613 = EDGE_CURVE ( 'NONE', #3459, #860, #2078, .T. ) ;
#5614 = ORIENTED_EDGE ( 'NONE', *, *, #2032, .F. ) ;
#5615 = DIRECTION ( 'NONE',  ( 1.000000000000000000, 0.000000000000000000, 0.000000000000000000 ) ) ;
#5616 = CARTESIAN_POINT ( 'NONE',  ( 0.06200787401574776869, 0.1074007882646057094, 1.933070866141732624 ) ) ;
#5617 = AXIS2_PLACEMENT_3D ( 'NONE', #22, #5079, #4622 ) ;
#5618 = LINE ( 'NONE', #4167, #5006 ) ;
#5619 = DIRECTION ( 'NONE',  ( -1.000000000000000000, -3.441911658684135488E-15, 0.000000000000000000 ) ) ;
#5620 = EDGE_CURVE ( 'NONE', #5287, #3564, #5380, .T. ) ;
#5621 = AXIS2_PLACEMENT_3D ( 'NONE', #1295, #1890, #3687 ) ;
#5622 = ORIENTED_EDGE ( 'NONE', *, *, #5534, .F. ) ;
#5623 = CARTESIAN_POINT ( 'NONE',  ( 0.06200787401574927443, -0.1074007882646048490, 0.2480314960629921295 ) ) ;
#5624 = CARTESIAN_POINT ( 'NONE',  ( 0.000000000000000000, 0.000000000000000000, 9.325196849842519953 ) ) ;
#5625 = CARTESIAN_POINT ( 'NONE',  ( -0.09842519685039370636, 0.000000000000000000, 1.559055118110236338 ) ) ;
#5626 = DIRECTION ( 'NONE',  ( -0.000000000000000000, -0.000000000000000000, -1.000000000000000000 ) ) ;
#5627 = PLANE ( 'NONE',  #2646 ) ;
#5628 = VERTEX_POINT ( 'NONE', #825 ) ;
#5629 = CARTESIAN_POINT ( 'NONE',  ( 0.09842519685039370636, 1.205361022782828035E-17, 1.559055118110236338 ) ) ;
#5630 = AXIS2_PLACEMENT_3D ( 'NONE', #5889, #765, #5429 ) ;
#5631 = DIRECTION ( 'NONE',  ( 1.000000000000000000, 0.000000000000000000, 0.000000000000000000 ) ) ;
#5632 = EDGE_LOOP ( 'NONE', ( #1586, #3224, #1324, #3008 ) ) ;
#5633 = ORIENTED_EDGE ( 'NONE', *, *, #2148, .T. ) ;
#5634 = FACE_OUTER_BOUND ( 'NONE', #2887, .T. ) ;
#5635 = EDGE_LOOP ( 'NONE', ( #4206, #335, #1173, #5050 ) ) ;
#5636 = FACE_BOUND ( 'NONE', #5082, .T. ) ;
#5637 = ADVANCED_FACE ( 'NONE', ( #1374 ), #885, .F. ) ;
#5638 = DIRECTION ( 'NONE',  ( -0.000000000000000000, -0.000000000000000000, -1.000000000000000000 ) ) ;
#5639 = FACE_OUTER_BOUND ( 'NONE', #1542, .T. ) ;
#5640 = ADVANCED_FACE ( 'NONE', ( #1411 ), #2755, .F. ) ;
#5641 = VERTEX_POINT ( 'NONE', #1835 ) ;
#5642 = DIRECTION ( 'NONE',  ( 0.000000000000000000, 0.000000000000000000, 1.000000000000000000 ) ) ;
#5643 = LINE ( 'NONE', #3662, #3068 ) ;
#5644 = ORIENTED_EDGE ( 'NONE', *, *, #1572, .F. ) ;
#5645 = DIRECTION ( 'NONE',  ( -1.046341144239976999E-14, 1.000000000000000000, 0.000000000000000000 ) ) ;
#5646 = DIRECTION ( 'NONE',  ( 1.000000000000000000, 1.046341144239976841E-14, 0.000000000000000000 ) ) ;
#5647 = DIRECTION ( 'NONE',  ( -0.000000000000000000, -0.000000000000000000, -1.000000000000000000 ) ) ;
#5648 = EDGE_CURVE ( 'NONE', #893, #3226, #3244, .T. ) ;
#5649 = DIRECTION ( 'NONE',  ( -1.000000000000000000, 0.000000000000000000, 0.000000000000000000 ) ) ;
#5650 = EDGE_LOOP ( 'NONE', ( #3327, #5958, #5850, #439 ) ) ;
#5651 = DIRECTION ( 'NONE',  ( -1.000000000000000000, 0.000000000000000000, 0.000000000000000000 ) ) ;
#5652 = DIRECTION ( 'NONE',  ( -0.000000000000000000, -0.000000000000000000, -1.000000000000000000 ) ) ;
#5653 = DIRECTION ( 'NONE',  ( 1.000000000000000000, 0.000000000000000000, 0.000000000000000000 ) ) ;
#5654 = DIRECTION ( 'NONE',  ( 0.000000000000000000, 0.000000000000000000, 1.000000000000000000 ) ) ;
#5655 = CARTESIAN_POINT ( 'NONE',  ( 0.000000000000000000, 0.5152529012642550477, 9.325196849842519953 ) ) ;
#5656 = CARTESIAN_POINT ( 'NONE',  ( -0.1561809662309435742, 0.1520374181231365363, 5.272834645669290943 ) ) ;
#5657 = VECTOR ( 'NONE', #5577, 39.37007874015748143 ) ;
#5658 = DIRECTION ( 'NONE',  ( 1.000000000000000000, 0.000000000000000000, 0.000000000000000000 ) ) ;
#5659 = ORIENTED_EDGE ( 'NONE', *, *, #159, .T. ) ;
#5660 = VERTEX_POINT ( 'NONE', #2817 ) ;
#5661 = FACE_OUTER_BOUND ( 'NONE', #2866, .T. ) ;
#5662 = ORIENTED_EDGE ( 'NONE', *, *, #3987, .T. ) ;
#5663 = PRESENTATION_STYLE_ASSIGNMENT (( #601 ) ) ;
#5664 = ORIENTED_EDGE ( 'NONE', *, *, #2307, .F. ) ;
#5665 = DIRECTION ( 'NONE',  ( 0.000000000000000000, 0.000000000000000000, 1.000000000000000000 ) ) ;
#5666 = ADVANCED_FACE ( 'NONE', ( #3180 ), #2722, .T. ) ;
#5667 = EDGE_CURVE ( 'NONE', #2801, #2133, #4596, .T. ) ;
#5668 = DIRECTION ( 'NONE',  ( -0.000000000000000000, -0.000000000000000000, -1.000000000000000000 ) ) ;
#5669 = ORIENTED_EDGE ( 'NONE', *, *, #4386, .F. ) ;
#5670 = DIRECTION ( 'NONE',  ( -1.000000000000000000, 0.000000000000000000, 0.000000000000000000 ) ) ;
#5671 = DIRECTION ( 'NONE',  ( 1.000000000000000000, 0.000000000000000000, 0.000000000000000000 ) ) ;
#5672 = ORIENTED_EDGE ( 'NONE', *, *, #63, .T. ) ;
#5673 = EDGE_CURVE ( 'NONE', #4369, #5541, #5973, .T. ) ;
#5674 = LINE ( 'NONE', #5183, #1642 ) ;
#5675 = DIRECTION ( 'NONE',  ( 0.000000000000000000, 0.000000000000000000, 1.000000000000000000 ) ) ;
#5676 = VECTOR ( 'NONE', #5814, 39.37007874015748854 ) ;
#5677 = CYLINDRICAL_SURFACE ( 'NONE', #796, 0.2649999999999999578 ) ;
#5678 = EDGE_CURVE ( 'NONE', #3717, #4564, #219, .T. ) ;
#5679 = EDGE_CURVE ( 'NONE', #154, #4441, #4137, .T. ) ;
#5680 = CARTESIAN_POINT ( 'NONE',  ( 0.000000000000000000, 0.000000000000000000, 1.559055118110236338 ) ) ;
#5681 = ORIENTED_EDGE ( 'NONE', *, *, #2956, .T. ) ;
#5682 = EDGE_CURVE ( 'NONE', #2210, #4802, #4104, .T. ) ;
#5683 = CARTESIAN_POINT ( 'NONE',  ( 0.1240157480314960647, 0.000000000000000000, 11.19133858606299015 ) ) ;
#5684 = DIRECTION ( 'NONE',  ( 1.000000000000000000, 0.000000000000000000, 0.000000000000000000 ) ) ;
#5685 = CARTESIAN_POINT ( 'NONE',  ( -0.1311809662309435798, -0.1270374181231365418, 5.272834645669290943 ) ) ;
#5686 = CARTESIAN_POINT ( 'NONE',  ( -0.09842519685039370636, 0.000000000000000000, 6.856692913385827204 ) ) ;
#5687 = EDGE_CURVE ( 'NONE', #1481, #5628, #1805, .T. ) ;
#5688 = CARTESIAN_POINT ( 'NONE',  ( 0.3200000000000000067, 3.918869757271530830E-17, 10.56929133803149590 ) ) ;
#5689 = CARTESIAN_POINT ( 'NONE',  ( 0.000000000000000000, 0.000000000000000000, 2.618110236220472675 ) ) ;
#5690 = EDGE_CURVE ( 'NONE', #3455, #2188, #1768, .T. ) ;
#5691 = ORIENTED_EDGE ( 'NONE', *, *, #422, .F. ) ;
#5692 = VERTEX_POINT ( 'NONE', #3280 ) ;
#5693 = DIRECTION ( 'NONE',  ( -0.000000000000000000, -0.000000000000000000, -1.000000000000000000 ) ) ;
#5694 = EDGE_LOOP ( 'NONE', ( #1231, #606, #5934, #4316 ) ) ;
#5695 = VECTOR ( 'NONE', #5693, 39.37007874015748143 ) ;
#5696 = ORIENTED_EDGE ( 'NONE', *, *, #3423, .T. ) ;
#5697 = CYLINDRICAL_SURFACE ( 'NONE', #3950, 0.06889763779527557919 ) ;
#5698 = CARTESIAN_POINT ( 'NONE',  ( -0.1961654313476998979, -0.09978336744851110107, 10.81732283803149564 ) ) ;
#5699 = CIRCLE ( 'NONE', #1186, 0.06889763779527557919 ) ;
#5700 = ORIENTED_EDGE ( 'NONE', *, *, #4782, .T. ) ;
#5701 = CARTESIAN_POINT ( 'NONE',  ( 0.06200787401574927443, -0.1074007882646048490, 11.82125984590551049 ) ) ;
#5702 = CARTESIAN_POINT ( 'NONE',  ( 0.06200787401574776869, 0.1074007882646057094, 2.492125984251968962 ) ) ;
#5703 = ORIENTED_EDGE ( 'NONE', *, *, #3633, .F. ) ;
#5704 = AXIS2_PLACEMENT_3D ( 'NONE', #5866, #741, #4991 ) ;
#5705 = CIRCLE ( 'NONE', #1982, 0.09842519685039370636 ) ;
#5706 = FACE_OUTER_BOUND ( 'NONE', #3221, .T. ) ;
#5707 = LINE ( 'NONE', #523, #3190 ) ;
#5708 = VECTOR ( 'NONE', #1361, 39.37007874015748854 ) ;
#5709 = FACE_OUTER_BOUND ( 'NONE', #150, .T. ) ;
#5710 = FACE_OUTER_BOUND ( 'NONE', #2930, .T. ) ;
#5711 = VERTEX_POINT ( 'NONE', #3669 ) ;
#5712 = EDGE_CURVE ( 'NONE', #5758, #3541, #4168, .T. ) ;
#5713 = DIRECTION ( 'NONE',  ( -0.000000000000000000, -0.000000000000000000, -1.000000000000000000 ) ) ;
#5714 = CARTESIAN_POINT ( 'NONE',  ( 0.06200787401574776869, 0.1074007882646057094, 11.95118110574803083 ) ) ;
#5715 = CARTESIAN_POINT ( 'NONE',  ( -0.06200787401574702623, -0.1074007882646061396, 6.856692913385827204 ) ) ;
#5716 = DIRECTION ( 'NONE',  ( 0.000000000000000000, -1.000000000000000000, 0.000000000000000000 ) ) ;
#5717 = DIRECTION ( 'NONE',  ( -0.5000000000000012212, 0.8660254037844379305, 0.000000000000000000 ) ) ;
#5718 = FACE_OUTER_BOUND ( 'NONE', #5369, .T. ) ;
#5719 = VECTOR ( 'NONE', #1066, 39.37007874015748143 ) ;
#5720 = ORIENTED_EDGE ( 'NONE', *, *, #4588, .T. ) ;
#5721 = ORIENTED_EDGE ( 'NONE', *, *, #5567, .F. ) ;
#5722 = DIRECTION ( 'NONE',  ( -0.000000000000000000, 0.000000000000000000, -1.000000000000000000 ) ) ;
#5723 = VERTEX_POINT ( 'NONE', #6037 ) ;
#5724 = LINE ( 'NONE', #3909, #3220 ) ;
#5725 = EDGE_LOOP ( 'NONE', ( #5443, #5336, #3098, #5633 ) ) ;
#5726 = DIRECTION ( 'NONE',  ( -0.8660254037844414832, 0.4999999999999950595, 0.000000000000000000 ) ) ;
#5727 = CARTESIAN_POINT ( 'NONE',  ( 0.06200787401574927443, -0.1074007882646048490, 1.933070866141732624 ) ) ;
#5728 = ORIENTED_EDGE ( 'NONE', *, *, #3149, .F. ) ;
#5729 = ORIENTED_EDGE ( 'NONE', *, *, #3117, .F. ) ;
#5730 = DIRECTION ( 'NONE',  ( -0.000000000000000000, 0.000000000000000000, 1.000000000000000000 ) ) ;
#5731 = CARTESIAN_POINT ( 'NONE',  ( 0.06200787401574927443, -0.1074007882646048490, 5.797637795275591088 ) ) ;
#5732 = ORIENTED_EDGE ( 'NONE', *, *, #4588, .F. ) ;
#5733 = VECTOR ( 'NONE', #3887, 39.37007874015748143 ) ;
#5734 = CARTESIAN_POINT ( 'NONE',  ( 0.000000000000000000, 0.000000000000000000, 10.94330708999999935 ) ) ;
#5735 = CARTESIAN_POINT ( 'NONE',  ( 0.000000000000000000, 0.000000000000000000, 11.31732283803149386 ) ) ;
#5736 = FACE_OUTER_BOUND ( 'NONE', #3755, .T. ) ;
#5737 = DIRECTION ( 'NONE',  ( -0.000000000000000000, -0.000000000000000000, -1.000000000000000000 ) ) ;
#5738 = ADVANCED_FACE ( 'NONE', ( #5580 ), #3248, .F. ) ;
#5739 = ORIENTED_EDGE ( 'NONE', *, *, #4061, .T. ) ;
#5740 = ADVANCED_FACE ( 'NONE', ( #4663 ), #2324, .T. ) ;
#5741 = DIRECTION ( 'NONE',  ( 1.000000000000000000, 0.000000000000000000, 0.000000000000000000 ) ) ;
#5742 = DIRECTION ( 'NONE',  ( 0.4999999999999948375, 0.8660254037844414832, 0.000000000000000000 ) ) ;
#5743 = CARTESIAN_POINT ( 'NONE',  ( 0.000000000000000000, 0.000000000000000000, 7.462992125433071777 ) ) ;
#5744 = CARTESIAN_POINT ( 'NONE',  ( 0.000000000000000000, 0.000000000000000000, 5.860629921259842057 ) ) ;
#5745 = CARTESIAN_POINT ( 'NONE',  ( 0.000000000000000000, 0.000000000000000000, 10.56929133803149590 ) ) ;
#5746 = ADVANCED_FACE ( 'NONE', ( #486 ), #2355, .F. ) ;
#5747 = DIRECTION ( 'NONE',  ( 0.000000000000000000, 0.000000000000000000, 1.000000000000000000 ) ) ;
#5748 = EDGE_LOOP ( 'NONE', ( #1977, #881, #5438, #4490 ) ) ;
#5749 = ORIENTED_EDGE ( 'NONE', *, *, #5440, .T. ) ;
#5750 = CARTESIAN_POINT ( 'NONE',  ( 0.000000000000000000, 0.000000000000000000, 1.559055118110236338 ) ) ;
#5751 = ORIENTED_EDGE ( 'NONE', *, *, #1198, .T. ) ;
#5752 = EDGE_LOOP ( 'NONE', ( #1787, #1425 ) ) ;
#5753 = PLANE ( 'NONE',  #5401 ) ;
#5754 = ADVANCED_FACE ( 'NONE', ( #979 ), #2849, .F. ) ;
#5755 = EDGE_CURVE ( 'NONE', #5692, #3880, #2886, .T. ) ;
#5756 = CARTESIAN_POINT ( 'NONE',  ( 0.06200787401574927443, -0.1074007882646048490, 1.933070866141732624 ) ) ;
#5757 = VECTOR ( 'NONE', #3861, 39.37007874015748143 ) ;
#5758 = VERTEX_POINT ( 'NONE', #158 ) ;
#5759 = EDGE_CURVE ( 'NONE', #313, #5475, #4329, .T. ) ;
#5760 = ORIENTED_EDGE ( 'NONE', *, *, #4995, .F. ) ;
#5761 = DIRECTION ( 'NONE',  ( 0.8660254037844415942, -0.4999999999999948930, 0.000000000000000000 ) ) ;
#5762 = DIRECTION ( 'NONE',  ( 1.000000000000000000, 3.441911658684136277E-15, 0.000000000000000000 ) ) ;
#5763 = ORIENTED_EDGE ( 'NONE', *, *, #248, .F. ) ;
#5764 = EDGE_CURVE ( 'NONE', #4182, #1257, #5803, .T. ) ;
#5765 = AXIS2_PLACEMENT_3D ( 'NONE', #2854, #1967, #4759 ) ;
#5766 = LINE ( 'NONE', #1653, #4828 ) ;
#5767 = EDGE_CURVE ( 'NONE', #1134, #5271, #4517, .T. ) ;
#5768 = LINE ( 'NONE', #5157, #2424 ) ;
#5769 = CARTESIAN_POINT ( 'NONE',  ( 0.1240157480314960647, 0.000000000000000000, 0.8740157480314961758 ) ) ;
#5770 = DIRECTION ( 'NONE',  ( 1.000000000000000000, 0.000000000000000000, 0.000000000000000000 ) ) ;
#5771 = ORIENTED_EDGE ( 'NONE', *, *, #23, .F. ) ;
#5772 = LINE ( 'NONE', #4016, #296 ) ;
#5773 = CARTESIAN_POINT ( 'NONE',  ( 0.000000000000000000, 0.000000000000000000, 8.207086613622047722 ) ) ;
#5774 = DIRECTION ( 'NONE',  ( 3.441911658684136277E-15, -1.000000000000000000, 0.000000000000000000 ) ) ;
#5775 = DIRECTION ( 'NONE',  ( 1.000000000000000000, 1.046341144239976841E-14, 0.000000000000000000 ) ) ;
#5776 = CARTESIAN_POINT ( 'NONE',  ( -0.1311809662309435798, -0.1270374181231365418, 4.575984251968503891 ) ) ;
#5777 = DIRECTION ( 'NONE',  ( 0.000000000000000000, 0.000000000000000000, 1.000000000000000000 ) ) ;
#5778 = VERTEX_POINT ( 'NONE', #4856 ) ;
#5779 = EDGE_LOOP ( 'NONE', ( #5982, #2546 ) ) ;
#5780 = CARTESIAN_POINT ( 'NONE',  ( -0.09842519685039370636, 0.000000000000000000, 3.492125984251968074 ) ) ;
#5781 = ORIENTED_EDGE ( 'NONE', *, *, #5863, .T. ) ;
#5782 = AXIS2_PLACEMENT_3D ( 'NONE', #2237, #4110, #5951 ) ;
#5783 = PLANE ( 'NONE',  #3710 ) ;
#5784 = ORIENTED_EDGE ( 'NONE', *, *, #2350, .F. ) ;
#5785 = PLANE ( 'NONE',  #786 ) ;
#5786 = CIRCLE ( 'NONE', #3123, 0.1240157480314960509 ) ;
#5787 = EDGE_LOOP ( 'NONE', ( #4035, #1784, #2371, #447 ) ) ;
#5788 = ORIENTED_EDGE ( 'NONE', *, *, #1264, .F. ) ;
#5789 = VECTOR ( 'NONE', #3408, 39.37007874015748143 ) ;
#5790 = VERTEX_POINT ( 'NONE', #128 ) ;
#5791 = EDGE_CURVE ( 'NONE', #5836, #1678, #1560, .T. ) ;
#5792 = DIRECTION ( 'NONE',  ( 1.000000000000000000, 0.000000000000000000, 0.000000000000000000 ) ) ;
#5793 = ADVANCED_FACE ( 'NONE', ( #5216 ), #3374, .T. ) ;
#5794 = CARTESIAN_POINT ( 'NONE',  ( 0.1561809662309435742, 0.1520374181231365363, 4.575984251968503891 ) ) ;
#5795 = ADVANCED_FACE ( 'NONE', ( #1934 ), #3804, .T. ) ;
#5796 = ORIENTED_EDGE ( 'NONE', *, *, #2863, .F. ) ;
#5797 = VECTOR ( 'NONE', #3001, 39.37007874015748143 ) ;
#5798 = ORIENTED_EDGE ( 'NONE', *, *, #2913, .T. ) ;
#5799 = FACE_BOUND ( 'NONE', #5302, .T. ) ;
#5800 = DIRECTION ( 'NONE',  ( 1.000000000000000000, 0.000000000000000000, 0.000000000000000000 ) ) ;
#5801 = AXIS2_PLACEMENT_3D ( 'NONE', #3702, #31, #393 ) ;
#5802 = AXIS2_PLACEMENT_3D ( 'NONE', #989, #1841, #3187 ) ;
#5803 = LINE ( 'NONE', #92, #304 ) ;
#5804 = CIRCLE ( 'NONE', #4624, 0.06889763779527557919 ) ;
#5805 = EDGE_LOOP ( 'NONE', ( #4612, #2128, #3261, #4845 ) ) ;
#5806 = DIRECTION ( 'NONE',  ( 1.000000000000000000, 0.000000000000000000, 0.000000000000000000 ) ) ;
#5807 = FACE_OUTER_BOUND ( 'NONE', #4758, .T. ) ;
#5808 = CARTESIAN_POINT ( 'NONE',  ( 0.1240157480314960647, 0.000000000000000000, 0.2480314960629921295 ) ) ;
#5809 = FACE_OUTER_BOUND ( 'NONE', #2740, .T. ) ;
#5810 = DIRECTION ( 'NONE',  ( 1.000000000000000000, 0.000000000000000000, 0.000000000000000000 ) ) ;
#5811 = EDGE_CURVE ( 'NONE', #1209, #5556, #5347, .T. ) ;
#5812 = CIRCLE ( 'NONE', #2093, 0.09842519685039370636 ) ;
#5813 = ORIENTED_EDGE ( 'NONE', *, *, #5811, .F. ) ;
#5814 = DIRECTION ( 'NONE',  ( 0.4999999999999950595, 0.8660254037844414832, 0.000000000000000000 ) ) ;
#5815 = CARTESIAN_POINT ( 'NONE',  ( -0.06889763779527557919, 0.000000000000000000, 5.797637795275591088 ) ) ;
#5816 = ORIENTED_EDGE ( 'NONE', *, *, #1104, .F. ) ;
#5817 = DIRECTION ( 'NONE',  ( -0.5000000000000069944, 0.8660254037844345998, 0.000000000000000000 ) ) ;
#5818 =( BOUNDED_SURFACE ( )  B_SPLINE_SURFACE ( 3, 1, ( 
 ( #5239, #1521 ),
 ( #1950, #2836 ),
 ( #3823, #5698 ),
 ( #4713, #3361 ),
 ( #1032, #2903 ),
 ( #4774, #575 ),
 ( #2441, #111 ) ),
 .UNSPECIFIED., .T., .F., .T. ) 
 B_SPLINE_SURFACE_WITH_KNOTS ( ( 4, 3, 4 ),
 ( 2, 2 ),
 ( 0.000000000000000000, 0.5000000000000000000, 1.000000000000000000 ),
 ( 0.000000000000000000, 1.000000000000000000 ),
 .UNSPECIFIED. ) 
 GEOMETRIC_REPRESENTATION_ITEM ( )  RATIONAL_B_SPLINE_SURFACE ( (
 ( 1.000000000000000000, 1.000000000000000000),
 ( 0.3333333333333333703, 0.3333333333333333703),
 ( 0.3333333333333333703, 0.3333333333333333703),
 ( 1.000000000000000000, 1.000000000000000000),
 ( 0.3333333333333333703, 0.3333333333333333703),
 ( 0.3333333333333333703, 0.3333333333333333703),
 ( 1.000000000000000000, 1.000000000000000000) ) ) 
 REPRESENTATION_ITEM ( '' )  SURFACE ( )  );
#5819 = ORIENTED_EDGE ( 'NONE', *, *, #5540, .F. ) ;
#5820 = AXIS2_PLACEMENT_3D ( 'NONE', #5609, #5180, #5671 ) ;
#5821 = CARTESIAN_POINT ( 'NONE',  ( 0.000000000000000000, 0.000000000000000000, 6.608661417322835518 ) ) ;
#5822 = ORIENTED_EDGE ( 'NONE', *, *, #6063, .F. ) ;
#5823 = VECTOR ( 'NONE', #4492, 39.37007874015748143 ) ;
#5824 = EDGE_LOOP ( 'NONE', ( #4342, #2016, #6028, #633 ) ) ;
#5825 = AXIS2_PLACEMENT_3D ( 'NONE', #3858, #5730, #2315 ) ;
#5826 = EDGE_CURVE ( 'NONE', #4692, #4433, #2263, .T. ) ;
#5827 = VERTEX_POINT ( 'NONE', #3343 ) ;
#5828 = CARTESIAN_POINT ( 'NONE',  ( 0.000000000000000000, 0.000000000000000000, 10.44330708606299396 ) ) ;
#5829 = CARTESIAN_POINT ( 'NONE',  ( -0.3412599786509462052, 0.000000000000000000, 3.240157480314960647 ) ) ;
#5830 = VERTEX_POINT ( 'NONE', #2455 ) ;
#5831 = AXIS2_PLACEMENT_3D ( 'NONE', #1244, #717, #1687 ) ;
#5832 = ADVANCED_FACE ( 'NONE', ( #2423, #5710 ), #652, .T. ) ;
#5833 = ORIENTED_EDGE ( 'NONE', *, *, #1556, .T. ) ;
#5834 = CARTESIAN_POINT ( 'NONE',  ( -0.1240157480314960370, -8.659973399492811311E-16, 0.8740157480314961758 ) ) ;
#5835 = FACE_OUTER_BOUND ( 'NONE', #4889, .T. ) ;
#5836 = VERTEX_POINT ( 'NONE', #4298 ) ;
#5837 = CARTESIAN_POINT ( 'NONE',  ( 0.06889763779527557919, 8.437527159479795937E-18, 4.425196850393700032 ) ) ;
#5838 = CARTESIAN_POINT ( 'NONE',  ( 0.06200787401574776869, 0.1074007882646057094, 4.051181102362204633 ) ) ;
#5839 = CARTESIAN_POINT ( 'NONE',  ( -0.1240157480314960370, -8.659973399492811311E-16, 2.492125984251968962 ) ) ;
#5840 = DIRECTION ( 'NONE',  ( -0.000000000000000000, -0.000000000000000000, -1.000000000000000000 ) ) ;
#5841 = DIRECTION ( 'NONE',  ( 0.000000000000000000, 0.000000000000000000, 1.000000000000000000 ) ) ;
#5842 = EDGE_LOOP ( 'NONE', ( #4487, #3951, #1916, #2925 ) ) ;
#5843 = FACE_OUTER_BOUND ( 'NONE', #537, .T. ) ;
#5844 = ORIENTED_EDGE ( 'NONE', *, *, #2383, .F. ) ;
#5845 = CARTESIAN_POINT ( 'NONE',  ( 0.1240157480314960647, 0.000000000000000000, 4.051181102362204633 ) ) ;
#5846 = EDGE_CURVE ( 'NONE', #5536, #838, #512, .T. ) ;
#5847 = ORIENTED_EDGE ( 'NONE', *, *, #3560, .T. ) ;
#5848 = CARTESIAN_POINT ( 'NONE',  ( 0.06200787401574927443, -0.1074007882646048490, 5.797637795275591088 ) ) ;
#5849 = ORIENTED_EDGE ( 'NONE', *, *, #2665, .T. ) ;
#5850 = ORIENTED_EDGE ( 'NONE', *, *, #394, .T. ) ;
#5851 = VECTOR ( 'NONE', #849, 39.37007874015748143 ) ;
#5852 = EDGE_LOOP ( 'NONE', ( #1026, #3385 ) ) ;
#5853 = DIRECTION ( 'NONE',  ( 1.000000000000000000, 0.000000000000000000, 0.000000000000000000 ) ) ;
#5854 = VECTOR ( 'NONE', #2387, 39.37007874015748854 ) ;
#5855 = VERTEX_POINT ( 'NONE', #3435 ) ;
#5856 = LINE ( 'NONE', #708, #615 ) ;
#5857 = ADVANCED_FACE ( 'NONE', ( #3835 ), #189, .F. ) ;
#5858 = AXIS2_PLACEMENT_3D ( 'NONE', #1409, #2292, #789 ) ;
#5859 = ORIENTED_EDGE ( 'NONE', *, *, #3940, .T. ) ;
#5860 = DIRECTION ( 'NONE',  ( -0.000000000000000000, -0.000000000000000000, -1.000000000000000000 ) ) ;
#5861 = FACE_OUTER_BOUND ( 'NONE', #3592, .T. ) ;
#5862 = ADVANCED_FACE ( 'NONE', ( #1136, #3012 ), #1964, .F. ) ;
#5863 = EDGE_CURVE ( 'NONE', #4548, #3641, #1041, .T. ) ;
#5864 = ADVANCED_FACE ( 'NONE', ( #5835, #1164 ), #1630, .F. ) ;
#5865 = FACE_OUTER_BOUND ( 'NONE', #1464, .T. ) ;
#5866 = CARTESIAN_POINT ( 'NONE',  ( 0.000000000000000000, 0.000000000000000000, 10.56929133803149590 ) ) ;
#5867 = ORIENTED_EDGE ( 'NONE', *, *, #5962, .T. ) ;
#5868 = CARTESIAN_POINT ( 'NONE',  ( 0.08842519685039371136, 1.082896342868092677E-17, 1.933070866141732624 ) ) ;
#5869 = VERTEX_POINT ( 'NONE', #3964 ) ;
#5870 = DIRECTION ( 'NONE',  ( -1.046341144239976999E-14, 1.000000000000000000, 0.000000000000000000 ) ) ;
#5871 = ORIENTED_EDGE ( 'NONE', *, *, #2792, .F. ) ;
#5872 = FACE_OUTER_BOUND ( 'NONE', #3653, .T. ) ;
#5873 = VECTOR ( 'NONE', #1330, 39.37007874015748143 ) ;
#5874 = EDGE_CURVE ( 'NONE', #5947, #4369, #221, .T. ) ;
#5875 = EDGE_LOOP ( 'NONE', ( #5098, #2713 ) ) ;
#5876 =( GEOMETRIC_REPRESENTATION_CONTEXT ( 3 ) GLOBAL_UNCERTAINTY_ASSIGNED_CONTEXT ( ( #4169 ) ) GLOBAL_UNIT_ASSIGNED_CONTEXT ( ( #3881, #1546, #107 ) ) REPRESENTATION_CONTEXT ( 'NONE', 'WORKASPACE' ) );
#5877 = VERTEX_POINT ( 'NONE', #2549 ) ;
#5878 = ORIENTED_EDGE ( 'NONE', *, *, #870, .F. ) ;
#5879 = CARTESIAN_POINT ( 'NONE',  ( -0.2649999999999999578, 0.000000000000000000, 9.699212597874016240 ) ) ;
#5880 = DIRECTION ( 'NONE',  ( 0.000000000000000000, 0.000000000000000000, 1.000000000000000000 ) ) ;
#5881 = CIRCLE ( 'NONE', #4014, 0.09842519685039370636 ) ;
#5882 = VECTOR ( 'NONE', #5059, 39.37007874015748143 ) ;
#5883 = EDGE_LOOP ( 'NONE', ( #5170, #4979 ) ) ;
#5884 = FACE_OUTER_BOUND ( 'NONE', #2812, .T. ) ;
#5885 = DIMENSIONAL_EXPONENTS ( 1.000000000000000000, 0.000000000000000000, 0.000000000000000000, 0.000000000000000000, 0.000000000000000000, 0.000000000000000000, 0.000000000000000000 ) ;
#5886 = AXIS2_PLACEMENT_3D ( 'NONE', #1543, #3415, #5722 ) ;
#5887 = ORIENTED_EDGE ( 'NONE', *, *, #487, .T. ) ;
#5888 = CARTESIAN_POINT ( 'NONE',  ( 0.000000000000000000, 0.000000000000000000, 12.08110236559055117 ) ) ;
#5889 = CARTESIAN_POINT ( 'NONE',  ( 0.000000000000000000, 0.000000000000000000, 1.433070866141732402 ) ) ;
#5890 = VECTOR ( 'NONE', #4639, 39.37007874015748143 ) ;
#5891 = PLANE ( 'NONE',  #3246 ) ;
#5892 = DIRECTION ( 'NONE',  ( -1.046341144239976999E-14, 1.000000000000000000, 0.000000000000000000 ) ) ;
#5893 = VECTOR ( 'NONE', #279, 39.37007874015748143 ) ;
#5894 = AXIS2_PLACEMENT_3D ( 'NONE', #1635, #1170, #4506 ) ;
#5895 = EDGE_CURVE ( 'NONE', #3413, #5407, #2094, .T. ) ;
#5896 = ORIENTED_EDGE ( 'NONE', *, *, #4862, .T. ) ;
#5897 = CYLINDRICAL_SURFACE ( 'NONE', #5298, 0.09842519685039370636 ) ;
#5898 = DIRECTION ( 'NONE',  ( 0.000000000000000000, 0.000000000000000000, 1.000000000000000000 ) ) ;
#5899 = AXIS2_PLACEMENT_3D ( 'NONE', #5993, #1727, #4582 ) ;
#5900 = ORIENTED_EDGE ( 'NONE', *, *, #4848, .T. ) ;
#5901 = CARTESIAN_POINT ( 'NONE',  ( 0.000000000000000000, 0.000000000000000000, 3.366141732283464361 ) ) ;
#5902 = EDGE_LOOP ( 'NONE', ( #5572, #3393, #2601, #6033 ) ) ;
#5903 = ORIENTED_EDGE ( 'NONE', *, *, #1138, .T. ) ;
#5904 = ORIENTED_EDGE ( 'NONE', *, *, #4141, .T. ) ;
#5905 = FACE_OUTER_BOUND ( 'NONE', #4371, .T. ) ;
#5906 = LINE ( 'NONE', #2621, #126 ) ;
#5907 = AXIS2_PLACEMENT_3D ( 'NONE', #1898, #5150, #3767 ) ;
#5908 = ORIENTED_EDGE ( 'NONE', *, *, #1238, .T. ) ;
#5909 = LINE ( 'NONE', #5997, #3947 ) ;
#5910 = CIRCLE ( 'NONE', #2110, 0.09842519685039370636 ) ;
#5911 = EDGE_LOOP ( 'NONE', ( #5068, #2242, #3748, #4331 ) ) ;
#5912 = PLANE ( 'NONE',  #4099 ) ;
#5913 = DIRECTION ( 'NONE',  ( 0.000000000000000000, 0.000000000000000000, 1.000000000000000000 ) ) ;
#5914 = ADVANCED_FACE ( 'NONE', ( #2274, #2241 ), #6018, .T. ) ;
#5915 = CYLINDRICAL_SURFACE ( 'NONE', #3059, 0.1240157480314960509 ) ;
#5916 = DIRECTION ( 'NONE',  ( -0.000000000000000000, -0.000000000000000000, -1.000000000000000000 ) ) ;
#5917 = EDGE_CURVE ( 'NONE', #3635, #5955, #897, .T. ) ;
#5918 = ORIENTED_EDGE ( 'NONE', *, *, #5613, .F. ) ;
#5919 = LINE ( 'NONE', #5521, #4420 ) ;
#5920 = FACE_OUTER_BOUND ( 'NONE', #4015, .T. ) ;
#5921 = ADVANCED_FACE ( 'NONE', ( #3681 ), #1353, .T. ) ;
#5922 = DIRECTION ( 'NONE',  ( 1.000000000000000000, 0.000000000000000000, 0.000000000000000000 ) ) ;
#5923 = ORIENTED_EDGE ( 'NONE', *, *, #3125, .T. ) ;
#5924 = CARTESIAN_POINT ( 'NONE',  ( -0.1240157480314960370, -8.659973399492811311E-16, 4.299212598425196319 ) ) ;
#5925 = ORIENTED_EDGE ( 'NONE', *, *, #4257, .F. ) ;
#5926 = ORIENTED_EDGE ( 'NONE', *, *, #54, .F. ) ;
#5927 = EDGE_CURVE ( 'NONE', #3226, #893, #2859, .T. ) ;
#5928 = ORIENTED_EDGE ( 'NONE', *, *, #1725, .F. ) ;
#5929 = DIRECTION ( 'NONE',  ( 0.000000000000000000, 0.000000000000000000, 1.000000000000000000 ) ) ;
#5930 = EDGE_CURVE ( 'NONE', #3698, #3906, #2336, .T. ) ;
#5931 = ADVANCED_FACE ( 'NONE', ( #834 ), #5558, .F. ) ;
#5932 = PLANE ( 'NONE',  #5899 ) ;
#5933 = EDGE_CURVE ( 'NONE', #4472, #480, #372, .T. ) ;
#5934 = ORIENTED_EDGE ( 'NONE', *, *, #4581, .F. ) ;
#5935 = CARTESIAN_POINT ( 'NONE',  ( 0.000000000000000000, 0.000000000000000000, 0.9370078740157481434 ) ) ;
#5936 = CARTESIAN_POINT ( 'NONE',  ( 0.000000000000000000, 0.000000000000000000, 1.433070866141732402 ) ) ;
#5937 = EDGE_CURVE ( 'NONE', #252, #2586, #5037, .T. ) ;
#5938 = AXIS2_PLACEMENT_3D ( 'NONE', #2813, #483, #3801 ) ;
#5939 = ADVANCED_FACE ( 'NONE', ( #4640 ), #2703, .T. ) ;
#5940 = EDGE_CURVE ( 'NONE', #5509, #4028, #5102, .T. ) ;
#5941 = ORIENTED_EDGE ( 'NONE', *, *, #3320, .F. ) ;
#5942 = CARTESIAN_POINT ( 'NONE',  ( 0.09842519685039370636, 1.205361022782828035E-17, 2.492125984251968962 ) ) ;
#5943 = CARTESIAN_POINT ( 'NONE',  ( 0.3912887873928638238, 2.732354998561485124E-15, 10.44330708606299396 ) ) ;
#5944 = CARTESIAN_POINT ( 'NONE',  ( 0.000000000000000000, 0.000000000000000000, 5.423622047244094801 ) ) ;
#5945 = FACE_OUTER_BOUND ( 'NONE', #1595, .T. ) ;
#5946 = VECTOR ( 'NONE', #1039, 39.37007874015748143 ) ;
#5947 = VERTEX_POINT ( 'NONE', #3618 ) ;
#5948 = DIRECTION ( 'NONE',  ( -0.000000000000000000, -0.000000000000000000, -1.000000000000000000 ) ) ;
#5949 = PLANE ( 'NONE',  #2739 ) ;
#5950 = CARTESIAN_POINT ( 'NONE',  ( 0.06200787401574776869, 0.1074007882646057094, 0.6259842519685040463 ) ) ;
#5951 = DIRECTION ( 'NONE',  ( 1.000000000000000000, 0.000000000000000000, -0.000000000000000000 ) ) ;
#5952 = EDGE_LOOP ( 'NONE', ( #5141, #951, #572, #5103 ) ) ;
#5953 = DIRECTION ( 'NONE',  ( -0.4999999999999948375, -0.8660254037844417052, 0.000000000000000000 ) ) ;
#5954 = CARTESIAN_POINT ( 'NONE',  ( -0.06200787401574851115, 0.1074007882646052930, 11.95118110574803083 ) ) ;
#5955 = VERTEX_POINT ( 'NONE', #2767 ) ;
#5956 = EDGE_LOOP ( 'NONE', ( #4598, #3236, #993, #3949, #1127, #5569 ) ) ;
#5957 = DIRECTION ( 'NONE',  ( 1.000000000000000000, 0.000000000000000000, 0.000000000000000000 ) ) ;
#5958 = ORIENTED_EDGE ( 'NONE', *, *, #3081, .F. ) ;
#5959 = DIRECTION ( 'NONE',  ( 0.000000000000000000, 0.000000000000000000, 1.000000000000000000 ) ) ;
#5960 = DIRECTION ( 'NONE',  ( -0.8660254037844379305, -0.5000000000000012212, 0.000000000000000000 ) ) ;
#5961 = CARTESIAN_POINT ( 'NONE',  ( 0.4230224295639704035, 0.000000000000000000, 8.333070865590551435 ) ) ;
#5962 = EDGE_CURVE ( 'NONE', #3591, #4513, #5804, .T. ) ;
#5963 = EDGE_CURVE ( 'NONE', #79, #3544, #1421, .T. ) ;
#5964 = ORIENTED_EDGE ( 'NONE', *, *, #2529, .F. ) ;
#5965 = DIRECTION ( 'NONE',  ( 1.000000000000000000, 0.000000000000000000, 0.000000000000000000 ) ) ;
#5966 = DIRECTION ( 'NONE',  ( 0.000000000000000000, 1.000000000000000000, -0.000000000000000000 ) ) ;
#5967 = AXIS2_PLACEMENT_3D ( 'NONE', #1417, #339, #1381 ) ;
#5968 = VERTEX_POINT ( 'NONE', #498 ) ;
#5969 = CARTESIAN_POINT ( 'NONE',  ( 0.09842519685039370636, 1.205361022782828035E-17, 10.94330708999999935 ) ) ;
#5970 = VECTOR ( 'NONE', #5377, 39.37007874015748143 ) ;
#5971 = DIRECTION ( 'NONE',  ( 0.000000000000000000, 0.000000000000000000, 1.000000000000000000 ) ) ;
#5972 = CARTESIAN_POINT ( 'NONE',  ( 0.06200787401574776869, 0.1074007882646057094, 6.856692913385827204 ) ) ;
#5973 = LINE ( 'NONE', #3211, #4034 ) ;
#5974 = ORIENTED_EDGE ( 'NONE', *, *, #4850, .T. ) ;
#5975 = AXIS2_PLACEMENT_3D ( 'NONE', #2931, #2440, #110 ) ;
#5976 = DIRECTION ( 'NONE',  ( -0.000000000000000000, -0.000000000000000000, -1.000000000000000000 ) ) ;
#5977 = CARTESIAN_POINT ( 'NONE',  ( 0.06200787401574776869, 0.1074007882646057094, 11.82125984590551049 ) ) ;
#5978 = CARTESIAN_POINT ( 'NONE',  ( -0.1561809662309435742, -0.1520374181231365363, 4.575984251968503891 ) ) ;
#5979 = FACE_OUTER_BOUND ( 'NONE', #1694, .T. ) ;
#5980 = EDGE_CURVE ( 'NONE', #722, #5575, #4086, .T. ) ;
#5981 = LINE ( 'NONE', #892, #3346 ) ;
#5982 = ORIENTED_EDGE ( 'NONE', *, *, #5361, .F. ) ;
#5983 = VECTOR ( 'NONE', #3895, 39.37007874015748143 ) ;
#5984 = DIRECTION ( 'NONE',  ( 1.000000000000000000, 0.000000000000000000, 0.000000000000000000 ) ) ;
#5985 = VECTOR ( 'NONE', #5840, 39.37007874015748143 ) ;
#5986 = CARTESIAN_POINT ( 'NONE',  ( -0.06200787401574851115, 0.1074007882646052930, 11.19133858606299015 ) ) ;
#5987 = VERTEX_POINT ( 'NONE', #5494 ) ;
#5988 = ORIENTED_EDGE ( 'NONE', *, *, #3595, .F. ) ;
#5989 = CARTESIAN_POINT ( 'NONE',  ( 0.1311809662309435798, -0.1270374181231365418, 5.297637795275590200 ) ) ;
#5990 = CIRCLE ( 'NONE', #3062, 0.09842519685039370636 ) ;
#5991 = VERTEX_POINT ( 'NONE', #5986 ) ;
#5992 = CARTESIAN_POINT ( 'NONE',  ( -0.06200787401574702623, -0.1074007882646061396, 2.492125984251968962 ) ) ;
#5993 = CARTESIAN_POINT ( 'NONE',  ( -0.06200787401574702623, -0.1074007882646061396, 1.933070866141732624 ) ) ;
#5994 = CARTESIAN_POINT ( 'NONE',  ( -0.06200787401574702623, -0.1074007882646061396, 0.2480314960629921295 ) ) ;
#5995 = ADVANCED_FACE ( 'NONE', ( #1783 ), #3651, .F. ) ;
#5996 = ORIENTED_EDGE ( 'NONE', *, *, #1697, .F. ) ;
#5997 = CARTESIAN_POINT ( 'NONE',  ( 0.06200787401574776869, 0.1074007882646057094, 0.000000000000000000 ) ) ;
#5998 = CARTESIAN_POINT ( 'NONE',  ( -0.07342519685039371191, 0.000000000000000000, 11.31732283803149386 ) ) ;
#5999 = ORIENTED_EDGE ( 'NONE', *, *, #952, .F. ) ;
#6000 = AXIS2_PLACEMENT_3D ( 'NONE', #1401, #2287, #3273 ) ;
#6001 = ORIENTED_EDGE ( 'NONE', *, *, #984, .F. ) ;
#6002 = CARTESIAN_POINT ( 'NONE',  ( 0.1561809662309435742, -0.1520374181231365363, 4.575984251968503891 ) ) ;
#6003 = AXIS2_PLACEMENT_3D ( 'NONE', #732, #2597, #2709 ) ;
#6004 = CONICAL_SURFACE ( 'NONE', #3369, 0.09842519685039370636, 0.5989978851846331498 ) ;
#6005 = DIRECTION ( 'NONE',  ( 1.000000000000000000, 0.000000000000000000, 0.000000000000000000 ) ) ;
#6006 = DIRECTION ( 'NONE',  ( 1.000000000000000000, 0.000000000000000000, -0.000000000000000000 ) ) ;
#6007 = DIRECTION ( 'NONE',  ( 1.000000000000000000, 0.000000000000000000, 0.000000000000000000 ) ) ;
#6008 = VECTOR ( 'NONE', #4733, 39.37007874015748143 ) ;
#6009 = VERTEX_POINT ( 'NONE', #862 ) ;
#6010 = DIRECTION ( 'NONE',  ( -1.000000000000000000, 0.000000000000000000, 0.000000000000000000 ) ) ;
#6011 = FACE_OUTER_BOUND ( 'NONE', #2012, .T. ) ;
#6012 = CARTESIAN_POINT ( 'NONE',  ( -0.06200787401574702623, -0.1074007882646061396, 0.8740157480314961758 ) ) ;
#6013 = DIRECTION ( 'NONE',  ( -0.000000000000000000, -0.000000000000000000, -1.000000000000000000 ) ) ;
#6014 = FACE_BOUND ( 'NONE', #5531, .T. ) ;
#6015 = VERTEX_POINT ( 'NONE', #2732 ) ;
#6016 = FACE_BOUND ( 'NONE', #3587, .T. ) ;
#6017 = CIRCLE ( 'NONE', #4158, 0.07342519685039371191 ) ;
#6018 = PLANE ( 'NONE',  #1986 ) ;
#6019 = ORIENTED_EDGE ( 'NONE', *, *, #3777, .F. ) ;
#6020 = EDGE_LOOP ( 'NONE', ( #3334, #3130, #1989, #2349 ) ) ;
#6021 = EDGE_CURVE ( 'NONE', #2208, #4163, #4608, .T. ) ;
#6022 = CARTESIAN_POINT ( 'NONE',  ( 0.000000000000000000, 0.000000000000000000, 11.69133858606299015 ) ) ;
#6023 = ORIENTED_EDGE ( 'NONE', *, *, #5295, .F. ) ;
#6024 = CARTESIAN_POINT ( 'NONE',  ( 0.000000000000000000, 0.000000000000000000, 6.919685039370079060 ) ) ;
#6025 = ORIENTED_EDGE ( 'NONE', *, *, #117, .T. ) ;
#6026 = DIRECTION ( 'NONE',  ( -1.000000000000000000, 0.000000000000000000, 0.000000000000000000 ) ) ;
#6027 = DIRECTION ( 'NONE',  ( -0.4999999999999950595, -0.8660254037844414832, 0.000000000000000000 ) ) ;
#6028 = ORIENTED_EDGE ( 'NONE', *, *, #3462, .F. ) ;
#6029 = DIRECTION ( 'NONE',  ( -0.000000000000000000, 0.000000000000000000, 1.000000000000000000 ) ) ;
#6030 = DIRECTION ( 'NONE',  ( -0.5000000000000012212, 0.8660254037844379305, 0.000000000000000000 ) ) ;
#6031 = ORIENTED_EDGE ( 'NONE', *, *, #5514, .F. ) ;
#6032 = EDGE_CURVE ( 'NONE', #838, #5536, #4434, .T. ) ;
#6033 = ORIENTED_EDGE ( 'NONE', *, *, #4995, .T. ) ;
#6034 = CARTESIAN_POINT ( 'NONE',  ( 0.1240157480314960647, 0.000000000000000000, 2.492125984251968962 ) ) ;
#6035 = CARTESIAN_POINT ( 'NONE',  ( -0.06200787401574851115, 0.1074007882646052930, 1.933070866141732624 ) ) ;
#6036 = LINE ( 'NONE', #5480, #1392 ) ;
#6037 = CARTESIAN_POINT ( 'NONE',  ( -0.09842519685039370636, 0.000000000000000000, 1.685039370078740495 ) ) ;
#6038 = ORIENTED_EDGE ( 'NONE', *, *, #704, .F. ) ;
#6039 = DIRECTION ( 'NONE',  ( -0.000000000000000000, -0.000000000000000000, -1.000000000000000000 ) ) ;
#6040 = EDGE_CURVE ( 'NONE', #639, #1062, #900, .T. ) ;
#6041 = EDGE_CURVE ( 'NONE', #179, #2246, #4277, .T. ) ;
#6042 = CARTESIAN_POINT ( 'NONE',  ( 0.06889763779527557919, 8.437527159479795937E-18, 6.482677165354330917 ) ) ;
#6043 = DIRECTION ( 'NONE',  ( -0.000000000000000000, -0.000000000000000000, -1.000000000000000000 ) ) ;
#6044 = DIRECTION ( 'NONE',  ( -0.5000000000000012212, 0.8660254037844379305, 0.000000000000000000 ) ) ;
#6045 = LINE ( 'NONE', #3257, #2171 ) ;
#6046 = VECTOR ( 'NONE', #5800, 39.37007874015748143 ) ;
#6047 = EDGE_LOOP ( 'NONE', ( #5329, #5425, #2896, #2035 ) ) ;
#6048 = FACE_OUTER_BOUND ( 'NONE', #4800, .T. ) ;
#6049 = DIRECTION ( 'NONE',  ( -0.000000000000000000, -0.000000000000000000, -1.000000000000000000 ) ) ;
#6050 = ORIENTED_EDGE ( 'NONE', *, *, #2282, .F. ) ;
#6051 = EDGE_LOOP ( 'NONE', ( #5561, #1541, #992, #5529 ) ) ;
#6052 = DIRECTION ( 'NONE',  ( 1.000000000000000000, 0.000000000000000000, 0.000000000000000000 ) ) ;
#6053 = ORIENTED_EDGE ( 'NONE', *, *, #5227, .F. ) ;
#6054 = DIRECTION ( 'NONE',  ( -1.000000000000000000, -3.614007241618347908E-17, 0.000000000000000000 ) ) ;
#6055 = ORIENTED_EDGE ( 'NONE', *, *, #880, .F. ) ;
#6056 = EDGE_CURVE ( 'NONE', #284, #4251, #2958, .T. ) ;
#6057 = FACE_OUTER_BOUND ( 'NONE', #5842, .T. ) ;
#6058 = LINE ( 'NONE', #5046, #1657 ) ;
#6059 = ORIENTED_EDGE ( 'NONE', *, *, #3798, .F. ) ;
#6060 = DIRECTION ( 'NONE',  ( -0.5000000000000012212, 0.8660254037844379305, 0.000000000000000000 ) ) ;
#6061 = DIRECTION ( 'NONE',  ( 0.4999999999999950595, 0.8660254037844414832, 0.000000000000000000 ) ) ;
#6062 = ORIENTED_EDGE ( 'NONE', *, *, #5534, .T. ) ;
#6063 = EDGE_CURVE ( 'NONE', #4520, #2568, #4833, .T. ) ;
#6064 = ORIENTED_EDGE ( 'NONE', *, *, #2192, .F. ) ;
#6065 = AXIS2_PLACEMENT_3D ( 'NONE', #233, #3049, #4462 ) ;
#6066 = DIRECTION ( 'NONE',  ( -0.5000000000000012212, 0.8660254037844379305, 0.000000000000000000 ) ) ;
#6067 = CARTESIAN_POINT ( 'NONE',  ( -0.1956443936964358532, 0.3388660300982260232, 10.44330708606299396 ) ) ;
#6068 = FACE_BOUND ( 'NONE', #2466, .T. ) ;
#6069 = DIRECTION ( 'NONE',  ( -0.8660254037844414832, 0.4999999999999950595, 0.000000000000000000 ) ) ;
#6070 = CIRCLE ( 'NONE', #3430, 0.08842519685039371136 ) ;
#6071 = ORIENTED_EDGE ( 'NONE', *, *, #880, .T. ) ;
#6072 = CIRCLE ( 'NONE', #3617, 0.06889763779527557919 ) ;
#6073 = LINE ( 'NONE', #1837, #1056 ) ;
#6074 = DIRECTION ( 'NONE',  ( -0.000000000000000000, -0.000000000000000000, -1.000000000000000000 ) ) ;
#6075 = DIRECTION ( 'NONE',  ( 1.000000000000000000, 0.000000000000000000, 0.000000000000000000 ) ) ;
ENDSEC;
END-ISO-10303-21;
