ISO-10303-21;
HEADER;
FILE_DESCRIPTION (( 'STEP AP214' ),
    '1' );
FILE_NAME ('40mm to 60mm.STEP',
    '2025-08-05T16:22:59',
    ( '' ),
    ( '' ),
    'SwSTEP 2.0',
    'SolidWorks 2024',
    '' );
FILE_SCHEMA (( 'AUTOMOTIVE_DESIGN' ));
ENDSEC;

DATA;
#1 = CARTESIAN_POINT ( 'NONE',  ( -0.5818748508742251913, 24.95340412115754702, 0.2853961631782261366 ) ) ;
#2 = CARTESIAN_POINT ( 'NONE',  ( -0.9489545369064055214, 23.59488922082562468, 0.3999999999996645683 ) ) ;
#3 = CARTESIAN_POINT ( 'NONE',  ( -2.413031496062930437, 24.01267716535440755, 0.1865493948359174259 ) ) ;
#4 = ORIENTED_EDGE ( 'NONE', *, *, #2297, .T. ) ;
#5 = CARTESIAN_POINT ( 'NONE',  ( -1.027522555801752668, 25.73523064086506196, 0.4499999999996778244 ) ) ;
#6 = CARTESIAN_POINT ( 'NONE',  ( -0.7258036655617113864, 24.35267779499543650, 0.1654097936247101996 ) ) ;
#7 = CIRCLE ( 'NONE', #5561, 0.08070866141732131738 ) ;
#8 = CARTESIAN_POINT ( 'NONE',  ( -2.768819378695844602, 23.88036920537452801, 0.4382308758287544181 ) ) ;
#9 = CARTESIAN_POINT ( 'NONE',  ( -2.708716657256601934, 24.43043033628661576, 0.2261695574600957326 ) ) ;
#10 = ORIENTED_EDGE ( 'NONE', *, *, #7835, .F. ) ;
#11 = DIRECTION ( 'NONE',  ( 0.000000000000000000, -0.000000000000000000, -1.000000000000000000 ) ) ;
#12 = CARTESIAN_POINT ( 'NONE',  ( -1.151579566718521797, 23.86487832885729432, 0.1051180300178161386 ) ) ;
#13 = CARTESIAN_POINT ( 'NONE',  ( -0.5389037249646185801, 25.15187161371959235, 0.4499999999996799338 ) ) ;
#14 = B_SPLINE_CURVE_WITH_KNOTS ( 'NONE', 3,
 ( #8358, #6862, #314, #1720, #8164, #459, #415, #3177, #9057, #3275 ),
 .UNSPECIFIED., .F., .F.,
 ( 4, 2, 2, 2, 4 ),
 ( 0.000000000000000000, 0.004010824730217498087, 0.006016237095326247564, 0.007018943277880786667, 0.008021649460435327506 ),
 .UNSPECIFIED. ) ;
#15 = ORIENTED_EDGE ( 'NONE', *, *, #5647, .F. ) ;
#16 = VECTOR ( 'NONE', #6312, 39.37007874015748143 ) ;
#17 = CARTESIAN_POINT ( 'NONE',  ( -2.008530129563209865, 23.85398074800355062, 0.05000004186181163102 ) ) ;
#18 = EDGE_CURVE ( 'NONE', #3615, #6480, #867, .T. ) ;
#19 = CARTESIAN_POINT ( 'NONE',  ( -1.377249224293587870, 23.54657623304003522, 0.2854477989723305797 ) ) ;
#20 = CARTESIAN_POINT ( 'NONE',  ( -2.797363826577122126, 25.42083610383100378, 0.3999999999996797784 ) ) ;
#21 = CARTESIAN_POINT ( 'NONE',  ( -2.388031496062928749, 24.01267716535440400, 0.000000000000000000 ) ) ;
#22 = CARTESIAN_POINT ( 'NONE',  ( -2.830655411561412205, 24.29051793536090287, 0.3999999999996829980 ) ) ;
#23 = LINE ( 'NONE', #6464, #2247 ) ;
#24 = LINE ( 'NONE', #2051, #9078 ) ;
#25 = CARTESIAN_POINT ( 'NONE',  ( -1.340659599174575334, 23.85594160488791360, 0.05000000000000000971 ) ) ;
#26 = CARTESIAN_POINT ( 'NONE',  ( -1.361612014946530724, 23.58343019831992393, 0.2553443115467246560 ) ) ;
#27 = CARTESIAN_POINT ( 'NONE',  ( -2.373126993999355339, 25.13649669604260950, 0.04571512463642467966 ) ) ;
#28 = CIRCLE ( 'NONE', #5274, 0.08070866141732924159 ) ;
#29 = CARTESIAN_POINT ( 'NONE',  ( -0.5356692913910998666, 25.39456692905514146, 0.3999999999996790012 ) ) ;
#30 = EDGE_CURVE ( 'NONE', #2106, #5737, #6900, .T. ) ;
#31 = CARTESIAN_POINT ( 'NONE',  ( -2.630277370929955172, 24.92327920424574828, 0.1654482751371195159 ) ) ;
#32 = CARTESIAN_POINT ( 'NONE',  ( -2.013373084623458098, 23.62264030391218128, 0.2249421179621297617 ) ) ;
#33 = CARTESIAN_POINT ( 'NONE',  ( -1.207812453630866978, 25.87463643508762701, 0.4039621541815446304 ) ) ;
#34 = CARTESIAN_POINT ( 'NONE',  ( -1.468331171832484072, 25.46608637256143126, 0.04999997087356405218 ) ) ;
#35 = VECTOR ( 'NONE', #8959, 39.37007874015748143 ) ;
#36 = CARTESIAN_POINT ( 'NONE',  ( -2.401365158962793345, 25.69339854148352131, 0.4499999999996781019 ) ) ;
#37 = CARTESIAN_POINT ( 'NONE',  ( -2.726028599378719885, 23.91535711339599501, 0.3999999999996843858 ) ) ;
#38 = CARTESIAN_POINT ( 'NONE',  ( -2.860778375673857177, 25.21737496078650054, 0.4432038974321820257 ) ) ;
#39 = ORIENTED_EDGE ( 'NONE', *, *, #7607, .T. ) ;
#40 = ADVANCED_FACE ( 'NONE', ( #8184 ), #339, .F. ) ;
#41 = CARTESIAN_POINT ( 'NONE',  ( -2.488518841703657003, 24.39260393577396258, 0.04783266598106541978 ) ) ;
#42 = ORIENTED_EDGE ( 'NONE', *, *, #6564, .F. ) ;
#43 = DIRECTION ( 'NONE',  ( -1.000000000000000000, 0.000000000000000000, 0.000000000000000000 ) ) ;
#44 = CARTESIAN_POINT ( 'NONE',  ( -0.8861552397551094584, 25.75718661266703435, 0.4021130341949512021 ) ) ;
#45 = CARTESIAN_POINT ( 'NONE',  ( -0.6643913837598863781, 24.01285406749704876, 0.2827094707095704762 ) ) ;
#46 = DIRECTION ( 'NONE',  ( 0.000000000000000000, 0.000000000000000000, -1.000000000000000000 ) ) ;
#47 = CARTESIAN_POINT ( 'NONE',  ( -1.194825922747541291, 23.46149606299215051, 0.3655811793015348310 ) ) ;
#48 = DIRECTION ( 'NONE',  ( 0.000000000000000000, 0.000000000000000000, -1.000000000000000000 ) ) ;
#49 = ORIENTED_EDGE ( 'NONE', *, *, #8969, .T. ) ;
#50 = CARTESIAN_POINT ( 'NONE',  ( -1.016068892148842107, 25.72981701868653914, 0.4499999999996779909 ) ) ;
#51 = CARTESIAN_POINT ( 'NONE',  ( -0.5116122957736567445, 24.30188759128536446, 0.3452146370591625546 ) ) ;
#52 = CARTESIAN_POINT ( 'NONE',  ( -2.724391541412856554, 23.91302578133276313, 0.3999999999996843858 ) ) ;
#53 = DIRECTION ( 'NONE',  ( 1.000000000000000000, 0.000000000000000000, 0.000000000000000000 ) ) ;
#54 = VECTOR ( 'NONE', #6263, 39.37007874015748143 ) ;
#55 = EDGE_LOOP ( 'NONE', ( #4158, #7849, #3312, #393 ) ) ;
#56 = CARTESIAN_POINT ( 'NONE',  ( -2.456929133858058556, 25.25283464566937752, 0.1406219481137812310 ) ) ;
#57 = CARTESIAN_POINT ( 'NONE',  ( -1.136045580800360222, 23.98140352664363206, 0.04571388234351405483 ) ) ;
#58 = CARTESIAN_POINT ( 'NONE',  ( -0.5816136322499403377, 24.96412758091604189, 0.2859494228780772307 ) ) ;
#59 = VERTEX_POINT ( 'NONE', #1792 ) ;
#60 = ADVANCED_FACE ( 'NONE', ( #6589 ), #5974, .F. ) ;
#61 = CARTESIAN_POINT ( 'NONE',  ( -1.431990773977565690, 23.82753769699849755, 0.04999999999999971134 ) ) ;
#62 = EDGE_CURVE ( 'NONE', #3999, #4889, #3009, .T. ) ;
#63 = EDGE_CURVE ( 'NONE', #5720, #5118, #2712, .T. ) ;
#64 = CARTESIAN_POINT ( 'NONE',  ( -1.347107175749415076, 23.47653198142353759, 0.3452771990670449598 ) ) ;
#65 = CARTESIAN_POINT ( 'NONE',  ( -1.024624879229415475, 23.86814681998201593, 0.1564716806608789923 ) ) ;
#66 = CARTESIAN_POINT ( 'NONE',  ( -1.959047326863723404, 25.66830673210403191, 0.2255489706634820901 ) ) ;
#67 = PLANE ( 'NONE',  #1977 ) ;
#68 = CARTESIAN_POINT ( 'NONE',  ( -2.415435088919711593, 24.41728199645812580, 0.05000458680884144191 ) ) ;
#69 = CARTESIAN_POINT ( 'NONE',  ( -1.085204772191043388, 25.49469327277390462, 0.1737153289314820326 ) ) ;
#70 = EDGE_CURVE ( 'NONE', #176, #5936, #2529, .T. ) ;
#71 = CARTESIAN_POINT ( 'NONE',  ( -1.152526985816002991, 25.25871527498773261, 0.07615978402204871822 ) ) ;
#72 = ADVANCED_FACE ( 'NONE', ( #4659 ), #946, .F. ) ;
#73 = CARTESIAN_POINT ( 'NONE',  ( -1.143738020088477692, 25.31667212324581939, 0.1111226201506195638 ) ) ;
#74 = CARTESIAN_POINT ( 'NONE',  ( -2.336671243312685053, 25.18416741029756878, 0.04571512315125673964 ) ) ;
#75 = CARTESIAN_POINT ( 'NONE',  ( -0.5241477380996235613, 24.99467927368627329, 0.3999999999996805000 ) ) ;
#76 = CARTESIAN_POINT ( 'NONE',  ( -2.489982395899716483, 24.87675172736686591, 0.04584151649559815855 ) ) ;
#77 = CARTESIAN_POINT ( 'NONE',  ( -2.047296859163826088, 23.55156139082617628, 0.2847137746453716756 ) ) ;
#78 = CARTESIAN_POINT ( 'NONE',  ( -1.354812638221497778, 25.58847514923301958, 0.1649125769149435983 ) ) ;
#79 = CARTESIAN_POINT ( 'NONE',  ( -2.107595263448922118, 25.79242932150953749, 0.4499999999996778244 ) ) ;
#80 = CARTESIAN_POINT ( 'NONE',  ( -0.6493781213574798539, 25.50229923357321127, 0.4431958362722961953 ) ) ;
#81 = CARTESIAN_POINT ( 'NONE',  ( -2.656720882070120471, 23.82361794864131355, 0.3999999999996844968 ) ) ;
#82 = CARTESIAN_POINT ( 'NONE',  ( -2.048979307821749529, 25.84719140592465436, 0.4432038989961591957 ) ) ;
#83 = EDGE_CURVE ( 'NONE', #638, #703, #5266, .T. ) ;
#84 = ORIENTED_EDGE ( 'NONE', *, *, #6336, .F. ) ;
#85 = VECTOR ( 'NONE', #1228, 39.37007874015748143 ) ;
#86 = CARTESIAN_POINT ( 'NONE',  ( -2.908816501222856399, 24.16891418578483908, 0.4039294191944106660 ) ) ;
#87 = VERTEX_POINT ( 'NONE', #3054 ) ;
#88 = CARTESIAN_POINT ( 'NONE',  ( -0.9069132509259640873, 25.73720395867711730, 0.4432038989961596398 ) ) ;
#89 = CARTESIAN_POINT ( 'NONE',  ( -1.027152064655757036, 25.43417489764241779, 0.1645144276729429700 ) ) ;
#90 = CARTESIAN_POINT ( 'NONE',  ( -0.5916595625732113950, 23.96753034983417407, 0.3424704059660118038 ) ) ;
#91 = CARTESIAN_POINT ( 'NONE',  ( -0.7906737329939190762, 24.87904032247722697, 0.1059618890853904760 ) ) ;
#92 = LINE ( 'NONE', #2950, #5850 ) ;
#93 = CARTESIAN_POINT ( 'NONE',  ( -0.6528210306564675713, 25.44148260213248847, 0.3551848770867874761 ) ) ;
#94 = LINE ( 'NONE', #838, #6417 ) ;
#95 = ORIENTED_EDGE ( 'NONE', *, *, #5641, .F. ) ;
#96 = FACE_OUTER_BOUND ( 'NONE', #1045, .T. ) ;
#97 = CARTESIAN_POINT ( 'NONE',  ( -2.828358635309729863, 24.22675932743957006, 0.4499999999996832090 ) ) ;
#98 = CARTESIAN_POINT ( 'NONE',  ( -0.5831063132348599520, 24.31132781255300301, 0.2852054584104232182 ) ) ;
#99 = B_SPLINE_CURVE_WITH_KNOTS ( 'NONE', 3,
 ( #5940, #767, #4531, #3635, #69, #7349, #2218, #8754, #7304, #5086 ),
 .UNSPECIFIED., .F., .F.,
 ( 4, 3, 3, 4 ),
 ( 0.002781355008705686024, 0.004134268426472647966, 0.008268536836746475868, 0.01559487513264102773 ),
 .UNSPECIFIED. ) ;
#100 = CARTESIAN_POINT ( 'NONE',  ( -2.699018426140162408, 25.51918864604996173, 0.3877423965061262967 ) ) ;
#101 = CARTESIAN_POINT ( 'NONE',  ( -1.090712065064507685, 23.91599679636605913, 0.1625634100212194622 ) ) ;
#102 = VERTEX_POINT ( 'NONE', #8044 ) ;
#103 = CARTESIAN_POINT ( 'NONE',  ( -0.5380597569376671663, 25.14839170618425612, 0.3999999999996798894 ) ) ;
#104 = CARTESIAN_POINT ( 'NONE',  ( -0.9836968962977266084, 23.88661149614373613, 0.1645144895818508868 ) ) ;
#105 = ORIENTED_EDGE ( 'NONE', *, *, #2289, .F. ) ;
#106 = CARTESIAN_POINT ( 'NONE',  ( -0.8675390924341217502, 24.89707272306434049, 0.04776345352796027011 ) ) ;
#107 = ORIENTED_EDGE ( 'NONE', *, *, #2548, .T. ) ;
#108 = CARTESIAN_POINT ( 'NONE',  ( -2.056250502049226103, 25.65722757853047042, 0.2255479969360477954 ) ) ;
#109 = ORIENTED_EDGE ( 'NONE', *, *, #2244, .T. ) ;
#110 = CARTESIAN_POINT ( 'NONE',  ( -1.691315213216733282, 23.79613478125892456, 0.04999999999999961420 ) ) ;
#111 = AXIS2_PLACEMENT_3D ( 'NONE', #3705, #5815, #8518 ) ;
#112 = LINE ( 'NONE', #5884, #8651 ) ;
#113 = CARTESIAN_POINT ( 'NONE',  ( -2.075225643912138818, 25.42212598425205172, 0.06218812090150605681 ) ) ;
#114 = CARTESIAN_POINT ( 'NONE',  ( -1.978900070638149877, 25.66645246290210380, 0.2253479378998684557 ) ) ;
#115 = DIRECTION ( 'NONE',  ( -0.000000000000000000, 0.000000000000000000, 1.000000000000000000 ) ) ;
#116 = CARTESIAN_POINT ( 'NONE',  ( -0.7972526332067110255, 23.61207950084538965, 0.3940437668425788020 ) ) ;
#117 = CARTESIAN_POINT ( 'NONE',  ( -2.593161086585406672, 23.75366741482194044, 0.4499999999996849853 ) ) ;
#118 = CARTESIAN_POINT ( 'NONE',  ( -1.031255842815770762, 25.16784795835509314, 0.09234984757169209524 ) ) ;
#119 = CARTESIAN_POINT ( 'NONE',  ( -1.002526103131155200, 25.36848808987785020, 0.2022729063968070340 ) ) ;
#120 = CARTESIAN_POINT ( 'NONE',  ( -2.745799111863673314, 25.49534845128045291, 0.4021132323576762091 ) ) ;
#121 = CARTESIAN_POINT ( 'NONE',  ( -2.031477255734310816, 23.86307086614182182, 0.05000000000000000278 ) ) ;
#122 = CARTESIAN_POINT ( 'NONE',  ( -2.560057704661146794, 24.89941136838201174, 0.1055999538098192220 ) ) ;
#123 = CARTESIAN_POINT ( 'NONE',  ( -2.028092614124265225, 23.70269688152313492, 0.1645722850733908060 ) ) ;
#124 = CARTESIAN_POINT ( 'NONE',  ( -1.308164537224448365, 25.57802782509975259, 0.1643673315341581120 ) ) ;
#125 = CARTESIAN_POINT ( 'NONE',  ( -2.323276217018463097, 25.73715701000365641, 0.4499999999996778799 ) ) ;
#126 = CARTESIAN_POINT ( 'NONE',  ( -0.9489338390000782164, 25.69033764953031707, 0.3999999999996780020 ) ) ;
#127 = CARTESIAN_POINT ( 'NONE',  ( -2.402149870409806987, 23.59225620227268294, 0.3999999999996855515 ) ) ;
#128 = CARTESIAN_POINT ( 'NONE',  ( -1.903499744552893613, 25.37527522201212804, 0.04606796101003841903 ) ) ;
#129 = ORIENTED_EDGE ( 'NONE', *, *, #8558, .F. ) ;
#130 = CARTESIAN_POINT ( 'NONE',  ( -2.731586355445140946, 24.10082433319354678, 0.2838450258056384734 ) ) ;
#131 = ORIENTED_EDGE ( 'NONE', *, *, #4100, .F. ) ;
#132 = CARTESIAN_POINT ( 'NONE',  ( -0.9101504875837324038, 25.73933340381140056, 0.4432038989961596398 ) ) ;
#133 = CARTESIAN_POINT ( 'NONE',  ( -2.596347046010383242, 25.53377359531264190, 0.3419132540353953531 ) ) ;
#134 = CARTESIAN_POINT ( 'NONE',  ( -0.5417815698789733014, 23.88270190807239501, 0.4021369294642300196 ) ) ;
#135 = B_SPLINE_CURVE_WITH_KNOTS ( 'NONE', 3,
 ( #9179, #3450, #336, #1136, #2591, #7578 ),
 .UNSPECIFIED., .F., .F.,
 ( 4, 2, 4 ),
 ( 0.000000000000000000, 0.5000000000000000000, 1.000000000000000000 ),
 .UNSPECIFIED. ) ;
#136 = CARTESIAN_POINT ( 'NONE',  ( -0.5117129566007834196, 24.99569652974881961, 0.3451282109799537201 ) ) ;
#137 = CARTESIAN_POINT ( 'NONE',  ( -2.685863238658873886, 23.94446473010637533, 0.3047206607878196749 ) ) ;
#138 = CARTESIAN_POINT ( 'NONE',  ( -0.8622498358565423571, 24.88764982661956182, 0.04999999999999996114 ) ) ;
#139 = CARTESIAN_POINT ( 'NONE',  ( -2.456929133858066105, 24.03236220472450313, 0.1406471969558845958 ) ) ;
#140 = ORIENTED_EDGE ( 'NONE', *, *, #717, .T. ) ;
#141 = CARTESIAN_POINT ( 'NONE',  ( -0.6079203520640109604, 23.94705570843256126, 0.4499999999996841527 ) ) ;
#142 = CARTESIAN_POINT ( 'NONE',  ( -2.822675168433293802, 24.17462291332276081, 0.4499999999996835420 ) ) ;
#143 = CARTESIAN_POINT ( 'NONE',  ( -0.5824926934280286739, 24.32207143698148855, 0.2853095688221975457 ) ) ;
#144 = CARTESIAN_POINT ( 'NONE',  ( -2.341972532687482733, 25.72841360000139233, 0.3999999999996770028 ) ) ;
#145 = CARTESIAN_POINT ( 'NONE',  ( -0.9889464515695725044, 23.92432486427156135, 0.2048976806337120538 ) ) ;
#146 = EDGE_CURVE ( 'NONE', #975, #8590, #1620, .T. ) ;
#147 = CARTESIAN_POINT ( 'NONE',  ( -2.661653543307109793, 23.65834645669293579, 0.1999999999996853184 ) ) ;
#148 = CARTESIAN_POINT ( 'NONE',  ( -2.123631904111872082, 24.01301183430158659, 0.05000000000000000278 ) ) ;
#149 = CARTESIAN_POINT ( 'NONE',  ( -0.8097794677398463259, 23.69707486074445768, 0.3427135445904395117 ) ) ;
#150 = ORIENTED_EDGE ( 'NONE', *, *, #6881, .F. ) ;
#151 = CARTESIAN_POINT ( 'NONE',  ( -0.4442189005061518148, 25.10157915081924429, 0.4040716058521668375 ) ) ;
#152 = CARTESIAN_POINT ( 'NONE',  ( -2.072879801542846234, 25.80638040008133416, 0.3449871598181437071 ) ) ;
#153 = EDGE_LOOP ( 'NONE', ( #3084, #4315, #3308, #1143 ) ) ;
#154 = CARTESIAN_POINT ( 'NONE',  ( -2.524297413595603334, 24.64896445042894868, 0.05000000000000000971 ) ) ;
#155 = CYLINDRICAL_SURFACE ( 'NONE', #6280, 0.08070866141732173371 ) ;
#156 = CARTESIAN_POINT ( 'NONE',  ( -2.701023621871493585, 25.82370078740159869, 0.3999999999996776134 ) ) ;
#157 = CARTESIAN_POINT ( 'NONE',  ( -2.214016039777670031, 23.96260151982674458, 0.1156160359161712003 ) ) ;
#158 = DIRECTION ( 'NONE',  ( 0.000000000000000000, 1.000000000000000000, -3.607743797525388930E-15 ) ) ;
#159 = CARTESIAN_POINT ( 'NONE',  ( 0.000000000000000000, 25.42212598425206238, 0.000000000000000000 ) ) ;
#160 = PLANE ( 'NONE',  #1873 ) ;
#161 = CARTESIAN_POINT ( 'NONE',  ( -0.9451197073221840883, 25.24527006053280331, 0.1726205028155079202 ) ) ;
#162 = CARTESIAN_POINT ( 'NONE',  ( -2.282337828214622721, 25.16954510838280967, 0.07121721882725444430 ) ) ;
#163 = CARTESIAN_POINT ( 'NONE',  ( -2.369617852969531757, 25.14136681846023436, 0.04571512517591554831 ) ) ;
#164 = CARTESIAN_POINT ( 'NONE',  ( -2.830655411636176844, 24.29051793536116577, 0.4499999999996830979 ) ) ;
#165 = VECTOR ( 'NONE', #6514, 39.37007874015748143 ) ;
#166 = CARTESIAN_POINT ( 'NONE',  ( -2.781848312666409306, 24.65007043394314223, 0.2869266392196341831 ) ) ;
#167 = CARTESIAN_POINT ( 'NONE',  ( -1.948929543285527144, 23.68840099658486409, 0.1655555804193315217 ) ) ;
#168 = ADVANCED_FACE ( 'NONE', ( #7530 ), #2448, .T. ) ;
#169 = CARTESIAN_POINT ( 'NONE',  ( -1.130198590306279671, 25.86410399772131186, 0.4032529189615166598 ) ) ;
#170 = CARTESIAN_POINT ( 'NONE',  ( -1.814044663372487598, 25.47927332420828250, 0.05007837938036786840 ) ) ;
#171 = CARTESIAN_POINT ( 'NONE',  ( -0.8808275154101292692, 25.71881036997935155, 0.4431958362722946410 ) ) ;
#172 = CARTESIAN_POINT ( 'NONE',  ( -2.142399915665019527, 24.03358129210811356, 0.04606817219003304237 ) ) ;
#173 = CARTESIAN_POINT ( 'NONE',  ( -1.396700914610515598, 25.35602687855041992, 0.04606796101003843985 ) ) ;
#174 = ORIENTED_EDGE ( 'NONE', *, *, #9219, .F. ) ;
#175 = CARTESIAN_POINT ( 'NONE',  ( -2.498408936515309708, 24.19107768420176541, 0.1053729882611420948 ) ) ;
#176 = VERTEX_POINT ( 'NONE', #3441 ) ;
#177 = CARTESIAN_POINT ( 'NONE',  ( -1.047480314960560932, 25.27251968503944468, 0.2999999999999999889 ) ) ;
#178 = CARTESIAN_POINT ( 'NONE',  ( -2.557550513506461343, 25.67311734293367209, 0.3940437663209191421 ) ) ;
#179 = CARTESIAN_POINT ( 'NONE',  ( -0.4468576913297424014, 24.16010675504947258, 0.4038441643749683396 ) ) ;
#180 = ADVANCED_FACE ( 'NONE', ( #1890 ), #4007, .F. ) ;
#181 = VECTOR ( 'NONE', #2348, 39.37007874015748143 ) ;
#182 = CARTESIAN_POINT ( 'NONE',  ( -2.186605713442795196, 23.85728085580192825, 0.1032912507849695072 ) ) ;
#183 = CARTESIAN_POINT ( 'NONE',  ( -2.395370627764816795, 24.02510448008852606, 0.1107034687570932763 ) ) ;
#184 = CARTESIAN_POINT ( 'NONE',  ( -0.8578332266859571842, 24.86941444958944558, 0.05001053595193678813 ) ) ;
#185 = CARTESIAN_POINT ( 'NONE',  ( -0.6495933589064660785, 25.43730821345745952, 0.3999999999996788902 ) ) ;
#186 = DIRECTION ( 'NONE',  ( -2.370375316750093664E-31, 1.000000000000000000, -3.552713678800503296E-15 ) ) ;
#187 = CARTESIAN_POINT ( 'NONE',  ( -2.661653543307109793, 25.62685039370080986, 0.1999999999996782685 ) ) ;
#188 = CARTESIAN_POINT ( 'NONE',  ( -0.5102521304897681409, 24.90476258892535100, 0.3457535493206047028 ) ) ;
#189 = ADVANCED_FACE ( 'NONE', ( #2742 ), #7635, .T. ) ;
#190 = CARTESIAN_POINT ( 'NONE',  ( -2.029482476634099086, 25.79585226183276347, 0.3999999999996776689 ) ) ;
#191 = CARTESIAN_POINT ( 'NONE',  ( -0.9572656054035358908, 23.95706247846213444, 0.2044325295156341482 ) ) ;
#192 = CARTESIAN_POINT ( 'NONE',  ( -2.803361802626199939, 25.41171938046331746, 0.3999999999996867173 ) ) ;
#193 = CARTESIAN_POINT ( 'NONE',  ( -0.9599416508591568364, 23.58116905828619636, 0.3427163880319918920 ) ) ;
#194 = ORIENTED_EDGE ( 'NONE', *, *, #2597, .T. ) ;
#195 = CARTESIAN_POINT ( 'NONE',  ( -0.5149709477397631519, 25.05642471031033480, 0.3447658888105145647 ) ) ;
#196 = ADVANCED_FACE ( 'NONE', ( #9169 ), #1235, .F. ) ;
#197 = CARTESIAN_POINT ( 'NONE',  ( -2.136382115022394945, 25.87578143372210349, 0.4040718319963944039 ) ) ;
#198 = ORIENTED_EDGE ( 'NONE', *, *, #5049, .F. ) ;
#199 = CARTESIAN_POINT ( 'NONE',  ( -2.523352690479880422, 24.59809506183793459, 0.000000000000000000 ) ) ;
#200 = CARTESIAN_POINT ( 'NONE',  ( -2.382675250147610058, 23.63918635530557211, 0.3047201778346555479 ) ) ;
#201 = CARTESIAN_POINT ( 'NONE',  ( -2.453568303395848638, 23.62927555268986879, 0.3999999999996853850 ) ) ;
#202 = ORIENTED_EDGE ( 'NONE', *, *, #2605, .T. ) ;
#203 = CARTESIAN_POINT ( 'NONE',  ( -2.331338739736349641, 23.90946564712148970, 0.1962099823873098281 ) ) ;
#204 = CARTESIAN_POINT ( 'NONE',  ( -2.830655411562169377, 24.27950703919939102, 0.3999999999996829980 ) ) ;
#205 = FACE_OUTER_BOUND ( 'NONE', #6713, .T. ) ;
#206 = CARTESIAN_POINT ( 'NONE',  ( -2.612796218502414725, 23.77418746766081625, 0.4499999999996849298 ) ) ;
#207 = CARTESIAN_POINT ( 'NONE',  ( -0.9895064117060359266, 25.18390099649001712, 0.1219358355581987019 ) ) ;
#208 = CARTESIAN_POINT ( 'NONE',  ( -1.051806658333690025, 25.37836080645929115, 0.1846769869366112482 ) ) ;
#209 = CARTESIAN_POINT ( 'NONE',  ( -2.366108711939708176, 25.14623694087785566, 0.04571512571540641001 ) ) ;
#210 = LINE ( 'NONE', #164, #1905 ) ;
#211 = CARTESIAN_POINT ( 'NONE',  ( -2.644497508715715650, 24.79856681138964802, 0.1666707365181736566 ) ) ;
#212 = CIRCLE ( 'NONE', #666, 0.7716554965814558242 ) ;
#213 = CARTESIAN_POINT ( 'NONE',  ( -1.992615318077910258, 23.54744004433233329, 0.2853187160301980385 ) ) ;
#214 = CARTESIAN_POINT ( 'NONE',  ( -1.351559446307931456, 25.73716785111135863, 0.2852262865561773775 ) ) ;
#215 = CARTESIAN_POINT ( 'NONE',  ( -2.482246819820535855, 24.35919014797937976, 0.000000000000000000 ) ) ;
#216 = DIRECTION ( 'NONE',  ( -0.000000000000000000, -0.000000000000000000, -1.000000000000000000 ) ) ;
#217 = CARTESIAN_POINT ( 'NONE',  ( -2.438798077182055657, 23.54193860370270031, 0.4431827809966977227 ) ) ;
#218 = CARTESIAN_POINT ( 'NONE',  ( -1.384748555664014225, 25.79585226193039560, 0.3999999999996775579 ) ) ;
#219 = VERTEX_POINT ( 'NONE', #6224 ) ;
#220 = CARTESIAN_POINT ( 'NONE',  ( -2.750250351153219697, 24.16208797025576516, 0.2843245598810345554 ) ) ;
#221 = ORIENTED_EDGE ( 'NONE', *, *, #7729, .F. ) ;
#222 = CARTESIAN_POINT ( 'NONE',  ( -0.9556783570422613394, 25.69479148455299722, 0.3999999999996779465 ) ) ;
#223 = CARTESIAN_POINT ( 'NONE',  ( -2.652309432581056114, 25.51326771653545933, 0.3606445114564348353 ) ) ;
#224 = CARTESIAN_POINT ( 'NONE',  ( -0.5942484146595184979, 24.21701779764280715, 0.2841420539792171573 ) ) ;
#225 = CARTESIAN_POINT ( 'NONE',  ( -2.684898656357003421, 25.28235738230127438, 0.2826383871162085337 ) ) ;
#226 = CARTESIAN_POINT ( 'NONE',  ( -2.249723295452831895, 23.79568583601760423, 0.1630452200513397287 ) ) ;
#227 = CARTESIAN_POINT ( 'NONE',  ( -2.699929695507466754, 23.73612093957344271, 0.4017261277031420330 ) ) ;
#228 = CARTESIAN_POINT ( 'NONE',  ( -1.101167075789660110, 25.48689283236099357, 0.1630423523502923522 ) ) ;
#229 = DIRECTION ( 'NONE',  ( 1.000000000000000000, 5.582034230992258856E-11, -6.123234015568369275E-17 ) ) ;
#230 = AXIS2_PLACEMENT_3D ( 'NONE', #2045, #7076, #7743 ) ;
#231 = ORIENTED_EDGE ( 'NONE', *, *, #8138, .F. ) ;
#232 = CARTESIAN_POINT ( 'NONE',  ( -0.6931496062992305029, 25.51326771653546643, 0.3655004881741764633 ) ) ;
#233 = EDGE_CURVE ( 'NONE', #7022, #5829, #8474, .T. ) ;
#234 = EDGE_CURVE ( 'NONE', #5488, #2205, #6885, .T. ) ;
#235 = CARTESIAN_POINT ( 'NONE',  ( -0.8978740157478249939, 25.25283464566938108, 0.1406228539737731653 ) ) ;
#236 = CARTESIAN_POINT ( 'NONE',  ( -0.5085830627722678354, 24.72448696041243821, 0.3465130016989310113 ) ) ;
#237 = FACE_OUTER_BOUND ( 'NONE', #4761, .T. ) ;
#238 = EDGE_CURVE ( 'NONE', #7321, #8233, #1518, .T. ) ;
#239 = CARTESIAN_POINT ( 'NONE',  ( -2.026646745793070359, 25.79590359618746120, 0.3999999999996776689 ) ) ;
#240 = CARTESIAN_POINT ( 'NONE',  ( -1.150650515796895368, 23.98636178773671190, 0.09845112821804191672 ) ) ;
#241 = ORIENTED_EDGE ( 'NONE', *, *, #8787, .F. ) ;
#242 = CARTESIAN_POINT ( 'NONE',  ( -0.6712985104443780493, 23.71657361359246607, 0.4021132363058654846 ) ) ;
#243 = ORIENTED_EDGE ( 'NONE', *, *, #886, .T. ) ;
#244 = CARTESIAN_POINT ( 'NONE',  ( -0.6529972314941109302, 24.95175751260924457, 0.2263599335173233085 ) ) ;
#245 = CARTESIAN_POINT ( 'NONE',  ( -2.065835914938139339, 25.73256905818334417, 0.2852429934089825703 ) ) ;
#246 = ORIENTED_EDGE ( 'NONE', *, *, #2439, .T. ) ;
#247 = CIRCLE ( 'NONE', #8364, 0.7716554965814558242 ) ;
#248 = CARTESIAN_POINT ( 'NONE',  ( -2.466532029529707515, 24.97325738406258111, 0.05000000000000000971 ) ) ;
#249 = CARTESIAN_POINT ( 'NONE',  ( -2.445817531185432880, 23.87422126793402199, 0.2077122375779030805 ) ) ;
#250 = EDGE_CURVE ( 'NONE', #4186, #1440, #4106, .T. ) ;
#251 = DIRECTION ( 'NONE',  ( 0.000000000000000000, 0.000000000000000000, -1.000000000000000000 ) ) ;
#252 = VERTEX_POINT ( 'NONE', #6269 ) ;
#253 = CARTESIAN_POINT ( 'NONE',  ( -2.232739935944053400, 23.93750151458193542, 0.1373349802948556908 ) ) ;
#254 = CARTESIAN_POINT ( 'NONE',  ( -1.381773427694890533, 23.69010626491957439, 0.1667494809090964147 ) ) ;
#255 = CARTESIAN_POINT ( 'NONE',  ( -2.810061943751973157, 25.17951231623816355, 0.4499999999996798228 ) ) ;
#256 = PLANE ( 'NONE',  #2025 ) ;
#257 = CARTESIAN_POINT ( 'NONE',  ( -2.858503937007895512, 25.13982153364363725, 0.3674054405232710652 ) ) ;
#258 = CARTESIAN_POINT ( 'NONE',  ( -2.201614173228277238, 25.26574483676568406, 0.07959124426196353963 ) ) ;
#259 = CARTESIAN_POINT ( 'NONE',  ( -0.5356692913878183804, 25.33578019156488992, 0.4499999999996792677 ) ) ;
#260 = CARTESIAN_POINT ( 'NONE',  ( -2.307322834645600285, 25.27251968503944468, 0.05000000000000000278 ) ) ;
#261 = CIRCLE ( 'NONE', #6725, 0.1574803149606300023 ) ;
#262 = CARTESIAN_POINT ( 'NONE',  ( -2.911591440727486990, 24.74553732427357744, 0.4063282123172201610 ) ) ;
#263 = CARTESIAN_POINT ( 'NONE',  ( -1.981964872214539986, 23.54687076279860491, 0.2854091753615412563 ) ) ;
#264 = CARTESIAN_POINT ( 'NONE',  ( -1.361770129496399306, 25.66492594120495951, 0.2251913992028174993 ) ) ;
#265 = CARTESIAN_POINT ( 'NONE',  ( -2.513862101415704764, 25.23043719271335306, 0.1630335230033385652 ) ) ;
#266 = CARTESIAN_POINT ( 'NONE',  ( -1.419516952137943155, 25.45483584738352789, 0.000000000000000000 ) ) ;
#267 = CARTESIAN_POINT ( 'NONE',  ( -2.451995074082780501, 23.62790067859580745, 0.3999999999996853295 ) ) ;
#268 = CARTESIAN_POINT ( 'NONE',  ( -2.047122615277265467, 25.84116854442711286, 0.4381354253312854663 ) ) ;
#269 = ORIENTED_EDGE ( 'NONE', *, *, #5920, .T. ) ;
#270 = CARTESIAN_POINT ( 'NONE',  ( -1.102602550597681530, 23.45921722690340872, 0.4431958470681033324 ) ) ;
#271 = CARTESIAN_POINT ( 'NONE',  ( -2.546691671244782906, 24.31875477686649845, 0.1065603199309829580 ) ) ;
#272 = VERTEX_POINT ( 'NONE', #9080 ) ;
#273 = CARTESIAN_POINT ( 'NONE',  ( -2.338229617259848236, 25.73632761939034452, 0.3428620030392224849 ) ) ;
#274 = CARTESIAN_POINT ( 'NONE',  ( -0.4962992125984483915, 25.48905511771334176, 0.6074803150392298345 ) ) ;
#275 = CARTESIAN_POINT ( 'NONE',  ( -0.8084704461167073752, 24.32639137852669720, 0.1048874244978182796 ) ) ;
#276 = CARTESIAN_POINT ( 'NONE',  ( -2.809548430731657831, 25.40787010280921621, 0.4021333401894470749 ) ) ;
#277 = CARTESIAN_POINT ( 'NONE',  ( -2.453105376173833729, 23.51728735207862897, 0.4021276643224925285 ) ) ;
#278 = CARTESIAN_POINT ( 'NONE',  ( -2.385997143750703042, 24.01438886823165930, 0.1107046970192745589 ) ) ;
#279 = CARTESIAN_POINT ( 'NONE',  ( -1.191628468449093203, 25.34009823919733151, 0.04349219958928540741 ) ) ;
#280 = FACE_OUTER_BOUND ( 'NONE', #2254, .T. ) ;
#281 = VERTEX_POINT ( 'NONE', #6315 ) ;
#282 = CARTESIAN_POINT ( 'NONE',  ( -0.7878535600940750339, 25.56392583380089079, 0.3423159026569452812 ) ) ;
#283 = B_SPLINE_CURVE_WITH_KNOTS ( 'NONE', 3,
 ( #9233, #6330, #2758, #586, #3415, #9186 ),
 .UNSPECIFIED., .F., .F.,
 ( 4, 2, 4 ),
 ( 0.000000000000000000, 0.5000000000000000000, 1.000000000000000000 ),
 .UNSPECIFIED. ) ;
#284 = CARTESIAN_POINT ( 'NONE',  ( -2.825927570845989667, 24.19993884427303854, 0.4499999999996834310 ) ) ;
#285 = CARTESIAN_POINT ( 'NONE',  ( -0.6395685496757463895, 24.71537410400118162, 0.2269877221236715203 ) ) ;
#286 = CARTESIAN_POINT ( 'NONE',  ( -2.289555636847261155, 24.11790044511384679, 0.07393368333516943391 ) ) ;
#287 = CARTESIAN_POINT ( 'NONE',  ( -2.680927085760207884, 25.51481306687919570, 0.3762603915553667244 ) ) ;
#288 = CARTESIAN_POINT ( 'NONE',  ( -2.701023622047267203, 23.61897637795277660, 0.4499999999996854849 ) ) ;
#289 = CARTESIAN_POINT ( 'NONE',  ( -2.850407239624623834, 25.32594603344363904, 0.3999999999996834976 ) ) ;
#290 = EDGE_LOOP ( 'NONE', ( #8946, #9207, #1033, #4714 ) ) ;
#291 = CARTESIAN_POINT ( 'NONE',  ( -0.5248877947116815657, 25.12908047363625030, 0.3440324190388056036 ) ) ;
#292 = CARTESIAN_POINT ( 'NONE',  ( -2.058265974816024801, 25.87927735857988409, 0.4048949027427660718 ) ) ;
#293 = ORIENTED_EDGE ( 'NONE', *, *, #7728, .F. ) ;
#294 = CARTESIAN_POINT ( 'NONE',  ( -0.6537795275590783106, 25.66622047244096905, 0.6074803150392285023 ) ) ;
#295 = CARTESIAN_POINT ( 'NONE',  ( -2.322128366994457238, 23.76782784992107977, 0.2077130889941933289 ) ) ;
#296 = FACE_OUTER_BOUND ( 'NONE', #808, .T. ) ;
#297 = ORIENTED_EDGE ( 'NONE', *, *, #1850, .T. ) ;
#298 = CARTESIAN_POINT ( 'NONE',  ( -2.409409918534814121, 23.98430758433676502, 0.1976391558834516560 ) ) ;
#299 = CARTESIAN_POINT ( 'NONE',  ( -1.238043890365604804, 23.40775127670925571, 0.4042806522406448000 ) ) ;
#300 = CARTESIAN_POINT ( 'NONE',  ( -2.701023621653566131, 23.41149606299214625, 0.6074803150392285023 ) ) ;
#301 = CARTESIAN_POINT ( 'NONE',  ( -0.8783756659263348698, 24.94377263432366831, 0.05000000000000021094 ) ) ;
#302 = CARTESIAN_POINT ( 'NONE',  ( -1.336309198088892147, 25.33725034038193513, 0.04999968061483049675 ) ) ;
#303 = CARTESIAN_POINT ( 'NONE',  ( -2.306947907448805513, 25.08888677554894642, 0.05000000000000000278 ) ) ;
#304 = CARTESIAN_POINT ( 'NONE',  ( -0.5242124181193017485, 24.29051780876314481, 0.3999999999996838862 ) ) ;
#305 = CARTESIAN_POINT ( 'NONE',  ( -0.4462992125984484026, 25.48905511771361532, 0.3999999999996788347 ) ) ;
#306 = EDGE_CURVE ( 'NONE', #997, #1276, #5882, .T. ) ;
#307 = AXIS2_PLACEMENT_3D ( 'NONE', #9120, #6974, #1738 ) ;
#308 = CARTESIAN_POINT ( 'NONE',  ( -2.711480710618411116, 24.80909496866352271, 0.2264903297506499491 ) ) ;
#309 = CARTESIAN_POINT ( 'NONE',  ( -1.876676637037408168, 23.82094592044382608, 0.04635587672164662859 ) ) ;
#310 = CARTESIAN_POINT ( 'NONE',  ( -1.318704221906358942, 25.73483170834909473, 0.2848513765958035626 ) ) ;
#311 = CARTESIAN_POINT ( 'NONE',  ( -1.899836731775319532, 25.46322077818333796, 0.05001968466405583985 ) ) ;
#312 = CARTESIAN_POINT ( 'NONE',  ( -2.029482476634099086, 25.79585226183276347, 0.3999999999996776689 ) ) ;
#313 = CARTESIAN_POINT ( 'NONE',  ( -0.6143166870434650928, 25.49689194067027742, 0.3999999999999080402 ) ) ;
#314 = CARTESIAN_POINT ( 'NONE',  ( -2.858503937007895068, 24.08176839535088831, 0.3762488700791965512 ) ) ;
#315 = CARTESIAN_POINT ( 'NONE',  ( -1.292276295636818562, 23.43807423460367900, 0.4431958470681033879 ) ) ;
#316 = CARTESIAN_POINT ( 'NONE',  ( -2.392616088402245378, 24.17748038679492595, 0.04573836898766051040 ) ) ;
#317 = EDGE_LOOP ( 'NONE', ( #3706, #6865 ) ) ;
#318 = CARTESIAN_POINT ( 'NONE',  ( -2.346546909224677790, 25.82649373079210875, 0.4024099405744628322 ) ) ;
#319 = CARTESIAN_POINT ( 'NONE',  ( -1.056671749495776691, 23.53567855262043906, 0.3999999999996856626 ) ) ;
#320 = VECTOR ( 'NONE', #6426, 39.37007874015748143 ) ;
#321 = CARTESIAN_POINT ( 'NONE',  ( -0.6659531135234894039, 24.25534666662830574, 0.2243955501865774471 ) ) ;
#322 = EDGE_CURVE ( 'NONE', #9118, #1003, #770, .T. ) ;
#323 = CARTESIAN_POINT ( 'NONE',  ( -2.592813566985292972, 25.26738300731875242, 0.2228143872184596974 ) ) ;
#324 = CARTESIAN_POINT ( 'NONE',  ( -2.208755564119622150, 23.87189614320395137, 0.1032673736440235246 ) ) ;
#325 = CARTESIAN_POINT ( 'NONE',  ( -2.431071768600532312, 24.06950825516859993, 0.1107103604084710841 ) ) ;
#326 = CARTESIAN_POINT ( 'NONE',  ( -2.547881248977515778, 23.66498992884031694, 0.3619582094088463764 ) ) ;
#327 = DIRECTION ( 'NONE',  ( 0.000000000000000000, 0.000000000000000000, -1.000000000000000000 ) ) ;
#328 = CARTESIAN_POINT ( 'NONE',  ( -2.113701885666059432, 24.00610774540329828, 0.05000000000000000278 ) ) ;
#329 = VERTEX_POINT ( 'NONE', #8429 ) ;
#330 = CARTESIAN_POINT ( 'NONE',  ( -0.7543312658176301033, 25.53101376738714023, 0.3426416266528835575 ) ) ;
#331 = CARTESIAN_POINT ( 'NONE',  ( -2.372058541559424416, 25.35643565623270135, 0.2056716475450046655 ) ) ;
#332 = CARTESIAN_POINT ( 'NONE',  ( -0.9676823918694777982, 23.58240521553445035, 0.4499999999996854849 ) ) ;
#333 = VECTOR ( 'NONE', #4756, 39.37007874015748143 ) ;
#334 = CARTESIAN_POINT ( 'NONE',  ( -0.4426221312277887621, 24.82418887995509849, 0.4060365185443162162 ) ) ;
#335 = VECTOR ( 'NONE', #577, 39.37007874015748143 ) ;
#336 = CARTESIAN_POINT ( 'NONE',  ( -1.960906051330329136, 25.44741722485878554, 0.000000000000000000 ) ) ;
#337 = CARTESIAN_POINT ( 'NONE',  ( -2.041222987101524833, 25.32332350374407426, 0.05000000000000002359 ) ) ;
#338 = CARTESIAN_POINT ( 'NONE',  ( -0.5615526994122229665, 25.31680066685328256, 0.3609259376513303530 ) ) ;
#339 = PLANE ( 'NONE',  #2832 ) ;
#340 = VECTOR ( 'NONE', #2508, 39.37007874015748143 ) ;
#341 = ORIENTED_EDGE ( 'NONE', *, *, #2937, .T. ) ;
#342 = CARTESIAN_POINT ( 'NONE',  ( -0.8292253416484050010, 25.03176242434457777, 0.1058515191927433124 ) ) ;
#343 = ORIENTED_EDGE ( 'NONE', *, *, #6622, .T. ) ;
#344 = CARTESIAN_POINT ( 'NONE',  ( -2.313397737145105104, 24.20560753413599286, 0.05030735097768035402 ) ) ;
#345 = ORIENTED_EDGE ( 'NONE', *, *, #3582, .F. ) ;
#346 = CARTESIAN_POINT ( 'NONE',  ( -0.6197418562849852375, 23.92068590868857569, 0.3423765629535940325 ) ) ;
#347 = CARTESIAN_POINT ( 'NONE',  ( -2.643552923231458518, 23.67649760968484784, 0.4017265130390123007 ) ) ;
#348 = CARTESIAN_POINT ( 'NONE',  ( -2.078689838094138320, 23.49066399237491609, 0.4499999999996859290 ) ) ;
#349 = ORIENTED_EDGE ( 'NONE', *, *, #9054, .F. ) ;
#350 = CARTESIAN_POINT ( 'NONE',  ( -2.412322104092792241, 23.99847296739478963, 0.1926189649200736043 ) ) ;
#351 = CARTESIAN_POINT ( 'NONE',  ( -1.291096928326814108, 23.47814054576173959, 0.3450976714969113956 ) ) ;
#352 = EDGE_CURVE ( 'NONE', #7068, #4286, #8365, .T. ) ;
#353 = DIRECTION ( 'NONE',  ( 1.000000000000000000, 0.000000000000000000, 0.000000000000000000 ) ) ;
#354 = CARTESIAN_POINT ( 'NONE',  ( -2.710359193045195791, 23.89371350445068742, 0.4499999999996846523 ) ) ;
#355 = CARTESIAN_POINT ( 'NONE',  ( -2.858503937007897289, 23.61897637812343476, 0.6074803150392285023 ) ) ;
#356 = VECTOR ( 'NONE', #53, 39.37007874015748143 ) ;
#357 = DIRECTION ( 'NONE',  ( -0.000000000000000000, -0.000000000000000000, -1.000000000000000000 ) ) ;
#358 = ADVANCED_FACE ( 'NONE', ( #4848 ), #1841, .F. ) ;
#359 = CARTESIAN_POINT ( 'NONE',  ( -0.8978740157478255490, 24.28852276074500338, 0.05000000000000000278 ) ) ;
#360 = B_SPLINE_SURFACE_WITH_KNOTS ( 'NONE', 3, 1, ( 
 ( #4861, #8395 ),
 ( #1333, #7035 ),
 ( #6283, #5614 ),
 ( #583, #4204 ),
 ( #499, #8523 ),
 ( #1495, #5112 ) ),
 .UNSPECIFIED., .F., .F., .F.,
 ( 4, 2, 4 ),
 ( 2, 2 ),
 ( 0.000000000000000000, 0.5000000000000000000, 1.000000000000000000 ),
 ( 0.000000000000000000, 1.000000000000000000 ),
 .UNSPECIFIED. ) ;
#361 = CARTESIAN_POINT ( 'NONE',  ( -2.520054542809182063, 24.71396655018371291, 0.04767548641163585343 ) ) ;
#362 = CARTESIAN_POINT ( 'NONE',  ( -1.465234891009262741, 23.61128329138730919, 0.2261695540888827571 ) ) ;
#363 = ADVANCED_FACE ( 'NONE', ( #7065, #6361 ), #1320, .T. ) ;
#364 = CARTESIAN_POINT ( 'NONE',  ( -1.348097567013073927, 25.80858470390636228, 0.3452799537547187603 ) ) ;
#365 = CARTESIAN_POINT ( 'NONE',  ( -0.8413262622789955403, 24.78944089553195340, 0.000000000000000000 ) ) ;
#366 = EDGE_CURVE ( 'NONE', #5078, #896, #283, .T. ) ;
#367 = CARTESIAN_POINT ( 'NONE',  ( -2.327977069903689689, 23.54927323163838793, 0.4499999999996855959 ) ) ;
#368 = CARTESIAN_POINT ( 'NONE',  ( -0.5268677054365153989, 24.22018982613418814, 0.4499999999996832090 ) ) ;
#369 = LINE ( 'NONE', #5438, #1908 ) ;
#370 = CARTESIAN_POINT ( 'NONE',  ( -1.261844431665238631, 23.99233740940320203, 0.04999999999999999584 ) ) ;
#371 = CARTESIAN_POINT ( 'NONE',  ( -2.454081361649949944, 24.11524225900461005, 0.1051175767969545205 ) ) ;
#372 = ORIENTED_EDGE ( 'NONE', *, *, #886, .F. ) ;
#373 = CARTESIAN_POINT ( 'NONE',  ( -2.299033289668078073, 25.56218010241872562, 0.2239171878595109244 ) ) ;
#374 = CARTESIAN_POINT ( 'NONE',  ( -0.6537795275590783106, 23.61897637795277660, 0.3999999999996853850 ) ) ;
#375 = CARTESIAN_POINT ( 'NONE',  ( -0.8157860129569922680, 24.30125295345835212, 0.1045904345105699573 ) ) ;
#376 = VECTOR ( 'NONE', #6867, 39.37007874015748143 ) ;
#377 = CARTESIAN_POINT ( 'NONE',  ( -2.617575848276487260, 25.22703517144443097, 0.2228931599317439394 ) ) ;
#378 = CARTESIAN_POINT ( 'NONE',  ( -2.389412889205625223, 23.57849960201292205, 0.3423652991876329210 ) ) ;
#379 = CARTESIAN_POINT ( 'NONE',  ( -1.194896233572079858, 25.34236406030420596, 0.04349568543901977113 ) ) ;
#380 = CARTESIAN_POINT ( 'NONE',  ( -1.677401574803172757, 24.64259842519687282, 0.4499999999996817657 ) ) ;
#381 = EDGE_CURVE ( 'NONE', #9135, #4016, #7455, .T. ) ;
#382 = CARTESIAN_POINT ( 'NONE',  ( -2.420199448619102078, 23.52971776328625708, 0.4432038780669229072 ) ) ;
#383 = ORIENTED_EDGE ( 'NONE', *, *, #8399, .T. ) ;
#384 = CARTESIAN_POINT ( 'NONE',  ( -2.489063361332020996, 24.90098543654537622, 0.04994688525804982099 ) ) ;
#385 = CYLINDRICAL_SURFACE ( 'NONE', #307, 0.2074803149606299357 ) ;
#386 = CARTESIAN_POINT ( 'NONE',  ( -0.9489337751103440466, 23.59485923627083537, 0.4499999999996854849 ) ) ;
#387 = CARTESIAN_POINT ( 'NONE',  ( -0.5736771820909490893, 24.55043793892808068, 0.2868134632343292689 ) ) ;
#388 = CARTESIAN_POINT ( 'NONE',  ( -1.313418049074975391, 25.79573088847479312, 0.3999999999996776134 ) ) ;
#389 = CIRCLE ( 'NONE', #7597, 0.08858267716535331293 ) ;
#390 = CARTESIAN_POINT ( 'NONE',  ( -2.497112311265460516, 25.62280040070291420, 0.3999999999996780020 ) ) ;
#391 = CARTESIAN_POINT ( 'NONE',  ( -0.5356692913592899785, 25.32995848774789494, 0.3812972069436075806 ) ) ;
#392 = DIRECTION ( 'NONE',  ( 6.123233995736998996E-17, 3.552713678800503296E-15, 1.000000000000000000 ) ) ;
#393 = ORIENTED_EDGE ( 'NONE', *, *, #5049, .T. ) ;
#394 = CARTESIAN_POINT ( 'NONE',  ( -0.6407038218992844314, 25.22883470212360635, 0.2835693984714905969 ) ) ;
#395 = EDGE_LOOP ( 'NONE', ( #293, #1420, #6933, #852 ) ) ;
#396 = CARTESIAN_POINT ( 'NONE',  ( -2.029482476634099086, 25.79585226183276347, 0.3999999999996776689 ) ) ;
#397 = ORIENTED_EDGE ( 'NONE', *, *, #4376, .F. ) ;
#398 = CARTESIAN_POINT ( 'NONE',  ( -0.9707484386678650878, 24.16998248501710833, 0.04361624582155573110 ) ) ;
#399 = CARTESIAN_POINT ( 'NONE',  ( -2.817187216598580513, 25.14399928157979147, 0.3999999999996800559 ) ) ;
#400 = CARTESIAN_POINT ( 'NONE',  ( -2.120298367001213879, 23.49410571007995330, 0.4499999999996858735 ) ) ;
#401 = ORIENTED_EDGE ( 'NONE', *, *, #7036, .F. ) ;
#402 = CARTESIAN_POINT ( 'NONE',  ( -0.4725243630397286121, 24.22367190049188679, 0.4432038691916614925 ) ) ;
#403 = CARTESIAN_POINT ( 'NONE',  ( -1.409025186894596882, 23.75995672127924152, 0.1073018500148604781 ) ) ;
#404 = CARTESIAN_POINT ( 'NONE',  ( -2.725140777349642995, 25.37106619593519596, 0.4499999999996791011 ) ) ;
#405 = CARTESIAN_POINT ( 'NONE',  ( -0.8699756280693347055, 24.91641809597073021, 0.04999933782261061638 ) ) ;
#406 = CARTESIAN_POINT ( 'NONE',  ( -2.614619298898632760, 24.36194150140767434, 0.1525606806392810211 ) ) ;
#407 = DIRECTION ( 'NONE',  ( 6.123233995736998996E-17, 3.552713678800503296E-15, 1.000000000000000000 ) ) ;
#408 = CARTESIAN_POINT ( 'NONE',  ( -0.5574392570877733100, 23.86436083771645400, 0.3999999999996844413 ) ) ;
#409 = CARTESIAN_POINT ( 'NONE',  ( -2.774475630763567846, 24.36372206799036988, 0.2856217884787050632 ) ) ;
#410 = CARTESIAN_POINT ( 'NONE',  ( -1.585403695981231209, 23.80353296463718493, 0.04745370229558423802 ) ) ;
#411 = CARTESIAN_POINT ( 'NONE',  ( -1.410489701177005450, 25.59743847194444655, 0.1656083757775879406 ) ) ;
#412 = CARTESIAN_POINT ( 'NONE',  ( -2.799419043079817815, 25.42328547491864299, 0.4021259804845929708 ) ) ;
#413 = CARTESIAN_POINT ( 'NONE',  ( -1.370670337056736798, 25.44017734132814823, 0.000000000000000000 ) ) ;
#414 = CARTESIAN_POINT ( 'NONE',  ( -0.6025926220235029440, 23.95773707037856681, 0.4499999999996841527 ) ) ;
#415 = CARTESIAN_POINT ( 'NONE',  ( -2.858503937007895512, 24.23883094529353954, 0.3593460063101485136 ) ) ;
#416 = CARTESIAN_POINT ( 'NONE',  ( -0.5206195609584187700, 25.36123932332269604, 0.3999999999996779465 ) ) ;
#417 = CARTESIAN_POINT ( 'NONE',  ( -1.430273438971648714, 23.82797227290686237, 0.05000000000000011380 ) ) ;
#418 = ORIENTED_EDGE ( 'NONE', *, *, #6916, .T. ) ;
#419 = CARTESIAN_POINT ( 'NONE',  ( -2.162992048201349160, 25.62871630437078707, 0.2245552793433684413 ) ) ;
#420 = CARTESIAN_POINT ( 'NONE',  ( -1.306365009082786521, 23.48968740377854303, 0.3999999999996858291 ) ) ;
#421 = CARTESIAN_POINT ( 'NONE',  ( -0.8700235612626896486, 24.38912866799796575, 0.04565848147735105528 ) ) ;
#422 = CARTESIAN_POINT ( 'NONE',  ( -2.764100884682719972, 25.04594414454107820, 0.2843306318657132237 ) ) ;
#423 = CARTESIAN_POINT ( 'NONE',  ( -2.182439804814196194, 23.75676154519457128, 0.1632514263049614500 ) ) ;
#424 = CARTESIAN_POINT ( 'NONE',  ( -0.9906261017102506727, 25.62018370198821771, 0.2825786664352638589 ) ) ;
#425 = DIRECTION ( 'NONE',  ( 0.000000000000000000, 0.000000000000000000, 1.000000000000000000 ) ) ;
#426 = CARTESIAN_POINT ( 'NONE',  ( -2.226058782507933209, 23.51295272126325742, 0.3999999999996859401 ) ) ;
#427 = CARTESIAN_POINT ( 'NONE',  ( -0.9041232137321307816, 23.97007352676356362, 0.1645144910691431206 ) ) ;
#428 = ORIENTED_EDGE ( 'NONE', *, *, #2995, .T. ) ;
#429 = DIRECTION ( 'NONE',  ( -6.123233995736998996E-17, -3.552713678800503296E-15, -1.000000000000000000 ) ) ;
#430 = CARTESIAN_POINT ( 'NONE',  ( -2.409444807998422977, 25.30075969149165260, 0.1976034127685348252 ) ) ;
#431 = CARTESIAN_POINT ( 'NONE',  ( -0.9893979083225947768, 23.56945762057354798, 0.4499999999996854294 ) ) ;
#432 = CARTESIAN_POINT ( 'NONE',  ( -0.7318780609963576600, 25.51022023770604719, 0.3427133775111651515 ) ) ;
#433 = CARTESIAN_POINT ( 'NONE',  ( -1.444542720760526144, 25.46104651118970352, 0.05000000000000000971 ) ) ;
#434 = CARTESIAN_POINT ( 'NONE',  ( -0.5043959534335303863, 23.95925166279199203, 0.3999999999996841082 ) ) ;
#435 = DIRECTION ( 'NONE',  ( 6.123233995736998996E-17, 3.552713678800503296E-15, 1.000000000000000000 ) ) ;
#436 = CARTESIAN_POINT ( 'NONE',  ( -0.6931496062992357210, 23.65834645669293579, 0.3999999999996851630 ) ) ;
#437 = VERTEX_POINT ( 'NONE', #7699 ) ;
#438 = CARTESIAN_POINT ( 'NONE',  ( -0.6808084231540477704, 25.09822753016820585, 0.2247844876127617353 ) ) ;
#439 = VERTEX_POINT ( 'NONE', #8400 ) ;
#440 = CARTESIAN_POINT ( 'NONE',  ( -0.6472117809734065919, 25.52256954818430046, 0.3937899226367747030 ) ) ;
#441 = VERTEX_POINT ( 'NONE', #455 ) ;
#442 = CARTESIAN_POINT ( 'NONE',  ( -2.330018004051131353, 23.86810659308699911, 0.1564235091776604858 ) ) ;
#443 = CARTESIAN_POINT ( 'NONE',  ( -2.416132323821800654, 24.41958530386873250, 0.05000000000000000278 ) ) ;
#444 = CARTESIAN_POINT ( 'NONE',  ( -2.307322834645600285, 24.01267716535440400, 0.000000000000000000 ) ) ;
#445 = ORIENTED_EDGE ( 'NONE', *, *, #4281, .T. ) ;
#446 = CARTESIAN_POINT ( 'NONE',  ( -0.5241477380688438492, 24.34994534686570233, 0.3999999999996827205 ) ) ;
#447 = CARTESIAN_POINT ( 'NONE',  ( -1.360627582452665685, 23.69365805577755069, 0.1664852914680613472 ) ) ;
#448 = CARTESIAN_POINT ( 'NONE',  ( -2.764620010752799395, 25.30393171132742225, 0.4499999999996793787 ) ) ;
#449 = CARTESIAN_POINT ( 'NONE',  ( -0.8695709674205314155, 24.91499694425193567, 0.04999782135979102815 ) ) ;
#450 = CARTESIAN_POINT ( 'NONE',  ( -2.492027648502579407, 24.39546979760396184, 0.04999999999999996808 ) ) ;
#451 = CARTESIAN_POINT ( 'NONE',  ( -2.803933836228870824, 24.08109489828784433, 0.3999999999996838307 ) ) ;
#452 = CARTESIAN_POINT ( 'NONE',  ( -1.325320769396233223, 23.48934458849233309, 0.3999999999996858291 ) ) ;
#453 = CARTESIAN_POINT ( 'NONE',  ( -2.487684515459154255, 24.39992145524719547, 0.04570719397722894373 ) ) ;
#454 = CARTESIAN_POINT ( 'NONE',  ( -1.425515237749440445, 23.61433464464048626, 0.2258278121404118932 ) ) ;
#455 = CARTESIAN_POINT ( 'NONE',  ( -2.661653543307109793, 23.56976377952758028, 0.4499999999996857070 ) ) ;
#456 = CARTESIAN_POINT ( 'NONE',  ( -1.447237256752497814, 25.60255036124321393, 0.1660285795948301113 ) ) ;
#457 = CARTESIAN_POINT ( 'NONE',  ( -1.106416129270384241, 24.10075591920747939, 0.06073335769558756148 ) ) ;
#458 = CARTESIAN_POINT ( 'NONE',  ( -0.5600121692005289864, 24.05392168072568637, 0.4499999999996838196 ) ) ;
#459 = CARTESIAN_POINT ( 'NONE',  ( -2.858503937007898621, 24.22569132391873126, 0.3600182054989939373 ) ) ;
#460 = CARTESIAN_POINT ( 'NONE',  ( -1.309675780512866483, 23.43809877020440524, 0.4431958470681033879 ) ) ;
#461 = CARTESIAN_POINT ( 'NONE',  ( -2.818259175153841944, 23.89070635328964798, 0.4021332986640306362 ) ) ;
#462 = EDGE_LOOP ( 'NONE', ( #846, #7161, #6886, #3278 ) ) ;
#463 = CARTESIAN_POINT ( 'NONE',  ( -2.386886273360985911, 25.70905876159342895, 0.3427281371692204592 ) ) ;
#464 = DIRECTION ( 'NONE',  ( -6.123233995736998996E-17, -3.552713678800503296E-15, -1.000000000000000000 ) ) ;
#465 = PRODUCT ( '40mm to 60mm', '40mm to 60mm', '', ( #5811 ) ) ;
#466 = EDGE_CURVE ( 'NONE', #3104, #5078, #8679, .T. ) ;
#467 = CARTESIAN_POINT ( 'NONE',  ( -2.587459250480229400, 25.09470235190865139, 0.1635698901186674881 ) ) ;
#468 = CARTESIAN_POINT ( 'NONE',  ( -2.166209673460043561, 23.65776589524846329, 0.2233873781972325057 ) ) ;
#469 = CARTESIAN_POINT ( 'NONE',  ( -1.175817879223014950, 25.43263850328408182, 0.1033088930815231066 ) ) ;
#470 = CARTESIAN_POINT ( 'NONE',  ( -2.188449789773646792, 23.86307086614183604, 0.1005279973415359185 ) ) ;
#471 = CARTESIAN_POINT ( 'NONE',  ( -2.405868410375251010, 23.59485864866660876, 0.3999999999996854405 ) ) ;
#472 = CARTESIAN_POINT ( 'NONE',  ( -0.9958656250716005909, 24.12933255930437682, 0.04571512668414492997 ) ) ;
#473 = EDGE_LOOP ( 'NONE', ( #4297, #4325, #2232, #6800, #1797, #6689, #5554, #3531, #8454, #591, #2034, #5366, #5463, #1607, #6023, #8115, #3517, #6014 ) ) ;
#474 = CARTESIAN_POINT ( 'NONE',  ( -2.495101674586210905, 24.40784423320769392, 0.05000965936358056640 ) ) ;
#475 = CARTESIAN_POINT ( 'NONE',  ( -2.145990430955501349, 23.49725955591764404, 0.3999999999996858846 ) ) ;
#476 = CARTESIAN_POINT ( 'NONE',  ( -0.6265931467964768187, 25.36654935452283510, 0.3999999999996791122 ) ) ;
#477 = CARTESIAN_POINT ( 'NONE',  ( -0.5615926898122765021, 25.43202293859175356, 0.4021144545806498716 ) ) ;
#478 = EDGE_CURVE ( 'NONE', #7389, #4053, #6079, .T. ) ;
#479 = CARTESIAN_POINT ( 'NONE',  ( -2.701023621871493585, 25.82370078740159869, 0.6074803150392285023 ) ) ;
#480 = CARTESIAN_POINT ( 'NONE',  ( -2.753613499149550670, 25.43917249409390635, 0.4431958260125133386 ) ) ;
#481 = AXIS2_PLACEMENT_3D ( 'NONE', #6295, #7047, #7753 ) ;
#482 = DIRECTION ( 'NONE',  ( 0.000000000000000000, 1.000000000000000000, -3.854941057726282076E-15 ) ) ;
#483 = DIRECTION ( 'NONE',  ( 1.000000000000000000, 0.000000000000000000, -0.000000000000000000 ) ) ;
#484 = ORIENTED_EDGE ( 'NONE', *, *, #608, .F. ) ;
#485 = CARTESIAN_POINT ( 'NONE',  ( -0.8287476981554547928, 25.21632068868760967, 0.1645175435574656730 ) ) ;
#486 = ORIENTED_EDGE ( 'NONE', *, *, #7692, .T. ) ;
#487 = CARTESIAN_POINT ( 'NONE',  ( -1.991085846109202251, 23.93757764071470362, 0.000000000000000000 ) ) ;
#488 = VERTEX_POINT ( 'NONE', #8448 ) ;
#489 = CARTESIAN_POINT ( 'NONE',  ( -2.422300100418769642, 23.92960921322956125, 0.1691639955845561372 ) ) ;
#490 = CARTESIAN_POINT ( 'NONE',  ( -2.415898098272690309, 24.41881808833907641, 0.05000000000000000278 ) ) ;
#491 = VECTOR ( 'NONE', #3034, 39.37007874015748143 ) ;
#492 = CARTESIAN_POINT ( 'NONE',  ( -2.306303713916388443, 23.54075152210486266, 0.4499999999996857625 ) ) ;
#493 = ORIENTED_EDGE ( 'NONE', *, *, #8425, .T. ) ;
#494 = CARTESIAN_POINT ( 'NONE',  ( -0.5645208432438731938, 23.89979930317675638, 0.4432038691916631024 ) ) ;
#495 = CARTESIAN_POINT ( 'NONE',  ( -1.255270213316310279, 23.55797004583381948, 0.2848855183807326719 ) ) ;
#496 = ADVANCED_FACE ( 'NONE', ( #6197 ), #631, .F. ) ;
#497 = CARTESIAN_POINT ( 'NONE',  ( -2.819109046083724479, 25.13526900610245818, 0.4499999999996801003 ) ) ;
#498 = CARTESIAN_POINT ( 'NONE',  ( -2.662255274174673225, 23.83101506124884139, 0.4499999999996847078 ) ) ;
#499 = CARTESIAN_POINT ( 'NONE',  ( -1.942814495896538762, 25.45257582347653269, 0.000000000000000000 ) ) ;
#500 = CARTESIAN_POINT ( 'NONE',  ( -2.706925366623047946, 23.92667603790338404, 0.3237956569950251051 ) ) ;
#501 = CARTESIAN_POINT ( 'NONE',  ( -1.415590529134049591, 23.61514214587229787, 0.2257385412698702243 ) ) ;
#502 = CARTESIAN_POINT ( 'NONE',  ( -2.409311373795575584, 23.59726823087272862, 0.3999999999996855515 ) ) ;
#503 = CARTESIAN_POINT ( 'NONE',  ( -1.810910427996698768, 25.54445741991777652, 0.1069841911250817429 ) ) ;
#504 = EDGE_CURVE ( 'NONE', #8816, #2499, #3319, .T. ) ;
#505 = CARTESIAN_POINT ( 'NONE',  ( -0.9549887178438665192, 24.06426117357445449, 0.1566679816515295642 ) ) ;
#506 = CARTESIAN_POINT ( 'NONE',  ( -2.448764364404402372, 25.30594997980479377, 0.1595896761985799439 ) ) ;
#507 = DIRECTION ( 'NONE',  ( 6.123233995736998996E-17, 3.552713678800503296E-15, 1.000000000000000000 ) ) ;
#508 = LINE ( 'NONE', #7659, #6010 ) ;
#509 = ORIENTED_EDGE ( 'NONE', *, *, #8662, .T. ) ;
#510 = CARTESIAN_POINT ( 'NONE',  ( -2.772151601877049565, 23.98328937631456981, 0.3428621572467842604 ) ) ;
#511 = ORIENTED_EDGE ( 'NONE', *, *, #2043, .T. ) ;
#512 = CARTESIAN_POINT ( 'NONE',  ( -2.595333521735410987, 25.53645667462937041, 0.3427135473315749969 ) ) ;
#513 = FACE_OUTER_BOUND ( 'NONE', #4557, .T. ) ;
#514 = CARTESIAN_POINT ( 'NONE',  ( -2.767246750650707021, 25.02363571268580245, 0.2845766433443213672 ) ) ;
#515 = CARTESIAN_POINT ( 'NONE',  ( -2.276642015480181858, 23.43361627385790413, 0.4028392625382620218 ) ) ;
#516 = CARTESIAN_POINT ( 'NONE',  ( -1.061245388039805615, 25.56370617559345959, 0.2228207974941910363 ) ) ;
#517 = LINE ( 'NONE', #8416, #7540 ) ;
#518 = CARTESIAN_POINT ( 'NONE',  ( -1.792432881424827817, 23.87668572618975915, 0.05000000000000004441 ) ) ;
#519 = CARTESIAN_POINT ( 'NONE',  ( -0.9886941939472080332, 24.13896033850468825, 0.04571512613948575110 ) ) ;
#520 = VERTEX_POINT ( 'NONE', #6953 ) ;
#521 = CARTESIAN_POINT ( 'NONE',  ( -2.500109640535472799, 24.85529991420035856, 0.04999954042521203429 ) ) ;
#522 = CARTESIAN_POINT ( 'NONE',  ( -2.383444566784770569, 25.34626304994145940, 0.2062038712144071140 ) ) ;
#523 = CARTESIAN_POINT ( 'NONE',  ( -0.5509351314774662001, 25.20437417209097575, 0.3999999999996796674 ) ) ;
#524 = CARTESIAN_POINT ( 'NONE',  ( -0.7513768330435226517, 25.64870115086981528, 0.4021130354254843220 ) ) ;
#525 = CARTESIAN_POINT ( 'NONE',  ( -0.9583736678721678226, 25.69657137003870773, 0.4499999999996780464 ) ) ;
#526 = CARTESIAN_POINT ( 'NONE',  ( -2.797363826577122126, 25.42083610383100378, 0.3999999999996797784 ) ) ;
#527 = CARTESIAN_POINT ( 'NONE',  ( -2.518491359104456428, 24.75013225049539045, 0.000000000000000000 ) ) ;
#528 = DIRECTION ( 'NONE',  ( 0.000000000000000000, -1.000000000000000000, 3.854941057726282076E-15 ) ) ;
#529 = ORIENTED_EDGE ( 'NONE', *, *, #5347, .F. ) ;
#530 = CARTESIAN_POINT ( 'NONE',  ( -2.382422427821621724, 24.32891424085911325, 0.000000000000000000 ) ) ;
#531 = ORIENTED_EDGE ( 'NONE', *, *, #2043, .F. ) ;
#532 = CARTESIAN_POINT ( 'NONE',  ( -0.8420897192043216295, 24.22695844865112491, 0.1038434618722346575 ) ) ;
#533 = CARTESIAN_POINT ( 'NONE',  ( -2.828378577579977460, 25.06055430341586288, 0.3999999999996803335 ) ) ;
#534 = CARTESIAN_POINT ( 'NONE',  ( -0.8978740157478255490, 24.28852276074500338, 0.05000000000000000278 ) ) ;
#535 = VERTEX_POINT ( 'NONE', #1163 ) ;
#536 = CARTESIAN_POINT ( 'NONE',  ( -0.5292564833532411583, 24.19237723605841595, 0.3999999999996838307 ) ) ;
#537 = CARTESIAN_POINT ( 'NONE',  ( -1.198950812563746471, 23.41173725694688201, 0.4038855157608427504 ) ) ;
#538 = AXIS2_PLACEMENT_3D ( 'NONE', #8039, #7475, #6676 ) ;
#539 = CARTESIAN_POINT ( 'NONE',  ( -0.6537795276673362688, 23.46149606299214696, 0.6074803150392285023 ) ) ;
#540 = CARTESIAN_POINT ( 'NONE',  ( -0.5494363719846435679, 25.19519631432052620, 0.4499999999996798228 ) ) ;
#541 = CARTESIAN_POINT ( 'NONE',  ( -0.5447313742067375619, 24.10572019904738639, 0.3999999999996836086 ) ) ;
#542 = PLANE ( 'NONE',  #843 ) ;
#543 = CARTESIAN_POINT ( 'NONE',  ( -1.609161877654963213, 23.67034231983464565, 0.1671510966902491624 ) ) ;
#544 = CARTESIAN_POINT ( 'NONE',  ( -0.6557847215868763957, 23.76600820373423062, 0.3877423972578206701 ) ) ;
#545 = CARTESIAN_POINT ( 'NONE',  ( -1.590525010940514461, 25.68102726582687012, 0.2270009954215934100 ) ) ;
#546 = CARTESIAN_POINT ( 'NONE',  ( -0.7930803357666523778, 23.60435688492061246, 0.3999999999996853850 ) ) ;
#547 = CARTESIAN_POINT ( 'NONE',  ( -2.371492808013138553, 25.40033864883812242, 0.1666749905560381273 ) ) ;
#548 = CARTESIAN_POINT ( 'NONE',  ( -0.8978740157478272144, 24.28852276074498917, 0.000000000000000000 ) ) ;
#549 = EDGE_LOOP ( 'NONE', ( #1820, #5276, #6368, #8339, #5208, #1120, #6546, #2396, #7085 ) ) ;
#550 = CARTESIAN_POINT ( 'NONE',  ( -1.056892759592682030, 24.18331170500829330, 0.05000000000000000278 ) ) ;
#551 = DIRECTION ( 'NONE',  ( 0.000000000000000000, 1.000000000000000000, -3.552713678800503296E-15 ) ) ;
#552 = CARTESIAN_POINT ( 'NONE',  ( -2.219633477972393631, 25.40898683535572289, 0.1051162082893557226 ) ) ;
#553 = DIRECTION ( 'NONE',  ( -0.000000000000000000, -0.000000000000000000, 1.000000000000000000 ) ) ;
#554 = AXIS2_PLACEMENT_3D ( 'NONE', #5893, #8851, #1522 ) ;
#555 = CARTESIAN_POINT ( 'NONE',  ( -2.472720729045112087, 24.93409134866470112, 0.04498518419713190553 ) ) ;
#556 = CARTESIAN_POINT ( 'NONE',  ( -2.060302470684130860, 23.79444286627853344, 0.1040394398365710599 ) ) ;
#557 = CARTESIAN_POINT ( 'NONE',  ( -1.113236924707407205, 25.49481606993490246, 0.1630541654007440500 ) ) ;
#558 = LINE ( 'NONE', #9156, #1090 ) ;
#559 = FACE_BOUND ( 'NONE', #2429, .T. ) ;
#560 = CARTESIAN_POINT ( 'NONE',  ( -0.9354247653428868770, 24.06728024106922703, 0.1051148117976708762 ) ) ;
#561 = CARTESIAN_POINT ( 'NONE',  ( -2.826860011960714569, 25.31703005949036367, 0.4432038974321819702 ) ) ;
#562 = ORIENTED_EDGE ( 'NONE', *, *, #2597, .F. ) ;
#563 = CARTESIAN_POINT ( 'NONE',  ( -2.456929133858065661, 24.99667416960728161, 0.05000000000000000278 ) ) ;
#564 = CARTESIAN_POINT ( 'NONE',  ( -0.8305058419064993425, 24.63620977498122855, 0.000000000000000000 ) ) ;
#565 = CARTESIAN_POINT ( 'NONE',  ( -0.5728256517791405766, 25.44764890375270028, 0.4021138523979885804 ) ) ;
#566 = B_SPLINE_CURVE_WITH_KNOTS ( 'NONE', 3,
 ( #800, #6539, #100, #3199, #287, #6019, #3854, #6681 ),
 .UNSPECIFIED., .F., .F.,
 ( 4, 2, 2, 4 ),
 ( 1.734723475976806902E-18, 0.0008326912573835729917, 0.001249036886075410987, 0.001665382514767249199 ),
 .UNSPECIFIED. ) ;
#567 = CARTESIAN_POINT ( 'NONE',  ( -0.5356692913878183804, 25.33578019156488992, 0.3831011701634035593 ) ) ;
#568 = CARTESIAN_POINT ( 'NONE',  ( -0.5454219565326130503, 23.88258297216103898, 0.3999999999996843858 ) ) ;
#569 = CARTESIAN_POINT ( 'NONE',  ( -0.6537795279366291901, 25.82370078740159869, 0.3999999999996777245 ) ) ;
#570 = CARTESIAN_POINT ( 'NONE',  ( -2.401365158962793345, 25.69339854148352131, 0.3999999999996781130 ) ) ;
#571 = ORIENTED_EDGE ( 'NONE', *, *, #6308, .F. ) ;
#572 = B_SPLINE_CURVE_WITH_KNOTS ( 'NONE', 3,
 ( #7054, #600, #6348, #2061, #4918, #9020, #2582, #5496, #2100, #5716, #5001, #689, #4963, #125, #7884, #1435, #7926, #8542, #7265, #1526, #6432, #5094, #6389, #3556, #8585, #4311, #5048, #5142, #2855, #9292, #79, #5758, #5847, #1396, #824, #2936, #4271, #7843, #2985, #7176, #8667 ),
 .UNSPECIFIED., .F., .F.,
 ( 4, 1, 1, 1, 1, 2, 2, 1, 1, 2, 2, 1, 1, 1, 1, 2, 2, 1, 1, 2, 2, 1, 1, 1, 1, 1, 2, 2, 4 ),
 ( 0.000000000000000000, 0.06249999999993344213, 0.09374999999990893396, 0.1093749999998867156, 0.1171874999998746281, 0.1210937499998777506, 0.1249999999998808731, 0.1874999999998641087, 0.2187499999998566425, 0.2343749999998599454, 0.2499999999998632760, 0.3749999999998442357, 0.4374999999998337441, 0.4687499999998284705, 0.4843749999998258615, 0.4921874999998278044, 0.4999999999998298028, 0.6249999999998645528, 0.6874999999998859801, 0.7187499999998967493, 0.7499999999999074074, 0.8124999999999307221, 0.8437499999999400480, 0.8593749999999444888, 0.8671874999999457101, 0.8710937499999471534, 0.8730468749999469313, 0.8749999999999465983, 1.000000000000000000 ),
 .UNSPECIFIED. ) ;
#573 = CARTESIAN_POINT ( 'NONE',  ( -0.9934462554070571105, 25.40563681990393263, 0.1646820465467928041 ) ) ;
#574 = ORIENTED_EDGE ( 'NONE', *, *, #4604, .T. ) ;
#575 = CARTESIAN_POINT ( 'NONE',  ( -0.7268517989305058880, 24.07662032258421192, 0.2230112547377869070 ) ) ;
#576 = CARTESIAN_POINT ( 'NONE',  ( -2.871406360216258058, 24.11889080772752791, 0.4431922474509187859 ) ) ;
#577 = DIRECTION ( 'NONE',  ( 6.123233995736998996E-17, 3.552713678800503296E-15, 1.000000000000000000 ) ) ;
#578 = ORIENTED_EDGE ( 'NONE', *, *, #4458, .F. ) ;
#579 = CARTESIAN_POINT ( 'NONE',  ( -1.040911105086981925, 24.20629778176011015, 0.05000000000000000278 ) ) ;
#580 = CARTESIAN_POINT ( 'NONE',  ( -1.221715093231783289, 23.56383222600126359, 0.2845463184753675989 ) ) ;
#581 = CARTESIAN_POINT ( 'NONE',  ( -2.449057759498939557, 24.64259847944031634, 0.05000000000000002359 ) ) ;
#582 = CARTESIAN_POINT ( 'NONE',  ( -0.8624312207149950060, 25.73702133122219848, 0.3999999999996402544 ) ) ;
#583 = CARTESIAN_POINT ( 'NONE',  ( -1.960906051330329136, 25.44741722485878554, 0.000000000000000000 ) ) ;
#584 = CARTESIAN_POINT ( 'NONE',  ( -1.990182821361071497, 23.84750865797357378, 0.05000005396156804310 ) ) ;
#585 = PLANE ( 'NONE',  #1012 ) ;
#586 = CARTESIAN_POINT ( 'NONE',  ( -1.358258873701580383, 23.84946276270040499, 0.000000000000000000 ) ) ;
#587 = CARTESIAN_POINT ( 'NONE',  ( -1.759288837109300729, 25.81139712145849430, 0.3464949154015370958 ) ) ;
#588 = CARTESIAN_POINT ( 'NONE',  ( -1.141818158516048953, 24.06093687841467244, 0.06318246547531593260 ) ) ;
#589 = CARTESIAN_POINT ( 'NONE',  ( -1.947881729952368968, 23.91835342076914728, -0.000000000000000000 ) ) ;
#590 = CARTESIAN_POINT ( 'NONE',  ( -2.287637795275386576, 25.42212598425206238, 0.1406228465077922207 ) ) ;
#591 = ORIENTED_EDGE ( 'NONE', *, *, #9257, .T. ) ;
#592 = EDGE_CURVE ( 'NONE', #7321, #6501, #1067, .T. ) ;
#593 = FACE_OUTER_BOUND ( 'NONE', #8722, .T. ) ;
#594 = CARTESIAN_POINT ( 'NONE',  ( -0.9940540428772922654, 25.81560406416175013, 0.3999999999996929345 ) ) ;
#595 = CARTESIAN_POINT ( 'NONE',  ( -2.458920927147284718, 25.76389553993589843, 0.4021150993630865922 ) ) ;
#596 = DIRECTION ( 'NONE',  ( -0.000000000000000000, -0.000000000000000000, -1.000000000000000000 ) ) ;
#597 = CARTESIAN_POINT ( 'NONE',  ( -2.464725062130508348, 24.95645531758673741, 0.04469233862045343675 ) ) ;
#598 = CARTESIAN_POINT ( 'NONE',  ( -2.216589216388448857, 23.77523151217739183, 0.1631134865046406923 ) ) ;
#599 = CARTESIAN_POINT ( 'NONE',  ( -1.130386379746730618, 25.60232007344763971, 0.2230430425343381540 ) ) ;
#600 = CARTESIAN_POINT ( 'NONE',  ( -2.398165179596648322, 25.69557315042849055, 0.4499999999996781019 ) ) ;
#601 = CARTESIAN_POINT ( 'NONE',  ( -0.5293767648427946115, 25.09376515610825109, 0.3999999999996796118 ) ) ;
#602 = CARTESIAN_POINT ( 'NONE',  ( -0.8338768589611730286, 24.06130512854177184, 0.1645144947526849533 ) ) ;
#603 = CARTESIAN_POINT ( 'NONE',  ( -2.309628796665404327, 25.08503091319940381, 0.05000000000000000278 ) ) ;
#604 = EDGE_CURVE ( 'NONE', #4747, #4496, #3751, .T. ) ;
#605 = ORIENTED_EDGE ( 'NONE', *, *, #1840, .T. ) ;
#606 = CARTESIAN_POINT ( 'NONE',  ( -2.485396400008926587, 24.38175160222713700, 0.04766592423983195131 ) ) ;
#607 = FILL_AREA_STYLE ('',( #2023 ) ) ;
#608 = EDGE_CURVE ( 'NONE', #8524, #8519, #3636, .T. ) ;
#609 = CARTESIAN_POINT ( 'NONE',  ( -0.5671670235173994490, 25.43986715627096373, 0.4021141120494941545 ) ) ;
#610 = AXIS2_PLACEMENT_3D ( 'NONE', #701, #3571, #1318 ) ;
#611 = PLANE ( 'NONE',  #8276 ) ;
#612 = CARTESIAN_POINT ( 'NONE',  ( -1.632827045414608325, 23.79665191355542930, 0.000000000000000000 ) ) ;
#613 = DIRECTION ( 'NONE',  ( 1.000000000000000000, 0.000000000000000000, 0.000000000000000000 ) ) ;
#614 = CARTESIAN_POINT ( 'NONE',  ( -2.661653543307109793, 25.62685039370080986, 0.1999999999996782685 ) ) ;
#615 = AXIS2_PLACEMENT_3D ( 'NONE', #5153, #6625, #8033 ) ;
#616 = ORIENTED_EDGE ( 'NONE', *, *, #1465, .F. ) ;
#617 = CARTESIAN_POINT ( 'NONE',  ( -1.061752242593080320, 25.74987983319313045, 0.4499999999996778799 ) ) ;
#618 = ORIENTED_EDGE ( 'NONE', *, *, #7953, .F. ) ;
#619 = CARTESIAN_POINT ( 'NONE',  ( -2.366872881643408366, 24.30790891274332566, 0.04606807752549074708 ) ) ;
#620 = CARTESIAN_POINT ( 'NONE',  ( -2.843842966030114106, 24.33505573222760532, 0.3454371372820395636 ) ) ;
#621 = CARTESIAN_POINT ( 'NONE',  ( -2.307322834645600285, 24.01267716535440400, 0.2999999999999999889 ) ) ;
#622 = ORIENTED_EDGE ( 'NONE', *, *, #2841, .T. ) ;
#623 = CARTESIAN_POINT ( 'NONE',  ( -0.5704869917047384886, 25.26334654384968204, 0.3999999999996794453 ) ) ;
#624 = CARTESIAN_POINT ( 'NONE',  ( -1.122463317779568870, 23.78180969509404363, 0.1645425151327557234 ) ) ;
#625 = CARTESIAN_POINT ( 'NONE',  ( -0.5245465109227201994, 25.01671911443500207, 0.4499999999996804889 ) ) ;
#626 = CARTESIAN_POINT ( 'NONE',  ( -0.6296623617797439953, 25.37106618896015675, 0.3999999999996791122 ) ) ;
#627 = CARTESIAN_POINT ( 'NONE',  ( -1.907142339576536560, 23.82365961151256784, 0.05003661140245465461 ) ) ;
#628 = AXIS2_PLACEMENT_3D ( 'NONE', #5192, #3736, #5290 ) ;
#629 = CARTESIAN_POINT ( 'NONE',  ( -2.830655411636176844, 24.29051793536116577, 0.3999999999996830535 ) ) ;
#630 = ADVANCED_FACE ( 'NONE', ( #2924 ), #7250, .F. ) ;
#631 = CYLINDRICAL_SURFACE ( 'NONE', #3174, 0.08858267716535331293 ) ;
#632 = CARTESIAN_POINT ( 'NONE',  ( -1.671815514818068893, 25.48806161385868663, 0.04787789581486912027 ) ) ;
#633 = DIRECTION ( 'NONE',  ( -0.000000000000000000, 0.000000000000000000, 1.000000000000000000 ) ) ;
#634 = CARTESIAN_POINT ( 'NONE',  ( -2.307322834645600285, 24.01267716535440400, 0.000000000000000000 ) ) ;
#635 = CARTESIAN_POINT ( 'NONE',  ( -2.492027648502579407, 24.39546979760396184, 0.04999999999999996808 ) ) ;
#636 = EDGE_CURVE ( 'NONE', #2349, #2716, #723, .T. ) ;
#637 = EDGE_CURVE ( 'NONE', #1627, #5720, #7021, .T. ) ;
#638 = VERTEX_POINT ( 'NONE', #2261 ) ;
#639 = CARTESIAN_POINT ( 'NONE',  ( -0.5768486608670267968, 23.88103341077700037, 0.4431958470681016671 ) ) ;
#640 = CARTESIAN_POINT ( 'NONE',  ( -2.661653543307109793, 23.65834645669293579, 0.1999999999996853184 ) ) ;
#641 = CARTESIAN_POINT ( 'NONE',  ( -2.411329010259754213, 25.35727902113648113, 0.1645144933071437943 ) ) ;
#642 = CARTESIAN_POINT ( 'NONE',  ( -2.758667028695071632, 23.96795008463099563, 0.3999999999996842193 ) ) ;
#643 = EDGE_CURVE ( 'NONE', #1359, #3957, #4981, .T. ) ;
#644 = ADVANCED_FACE ( 'NONE', ( #1560 ), #2129, .T. ) ;
#645 = CARTESIAN_POINT ( 'NONE',  ( -2.699728874003591628, 24.95823090243217024, 0.2251913987832505626 ) ) ;
#646 = CARTESIAN_POINT ( 'NONE',  ( -2.050769301190909388, 23.40584127819129279, 0.4050169172375059357 ) ) ;
#647 = CARTESIAN_POINT ( 'NONE',  ( -1.214963617815902008, 25.35575824358899411, 0.04351870239589612083 ) ) ;
#648 = CARTESIAN_POINT ( 'NONE',  ( -1.663507135050324770, 25.48906227080934528, 0.04999999999999998196 ) ) ;
#649 = CARTESIAN_POINT ( 'NONE',  ( -0.9393736150989119293, 24.86791367380186202, 0.05000000000000000278 ) ) ;
#650 = CARTESIAN_POINT ( 'NONE',  ( -0.5684338105059185686, 23.84355128833818327, 0.4021132356320025192 ) ) ;
#651 = CARTESIAN_POINT ( 'NONE',  ( -2.443314265510597938, 24.75763019674350929, 0.05000000000000003053 ) ) ;
#652 = ORIENTED_EDGE ( 'NONE', *, *, #8981, .T. ) ;
#653 = CARTESIAN_POINT ( 'NONE',  ( -2.701617214872749528, 24.33165164615158105, 0.2263440011531480667 ) ) ;
#654 = ORIENTED_EDGE ( 'NONE', *, *, #3250, .T. ) ;
#655 = CARTESIAN_POINT ( 'NONE',  ( -2.164494814424539282, 23.50020042706824341, 0.3999999999996858291 ) ) ;
#656 = CARTESIAN_POINT ( 'NONE',  ( -1.066890850447527628, 25.46524412219109479, 0.1645144308408875988 ) ) ;
#657 = EDGE_CURVE ( 'NONE', #6747, #3254, #5745, .T. ) ;
#658 = CARTESIAN_POINT ( 'NONE',  ( -1.176036910597967333, 25.78239117896366039, 0.4499999999996777689 ) ) ;
#659 = CARTESIAN_POINT ( 'NONE',  ( -0.8648452485878168616, 24.87750110285318428, 0.04594047859484291785 ) ) ;
#660 = CYLINDRICAL_SURFACE ( 'NONE', #3905, 0.1135826771653510037 ) ;
#661 = CARTESIAN_POINT ( 'NONE',  ( -0.8569883376825885302, 24.41956059449358918, 0.05000001763941685357 ) ) ;
#662 = ORIENTED_EDGE ( 'NONE', *, *, #7387, .F. ) ;
#663 = CARTESIAN_POINT ( 'NONE',  ( -1.142691522656106295, 25.77516747939050035, 0.4499999999996777689 ) ) ;
#664 = ORIENTED_EDGE ( 'NONE', *, *, #1051, .F. ) ;
#665 = CARTESIAN_POINT ( 'NONE',  ( -0.5098267428140578206, 24.40979147436611996, 0.3459418798112917637 ) ) ;
#666 = AXIS2_PLACEMENT_3D ( 'NONE', #6058, #3041, #8169 ) ;
#667 = CARTESIAN_POINT ( 'NONE',  ( -2.305857623113342303, 24.20466941483589807, 0.04606807752549081647 ) ) ;
#668 = CARTESIAN_POINT ( 'NONE',  ( -2.844530312567343344, 24.38044174589220603, 0.3457354535399784767 ) ) ;
#669 = ORIENTED_EDGE ( 'NONE', *, *, #4281, .F. ) ;
#670 = CARTESIAN_POINT ( 'NONE',  ( -0.9329234701767950000, 24.83074973634170135, 0.04606796130808341744 ) ) ;
#671 = CARTESIAN_POINT ( 'NONE',  ( -1.109940598056500916, 23.78989970437362444, 0.1645259177304470299 ) ) ;
#672 = CARTESIAN_POINT ( 'NONE',  ( -0.8842658731870007838, 24.96174124671223638, -1.502516396515344672E-15 ) ) ;
#673 = ORIENTED_EDGE ( 'NONE', *, *, #2027, .T. ) ;
#674 = DIRECTION ( 'NONE',  ( -0.000000000000000000, -0.000000000000000000, -1.000000000000000000 ) ) ;
#675 = DIRECTION ( 'NONE',  ( 1.000000000000000000, -1.749285781892509143E-10, -6.123233933589883608E-17 ) ) ;
#676 = DIRECTION ( 'NONE',  ( 2.370375316809567399E-31, -1.000000000000000000, 3.552713678800503296E-15 ) ) ;
#677 = VECTOR ( 'NONE', #7234, 39.37007874015748143 ) ;
#678 = CARTESIAN_POINT ( 'NONE',  ( -2.003123772144869363, 25.87888615370835055, 0.4053315492909127515 ) ) ;
#679 = DIRECTION ( 'NONE',  ( -1.000000000000000000, 0.000000000000000000, 0.000000000000000000 ) ) ;
#680 = DIRECTION ( 'NONE',  ( -6.123233995736998996E-17, -3.552713678800503296E-15, -1.000000000000000000 ) ) ;
#681 = CARTESIAN_POINT ( 'NONE',  ( -2.770987444699533508, 23.82787341507113510, 0.3999999999996848299 ) ) ;
#682 = CARTESIAN_POINT ( 'NONE',  ( -2.015288390674326191, 25.73729919907883357, 0.2858204380517416210 ) ) ;
#683 = CARTESIAN_POINT ( 'NONE',  ( -1.043833688236545321, 24.20209429202971663, 0.05000000000000014849 ) ) ;
#684 = CARTESIAN_POINT ( 'NONE',  ( -2.386055509291685084, 25.25892165367777409, 0.1051148055077803095 ) ) ;
#685 = DIRECTION ( 'NONE',  ( -1.000000000000000000, 0.000000000000000000, 0.000000000000000000 ) ) ;
#686 = CARTESIAN_POINT ( 'NONE',  ( -2.558337201956847551, 24.90784679487109798, 0.1054840995579864604 ) ) ;
#687 = CARTESIAN_POINT ( 'NONE',  ( -1.993058057046613651, 23.62027421646951098, 0.2251911863008582981 ) ) ;
#688 = CARTESIAN_POINT ( 'NONE',  ( -1.246641437683818410, 25.87798083876599264, 0.4043680341480687668 ) ) ;
#689 = CARTESIAN_POINT ( 'NONE',  ( -2.332699011825539515, 25.73277959765982104, 0.4499999999996780464 ) ) ;
#690 = CARTESIAN_POINT ( 'NONE',  ( -1.008898879585968356, 25.02825608428110371, 0.04999999999999998890 ) ) ;
#691 = CARTESIAN_POINT ( 'NONE',  ( -2.307875770226623047, 24.20757323544394168, 0.04606817219003304237 ) ) ;
#692 = CARTESIAN_POINT ( 'NONE',  ( -2.426420993009686722, 24.83191076324029822, 0.05000000000000000278 ) ) ;
#693 = EDGE_LOOP ( 'NONE', ( #6640, #9296, #7952, #3908 ) ) ;
#694 = CARTESIAN_POINT ( 'NONE',  ( -2.771997451825087833, 24.30328527791824555, 0.2858057788078837702 ) ) ;
#695 = ORIENTED_EDGE ( 'NONE', *, *, #3137, .T. ) ;
#696 = CARTESIAN_POINT ( 'NONE',  ( -0.8501681659497644095, 24.83990609107210190, 0.05000000000000151545 ) ) ;
#697 = AXIS2_PLACEMENT_3D ( 'NONE', #260, #3776, #1617 ) ;
#698 = CARTESIAN_POINT ( 'NONE',  ( -1.178633311785636462, 25.33481481515256206, 0.04571512737628809220 ) ) ;
#699 = AXIS2_PLACEMENT_3D ( 'NONE', #177, #4548, #43 ) ;
#700 = CARTESIAN_POINT ( 'NONE',  ( -0.7245132902181929957, 24.92416309880166025, 0.1655064086240020105 ) ) ;
#701 = CARTESIAN_POINT ( 'NONE',  ( -0.6931496062992357210, 25.62685039370080986, 0.4499999999996782130 ) ) ;
#702 = CARTESIAN_POINT ( 'NONE',  ( -1.383017270248299901, 23.84135175409468843, 0.04995581986183716267 ) ) ;
#703 = VERTEX_POINT ( 'NONE', #7027 ) ;
#704 = CARTESIAN_POINT ( 'NONE',  ( -1.184730089858499369, 25.78430564629525179, 0.4499999999996777134 ) ) ;
#705 = CARTESIAN_POINT ( 'NONE',  ( -0.6454340330204407783, 24.43628193535357340, 0.2262906733966761619 ) ) ;
#706 = VECTOR ( 'NONE', #7827, 39.37007874015748143 ) ;
#707 = CARTESIAN_POINT ( 'NONE',  ( -2.723641733062736492, 23.91191997647155176, 0.3999999999996843858 ) ) ;
#708 = CARTESIAN_POINT ( 'NONE',  ( -2.843468064703201126, 24.31230624404589236, 0.3452772175717934156 ) ) ;
#709 = ORIENTED_EDGE ( 'NONE', *, *, #1456, .T. ) ;
#710 = CARTESIAN_POINT ( 'NONE',  ( -2.561719275022814379, 23.60436343552394689, 0.3999999999996855515 ) ) ;
#711 = CARTESIAN_POINT ( 'NONE',  ( -1.049128080629240234, 23.72751937857809423, 0.2239164959226149776 ) ) ;
#712 = CARTESIAN_POINT ( 'NONE',  ( -0.8978740157478285466, 24.99670207428481206, -1.502516396515344672E-15 ) ) ;
#713 = ORIENTED_EDGE ( 'NONE', *, *, #6704, .F. ) ;
#714 = B_SPLINE_SURFACE_WITH_KNOTS ( 'NONE', 3, 1, ( 
 ( #4513, #8182, #3100, #2393 ),
 ( #8738, #7379, #3148, #3052 ),
 ( #944, #239, #5263, #5313 ),
 ( #1040, #190, #6785, #3803 ),
 ( #7333, #8136, #8883, #6076 ),
 ( #890, #5921, #6733, #5212 ),
 ( #2445, #5972, #8832, #3754 ),
 ( #1692, #5164, #3712, #6587 ),
 ( #7286, #1743, #4609, #3899 ),
 ( #337, #2347, #6635, #8934 ),
 ( #2496, #5363, #4562, #8230 ),
 ( #844, #144, #3007, #8783 ),
 ( #4425, #5869, #2298, #7430 ),
 ( #8086, #8042, #1592, #4466 ),
 ( #990, #1939, #5410, #8331 ),
 ( #2543, #4801, #9126, #6313 ),
 ( #1092, #390, #3248, #7678 ),
 ( #7633, #7725, #7527, #4657 ),
 ( #7579, #8281, #1982, #6977 ),
 ( #8380, #1188, #7017, #480 ),
 ( #5596, #1233, #9167, #1790 ),
 ( #5551, #8427, #3952, #3300 ),
 ( #9030, #6835, #3439, #6123 ),
 ( #4103, #6172, #9076, #2593 ) ),
 .UNSPECIFIED., .F., .F., .F.,
 ( 4, 3, 1, 1, 1, 1, 1, 1, 1, 1, 1, 2, 1, 1, 1, 3, 4 ),
 ( 2, 1, 1, 2 ),
 ( -0.01000000000000000021, 0.000000000000000000, 0.05832462075237516974, 0.1166492415047503395, 0.1749738622571255231, 0.2332984830095006790, 0.2916231037618758348, 0.3499477245142510462, 0.3791100348904386519, 0.4082723452666263686, 0.4374346556428138633, 0.4665969660190013579, 0.5999477245142509352, 0.7332984830095006235, 0.8666492415047502007, 1.000000000000000000, 1.010099999999999998 ),
 ( 0.000000000000000000, 1.000000000000000000, 1.109234180730494623, 1.123416645751067922 ),
 .UNSPECIFIED. ) ;
#715 = EDGE_CURVE ( 'NONE', #5829, #329, #4014, .T. ) ;
#716 = DIRECTION ( 'NONE',  ( -1.000000000000000000, 0.000000000000000000, 0.000000000000000000 ) ) ;
#717 = EDGE_CURVE ( 'NONE', #6663, #3352, #6677, .T. ) ;
#718 = CARTESIAN_POINT ( 'NONE',  ( -2.701023622047267203, 23.61897637795277660, 0.6074803150392285023 ) ) ;
#719 = CARTESIAN_POINT ( 'NONE',  ( -2.732225279320942946, 25.37558492173882740, 0.3449690532470102156 ) ) ;
#720 = CARTESIAN_POINT ( 'NONE',  ( -1.966915125663769581, 25.73915953859696160, 0.2855363664157336556 ) ) ;
#721 = CARTESIAN_POINT ( 'NONE',  ( -2.482246819820535855, 24.35919014797937976, 0.000000000000000000 ) ) ;
#722 = CARTESIAN_POINT ( 'NONE',  ( -2.189607610388098813, 24.06351696858343558, -0.000000000000000000 ) ) ;
#723 = B_SPLINE_CURVE_WITH_KNOTS ( 'NONE', 3,
 ( #5786, #3020, #2843, #1468, #113, #6462 ),
 .UNSPECIFIED., .F., .F.,
 ( 4, 2, 4 ),
 ( 0.000000000000000000, 0.003450484182489488554, 0.006900968364978977108 ),
 .UNSPECIFIED. ) ;
#724 = DIRECTION ( 'NONE',  ( -6.123233995736998996E-17, -3.552713678800503296E-15, -1.000000000000000000 ) ) ;
#725 = CARTESIAN_POINT ( 'NONE',  ( -0.9292789300124588703, 24.44951438135051447, 0.05000081915431688062 ) ) ;
#726 = CARTESIAN_POINT ( 'NONE',  ( -2.709176498691224566, 25.53993162362262481, 0.4021132288800737253 ) ) ;
#727 = CARTESIAN_POINT ( 'NONE',  ( -2.738927953894488176, 23.93446384025034490, 0.3999999999996843303 ) ) ;
#728 = CARTESIAN_POINT ( 'NONE',  ( -2.701754837600343517, 24.93824046147127760, 0.2254107045292577938 ) ) ;
#729 = CARTESIAN_POINT ( 'NONE',  ( -2.054435101256354645, 23.62929978618329585, 0.2244512636610976608 ) ) ;
#730 = CARTESIAN_POINT ( 'NONE',  ( -1.352836046270447623, 25.50901915121649566, 0.1046933815667077938 ) ) ;
#731 = CARTESIAN_POINT ( 'NONE',  ( -1.448048452747972226, 25.46154912732711750, 0.04999036088884129675 ) ) ;
#732 = CARTESIAN_POINT ( 'NONE',  ( -1.181715482782526472, 25.23532033794291252, 0.05000000000000003053 ) ) ;
#733 = CARTESIAN_POINT ( 'NONE',  ( -0.6975648788322353910, 23.95742276485430367, 0.2833138647971231161 ) ) ;
#734 = CARTESIAN_POINT ( 'NONE',  ( -2.725140777349642995, 25.37106619593519596, 0.3999999999996792233 ) ) ;
#735 = EDGE_LOOP ( 'NONE', ( #3816, #7117 ) ) ;
#736 = CARTESIAN_POINT ( 'NONE',  ( -2.770786621592737031, 24.28772626614831154, 0.2856467673479602953 ) ) ;
#737 = ORIENTED_EDGE ( 'NONE', *, *, #5868, .T. ) ;
#738 = SURFACE_STYLE_USAGE ( .BOTH. , #7720 ) ;
#739 = ADVANCED_FACE ( 'NONE', ( #4810 ), #2553, .F. ) ;
#740 = CARTESIAN_POINT ( 'NONE',  ( -0.9184713641441717424, 25.56648154441591103, 0.2833137301208082381 ) ) ;
#741 = CARTESIAN_POINT ( 'NONE',  ( -0.6036071861467766642, 23.94606261178245177, 0.3424056130627817773 ) ) ;
#742 = CYLINDRICAL_SURFACE ( 'NONE', #9125, 0.08070866141732173371 ) ;
#743 = CARTESIAN_POINT ( 'NONE',  ( -1.430273438971648492, 23.82797227290685882, 0.000000000000000000 ) ) ;
#744 = CARTESIAN_POINT ( 'NONE',  ( -0.8334944028945339145, 24.58417073051789714, 0.05000000413333985372 ) ) ;
#745 = ADVANCED_FACE ( 'NONE', ( #6892 ), #794, .F. ) ;
#746 = ORIENTED_EDGE ( 'NONE', *, *, #2617, .T. ) ;
#747 = EDGE_CURVE ( 'NONE', #8519, #4008, #4538, .T. ) ;
#748 = EDGE_CURVE ( 'NONE', #6767, #7045, #566, .T. ) ;
#749 = CARTESIAN_POINT ( 'NONE',  ( -0.9914564636207420234, 25.71680297576966723, 0.4499999999996778244 ) ) ;
#750 = CARTESIAN_POINT ( 'NONE',  ( -0.7954945895439572423, 24.38153850730369143, 0.1056353298675069413 ) ) ;
#751 = VECTOR ( 'NONE', #1882, 39.37007874015748143 ) ;
#752 = CARTESIAN_POINT ( 'NONE',  ( -2.797884271707084203, 23.92650132978588573, 0.4382308758287539185 ) ) ;
#753 = FACE_OUTER_BOUND ( 'NONE', #4412, .T. ) ;
#754 = ADVANCED_FACE ( 'NONE', ( #7480, #1643 ), #714, .F. ) ;
#755 = ORIENTED_EDGE ( 'NONE', *, *, #8286, .F. ) ;
#756 = CARTESIAN_POINT ( 'NONE',  ( -1.047480314960560932, 24.01267716535440400, 0.05000000000000000278 ) ) ;
#757 = CARTESIAN_POINT ( 'NONE',  ( -1.042711227635370719, 23.73198001686613878, 0.2239160457574743412 ) ) ;
#758 = CARTESIAN_POINT ( 'NONE',  ( -0.6556033304086756885, 24.97470732086358680, 0.2261144058830308889 ) ) ;
#759 = VERTEX_POINT ( 'NONE', #1138 ) ;
#760 = CARTESIAN_POINT ( 'NONE',  ( -0.6143166870434650928, 25.49689194067027742, 0.3999999999999080402 ) ) ;
#761 = EDGE_CURVE ( 'NONE', #5245, #1705, #6399, .T. ) ;
#762 = CYLINDRICAL_SURFACE ( 'NONE', #2515, 0.1574803149606300579 ) ;
#763 = CARTESIAN_POINT ( 'NONE',  ( -0.9690682319980976622, 23.89427203089960017, 0.1686608552993862364 ) ) ;
#764 = CARTESIAN_POINT ( 'NONE',  ( -1.913816187898100818, 25.52921720653469961, 0.1058686166762361214 ) ) ;
#765 = CARTESIAN_POINT ( 'NONE',  ( -2.872859431581804124, 24.46113140455039314, 0.4381353998082472279 ) ) ;
#766 = CARTESIAN_POINT ( 'NONE',  ( -0.5241477380637351580, 24.29051752714402213, 0.3999999999996829425 ) ) ;
#768 = AXIS2_PLACEMENT_3D ( 'NONE', #4850, #5774, #5018 ) ;
#767 = CARTESIAN_POINT ( 'NONE',  ( -1.127262470634893710, 25.43410943210036379, 0.1225439620028552501 ) ) ;
#769 = CARTESIAN_POINT ( 'NONE',  ( -1.086128715486811558, 25.17386254525267830, 0.06610194833451669971 ) ) ;
#770 = CIRCLE ( 'NONE', #4834, 0.1135826771653510037 ) ;
#771 = CARTESIAN_POINT ( 'NONE',  ( -2.225463898594207013, 25.20520653087396923, 0.05953264675944080347 ) ) ;
#772 = CARTESIAN_POINT ( 'NONE',  ( -2.442937505092560357, 25.18605472020109204, 0.1051148093111581999 ) ) ;
#773 = VECTOR ( 'NONE', #6636, 39.37007874015748143 ) ;
#774 = FACE_BOUND ( 'NONE', #7636, .T. ) ;
#775 = EDGE_CURVE ( 'NONE', #5720, #6767, #5933, .T. ) ;
#776 = CARTESIAN_POINT ( 'NONE',  ( -2.557449738753704516, 24.91208642535007201, 0.1054242819992335517 ) ) ;
#777 = CARTESIAN_POINT ( 'NONE',  ( -1.951153976976774063, 23.76347532824769004, 0.1053644728430181421 ) ) ;
#778 = CARTESIAN_POINT ( 'NONE',  ( -1.336099335474138394, 25.50409879615422781, 0.1044971768027743997 ) ) ;
#779 = CARTESIAN_POINT ( 'NONE',  ( -1.610217617702172088, 25.48595904485342700, 0.05000021049832928388 ) ) ;
#780 = AXIS2_PLACEMENT_3D ( 'NONE', #904, #8797, #1655 ) ;
#781 = CARTESIAN_POINT ( 'NONE',  ( -2.239186317043769137, 25.76906271720724106, 0.3999999999996778355 ) ) ;
#782 = CARTESIAN_POINT ( 'NONE',  ( -2.290925467435514840, 24.17416084733626036, 0.05000000000000002359 ) ) ;
#783 = CARTESIAN_POINT ( 'NONE',  ( -1.309156774222029584, 25.79568743560615474, 0.3999999999996775579 ) ) ;
#784 = EDGE_LOOP ( 'NONE', ( #5638, #8997, #7764, #8638 ) ) ;
#785 = CARTESIAN_POINT ( 'NONE',  ( -2.554402657327623061, 24.34877326008450993, 0.1069514590914787816 ) ) ;
#786 = ORIENTED_EDGE ( 'NONE', *, *, #7992, .F. ) ;
#787 = CARTESIAN_POINT ( 'NONE',  ( -1.236897204679500595, 25.27616623882420299, 0.05000000000000000278 ) ) ;
#788 = CARTESIAN_POINT ( 'NONE',  ( -1.034829341361257482, 25.54775528705366128, 0.2239140805225799669 ) ) ;
#789 = CARTESIAN_POINT ( 'NONE',  ( -0.6924883499666515396, 24.15378871433455998, 0.2234432946067904935 ) ) ;
#790 = LINE ( 'NONE', #1450, #5523 ) ;
#791 = FACE_OUTER_BOUND ( 'NONE', #2388, .T. ) ;
#792 = CARTESIAN_POINT ( 'NONE',  ( -1.332838036590432429, 23.85915341816923885, 0.04999999999999981543 ) ) ;
#793 = DIRECTION ( 'NONE',  ( 0.000000000000000000, 0.000000000000000000, -1.000000000000000000 ) ) ;
#794 = B_SPLINE_SURFACE_WITH_KNOTS ( 'NONE', 3, 1, ( 
 ( #2747, #443, #8341, #4061, #1241 ),
 ( #1947, #490, #9086, #5421, #1849 ),
 ( #9174, #3310, #4718, #6275, #6232 ),
 ( #7589, #5517, #2652, #1149, #8479 ),
 ( #8388, #6183, #7776, #1325, #9039 ),
 ( #2607, #9133, #5467, #6941, #4114 ),
 ( #2697, #7735, #1897, #1198, #6984 ),
 ( #8436, #4854, #1281, #4156, #576 ),
 ( #619, #9222, #3535, #1372, #7238 ),
 ( #2245, #4329, #3577, #2960, #5735 ),
 ( #1545, #7194, #5115, #7069, #5820 ),
 ( #4377, #2788, #8559, #6365, #4980 ),
 ( #8692, #5651, #3489, #752, #2119 ),
 ( #7862, #8516, #7997, #2078, #8642 ),
 ( #4935, #9270, #4291, #7154, #6451 ),
 ( #3619, #7111, #7817, #4244, #6495 ),
 ( #667, #8601, #52, #1414, #2833 ),
 ( #6409, #5693, #707, #8, #5071 ),
 ( #2913, #2871, #2161, #5022, #7903 ) ),
 .UNSPECIFIED., .F., .F., .F.,
 ( 4, 3, 1, 1, 1, 1, 1, 1, 1, 1, 1, 3, 4 ),
 ( 2, 1, 1, 1, 2 ),
 ( -0.01000000000000000021, 0.000000000000000000, 0.1250000000000000000, 0.2500000000000000000, 0.3750000000000000000, 0.5000000000000000000, 0.6250000000000000000, 0.7500000000000000000, 0.8125000000000000000, 0.8750000000000000000, 0.9375000000000000000, 1.000000000000000000, 1.010099999999999998 ),
 ( -0.01123406421289352593, 0.000000000000000000, 1.000000000000000000, 1.109231073797441569, 1.123406421289352641 ),
 .UNSPECIFIED. ) ;
#795 = ORIENTED_EDGE ( 'NONE', *, *, #2558, .F. ) ;
#796 = VECTOR ( 'NONE', #7713, 39.37007874015748143 ) ;
#797 = CARTESIAN_POINT ( 'NONE',  ( -1.047480314960560932, 25.27251968503944468, 0.2999999999999999889 ) ) ;
#798 = CARTESIAN_POINT ( 'NONE',  ( -0.9196613519561712691, 25.33668965980630006, 0.1666749922046793786 ) ) ;
#799 = CARTESIAN_POINT ( 'NONE',  ( -0.6525108392211896868, 24.35189738228398326, 0.2255159370327027846 ) ) ;
#800 = CARTESIAN_POINT ( 'NONE',  ( -2.715643107284629210, 25.52691966002209512, 0.3999999999996786126 ) ) ;
#801 = CARTESIAN_POINT ( 'NONE',  ( -2.415435088919711593, 24.41728199645812580, 0.05000458680884144191 ) ) ;
#802 = ORIENTED_EDGE ( 'NONE', *, *, #1168, .F. ) ;
#803 = CARTESIAN_POINT ( 'NONE',  ( -0.5509351314774662001, 25.20437417209097575, 0.3999999999996796674 ) ) ;
#804 = CARTESIAN_POINT ( 'NONE',  ( -1.074027918255143099, 23.81475048501911829, 0.1645153097076153814 ) ) ;
#805 = ORIENTED_EDGE ( 'NONE', *, *, #1158, .T. ) ;
#806 = CARTESIAN_POINT ( 'NONE',  ( -0.7325482073016458262, 24.98076335554970484, 0.1662079973072316252 ) ) ;
#807 = ORIENTED_EDGE ( 'NONE', *, *, #5302, .T. ) ;
#808 = EDGE_LOOP ( 'NONE', ( #3650, #8546, #5999, #4239 ) ) ;
#809 = VECTOR ( 'NONE', #4831, 39.37007874015748143 ) ;
#810 = CARTESIAN_POINT ( 'NONE',  ( -2.524297413595603334, 24.64896445042894868, 0.000000000000000000 ) ) ;
#811 = CARTESIAN_POINT ( 'NONE',  ( -2.674365721828180220, 23.84582561830988467, 0.4499999999996848188 ) ) ;
#812 = CARTESIAN_POINT ( 'NONE',  ( -0.8015234627995353467, 24.90658941630797329, 0.1012981383443536665 ) ) ;
#813 = CARTESIAN_POINT ( 'NONE',  ( -1.888937240996668709, 25.46089196689271006, 0.04616675073243143440 ) ) ;
#814 = CARTESIAN_POINT ( 'NONE',  ( -2.443314329889239023, 24.52756719078865189, 0.05000000000000003747 ) ) ;
#815 = CARTESIAN_POINT ( 'NONE',  ( -0.8065115967530506191, 23.64664772702201745, 0.3716871723291857998 ) ) ;
#816 = CARTESIAN_POINT ( 'NONE',  ( -2.488777718010151130, 23.65762132959500974, 0.4499999999996854294 ) ) ;
#817 = DIRECTION ( 'NONE',  ( -0.000000000000000000, -0.000000000000000000, 1.000000000000000000 ) ) ;
#818 = CARTESIAN_POINT ( 'NONE',  ( -1.153188976377882202, 25.28617529523545926, 0.09048725210063875146 ) ) ;
#819 = CARTESIAN_POINT ( 'NONE',  ( -2.722179533940501273, 25.38428683890368731, 0.3427135480102201925 ) ) ;
#820 = DIRECTION ( 'NONE',  ( 6.123233995737012555E-17, 0.000000000000000000, 1.000000000000000000 ) ) ;
#821 = CARTESIAN_POINT ( 'NONE',  ( -2.769634803897480957, 25.00129666380443894, 0.2848513901103674750 ) ) ;
#822 = CARTESIAN_POINT ( 'NONE',  ( -2.018779239924711089, 23.70053647672724040, 0.1646782893908041723 ) ) ;
#823 = CARTESIAN_POINT ( 'NONE',  ( -1.028812867552806987, 25.83305629113807456, 0.4025576853626482987 ) ) ;
#824 = CARTESIAN_POINT ( 'NONE',  ( -2.080832654870303777, 25.79431573094741026, 0.4499999999996776023 ) ) ;
#825 = CARTESIAN_POINT ( 'NONE',  ( -0.5736768947038366484, 25.39942721717620699, 0.4431958362722957512 ) ) ;
#826 = DIRECTION ( 'NONE',  ( 1.499307563813103888E-15, 1.000000000000000000, 0.000000000000000000 ) ) ;
#827 = CARTESIAN_POINT ( 'NONE',  ( -2.052828192121719741, 25.84727520170461190, 0.4432038989961591957 ) ) ;
#828 = EDGE_LOOP ( 'NONE', ( #7363, #2839, #2943, #2750, #8070 ) ) ;
#829 = CARTESIAN_POINT ( 'NONE',  ( -2.486505027620207642, 24.16904394198723693, 0.1052700002106396332 ) ) ;
#830 = VERTEX_POINT ( 'NONE', #6930 ) ;
#831 = CARTESIAN_POINT ( 'NONE',  ( -1.238217461024337496, 25.27018071848992875, 0.04606796101003840516 ) ) ;
#832 = CARTESIAN_POINT ( 'NONE',  ( -2.600731902732025258, 25.53084754056523309, 0.3426916367414754028 ) ) ;
#833 = CARTESIAN_POINT ( 'NONE',  ( -0.7477594945001845295, 24.03973846939813086, 0.2228950363632594411 ) ) ;
#834 = EDGE_CURVE ( 'NONE', #6229, #6980, #5497, .T. ) ;
#835 = CARTESIAN_POINT ( 'NONE',  ( -0.6534814853428806414, 24.94411545625608539, 0.2254036661536885922 ) ) ;
#836 = CARTESIAN_POINT ( 'NONE',  ( -2.456014089398126377, 24.10377001098354910, 0.1107044649475637799 ) ) ;
#837 = CARTESIAN_POINT ( 'NONE',  ( -0.8337985431000282111, 24.70631636035527379, 0.05000101938449869748 ) ) ;
#838 = CARTESIAN_POINT ( 'NONE',  ( -2.858503937007897289, 25.66622047220959146, 0.6074803150392285023 ) ) ;
#839 = ORIENTED_EDGE ( 'NONE', *, *, #1910, .F. ) ;
#840 = CARTESIAN_POINT ( 'NONE',  ( -0.8004996208916849154, 25.66499690279566082, 0.3882954341498372486 ) ) ;
#841 = DIRECTION ( 'NONE',  ( 0.000000000000000000, 1.000000000000000000, -3.607743797525388930E-15 ) ) ;
#842 = CARTESIAN_POINT ( 'NONE',  ( -0.5117231958586543339, 24.29618478362585421, 0.3451725672662995237 ) ) ;
#843 = AXIS2_PLACEMENT_3D ( 'NONE', #6902, #7604, #1160 ) ;
#844 = CARTESIAN_POINT ( 'NONE',  ( -2.080231730589172656, 25.30081969345125970, 0.05000000000000000278 ) ) ;
#845 = CARTESIAN_POINT ( 'NONE',  ( -0.6931496062992357210, 23.74692913385828774, 0.1999999999996848743 ) ) ;
#846 = ORIENTED_EDGE ( 'NONE', *, *, #6204, .T. ) ;
#847 = FACE_OUTER_BOUND ( 'NONE', #4228, .T. ) ;
#848 = CARTESIAN_POINT ( 'NONE',  ( -0.9187445054570447800, 23.71599645154688218, 0.2833126091898813259 ) ) ;
#849 = EDGE_LOOP ( 'NONE', ( #7072, #8838, #5520, #7288 ) ) ;
#850 = CARTESIAN_POINT ( 'NONE',  ( -0.5898421748790155794, 25.04795196496669263, 0.2850549979344998430 ) ) ;
#851 = CARTESIAN_POINT ( 'NONE',  ( -1.958559978262940371, 25.52248291540933778, 0.1071260165324734309 ) ) ;
#852 = ORIENTED_EDGE ( 'NONE', *, *, #1739, .F. ) ;
#853 = CARTESIAN_POINT ( 'NONE',  ( -1.454967862321306038, 23.82197584546382174, 0.05001968603761389187 ) ) ;
#854 = VECTOR ( 'NONE', #8733, 39.37007874015748143 ) ;
#855 = CARTESIAN_POINT ( 'NONE',  ( -2.423070353238456764, 23.60689754957306974, 0.3999999999996854405 ) ) ;
#856 = CARTESIAN_POINT ( 'NONE',  ( -1.056571756805332107, 23.86307086614184314, 0.1451529750439427002 ) ) ;
#857 = CARTESIAN_POINT ( 'NONE',  ( -1.047815204056564697, 24.19636776176372450, 0.05000000000000000278 ) ) ;
#858 = CARTESIAN_POINT ( 'NONE',  ( -2.414750807986020487, 24.41506009127898835, 0.05000000000000000278 ) ) ;
#859 = CARTESIAN_POINT ( 'NONE',  ( -0.5356692913910998666, 25.39456692905514146, 0.4499999999996789901 ) ) ;
#860 = DIRECTION ( 'NONE',  ( -6.123233995736998996E-17, -3.552713678800503296E-15, -1.000000000000000000 ) ) ;
#861 = CARTESIAN_POINT ( 'NONE',  ( -1.285016485396609731, 25.30962241317330097, 0.04999999999998500783 ) ) ;
#862 = CARTESIAN_POINT ( 'NONE',  ( -2.399784765340950976, 25.22087752300036456, 0.1566266520637490944 ) ) ;
#863 = CARTESIAN_POINT ( 'NONE',  ( -2.504321980706128770, 25.24730676071035163, 0.1645144950645533177 ) ) ;
#864 = CARTESIAN_POINT ( 'NONE',  ( -1.717401853996950667, 23.87197308061347556, 0.04999999999999999584 ) ) ;
#865 = CARTESIAN_POINT ( 'NONE',  ( -2.632241385026170111, 24.90951144591340594, 0.1656083647136815939 ) ) ;
#866 = CARTESIAN_POINT ( 'NONE',  ( -2.026330782823452914, 23.40611351111382277, 0.4051879058153685653 ) ) ;
#867 = CIRCLE ( 'NONE', #6142, 0.1057086614173214645 ) ;
#868 = CARTESIAN_POINT ( 'NONE',  ( -1.280001472909870319, 25.65186702936201613, 0.2242362343411027636 ) ) ;
#869 = DIRECTION ( 'NONE',  ( -1.499307563813103691E-15, -1.000000000000000000, 0.000000000000000000 ) ) ;
#870 = ADVANCED_FACE ( 'NONE', ( #4005 ), #6883, .F. ) ;
#871 = CARTESIAN_POINT ( 'NONE',  ( -0.5388146291944210242, 25.33947228307653887, 0.4431958362722950850 ) ) ;
#872 = CARTESIAN_POINT ( 'NONE',  ( -2.114670457575864582, 24.01368304359531081, 0.04606817219003302155 ) ) ;
#873 = CARTESIAN_POINT ( 'NONE',  ( -1.208914898855875775, 25.83758351053639757, 0.4381354253312851887 ) ) ;
#874 = VERTEX_POINT ( 'NONE', #1887 ) ;
#875 = CARTESIAN_POINT ( 'NONE',  ( -2.852548889128148968, 23.95636941621033955, 0.4023497511714566599 ) ) ;
#876 = ORIENTED_EDGE ( 'NONE', *, *, #3978, .T. ) ;
#877 = CARTESIAN_POINT ( 'NONE',  ( -1.340336834647013697, 25.33695560537725555, 0.04999999999999996114 ) ) ;
#878 = CARTESIAN_POINT ( 'NONE',  ( -0.9989667005943193567, 25.62712161460990146, 0.2833137314278482144 ) ) ;
#879 = CARTESIAN_POINT ( 'NONE',  ( -0.8722400449038520964, 24.38144019354579228, 0.04553990617308874972 ) ) ;
#880 =( NAMED_UNIT ( * ) PLANE_ANGLE_UNIT ( ) SI_UNIT ( $, .RADIAN. ) );
#881 = CARTESIAN_POINT ( 'NONE',  ( -2.241598162128186189, 23.79040121889183723, 0.1630540811319724226 ) ) ;
#882 = CARTESIAN_POINT ( 'NONE',  ( -1.313071940194149967, 23.46149606299216472, 0.3583006291519719722 ) ) ;
#883 = CARTESIAN_POINT ( 'NONE',  ( -0.8335812628699517113, 24.58271335542172764, 0.05000001999436820554 ) ) ;
#884 = FACE_OUTER_BOUND ( 'NONE', #828, .T. ) ;
#885 = EDGE_CURVE ( 'NONE', #87, #1507, #8702, .T. ) ;
#886 = EDGE_CURVE ( 'NONE', #6747, #2525, #8268, .T. ) ;
#887 = CARTESIAN_POINT ( 'NONE',  ( -0.7669665409655264110, 25.54036480255080477, 0.3408887429852394124 ) ) ;
#888 = CARTESIAN_POINT ( 'NONE',  ( -2.744934126844754463, 23.94493091363000659, 0.4499999999996842637 ) ) ;
#889 = CARTESIAN_POINT ( 'NONE',  ( -0.7123381863504913980, 24.82265181625371042, 0.1665536047653977114 ) ) ;
#890 = CARTESIAN_POINT ( 'NONE',  ( -1.931312651561871929, 25.37148916632639128, 0.04999999999999999584 ) ) ;
#891 = CARTESIAN_POINT ( 'NONE',  ( -1.122212143204000645, 23.93765094622168021, 0.1371923336857259479 ) ) ;
#892 = B_SPLINE_CURVE_WITH_KNOTS ( 'NONE', 3,
 ( #3430, #7093, #9115, #6162, #5448, #4836, #6257, #1877, #4040, #1223, #3382, #6969, #6213, #2016 ),
 .UNSPECIFIED., .F., .F.,
 ( 4, 1, 1, 1, 1, 1, 1, 1, 1, 1, 1, 4 ),
 ( 1.308791943699528687E-06, 0.08998027613486281329, 0.1694628817183434499, 0.2383957077986075257, 0.2967631920470439333, 0.3445646054207092135, 0.3818021648798135548, 0.4084762349779536006, 0.6186525134108199486, 0.7873374870473502929, 0.9145010897663746752, 1.000000000000000000 ),
 .UNSPECIFIED. ) ;
#893 = VERTEX_POINT ( 'NONE', #5644 ) ;
#894 = CARTESIAN_POINT ( 'NONE',  ( -2.096327773254150539, 23.43771871910967164, 0.4432038780669233513 ) ) ;
#895 = CARTESIAN_POINT ( 'NONE',  ( -0.8821390868026353083, 23.86819220865646685, 0.2239141790597143078 ) ) ;
#896 = VERTEX_POINT ( 'NONE', #2029 ) ;
#897 = CARTESIAN_POINT ( 'NONE',  ( -0.8020159548864594923, 24.94299765622676901, 0.1068631192855314660 ) ) ;
#898 = CARTESIAN_POINT ( 'NONE',  ( -1.964946069782802063, 25.52106580407138736, 0.1070384836296461722 ) ) ;
#899 = ORIENTED_EDGE ( 'NONE', *, *, #7796, .T. ) ;
#900 = DIRECTION ( 'NONE',  ( -6.123233995736998996E-17, -3.552713678800503296E-15, -1.000000000000000000 ) ) ;
#901 = CARTESIAN_POINT ( 'NONE',  ( -2.518617165720888007, 23.74928130096382972, 0.3047191714647786154 ) ) ;
#902 = CARTESIAN_POINT ( 'NONE',  ( -2.725141349756391662, 23.91413158618367873, 0.3999999999996843858 ) ) ;
#903 = ORIENTED_EDGE ( 'NONE', *, *, #2401, .T. ) ;
#904 = CARTESIAN_POINT ( 'NONE',  ( -2.307322834645600285, 24.01267716535440400, 0.05000000000000000278 ) ) ;
#905 = CARTESIAN_POINT ( 'NONE',  ( -0.4962992125984483915, 25.48905511771360111, 0.3999999999996787237 ) ) ;
#906 = B_SPLINE_CURVE_WITH_KNOTS ( 'NONE', 3,
 ( #7649, #3920, #6699, #1156, #4021, #1857, #1904, #3266, #2614, #7547, #7497, #257, #4679, #3118, #4725, #6141 ),
 .UNSPECIFIED., .F., .F.,
 ( 4, 2, 2, 2, 2, 2, 2, 4 ),
 ( 0.0001683553610694633331, 0.01311400062940416313, 0.01635041194648784169, 0.01796861760502967489, 0.01958682326357151504, 0.02120502892211335172, 0.02282323458065518840, 0.02605964589773919829 ),
 .UNSPECIFIED. ) ;
#907 = CARTESIAN_POINT ( 'NONE',  ( -2.829328673254415616, 25.04399774539407275, 0.4499999999996805444 ) ) ;
#908 = DIRECTION ( 'NONE',  ( 0.000000000000000000, 1.000000000000000000, -3.854941057726282076E-15 ) ) ;
#909 = DIRECTION ( 'NONE',  ( 6.123233995736998996E-17, 3.552713678800503296E-15, 1.000000000000000000 ) ) ;
#910 = VECTOR ( 'NONE', #7397, 39.37007874015748143 ) ;
#911 = CARTESIAN_POINT ( 'NONE',  ( -1.117507245689583595, 25.35195876370842427, 0.1416165513437875612 ) ) ;
#912 = CARTESIAN_POINT ( 'NONE',  ( -2.358937274817899166, 25.15586471849298178, 0.04571512629110911774 ) ) ;
#913 = DIRECTION ( 'NONE',  ( 1.000000000000000000, 0.000000000000000000, 0.000000000000000000 ) ) ;
#914 = EDGE_CURVE ( 'NONE', #3063, #5500, #4663, .T. ) ;
#915 = CIRCLE ( 'NONE', #1078, 0.2074803149606297969 ) ;
#916 = CARTESIAN_POINT ( 'NONE',  ( -2.845624738768730566, 24.47080912926915630, 0.3462259092611738032 ) ) ;
#917 = CARTESIAN_POINT ( 'NONE',  ( -1.944335907425481791, 23.68776189544952615, 0.1656081094771422180 ) ) ;
#918 = CARTESIAN_POINT ( 'NONE',  ( -1.259567143428652836, 25.87855535940170526, 0.4045240682169491953 ) ) ;
#919 = CARTESIAN_POINT ( 'NONE',  ( -2.487393387315018689, 24.37724700325918903, 0.000000000000000000 ) ) ;
#920 = EDGE_CURVE ( 'NONE', #4496, #5654, #4364, .T. ) ;
#921 = ADVANCED_FACE ( 'NONE', ( #791 ), #6580, .F. ) ;
#922 = CARTESIAN_POINT ( 'NONE',  ( -0.6512524340016411228, 25.40211871405350763, 0.3999999999996790567 ) ) ;
#923 = CARTESIAN_POINT ( 'NONE',  ( -2.403389383734958251, 23.59312368440613383, 0.3999999999996855515 ) ) ;
#924 = CARTESIAN_POINT ( 'NONE',  ( -1.677401473564111622, 25.41712742995625263, 0.05000000000000007910 ) ) ;
#925 = ORIENTED_EDGE ( 'NONE', *, *, #8637, .T. ) ;
#926 = CARTESIAN_POINT ( 'NONE',  ( -2.543153173793351929, 24.30689481231565097, 0.1064231613552605593 ) ) ;
#927 = ORIENTED_EDGE ( 'NONE', *, *, #9263, .F. ) ;
#928 = CARTESIAN_POINT ( 'NONE',  ( -0.9078967450954859020, 25.72910726212439769, 0.4381354253312858549 ) ) ;
#929 = DIRECTION ( 'NONE',  ( -0.000000000000000000, -0.000000000000000000, -1.000000000000000000 ) ) ;
#930 = EDGE_CURVE ( 'NONE', #2503, #8548, #92, .T. ) ;
#931 = CARTESIAN_POINT ( 'NONE',  ( -0.6680643609875771549, 24.24517221406200917, 0.2242919301750773420 ) ) ;
#932 = CARTESIAN_POINT ( 'NONE',  ( -2.679085986590343804, 25.29225171644323567, 0.2826134306338174418 ) ) ;
#933 = AXIS2_PLACEMENT_3D ( 'NONE', #8037, #6320, #3659 ) ;
#934 = CARTESIAN_POINT ( 'NONE',  ( -2.233415020813628082, 23.78515283849847251, 0.1630652767990531382 ) ) ;
#935 = CARTESIAN_POINT ( 'NONE',  ( -2.713497584061846268, 23.75158148722096030, 0.4017248467922806543 ) ) ;
#936 = CARTESIAN_POINT ( 'NONE',  ( -1.149704195216537661, 25.41576633751847680, 0.1032703203566082278 ) ) ;
#937 = CARTESIAN_POINT ( 'NONE',  ( -2.413031496062921555, 25.27251968503944468, 0.2999999999999999889 ) ) ;
#938 = EDGE_LOOP ( 'NONE', ( #1895, #8743, #5556, #5451, #9081, #8645, #3143, #3838, #955, #5731, #2682, #6373, #4331, #3652, #4452, #6534, #5196, #3002, #3155, #7806 ) ) ;
#939 = CARTESIAN_POINT ( 'NONE',  ( -0.7025555423022153967, 25.51355555500672168, 0.3607522236018307349 ) ) ;
#940 = DIRECTION ( 'NONE',  ( -0.000000000000000000, -0.000000000000000000, -1.000000000000000000 ) ) ;
#941 = CARTESIAN_POINT ( 'NONE',  ( -0.8589773698698576210, 24.85416490497290809, 0.04627868419450350407 ) ) ;
#942 = EDGE_CURVE ( 'NONE', #7573, #9218, #4217, .T. ) ;
#943 = CARTESIAN_POINT ( 'NONE',  ( -2.388873065479895086, 24.08023837488737229, 0.1438398071561887703 ) ) ;
#944 = CARTESIAN_POINT ( 'NONE',  ( -1.901075831144948047, 25.38112740586872462, 0.05000000000000000278 ) ) ;
#945 = CARTESIAN_POINT ( 'NONE',  ( -1.130571524752825630, 23.94702938881006204, 0.1284918900676897957 ) ) ;
#946 = CYLINDRICAL_SURFACE ( 'NONE', #3722, 0.08858267716535331293 ) ;
#947 = CARTESIAN_POINT ( 'NONE',  ( -0.8547556750298169748, 24.03208788749971347, 0.1645144966337548365 ) ) ;
#948 = ORIENTED_EDGE ( 'NONE', *, *, #1412, .T. ) ;
#949 = CARTESIAN_POINT ( 'NONE',  ( -0.7975171970446360836, 24.92375709765642355, 0.1071259772477180378 ) ) ;
#950 = CARTESIAN_POINT ( 'NONE',  ( -2.127629678128713397, 25.80036528322334277, 0.3443890845646408461 ) ) ;
#951 = ORIENTED_EDGE ( 'NONE', *, *, #8779, .F. ) ;
#952 = CARTESIAN_POINT ( 'NONE',  ( -2.466532029529707515, 24.97325738406258111, 0.000000000000000000 ) ) ;
#953 = CARTESIAN_POINT ( 'NONE',  ( -2.218937830941193123, 23.86588901838663546, 0.1107055433077935858 ) ) ;
#954 = CARTESIAN_POINT ( 'NONE',  ( -0.5241477381242682920, 24.99467927368627329, 0.4499999999996804334 ) ) ;
#955 = ORIENTED_EDGE ( 'NONE', *, *, #5880, .F. ) ;
#956 = CARTESIAN_POINT ( 'NONE',  ( -2.383259005926182006, 23.93874142804806837, 0.2062031513019981499 ) ) ;
#957 = CARTESIAN_POINT ( 'NONE',  ( -0.5721013044362903699, 25.32543419495294046, 0.3999999999996793343 ) ) ;
#958 = CARTESIAN_POINT ( 'NONE',  ( -2.829355907927889824, 25.04351052717912651, 0.4499999999996804889 ) ) ;
#959 = CARTESIAN_POINT ( 'NONE',  ( -2.510556091444545501, 23.67583078738624991, 0.4499999999996852629 ) ) ;
#960 = CARTESIAN_POINT ( 'NONE',  ( -2.661653543307109793, 25.74043307086616394, 0.1999999999996778521 ) ) ;
#961 = CARTESIAN_POINT ( 'NONE',  ( -2.413031496062921999, 25.27251968503944468, 0.1865635972340143889 ) ) ;
#962 = CARTESIAN_POINT ( 'NONE',  ( -2.725141349762977061, 23.91413158619397805, 0.3999999999996843858 ) ) ;
#963 = CARTESIAN_POINT ( 'NONE',  ( -2.014041042044980134, 25.42921637819257796, 0.04994498336424998269 ) ) ;
#964 = CARTESIAN_POINT ( 'NONE',  ( -2.573570957499512701, 24.82278949215517372, 0.1065547359085865092 ) ) ;
#965 = AXIS2_PLACEMENT_3D ( 'NONE', #4296, #6325, #5658 ) ;
#966 = CARTESIAN_POINT ( 'NONE',  ( -1.780357575756361888, 23.40840846805446773, 0.4063281932385038320 ) ) ;
#967 = CARTESIAN_POINT ( 'NONE',  ( -1.439382112244551148, 25.45414691848673172, 0.04578346857784967860 ) ) ;
#968 = CARTESIAN_POINT ( 'NONE',  ( -0.6222918320626509292, 25.40102537814441419, 0.3551941797212496699 ) ) ;
#969 = DIRECTION ( 'NONE',  ( 0.000000000000000000, -0.000000000000000000, -1.000000000000000000 ) ) ;
#970 = CARTESIAN_POINT ( 'NONE',  ( -2.456929133858062997, 24.22506638276639634, 0.06841608527647380367 ) ) ;
#971 = CARTESIAN_POINT ( 'NONE',  ( -1.865552629413850028, 25.38707663437907058, 0.04606796101003841903 ) ) ;
#972 = ORIENTED_EDGE ( 'NONE', *, *, #7504, .T. ) ;
#973 = CARTESIAN_POINT ( 'NONE',  ( -1.177167780642469408, 23.50210534427434084, 0.3999999999996857181 ) ) ;
#974 = CARTESIAN_POINT ( 'NONE',  ( -2.689565914324498319, 24.25207707287415460, 0.2254252060507576649 ) ) ;
#975 = VERTEX_POINT ( 'NONE', #7063 ) ;
#976 = CARTESIAN_POINT ( 'NONE',  ( -1.233041341657479473, 25.27348535034023769, 0.05000000000000000278 ) ) ;
#977 = CARTESIAN_POINT ( 'NONE',  ( -2.661653543307109793, 23.65834645669293579, 0.4499999999996853184 ) ) ;
#978 = CARTESIAN_POINT ( 'NONE',  ( -0.5225110760819788869, 24.17659961616632103, 0.3438838710836721879 ) ) ;
#979 = CARTESIAN_POINT ( 'NONE',  ( -2.701303771915739116, 25.25223105670681534, 0.2827410648758192924 ) ) ;
#980 = CARTESIAN_POINT ( 'NONE',  ( -2.265269219369972387, 23.80615745762693791, 0.1630334794161459044 ) ) ;
#981 = CARTESIAN_POINT ( 'NONE',  ( -2.532523592943125124, 23.97194124181210739, 0.2077150339036168414 ) ) ;
#982 = CARTESIAN_POINT ( 'NONE',  ( -2.456929133858066105, 25.20735450293295443, 0.1215068087359344878 ) ) ;
#983 = CARTESIAN_POINT ( 'NONE',  ( -2.830655411561412649, 24.29051793536090997, 0.3999999999996830535 ) ) ;
#984 = CIRCLE ( 'NONE', #4581, 0.08858267716535331293 ) ;
#985 = VERTEX_POINT ( 'NONE', #2 ) ;
#986 = CARTESIAN_POINT ( 'NONE',  ( -0.8064782597667888853, 25.63888792491134794, 0.3718793857044226381 ) ) ;
#987 = DIRECTION ( 'NONE',  ( -1.000000000000000000, 0.000000000000000000, 0.000000000000000000 ) ) ;
#988 = CARTESIAN_POINT ( 'NONE',  ( -0.4432124550224302295, 24.53966140650495120, 0.4063275488411861036 ) ) ;
#989 = CARTESIAN_POINT ( 'NONE',  ( -2.216803393645977227, 24.06780488843974908, 0.06149060584167109073 ) ) ;
#990 = CARTESIAN_POINT ( 'NONE',  ( -2.113798237216922615, 25.27902222656549114, 0.05000000000000000971 ) ) ;
#991 = CARTESIAN_POINT ( 'NONE',  ( -1.128188976377882513, 24.01267716535440400, 0.05000000000000000278 ) ) ;
#992 = ORIENTED_EDGE ( 'NONE', *, *, #6687, .T. ) ;
#993 = EDGE_LOOP ( 'NONE', ( #2786, #6179, #6292, #8093 ) ) ;
#995 = ADVANCED_FACE ( 'NONE', ( #7105 ), #660, .T. ) ;
#994 = CARTESIAN_POINT ( 'NONE',  ( -0.7534443096741427759, 25.25739338626976505, 0.2239265423158078860 ) ) ;
#996 = CARTESIAN_POINT ( 'NONE',  ( -2.043802681230634910, 25.58075862297227232, 0.1658876221833036624 ) ) ;
#997 = VERTEX_POINT ( 'NONE', #9214 ) ;
#998 = CIRCLE ( 'NONE', #6552, 0.08858267716535331293 ) ;
#999 = CARTESIAN_POINT ( 'NONE',  ( -0.9090045141632275838, 24.10764495649116412, 0.1033571757939951985 ) ) ;
#1000 = AXIS2_PLACEMENT_3D ( 'NONE', #7461, #6151, #1020 ) ;
#1001 = CARTESIAN_POINT ( 'NONE',  ( -2.520810964413614297, 23.56746207152787065, 0.4017261878039348200 ) ) ;
#1002 = CARTESIAN_POINT ( 'NONE',  ( -0.8907447501525004308, 24.97934053170802571, 0.000000000000000000 ) ) ;
#1003 = VERTEX_POINT ( 'NONE', #3612 ) ;
#1004 = CARTESIAN_POINT ( 'NONE',  ( -2.365473924853812804, 23.92408199785591805, 0.2048326751261698719 ) ) ;
#1005 = CARTESIAN_POINT ( 'NONE',  ( -1.314101496007025638, 23.62518640165080086, 0.2257254924369143101 ) ) ;
#1006 = CARTESIAN_POINT ( 'NONE',  ( -2.731377620420631480, 25.36162151770076534, 0.3999999999996792233 ) ) ;
#1007 = CARTESIAN_POINT ( 'NONE',  ( -0.8700567982188862626, 24.91670233840374493, 0.04999966344051619271 ) ) ;
#1008 = DIRECTION ( 'NONE',  ( 1.000000000000000000, -1.343011723336886945E-15, 0.000000000000000000 ) ) ;
#1009 = CARTESIAN_POINT ( 'NONE',  ( -0.9417716535432393288, 25.27251968503944468, 0.1865635967097700743 ) ) ;
#1010 = DIRECTION ( 'NONE',  ( 5.096616489237592052E-11, -1.000000000000000000, 0.000000000000000000 ) ) ;
#1011 = DIRECTION ( 'NONE',  ( 0.000000000000000000, -1.000000000000000000, 3.574581707739659774E-15 ) ) ;
#1012 = AXIS2_PLACEMENT_3D ( 'NONE', #629, #675, #2213 ) ;
#1013 = EDGE_CURVE ( 'NONE', #3615, #4849, #5729, .T. ) ;
#1014 = CARTESIAN_POINT ( 'NONE',  ( -2.574759117685438525, 24.47463035064056314, 0.1066470373085968981 ) ) ;
#1015 = CARTESIAN_POINT ( 'NONE',  ( -1.896880001146951988, 23.54284778937633149, 0.2860764331466449928 ) ) ;
#1016 = CARTESIAN_POINT ( 'NONE',  ( -1.346143973384551940, 25.73684959242502757, 0.2851685330138836183 ) ) ;
#1017 = CARTESIAN_POINT ( 'NONE',  ( -2.796080583087386273, 25.42835491153029892, 0.4021237516782100729 ) ) ;
#1018 = CARTESIAN_POINT ( 'NONE',  ( -2.095810442037771892, 23.49165396253281202, 0.4499999999996858180 ) ) ;
#1019 = CARTESIAN_POINT ( 'NONE',  ( -2.124016983055946106, 24.02018064708464351, 0.04606817219003302155 ) ) ;
#1020 = DIRECTION ( 'NONE',  ( 0.000000000000000000, 1.000000000000000000, -3.532293795293271822E-15 ) ) ;
#1021 = CARTESIAN_POINT ( 'NONE',  ( -1.442516785678103375, 23.90749205646715225, 0.04999999999999999584 ) ) ;
#1022 = CARTESIAN_POINT ( 'NONE',  ( -2.824256541819275323, 24.12927760900040752, 0.3437979779200452946 ) ) ;
#1023 = ORIENTED_EDGE ( 'NONE', *, *, #4902, .T. ) ;
#1024 = CARTESIAN_POINT ( 'NONE',  ( -2.417186917739711838, 25.79099520453181427, 0.4021545863819304678 ) ) ;
#1025 = CARTESIAN_POINT ( 'NONE',  ( -2.557263451341332150, 25.58180501452177680, 0.3466753120710385216 ) ) ;
#1026 = CARTESIAN_POINT ( 'NONE',  ( -0.5138594895351379366, 24.24881491922072740, 0.3446413827416230924 ) ) ;
#1027 = CARTESIAN_POINT ( 'NONE',  ( -2.858591410497707042, 25.31588264779494324, 0.4024167322203202057 ) ) ;
#1028 = CARTESIAN_POINT ( 'NONE',  ( -2.156615022216720856, 23.94059371134643754, 0.04349852923276693872 ) ) ;
#1029 = CARTESIAN_POINT ( 'NONE',  ( -2.794919315128789439, 23.85672439579424520, 0.4017314938991657924 ) ) ;
#1030 = CARTESIAN_POINT ( 'NONE',  ( -2.596142451808247653, 23.75128187243179312, 0.3418755785157859273 ) ) ;
#1031 = CYLINDRICAL_SURFACE ( 'NONE', #3178, 0.08858267716535331293 ) ;
#1032 = B_SPLINE_SURFACE_WITH_KNOTS ( 'NONE', 3, 3, ( 
 ( #3235, #8822, #980, #2384, #3843, #2338, #6111 ),
 ( #4596, #8774, #6008, #6772, #3793, #8218, #1585 ),
 ( #3942, #324, #6670, #5399, #4459, #8077, #277 ),
 ( #1028, #8971, #3187, #1731, #8870, #8124, #3044 ),
 ( #5908, #5203, #226, #1778, #5253, #3889, #6061 ),
 ( #5301, #8921, #2435, #4646, #2482, #378, #6823 ),
 ( #4503, #7325, #881, #3746, #6626, #5962, #3089 ),
 ( #7516, #182, #934, #1081, #7369, #1682, #4553 ),
 ( #8172, #6255, #8414, #2769, #3380, #1176, #4137 ),
 ( #2727, #9199, #598, #3469, #2632, #8460, #9065 ),
 ( #5446, #1875, #7006, #8320, #1926, #4742, #4088 ),
 ( #7711, #4038, #423, #4833, #9113, #5582, #1969 ),
 ( #6918, #7758, #2580, #9018, #2677, #5540, #6870 ),
 ( #3428, #4698, #7620, #468, #5494, #6967, #515 ),
 ( #1263, #556, #3335, #6299, #8267, #9154, #2014 ),
 ( #1826, #1126, #6211, #4789, #4876, #1307, #4180 ),
 ( #7052, #7568, #3993, #3287, #8367, #7665, #1221 ),
 ( #6346, #6160, #7216, #2098, #2224, #5045, #2810 ),
 ( #3597, #5756, #123, #729, #7841, #1478, #5092 ),
 ( #6561, #7263, #822, #9290, #5798, #6430, #4999 ),
 ( #8540, #4350, #5674, #8583, #4961, #1433, #7969 ),
 ( #1394, #7091, #2181, #6474, #77, #8620, #3688 ),
 ( #1524, #9245, #6387, #32, #2894, #4221, #2934 ),
 ( #2059, #4269, #7132, #2853, #4309, #7174, #8665 ),
 ( #7924, #777, #4403, #687, #5629, #3644, #1351 ),
 ( #8499, #6517, #4916, #7798, #3554, #5714, #646 ),
 ( #2139, #7882, #3510, #3734, #4633, #4537, #5993 ),
 ( #7404, #8158, #5190, #6759, #2983, #8109, #8807 ),
 ( #2325, #2273, #8854, #7312, #213, #6046, #4583 ),
 ( #5947, #5334, #167, #7355, #5140, #6706, #866 ),
 ( #1619, #3031, #917, #8021, #263, #6609, #5895 ),
 ( #309, #3778, #2418, #5288, #3876, #3124, #1715 ),
 ( #3170, #7454, #1765, #8204, #1015, #8761, #7501 ),
 ( #6810, #1572, #6657, #8064, #2369, #8906, #1066 ),
 ( #2468, #4490, #3924, #5845, #3076, #8716, #966 ),
 ( #4446, #3829, #5238, #1665, #9142, #4125, #1293 ),
 ( #4864, #4025, #543, #1162, #9051, #6857, #3270 ),
 ( #410, #3323, #6146, #5480, #2706, #7745, #2619 ),
 ( #1811, #5433, #4730, #9006, #4684, #5569, #7606 ),
 ( #3414, #4821, #6904, #1251, #2566, #8353, #1956 ),
 ( #1913, #4072, #4166, #362, #8308, #6196, #8447 ),
 ( #2001, #1112, #3222, #8398, #5386, #6098, #8955 ),
 ( #4776, #3366, #1862, #454, #2517, #7653, #1208 ),
 ( #6952, #8254, #2663, #501, #6242, #9098, #5528 ),
 ( #7552, #6286, #7698, #6993, #3977, #2883, #2798 ),
 ( #7039, #4206, #2842, #6461, #19, #5081, #5744 ),
 ( #3586, #7870, #7203, #8609, #5785, #64, #7164 ),
 ( #2922, #3454, #1510, #6328, #2087, #5662, #6419 ),
 ( #8652, #6375, #2169, #3498, #3630, #5030, #7078 ) ),
 .UNSPECIFIED., .F., .F., .F.,
 ( 4, 3, 3, 3, 3, 3, 3, 3, 3, 3, 3, 3, 3, 3, 3, 3, 4 ),
 ( 4, 3, 4 ),
 ( -0.006363202637171304528, 0.009459323912916811974, 0.02528185046300492761, 0.05692690356318116235, 0.1202170097635336249, 0.2467972221642385500, 0.2784422752644147847, 0.3100873283645910194, 0.3417323814647672542, 0.3575549080148553438, 0.3733774345649434889, 0.4999576469656484279, 0.7531180717670582503, 0.8796982841677631892, 0.9429883903681156587, 0.9746334434682919490, 1.006278496568468128 ),
 ( 0.09877989049250829323, 0.6111073741974403228, 1.123434857902372297 ),
 .UNSPECIFIED. ) ;
#1033 = ORIENTED_EDGE ( 'NONE', *, *, #4371, .F. ) ;
#1034 = DIRECTION ( 'NONE',  ( -6.123233995736998996E-17, -3.552713678800503296E-15, -1.000000000000000000 ) ) ;
#1035 = CARTESIAN_POINT ( 'NONE',  ( -0.5241477380637351580, 24.29051752714402213, 0.4499999999996829314 ) ) ;
#1036 = CARTESIAN_POINT ( 'NONE',  ( -1.127945832599693610, 23.51379138724125895, 0.4499999999996857070 ) ) ;
#1037 = CARTESIAN_POINT ( 'NONE',  ( -0.6422756097349674453, 24.79511418846789539, 0.2266583945385833576 ) ) ;
#1038 = CARTESIAN_POINT ( 'NONE',  ( -1.569867409085644372, 25.48368821422447184, 0.05000000000000000971 ) ) ;
#1039 = EDGE_CURVE ( 'NONE', #8361, #3354, #2782, .T. ) ;
#1040 = CARTESIAN_POINT ( 'NONE',  ( -1.902716570364181514, 25.38062649920829017, 0.05000000000000000278 ) ) ;
#1041 = CARTESIAN_POINT ( 'NONE',  ( -2.701023621653566131, 23.46149606299214696, 0.6074803150392285023 ) ) ;
#1042 = DIRECTION ( 'NONE',  ( -6.123233995736998996E-17, -3.552713678800503296E-15, -1.000000000000000000 ) ) ;
#1043 = EDGE_CURVE ( 'NONE', #3354, #3785, #3801, .T. ) ;
#1044 = ADVANCED_FACE ( 'NONE', ( #3045 ), #7421, .F. ) ;
#1045 = EDGE_LOOP ( 'NONE', ( #2915, #5324, #231, #876 ) ) ;
#1046 = CARTESIAN_POINT ( 'NONE',  ( -0.9036872047239269401, 24.99900072118911254, 0.04642633788551091267 ) ) ;
#1047 = ORIENTED_EDGE ( 'NONE', *, *, #8779, .T. ) ;
#1048 = CARTESIAN_POINT ( 'NONE',  ( -1.047480314960560932, 24.01267716535440400, 0.2999999999999999889 ) ) ;
#1049 = ORIENTED_EDGE ( 'NONE', *, *, #1814, .T. ) ;
#1050 = CARTESIAN_POINT ( 'NONE',  ( -0.6997726668295571884, 23.95579260040060987, 0.2826155075676177186 ) ) ;
#1051 = EDGE_CURVE ( 'NONE', #8185, #4357, #1635, .T. ) ;
#1052 = ADVANCED_FACE ( 'NONE', ( #6722 ), #3048, .T. ) ;
#1053 = CARTESIAN_POINT ( 'NONE',  ( -2.544685303437313362, 23.77535951505064560, 0.3047193753175250208 ) ) ;
#1054 = CARTESIAN_POINT ( 'NONE',  ( -2.317543108015861275, 23.54561475116915403, 0.4499999999996855959 ) ) ;
#1055 = ORIENTED_EDGE ( 'NONE', *, *, #63, .F. ) ;
#1056 = CARTESIAN_POINT ( 'NONE',  ( -0.8978740157478636297, 1.346189303162018005E-15, 0.000000000000000000 ) ) ;
#1057 = CARTESIAN_POINT ( 'NONE',  ( -1.415241250322432531, 23.75867140969796765, 0.1073767703097751741 ) ) ;
#1058 = CARTESIAN_POINT ( 'NONE',  ( -2.810061943751973157, 25.17951231623816355, 0.3999999999996799449 ) ) ;
#1059 = CARTESIAN_POINT ( 'NONE',  ( -0.6296623617797439953, 25.37106618896015675, 0.4499999999996791011 ) ) ;
#1060 = CARTESIAN_POINT ( 'NONE',  ( -1.846663564293902882, 25.39773910537311963, 0.05000000000005074691 ) ) ;
#1061 = CARTESIAN_POINT ( 'NONE',  ( -0.5244965435652628738, 24.25625307732077829, 0.3999999999996830535 ) ) ;
#1062 = CARTESIAN_POINT ( 'NONE',  ( -2.701023621653566131, 23.41149606299214625, 0.6074803150392285023 ) ) ;
#1063 = AXIS2_PLACEMENT_3D ( 'NONE', #8872, #8824, #1732 ) ;
#1064 = ADVANCED_FACE ( 'NONE', ( #3958 ), #3641, .T. ) ;
#1065 = CARTESIAN_POINT ( 'NONE',  ( -2.844955868498144191, 24.87540274428722142, 0.3459237597850035040 ) ) ;
#1066 = CARTESIAN_POINT ( 'NONE',  ( -1.875910964978488860, 23.40764313333837165, 0.4059543348977321386 ) ) ;
#1067 = B_SPLINE_CURVE_WITH_KNOTS ( 'NONE', 3,
 ( #5529, #2620, #544, #5481, #4026, #8354, #1914, #4777 ),
 .UNSPECIFIED., .F., .F.,
 ( 4, 2, 2, 4 ),
 ( 1.133401200886881229E-15, 0.0008326912741452239782, 0.001249036911217304546, 0.001665382548289385221 ),
 .UNSPECIFIED. ) ;
#1068 = CARTESIAN_POINT ( 'NONE',  ( -1.387506449974125644, 25.59410740710526966, 0.1653352826556075128 ) ) ;
#1069 = CARTESIAN_POINT ( 'NONE',  ( -0.8363143773075432108, 24.53504039579966900, 0.000000000000000000 ) ) ;
#1070 = CYLINDRICAL_SURFACE ( 'NONE', #8886, 0.1692913385826787520 ) ;
#1071 = CARTESIAN_POINT ( 'NONE',  ( -0.5463126020522094395, 24.10197847988312958, 0.4499999999996836531 ) ) ;
#1072 = DIRECTION ( 'NONE',  ( 1.000000000000000000, 0.000000000000000000, 0.000000000000000000 ) ) ;
#1073 = CARTESIAN_POINT ( 'NONE',  ( -1.218114476396656265, 24.02208990415380896, 0.05000000000000000278 ) ) ;
#1074 = CARTESIAN_POINT ( 'NONE',  ( -2.823062550891907829, 23.89879344482643475, 0.4021525123954225456 ) ) ;
#1075 = ORIENTED_EDGE ( 'NONE', *, *, #4906, .T. ) ;
#1076 = CARTESIAN_POINT ( 'NONE',  ( -2.251123835683855656, 25.49125262881113585, 0.1645175977955034008 ) ) ;
#1077 = CARTESIAN_POINT ( 'NONE',  ( -2.405868410375251454, 23.59485864866661586, 0.3999999999996855515 ) ) ;
#1078 = AXIS2_PLACEMENT_3D ( 'NONE', #5242, #1670, #7975 ) ;
#1079 = CARTESIAN_POINT ( 'NONE',  ( -0.7352436505798611854, 24.30121492174052023, 0.1647531536490951798 ) ) ;
#1080 = CARTESIAN_POINT ( 'NONE',  ( -2.457892448788596695, 25.15923944119318989, 0.1032813050753471351 ) ) ;
#1081 = CARTESIAN_POINT ( 'NONE',  ( -2.280254892482431739, 23.71304484844222316, 0.2228392601759733027 ) ) ;
#1082 = CARTESIAN_POINT ( 'NONE',  ( -2.226614173228271376, 24.01267716535440400, 0.05000000000000000278 ) ) ;
#1083 = CARTESIAN_POINT ( 'NONE',  ( -0.8266447779213926816, 23.57576815394373426, 0.3999999999996854405 ) ) ;
#1084 = CARTESIAN_POINT ( 'NONE',  ( -2.408931220632939407, 23.59688107738014651, 0.3999999999996854405 ) ) ;
#1085 = ORIENTED_EDGE ( 'NONE', *, *, #6042, .T. ) ;
#1086 = CARTESIAN_POINT ( 'NONE',  ( -2.501074665736045421, 24.85079792290028422, 0.04999999790982923714 ) ) ;
#1087 = CARTESIAN_POINT ( 'NONE',  ( -2.264164635131703740, 25.36923305062678935, 0.1626132314997920936 ) ) ;
#1088 = CARTESIAN_POINT ( 'NONE',  ( -1.031527173530572439, 23.54804057458275324, 0.4499999999996855404 ) ) ;
#1089 = CARTESIAN_POINT ( 'NONE',  ( -0.5099495975881657150, 24.88213673808705195, 0.3458879589621796646 ) ) ;
#1090 = VECTOR ( 'NONE', #7667, 39.37007874015748143 ) ;
#1091 = CARTESIAN_POINT ( 'NONE',  ( -2.242354515967774464, 24.09641684138526330, 0.05979003040547226783 ) ) ;
#1092 = CARTESIAN_POINT ( 'NONE',  ( -2.173087520348583990, 25.23532046028835651, 0.05000000000000006523 ) ) ;
#1093 = CARTESIAN_POINT ( 'NONE',  ( -0.5382055884245416921, 25.32490042945336484, 0.3781682701363390797 ) ) ;
#1094 = CARTESIAN_POINT ( 'NONE',  ( -2.809381155453809953, 25.40261413031790738, 0.3999999999996962652 ) ) ;
#1095 = ORIENTED_EDGE ( 'NONE', *, *, #8669, .T. ) ;
#1096 = CARTESIAN_POINT ( 'NONE',  ( -0.8396093752643376540, 25.05632396942359463, 0.1056540869654854081 ) ) ;
#1097 = ORIENTED_EDGE ( 'NONE', *, *, #7026, .T. ) ;
#1098 = CARTESIAN_POINT ( 'NONE',  ( -0.6391600415074467634, 25.52691966046203476, 0.3999999999996754485 ) ) ;
#1099 = EDGE_LOOP ( 'NONE', ( #6117, #7411, #9170, #4591, #4757, #903 ) ) ;
#1100 = CARTESIAN_POINT ( 'NONE',  ( -0.6165285120640898731, 23.92556935050481215, 0.3423794235724229584 ) ) ;
#1101 = CARTESIAN_POINT ( 'NONE',  ( -2.221876414745681316, 23.86794280952893033, 0.1107058901730491457 ) ) ;
#1102 = CARTESIAN_POINT ( 'NONE',  ( -2.198221460697999063, 23.50674904520341002, 0.4499999999996858735 ) ) ;
#1103 = ORIENTED_EDGE ( 'NONE', *, *, #7135, .F. ) ;
#1104 = CARTESIAN_POINT ( 'NONE',  ( -0.9879345499873438685, 24.30791105229868521, 0.04606796130808339662 ) ) ;
#1105 = CARTESIAN_POINT ( 'NONE',  ( -1.396242854928193999, 23.76271403784732428, 0.1071260049145695004 ) ) ;
#1106 = CARTESIAN_POINT ( 'NONE',  ( -2.819834938174508476, 25.12949266622081623, 0.4499999999996799338 ) ) ;
#1107 = CARTESIAN_POINT ( 'NONE',  ( -2.650252155808800580, 23.81671775581216011, 0.4499999999996848743 ) ) ;
#1108 = FACE_OUTER_BOUND ( 'NONE', #2551, .T. ) ;
#1109 = CARTESIAN_POINT ( 'NONE',  ( -2.830655411561412649, 24.29051793536090997, 0.4499999999996830979 ) ) ;
#1110 = CARTESIAN_POINT ( 'NONE',  ( -0.6877193524480792464, 23.95485936762797152, 0.2899379280392404556 ) ) ;
#1111 = CARTESIAN_POINT ( 'NONE',  ( -2.843268973108438846, 24.30090677266132815, 0.3451927549621762736 ) ) ;
#1112 = CARTESIAN_POINT ( 'NONE',  ( -1.475055032389582577, 23.75007896030937360, 0.1062882023777964591 ) ) ;
#1113 = CARTESIAN_POINT ( 'NONE',  ( -1.341455271288186868, 25.66255952145118968, 0.2249423077437388563 ) ) ;
#1114 = CARTESIAN_POINT ( 'NONE',  ( -2.589983655975255150, 25.27163921090102505, 0.2228114981870037703 ) ) ;
#1115 = CARTESIAN_POINT ( 'NONE',  ( -0.6296623247416502922, 23.91413073072805417, 0.3999999999996843303 ) ) ;
#1116 = CARTESIAN_POINT ( 'NONE',  ( -0.5289114173583423506, 24.19968952341809398, 0.4499999999996834865 ) ) ;
#1117 = CARTESIAN_POINT ( 'NONE',  ( -2.661653543307109793, 23.65834645669293579, 0.1999999999996853184 ) ) ;
#1118 = CARTESIAN_POINT ( 'NONE',  ( -1.012831030153706013, 23.55678403027934209, 0.3999999999996852740 ) ) ;
#1119 = CARTESIAN_POINT ( 'NONE',  ( -2.536186922675748523, 24.08471903934526992, 0.1645418358259667091 ) ) ;
#1120 = ORIENTED_EDGE ( 'NONE', *, *, #9220, .F. ) ;
#1121 = CARTESIAN_POINT ( 'NONE',  ( -2.250592291274872370, 25.59069756293371256, 0.2240398804500684793 ) ) ;
#1122 = LINE ( 'NONE', #8458, #376 ) ;
#1123 = CARTESIAN_POINT ( 'NONE',  ( -0.7265394666626141529, 24.34802774640219880, 0.1653500170362830479 ) ) ;
#1124 = VECTOR ( 'NONE', #4787, 39.37007874015748143 ) ;
#1125 = CARTESIAN_POINT ( 'NONE',  ( -2.450569342676477191, 25.17029598157377990, 0.1032703242713903097 ) ) ;
#1126 = CARTESIAN_POINT ( 'NONE',  ( -2.027042827764410582, 23.78377284301534544, 0.1044053559087273764 ) ) ;
#1127 = CARTESIAN_POINT ( 'NONE',  ( -0.9458978429675928279, 25.69388459462464880, 0.3423536070926439523 ) ) ;
#1128 = CARTESIAN_POINT ( 'NONE',  ( -0.6931496062992357210, 25.62685039370080986, 0.3999999999996782241 ) ) ;
#1129 = CARTESIAN_POINT ( 'NONE',  ( -0.5241477381242682920, 24.99467927368627329, 0.3999999999996803890 ) ) ;
#1130 = CARTESIAN_POINT ( 'NONE',  ( -0.7813743801957578894, 23.98735543358003497, 0.2239141811475836297 ) ) ;
#1131 = ORIENTED_EDGE ( 'NONE', *, *, #352, .F. ) ;
#1132 = DIRECTION ( 'NONE',  ( -0.000000000000000000, -0.000000000000000000, -1.000000000000000000 ) ) ;
#1133 = CARTESIAN_POINT ( 'NONE',  ( -2.310232541185334387, 25.37842933464872530, 0.1879721334805232180 ) ) ;
#1134 = CARTESIAN_POINT ( 'NONE',  ( -2.226614173228271376, 24.01267716535440400, 0.000000000000000000 ) ) ;
#1135 = CARTESIAN_POINT ( 'NONE',  ( -0.7623224603106696362, 25.27087192972894414, 0.2239163882098088587 ) ) ;
#1136 = CARTESIAN_POINT ( 'NONE',  ( -1.996567761722717327, 25.43572589060687861, 0.000000000000000000 ) ) ;
#1137 = VECTOR ( 'NONE', #8951, 39.37007874015748143 ) ;
#1138 = CARTESIAN_POINT ( 'NONE',  ( -2.310969241273704178, 25.08310298202463429, 0.05000000000000000278 ) ) ;
#1139 = LINE ( 'NONE', #4006, #2004 ) ;
#1140 = B_SPLINE_SURFACE_WITH_KNOTS ( 'NONE', 3, 1, ( 
 ( #8753, #1384 ),
 ( #6422, #1426 ),
 ( #4302, #6507 ),
 ( #721, #5748 ),
 ( #5036, #7917 ),
 ( #2927, #1471 ) ),
 .UNSPECIFIED., .F., .F., .F.,
 ( 4, 2, 4 ),
 ( 2, 2 ),
 ( 0.000000000000000000, 0.5000000000000000000, 1.000000000000000000 ),
 ( 0.000000000000000000, 1.000000000000000000 ),
 .UNSPECIFIED. ) ;
#1141 = CARTESIAN_POINT ( 'NONE',  ( -2.239186317043769137, 25.76906271720724106, 0.3999999999996778355 ) ) ;
#1142 = B_SPLINE_CURVE_WITH_KNOTS ( 'NONE', 3,
 ( #1316, #6265, #4752, #7062 ),
 .UNSPECIFIED., .F., .F.,
 ( 4, 4 ),
 ( 1.143347610161690618E-16, 0.001873887576823586153 ),
 .UNSPECIFIED. ) ;
#1143 = ORIENTED_EDGE ( 'NONE', *, *, #4809, .F. ) ;
#1144 = CARTESIAN_POINT ( 'NONE',  ( -0.9479935542567031748, 25.08472859679861600, 0.04581398896890712114 ) ) ;
#1145 = ORIENTED_EDGE ( 'NONE', *, *, #8787, .T. ) ;
#1146 = CARTESIAN_POINT ( 'NONE',  ( -2.055931587228095214, 23.96643157642020938, 0.05030735097768035402 ) ) ;
#1147 = ORIENTED_EDGE ( 'NONE', *, *, #8662, .F. ) ;
#1148 = CARTESIAN_POINT ( 'NONE',  ( -0.7703128865323850549, 24.00524550495170573, 0.2228616899658204531 ) ) ;
#1149 = CARTESIAN_POINT ( 'NONE',  ( -2.876010967673762408, 24.27667117943500585, 0.4382308758287529749 ) ) ;
#1150 = CARTESIAN_POINT ( 'NONE',  ( -0.6931496062992357210, 23.54476377952757815, 0.1999999999996855959 ) ) ;
#1151 = ORIENTED_EDGE ( 'NONE', *, *, #9096, .T. ) ;
#1152 = CARTESIAN_POINT ( 'NONE',  ( -0.9028726240656747004, 24.64259858559526961, 0.04999999999999995420 ) ) ;
#1153 = CARTESIAN_POINT ( 'NONE',  ( -1.345292592629386386, 23.62079999781075301, 0.2261145026758483167 ) ) ;
#1154 = CARTESIAN_POINT ( 'NONE',  ( -1.677401673751885758, 24.64259829956872849, 0.3999999999996817768 ) ) ;
#1155 = CARTESIAN_POINT ( 'NONE',  ( -0.8690081276152169520, 24.91300752301621202, 0.04999603698591123524 ) ) ;
#1156 = CARTESIAN_POINT ( 'NONE',  ( -2.858503937007897733, 24.84363162328873997, 0.3578414396991521085 ) ) ;
#1157 = AXIS2_PLACEMENT_3D ( 'NONE', #1062, #3922, #2564 ) ;
#1158 = EDGE_CURVE ( 'NONE', #8343, #4519, #3618, .T. ) ;
#1159 = CARTESIAN_POINT ( 'NONE',  ( -2.784499106140845281, 24.02243194539184046, 0.3999999999996840527 ) ) ;
#1160 = DIRECTION ( 'NONE',  ( 0.000000000000000000, 1.000000000000000000, -3.552713678800503296E-15 ) ) ;
#1161 = CARTESIAN_POINT ( 'NONE',  ( -2.913101846894168734, 24.36514916868530634, 0.4055990863728687335 ) ) ;
#1162 = CARTESIAN_POINT ( 'NONE',  ( -1.604639717831692014, 23.60482614557286851, 0.2269321314633872821 ) ) ;
#1163 = CARTESIAN_POINT ( 'NONE',  ( -2.858503937007897289, 23.61897637812343476, 0.6074803150392285023 ) ) ;
#1164 = CARTESIAN_POINT ( 'NONE',  ( -1.606034911794557152, 25.48525156431650984, 0.04767549342102022497 ) ) ;
#1165 = CARTESIAN_POINT ( 'NONE',  ( -0.9619174144285341788, 24.07508385965709508, 0.1482285553819574220 ) ) ;
#1166 = CARTESIAN_POINT ( 'NONE',  ( -0.6931496062992357210, 23.56976377952758028, 0.1999999999996854849 ) ) ;
#1167 = DIRECTION ( 'NONE',  ( 1.000000000000000000, 1.514337615906132458E-10, -9.698936402907574443E-17 ) ) ;
#1168 = EDGE_CURVE ( 'NONE', #5929, #5954, #4086, .T. ) ;
#1169 = CARTESIAN_POINT ( 'NONE',  ( -1.423490247082367821, 23.91370787944386223, 0.04999999999999998890 ) ) ;
#1170 = CARTESIAN_POINT ( 'NONE',  ( -2.603951954304994043, 24.03180088115970037, 0.2239303948510132647 ) ) ;
#1171 = ORIENTED_EDGE ( 'NONE', *, *, #2447, .F. ) ;
#1172 = CARTESIAN_POINT ( 'NONE',  ( -2.399908410921607782, 25.80040140081791478, 0.4022037369501056392 ) ) ;
#1173 = CIRCLE ( 'NONE', #4316, 0.08070866141732870036 ) ;
#1174 = CARTESIAN_POINT ( 'NONE',  ( -1.047480314960560932, 24.01267716535440400, 0.2999999999999999889 ) ) ;
#1175 = CARTESIAN_POINT ( 'NONE',  ( -2.690704660925280045, 25.01960422862204680, 0.2244516382993495263 ) ) ;
#1176 = CARTESIAN_POINT ( 'NONE',  ( -2.363321072765610431, 23.56267454690899754, 0.3424147481829526996 ) ) ;
#1177 = CARTESIAN_POINT ( 'NONE',  ( -1.201530013298433897, 25.34687658002039257, 0.04350146321570393798 ) ) ;
#1178 = LINE ( 'NONE', #9067, #6487 ) ;
#1179 = LINE ( 'NONE', #3715, #4389 ) ;
#1180 = CARTESIAN_POINT ( 'NONE',  ( -0.9863783694248158262, 24.00657092128851389, 0.1051148112914534055 ) ) ;
#1181 = EDGE_LOOP ( 'NONE', ( #7520, #9014, #8942, #2816, #1723 ) ) ;
#1182 = CARTESIAN_POINT ( 'NONE',  ( -2.521355777246593988, 24.70022109613880446, 0.04999999999999999584 ) ) ;
#1183 = CARTESIAN_POINT ( 'NONE',  ( -2.237267571767558749, 25.35193467885039809, 0.1415916742962975150 ) ) ;
#1184 = CARTESIAN_POINT ( 'NONE',  ( -1.196883813841443489, 23.49916025694679789, 0.4499999999996858735 ) ) ;
#1185 = CARTESIAN_POINT ( 'NONE',  ( -0.7803712076097338857, 25.29639068443679051, 0.2239148939297701535 ) ) ;
#1186 = EDGE_CURVE ( 'NONE', #5057, #8796, #6065, .T. ) ;
#1187 = CARTESIAN_POINT ( 'NONE',  ( -0.8978740157478273254, 24.03236220472450313, 0.05000000000000000278 ) ) ;
#1188 = CARTESIAN_POINT ( 'NONE',  ( -2.703550704095500468, 25.40211872405811633, 0.3999999999996791678 ) ) ;
#1189 = DIRECTION ( 'NONE',  ( -6.123233995736998996E-17, -3.552713678800503296E-15, -1.000000000000000000 ) ) ;
#1190 = DIRECTION ( 'NONE',  ( 0.000000000000000000, 0.000000000000000000, 1.000000000000000000 ) ) ;
#1191 = ORIENTED_EDGE ( 'NONE', *, *, #2689, .F. ) ;
#1192 = CARTESIAN_POINT ( 'NONE',  ( -0.6171585946659700062, 25.16419718038554620, 0.2840053699424494593 ) ) ;
#1193 = ORIENTED_EDGE ( 'NONE', *, *, #6337, .T. ) ;
#1194 = CARTESIAN_POINT ( 'NONE',  ( -2.826128948065776303, 23.91043109358302843, 0.3999999999994383604 ) ) ;
#1195 = ORIENTED_EDGE ( 'NONE', *, *, #5232, .T. ) ;
#1196 = CARTESIAN_POINT ( 'NONE',  ( -2.455928977405284375, 24.01104284441511183, 0.1492660476662286684 ) ) ;
#1197 = EDGE_CURVE ( 'NONE', #9060, #5245, #8130, .T. ) ;
#1198 = CARTESIAN_POINT ( 'NONE',  ( -2.872351327697777013, 24.17300247583063211, 0.4382308758287524197 ) ) ;
#1199 = CARTESIAN_POINT ( 'NONE',  ( -2.077750608950311495, 23.49061195684356562, 0.4499999999996858735 ) ) ;
#1200 = ORIENTED_EDGE ( 'NONE', *, *, #3103, .F. ) ;
#1201 = CARTESIAN_POINT ( 'NONE',  ( -0.5248424430232755400, 24.24174913326778835, 0.3999999999996827760 ) ) ;
#1202 = CARTESIAN_POINT ( 'NONE',  ( -1.347718390250701503, 23.54735317309033604, 0.2858887076068863387 ) ) ;
#1203 = DIRECTION ( 'NONE',  ( -0.000000000000000000, 0.000000000000000000, -1.000000000000000000 ) ) ;
#1204 = CARTESIAN_POINT ( 'NONE',  ( -0.8698539882553913971, 24.91599173814226020, 0.04999886029153519790 ) ) ;
#1205 = FACE_OUTER_BOUND ( 'NONE', #8291, .T. ) ;
#1206 = CARTESIAN_POINT ( 'NONE',  ( -0.5349396666429708791, 24.15587113048137269, 0.3999999999996834421 ) ) ;
#1207 = DIRECTION ( 'NONE',  ( 0.000000000000000000, 1.000000000000000000, -3.607743797525527770E-15 ) ) ;
#1208 = CARTESIAN_POINT ( 'NONE',  ( -1.375829822425612248, 23.40660865484312936, 0.4054668317443994585 ) ) ;
#1209 = CARTESIAN_POINT ( 'NONE',  ( -2.405868410375251454, 23.59485864866661586, 0.3999999999996855515 ) ) ;
#1210 = CARTESIAN_POINT ( 'NONE',  ( -1.797077990567356398, 25.74530757392456337, 0.2866064047970286466 ) ) ;
#1211 = CARTESIAN_POINT ( 'NONE',  ( -1.093303259774048852, 24.10823633454969439, 0.06385197664886035906 ) ) ;
#1212 = CARTESIAN_POINT ( 'NONE',  ( -0.5808097463043593311, 24.00157986998059911, 0.4499999999996840416 ) ) ;
#1213 = CARTESIAN_POINT ( 'NONE',  ( -0.4962992125984486136, 24.18726111980295812, 0.3628129526884451561 ) ) ;
#1214 = CARTESIAN_POINT ( 'NONE',  ( -0.5751506623571445154, 23.88347560498387168, 0.4431958470681016671 ) ) ;
#1215 = CARTESIAN_POINT ( 'NONE',  ( -2.611712312992923390, 24.04470279106764607, 0.2239608098016739324 ) ) ;
#1216 = EDGE_LOOP ( 'NONE', ( #6082, #5111, #669, #786 ) ) ;
#1217 = AXIS2_PLACEMENT_3D ( 'NONE', #9240, #2625, #4783 ) ;
#1218 = CARTESIAN_POINT ( 'NONE',  ( -2.199000206547146341, 25.70284172059336925, 0.2840055097312487176 ) ) ;
#1219 = CARTESIAN_POINT ( 'NONE',  ( -1.218226110919051974, 23.49561432271398687, 0.3999999999996858291 ) ) ;
#1220 = CARTESIAN_POINT ( 'NONE',  ( -2.688781501262212714, 25.02982589876675590, 0.2243398292752310508 ) ) ;
#1221 = CARTESIAN_POINT ( 'NONE',  ( -2.159931663352904874, 23.41205712499573721, 0.4038443289395860503 ) ) ;
#1222 = CARTESIAN_POINT ( 'NONE',  ( -1.242217629975410187, 25.37261084548048018, 0.04360677063291684696 ) ) ;
#1223 = CARTESIAN_POINT ( 'NONE',  ( -1.088548675707155855, 25.76117567159943889, 0.3999999999996777245 ) ) ;
#1224 = CARTESIAN_POINT ( 'NONE',  ( -1.502461767033690609, 23.48934458847613627, 0.3999999999996855515 ) ) ;
#1225 = CARTESIAN_POINT ( 'NONE',  ( -0.7324363452205971958, 23.90989206670464995, 0.2833138668055858456 ) ) ;
#1226 = ORIENTED_EDGE ( 'NONE', *, *, #4379, .F. ) ;
#1227 = EDGE_CURVE ( 'NONE', #7542, #5576, #6485, .T. ) ;
#1228 = DIRECTION ( 'NONE',  ( 0.000000000000000000, 1.000000000000000000, -3.552713678800503296E-15 ) ) ;
#1229 = CARTESIAN_POINT ( 'NONE',  ( -0.6234273969058331533, 23.92357259982737006, 0.3999999999996842193 ) ) ;
#1230 = VECTOR ( 'NONE', #8575, 39.37007874015748143 ) ;
#1231 = CARTESIAN_POINT ( 'NONE',  ( -0.9796390060365741670, 23.57511176284958054, 0.4499999999996857070 ) ) ;
#1232 = CARTESIAN_POINT ( 'NONE',  ( -0.9214145294273713427, 25.33630289983527462, 0.1645144238387158397 ) ) ;
#1233 = CARTESIAN_POINT ( 'NONE',  ( -2.725140777349678078, 25.37106619593521728, 0.3999999999996792233 ) ) ;
#1234 = CARTESIAN_POINT ( 'NONE',  ( -0.8702042357822985519, 24.36798297173044148, 0.04999831728672216730 ) ) ;
#1235 = CYLINDRICAL_SURFACE ( 'NONE', #5117, 0.08858267716535331293 ) ;
#1236 = EDGE_LOOP ( 'NONE', ( #3865, #6716, #3759, #1844 ) ) ;
#1237 = CARTESIAN_POINT ( 'NONE',  ( -0.6821859542141766042, 25.30472749639098495, 0.2833272416017964535 ) ) ;
#1238 = DIRECTION ( 'NONE',  ( -6.123233995736998996E-17, -3.552713678800503296E-15, -1.000000000000000000 ) ) ;
#1239 = ORIENTED_EDGE ( 'NONE', *, *, #1168, .T. ) ;
#1240 = CARTESIAN_POINT ( 'NONE',  ( -0.7914588507461794986, 24.13753797401480128, 0.1633260106899179498 ) ) ;
#1241 = CARTESIAN_POINT ( 'NONE',  ( -2.881890152903407998, 24.27904897924014449, 0.4431922474509173426 ) ) ;
#1242 = VECTOR ( 'NONE', #4586, 39.37007874015748143 ) ;
#1243 = CARTESIAN_POINT ( 'NONE',  ( -2.362264619078989103, 23.56778664203296003, 0.4499999999996857070 ) ) ;
#1244 = ORIENTED_EDGE ( 'NONE', *, *, #7623, .F. ) ;
#1245 = CARTESIAN_POINT ( 'NONE',  ( -0.5279434968610199341, 23.96816697653814998, 0.4432038691916636020 ) ) ;
#1246 = CARTESIAN_POINT ( 'NONE',  ( -1.091165002306455190, 23.60590097259887443, 0.2835695330751241694 ) ) ;
#1247 = DIRECTION ( 'NONE',  ( -6.123233995736998996E-17, -3.552713678800503296E-15, -1.000000000000000000 ) ) ;
#1248 = CARTESIAN_POINT ( 'NONE',  ( -1.704624450499249821, 23.87141544882191369, 0.04999999999999999584 ) ) ;
#1249 = LINE ( 'NONE', #3410, #7438 ) ;
#1250 = CARTESIAN_POINT ( 'NONE',  ( -0.8860219779897027248, 24.09255083236453032, 0.1224328909454794334 ) ) ;
#1251 = CARTESIAN_POINT ( 'NONE',  ( -1.485123624458168035, 23.61003356077001314, 0.2263139656361226604 ) ) ;
#1252 = CARTESIAN_POINT ( 'NONE',  ( -2.258580483937378869, 23.80641526458964208, 0.1602866900098788294 ) ) ;
#1253 = CARTESIAN_POINT ( 'NONE',  ( -1.478915395787822495, 25.87755351815319216, 0.4059544222124007451 ) ) ;
#1254 = CARTESIAN_POINT ( 'NONE',  ( -1.051418878014856118, 24.11915833167480727, 0.08073847103248517343 ) ) ;
#1255 = DIRECTION ( 'NONE',  ( 6.123233995736998996E-17, 3.552713678800503296E-15, 1.000000000000000000 ) ) ;
#1256 = CARTESIAN_POINT ( 'NONE',  ( -2.661653543307109793, 25.62685039370080986, 0.4499999999996783240 ) ) ;
#1257 = CARTESIAN_POINT ( 'NONE',  ( -0.9417716535432394398, 24.01267716535439689, 0.1865636280395873980 ) ) ;
#1258 = CARTESIAN_POINT ( 'NONE',  ( -2.528707365718988687, 24.07299980573334963, 0.1645232128632637958 ) ) ;
#1259 = ORIENTED_EDGE ( 'NONE', *, *, #6284, .F. ) ;
#1260 = CARTESIAN_POINT ( 'NONE',  ( -2.620488527868698014, 25.51062393461544531, 0.3427135494985186215 ) ) ;
#1261 = CARTESIAN_POINT ( 'NONE',  ( -2.287637795275383912, 23.86307086614182182, 0.1406184479541331689 ) ) ;
#1262 = CARTESIAN_POINT ( 'NONE',  ( -2.760509265590460615, 25.06816259918969081, 0.2841051158819379863 ) ) ;
#1263 = CARTESIAN_POINT ( 'NONE',  ( -2.028128527721591023, 23.86946553395486603, 0.04424174234159367058 ) ) ;
#1264 = CARTESIAN_POINT ( 'NONE',  ( -1.065691966395522439, 25.56652865326346458, 0.2228270092161514504 ) ) ;
#1265 = CARTESIAN_POINT ( 'NONE',  ( -2.661653543307281655, 25.51326771653545933, 0.3655004883381910985 ) ) ;
#1266 = CARTESIAN_POINT ( 'NONE',  ( -1.019180476834975035, 25.04542882611976395, 0.04999999999999998196 ) ) ;
#1267 = CARTESIAN_POINT ( 'NONE',  ( -0.5740545832797367964, 23.83575050553094599, 0.4021132361559163759 ) ) ;
#1268 = CARTESIAN_POINT ( 'NONE',  ( -2.319628068208867688, 25.07047169046137824, 0.04999999999999999584 ) ) ;
#1269 = ORIENTED_EDGE ( 'NONE', *, *, #366, .T. ) ;
#1270 = CARTESIAN_POINT ( 'NONE',  ( -2.517330660227537376, 24.53239362912469090, 0.05008330570541210530 ) ) ;
#1271 = CARTESIAN_POINT ( 'NONE',  ( -0.8453097775435708394, 25.24014272291861261, 0.1645154980540653733 ) ) ;
#1272 = CARTESIAN_POINT ( 'NONE',  ( -0.9583736678721678226, 25.69657137003870773, 0.3999999999996779465 ) ) ;
#1273 = CARTESIAN_POINT ( 'NONE',  ( -0.8978740157478636297, 1.346189303162018005E-15, 0.05000000000000000278 ) ) ;
#1274 = CARTESIAN_POINT ( 'NONE',  ( -0.8542055974573716792, 24.43216104245889397, 0.05000000113648603306 ) ) ;
#1275 = CARTESIAN_POINT ( 'NONE',  ( -1.291518231671402894, 25.42212598425206949, 0.05885847000050458550 ) ) ;
#1276 = VERTEX_POINT ( 'NONE', #396 ) ;
#1277 = CARTESIAN_POINT ( 'NONE',  ( -1.056577825024777484, 25.42212598425204106, 0.1451501162854232641 ) ) ;
#1278 = ORIENTED_EDGE ( 'NONE', *, *, #747, .F. ) ;
#1279 = CARTESIAN_POINT ( 'NONE',  ( -0.6100394653221613561, 23.93576241684899841, 0.3423908331524191939 ) ) ;
#1280 = B_SPLINE_CURVE_WITH_KNOTS ( 'NONE', 3,
 ( #6908, #2472, #7657, #6956, #506, #3371, #9102, #6052, #8911, #1816, #5532, #5338, #1472, #4210, #547, #4303, #7168, #4993, #5037, #6423, #5749 ),
 .UNSPECIFIED., .F., .F.,
 ( 4, 2, 2, 2, 2, 1, 2, 2, 2, 2, 4 ),
 ( 2.318631683520408308E-16, 0.0008663684884649261236, 0.001732736976929620228, 0.002599105465394314658, 0.003032289709626667402, 0.003465473953859020146, 0.003898658198091372457, 0.004331842442323724333, 0.005198210930788447169, 0.006064579419253170005, 0.006930947907717892841 ),
 .UNSPECIFIED. ) ;
#1281 = CARTESIAN_POINT ( 'NONE',  ( -2.817901605755949834, 24.14238518999801641, 0.3999999999996843303 ) ) ;
#1282 = DIRECTION ( 'NONE',  ( -1.000000000000000000, 0.000000000000000000, 0.000000000000000000 ) ) ;
#1283 = VERTEX_POINT ( 'NONE', #5418 ) ;
#1284 = EDGE_CURVE ( 'NONE', #219, #6685, #7755, .T. ) ;
#1285 = CARTESIAN_POINT ( 'NONE',  ( -0.9114888377725951507, 24.52756705386832081, 0.05000000000000006523 ) ) ;
#1286 = CARTESIAN_POINT ( 'NONE',  ( -1.084328097096593613, 23.51886132882586367, 0.3431960610577980408 ) ) ;
#1287 = CIRCLE ( 'NONE', #6538, 0.01968503956673903210 ) ;
#1288 = LINE ( 'NONE', #5524, #5265 ) ;
#1289 = CARTESIAN_POINT ( 'NONE',  ( -0.5339634032134531472, 25.12311600231030084, 0.4499999999996801003 ) ) ;
#1290 = CARTESIAN_POINT ( 'NONE',  ( -0.9417716535432394398, 24.01267716535440400, 0.2999999999999999889 ) ) ;
#1291 = CARTESIAN_POINT ( 'NONE',  ( -0.6102130359338221455, 23.79226226276193046, 0.3999999999996779465 ) ) ;
#1292 = EDGE_CURVE ( 'NONE', #9239, #2406, #4375, .T. ) ;
#1293 = CARTESIAN_POINT ( 'NONE',  ( -1.685855629798977517, 23.40862786116278826, 0.4064462387635459084 ) ) ;
#1294 = CARTESIAN_POINT ( 'NONE',  ( -1.835238119799104117, 23.80825602243062633, 0.000000000000000000 ) ) ;
#1295 = CARTESIAN_POINT ( 'NONE',  ( -1.510906543245401190, 25.67667766713540445, 0.2264903405781658607 ) ) ;
#1296 = EDGE_CURVE ( 'NONE', #3352, #997, #6795, .T. ) ;
#1297 = DIRECTION ( 'NONE',  ( 0.000000000000000000, 0.000000000000000000, 1.000000000000000000 ) ) ;
#1298 = CARTESIAN_POINT ( 'NONE',  ( -1.903251950401525283, 23.90322129582057542, 0.000000000000000000 ) ) ;
#1299 = CARTESIAN_POINT ( 'NONE',  ( -0.6931496062992357210, 23.74692913385828774, 0.4499999999996848743 ) ) ;
#1300 = EDGE_LOOP ( 'NONE', ( #3579, #2693 ) ) ;
#1301 = CARTESIAN_POINT ( 'NONE',  ( -1.040895780755507705, 24.20631982242300495, 0.05000000000000000278 ) ) ;
#1302 = DIRECTION ( 'NONE',  ( -1.000000000000000000, 0.000000000000000000, 0.000000000000000000 ) ) ;
#1303 = CARTESIAN_POINT ( 'NONE',  ( -2.361033808533444134, 25.62344412191251664, 0.2833157203948641900 ) ) ;
#1304 = CARTESIAN_POINT ( 'NONE',  ( -2.029482476634099086, 25.79585226183276347, 0.3999999999996776689 ) ) ;
#1305 = CIRCLE ( 'NONE', #2945, 0.01968503929065191713 ) ;
#1306 = CARTESIAN_POINT ( 'NONE',  ( -2.837398569323435815, 25.07253350138912396, 0.3442154433315192663 ) ) ;
#1307 = CARTESIAN_POINT ( 'NONE',  ( -2.143427309087251764, 23.48773539708317770, 0.3438653027044219490 ) ) ;
#1308 = CARTESIAN_POINT ( 'NONE',  ( -0.9654298209141861653, 25.70672289518745757, 0.3423653514556670441 ) ) ;
#1309 = CARTESIAN_POINT ( 'NONE',  ( -2.201614173228278126, 25.27251968503945179, 0.08320441865760398736 ) ) ;
#1310 = CARTESIAN_POINT ( 'NONE',  ( -0.5241477381242682920, 24.99467927368627329, 0.3999999999996803890 ) ) ;
#1311 = CARTESIAN_POINT ( 'NONE',  ( -2.776241585028825565, 23.87860287985695606, 0.4431827809966963905 ) ) ;
#1312 = CARTESIAN_POINT ( 'NONE',  ( -2.406125242719845403, 24.89700213973757315, 0.04999999999999998890 ) ) ;
#1313 = VERTEX_POINT ( 'NONE', #7859 ) ;
#1314 = CARTESIAN_POINT ( 'NONE',  ( -2.914099885042782390, 24.26893241686932967, 0.4049352099006134353 ) ) ;
#1315 = CARTESIAN_POINT ( 'NONE',  ( -0.7757736405403664603, 25.29007320834568517, 0.2239151515458749631 ) ) ;
#1316 = CARTESIAN_POINT ( 'NONE',  ( -2.456929133858066105, 24.03236220472450313, 0.1406471969558845958 ) ) ;
#1317 = CIRCLE ( 'NONE', #4615, 0.1057086614173291111 ) ;
#1318 = DIRECTION ( 'NONE',  ( 0.000000000000000000, 1.000000000000000000, -3.854941057726282076E-15 ) ) ;
#1319 = CARTESIAN_POINT ( 'NONE',  ( -0.8666592122097674933, 24.38069767119694475, 0.04999780258337022110 ) ) ;
#1320 = PLANE ( 'NONE',  #1985 ) ;
#1321 = ORIENTED_EDGE ( 'NONE', *, *, #5877, .T. ) ;
#1322 = CARTESIAN_POINT ( 'NONE',  ( -1.037260094469418581, 25.73957965730076936, 0.4499999999996779909 ) ) ;
#1323 = ORIENTED_EDGE ( 'NONE', *, *, #3523, .T. ) ;
#1324 = EDGE_CURVE ( 'NONE', #4527, #4012, #5611, .T. ) ;
#1325 = CARTESIAN_POINT ( 'NONE',  ( -2.876001935009884658, 24.25937487598500297, 0.4382308758287529749 ) ) ;
#1326 = CARTESIAN_POINT ( 'NONE',  ( -2.572508306623384033, 24.45739969078645970, 0.1064784519486680486 ) ) ;
#1327 = EDGE_CURVE ( 'NONE', #6962, #8439, #1666, .T. ) ;
#1328 = CARTESIAN_POINT ( 'NONE',  ( -0.6931496062992357210, 23.65834645669293579, 0.3999999999996851630 ) ) ;
#1329 = ORIENTED_EDGE ( 'NONE', *, *, #636, .T. ) ;
#1330 = CARTESIAN_POINT ( 'NONE',  ( -0.9414101360438685839, 24.87458437082777607, 0.05000000000000000278 ) ) ;
#1331 = CARTESIAN_POINT ( 'NONE',  ( -1.277407071504585101, 23.88950791856136746, 0.04604362084788836407 ) ) ;
#1332 = CARTESIAN_POINT ( 'NONE',  ( -0.5522621655112472938, 25.20540073977472417, 0.4499999999996796562 ) ) ;
#1333 = CARTESIAN_POINT ( 'NONE',  ( -2.014159085546502137, 25.42924894495110522, 0.000000000000000000 ) ) ;
#1334 = ADVANCED_FACE ( 'NONE', ( #3662 ), #5918, .T. ) ;
#1335 = B_SPLINE_CURVE_WITH_KNOTS ( 'NONE', 3,
 ( #6194, #1250, #2466, #9049, #2616, #8351, #1808, #1110, #4123, #408 ),
 .UNSPECIFIED., .F., .F.,
 ( 4, 3, 3, 4 ),
 ( 0.002781351692416141833, 0.004119429093786736162, 0.008238858171552031207, 0.01559487665403849234 ),
 .UNSPECIFIED. ) ;
#1336 = ADVANCED_FACE ( 'NONE', ( #1496 ), #7376, .F. ) ;
#1337 = CARTESIAN_POINT ( 'NONE',  ( -1.677401574321454536, 24.64259847944031634, 0.05000000000000000278 ) ) ;
#1338 = PLANE ( 'NONE',  #5370 ) ;
#1339 = CARTESIAN_POINT ( 'NONE',  ( -1.530559085175850820, 23.80652317537618146, 0.000000000000000000 ) ) ;
#1340 = CARTESIAN_POINT ( 'NONE',  ( -1.845371826816432081, 25.53995573094886140, 0.1066470158237169119 ) ) ;
#1341 = CARTESIAN_POINT ( 'NONE',  ( -1.152528880185156757, 24.02643187348987652, 0.07618552178226148386 ) ) ;
#1342 = CARTESIAN_POINT ( 'NONE',  ( -2.153366524483357747, 24.03338284438482830, 0.000000000000000000 ) ) ;
#1343 = CARTESIAN_POINT ( 'NONE',  ( -1.056671749495776691, 23.53567855262043906, 0.3999999999996856626 ) ) ;
#1344 = ORIENTED_EDGE ( 'NONE', *, *, #834, .T. ) ;
#1345 = CARTESIAN_POINT ( 'NONE',  ( -0.6280432809904109570, 23.91645936610771983, 0.3999999999996843303 ) ) ;
#1346 = CARTESIAN_POINT ( 'NONE',  ( -2.031505286397513377, 25.42212598425206238, 0.000000000000000000 ) ) ;
#1347 = CARTESIAN_POINT ( 'NONE',  ( -2.374807012474501544, 25.61376276322165779, 0.2833149329579896514 ) ) ;
#1348 = EDGE_CURVE ( 'NONE', #5654, #5066, #7285, .T. ) ;
#1349 = CARTESIAN_POINT ( 'NONE',  ( -0.6340205072047475632, 25.44934927074805486, 0.4499999999996788791 ) ) ;
#1350 = CARTESIAN_POINT ( 'NONE',  ( -2.525566363782480117, 25.02547462650908727, 0.1040397039557842546 ) ) ;
#1351 = CARTESIAN_POINT ( 'NONE',  ( -2.057041721855995320, 23.40584626524047351, 0.4049533765965057097 ) ) ;
#1352 = CARTESIAN_POINT ( 'NONE',  ( -1.004117784539638736, 25.82378841403114933, 0.4024167362647899093 ) ) ;
#1353 = CARTESIAN_POINT ( 'NONE',  ( -0.9057460777399982677, 24.64259847943977277, 0.04999873685005196827 ) ) ;
#1354 = CARTESIAN_POINT ( 'NONE',  ( -1.677401359243291479, 23.86806952939843285, 0.04999999999999993339 ) ) ;
#1355 = CARTESIAN_POINT ( 'NONE',  ( -2.306317011584948951, 24.20532959797456130, 0.04606817219003304237 ) ) ;
#1356 = CARTESIAN_POINT ( 'NONE',  ( -2.343736854418251969, 25.03214364476782450, 0.04999999999999996808 ) ) ;
#1357 = ORIENTED_EDGE ( 'NONE', *, *, #5220, .F. ) ;
#1358 = CARTESIAN_POINT ( 'NONE',  ( -2.699154106361282945, 24.31016493894002650, 0.2261093186917121911 ) ) ;
#1359 = VERTEX_POINT ( 'NONE', #4423 ) ;
#1360 = CARTESIAN_POINT ( 'NONE',  ( -0.8314550049565015977, 24.68717284689910230, 0.000000000000000000 ) ) ;
#1361 = CARTESIAN_POINT ( 'NONE',  ( -0.9210886043873548479, 25.67683850710735527, 0.3427133840222807981 ) ) ;
#1362 = AXIS2_PLACEMENT_3D ( 'NONE', #1273, #4846, #5457 ) ;
#1363 = CARTESIAN_POINT ( 'NONE',  ( -2.456929133858065217, 24.03236220472450313, 0.05000000000000000278 ) ) ;
#1364 = CARTESIAN_POINT ( 'NONE',  ( -1.984109822483260954, 23.84501087706640021, 0.05000000000000000971 ) ) ;
#1365 = CARTESIAN_POINT ( 'NONE',  ( -0.8591511897065622350, 24.41020301265497849, 0.05000001779601137564 ) ) ;
#1366 = B_SPLINE_CURVE_WITH_KNOTS ( 'NONE', 3,
 ( #1817, #3881, #6764, #8210, #9011, #6053, #8912, #4638, #3372, #4689, #1213, #6957, #6815, #1919, #2572, #5339 ),
 .UNSPECIFIED., .F., .F.,
 ( 4, 2, 2, 2, 2, 2, 2, 4 ),
 ( 0.0001683753014013229668, 0.01311439478488258051, 0.01635089965575272850, 0.01796915209118796902, 0.01958740452662320955, 0.02120565696205845008, 0.02282390939749369060, 0.02606041426836417166 ),
 .UNSPECIFIED. ) ;
#1367 = ORIENTED_EDGE ( 'NONE', *, *, #3533, .T. ) ;
#1368 = CARTESIAN_POINT ( 'NONE',  ( -1.209519259981416406, 25.78813167267397688, 0.4499999999996777134 ) ) ;
#1369 = ORIENTED_EDGE ( 'NONE', *, *, #4119, .F. ) ;
#1370 = CARTESIAN_POINT ( 'NONE',  ( -0.4408449357951618741, 24.28762721175952066, 0.4051500718144998570 ) ) ;
#1371 = CIRCLE ( 'NONE', #6630, 0.08858267716535331293 ) ;
#1372 = CARTESIAN_POINT ( 'NONE',  ( -2.854621899737786794, 24.07085652230554373, 0.4382308758287533079 ) ) ;
#1373 = CARTESIAN_POINT ( 'NONE',  ( -2.497488340965074993, 24.43890527092660392, 0.04627274043890639010 ) ) ;
#1374 = ORIENTED_EDGE ( 'NONE', *, *, #9054, .T. ) ;
#1375 = FACE_OUTER_BOUND ( 'NONE', #7778, .T. ) ;
#1376 = CARTESIAN_POINT ( 'NONE',  ( -1.123154312527495868, 23.59287288989615661, 0.2837603002228296645 ) ) ;
#1377 = CARTESIAN_POINT ( 'NONE',  ( -0.8907447501525004308, 24.97934053170802571, 0.05000000000000000971 ) ) ;
#1378 = ORIENTED_EDGE ( 'NONE', *, *, #717, .F. ) ;
#1379 = CARTESIAN_POINT ( 'NONE',  ( -0.5553543307086845626, 25.33578019141734572, 0.3999999999996792233 ) ) ;
#1380 = AXIS2_PLACEMENT_3D ( 'NONE', #3620, #7334, #5023 ) ;
#1381 = LINE ( 'NONE', #4299, #6129 ) ;
#1382 = CARTESIAN_POINT ( 'NONE',  ( -0.8988584668531156563, 24.01117729394831812, 0.1492171354341204625 ) ) ;
#1383 = CARTESIAN_POINT ( 'NONE',  ( -1.949133689298257588, 25.66920249263474574, 0.2256454424186033758 ) ) ;
#1384 = CARTESIAN_POINT ( 'NONE',  ( -2.456929133858068770, 24.28849821176436663, 0.05000000000000000971 ) ) ;
#1385 = FACE_BOUND ( 'NONE', #5903, .T. ) ;
#1386 = CARTESIAN_POINT ( 'NONE',  ( -2.715696394486407872, 23.75824838254253990, 0.3999999999996833311 ) ) ;
#1387 = EDGE_LOOP ( 'NONE', ( #9089, #9042, #3056, #9230, #1755 ) ) ;
#1388 = CARTESIAN_POINT ( 'NONE',  ( -1.986560646915091821, 25.66700288872859304, 0.2263600163785335073 ) ) ;
#1389 = DIRECTION ( 'NONE',  ( -0.7071067789408527204, -0.7071067834322423140, 2.455576629194835088E-15 ) ) ;
#1390 = CARTESIAN_POINT ( 'NONE',  ( -2.431440523337420778, 25.33662570034751127, 0.1645144954740976329 ) ) ;
#1391 = CARTESIAN_POINT ( 'NONE',  ( -2.029482066541362872, 23.48934458842807871, 0.4499999999996858735 ) ) ;
#1392 = B_SPLINE_SURFACE_WITH_KNOTS ( 'NONE', 3, 1, ( 
 ( #8814, #2474, #6765 ),
 ( #6152, #9012, #2573 ),
 ( #7462, #5246, #3882 ),
 ( #7613, #4545, #460 ),
 ( #1021, #3932, #315 ),
 ( #1169, #2376, #7558 ),
 ( #8962, #6714, #6104 ),
 ( #1674, #973, #3836 ),
 ( #3179, #5440, #270 ),
 ( #8314, #3131, #6000 ),
 ( #1867, #8862, #2427 ),
 ( #4735, #1118, #5294 ),
 ( #370, #8913, #8165 ),
 ( #1721, #6910, #1818 ),
 ( #5392, #1771, #8260 ),
 ( #1073, #4589, #6816 ),
 ( #3228, #4691, #3985 ),
 ( #7705, #2093, #8494 ),
 ( #7046, #6248, #8534 ),
 ( #550, #3421, #9149 ),
 ( #8359, #9104, #4173 ),
 ( #6294, #1345, #639 ),
 ( #4871, #2053, #1214 ),
 ( #1301, #5669, #4910 ) ),
 .UNSPECIFIED., .F., .F., .F.,
 ( 4, 3, 1, 1, 1, 1, 1, 1, 1, 1, 1, 2, 1, 1, 1, 3, 4 ),
 ( 2, 1, 2 ),
 ( -0.01000000000000000021, 0.000000000000000000, 0.05832462931307468706, 0.1166492586261493880, 0.1749738879392240543, 0.2332985172522987760, 0.2916231465653734145, 0.3499477758784482195, 0.3791100905349854555, 0.4082724051915228025, 0.4374347198480601495, 0.4665970345045975520, 0.5999477758784481640, 0.7332985172522987760, 0.8666492586261493880, 1.000000000000000000, 1.010000000000000009 ),
 ( 0.000000000000000000, 1.000000000000000000, 1.123416705909875191 ),
 .UNSPECIFIED. ) ;
#1393 = CARTESIAN_POINT ( 'NONE',  ( -2.626702328598848446, 24.94644289591996866, 0.1651559678115339103 ) ) ;
#1394 = CARTESIAN_POINT ( 'NONE',  ( -1.953778008849146985, 23.84232469860184978, 0.04519994871930866492 ) ) ;
#1395 = CARTESIAN_POINT ( 'NONE',  ( -1.369690860760899742, 25.51368126202209297, 0.1049005908219145244 ) ) ;
#1396 = CARTESIAN_POINT ( 'NONE',  ( -2.082600729601748579, 25.79421916765399558, 0.4499999999996777689 ) ) ;
#1397 = LINE ( 'NONE', #5586, #2882 ) ;
#1398 = FACE_BOUND ( 'NONE', #6106, .T. ) ;
#1399 = CARTESIAN_POINT ( 'NONE',  ( -2.358283737356067444, 25.00611980725054195, 0.05000000000000000278 ) ) ;
#1400 = ORIENTED_EDGE ( 'NONE', *, *, #8691, .T. ) ;
#1401 = DIRECTION ( 'NONE',  ( -1.000000000000000000, 0.000000000000000000, 0.000000000000000000 ) ) ;
#1402 = ORIENTED_EDGE ( 'NONE', *, *, #6337, .F. ) ;
#1403 = CARTESIAN_POINT ( 'NONE',  ( -0.8705536791555132936, 25.74594506753579992, 0.4021130352463542779 ) ) ;
#1404 = CARTESIAN_POINT ( 'NONE',  ( -0.6516279036583942919, 24.92426136464566611, 0.2256046829409866505 ) ) ;
#1405 = CARTESIAN_POINT ( 'NONE',  ( -2.307322834645600285, 25.27251968503944468, 0.2999999999999999889 ) ) ;
#1406 = CARTESIAN_POINT ( 'NONE',  ( -0.8726786092910175929, 24.35967434004792409, 0.05000000219796999629 ) ) ;
#1407 = EDGE_CURVE ( 'NONE', #4747, #1687, #3752, .T. ) ;
#1408 = ORIENTED_EDGE ( 'NONE', *, *, #1850, .F. ) ;
#1409 = CARTESIAN_POINT ( 'NONE',  ( -2.841407125243379017, 23.93926240540520212, 0.3999999999994365840 ) ) ;
#1410 = VERTEX_POINT ( 'NONE', #1134 ) ;
#1411 = CARTESIAN_POINT ( 'NONE',  ( -0.7224737833729725223, 24.37566343300231253, 0.1656828763453185305 ) ) ;
#1412 = EDGE_CURVE ( 'NONE', #985, #1453, #9073, .T. ) ;
#1413 = AXIS2_PLACEMENT_3D ( 'NONE', #2132, #2711, #4170 ) ;
#1414 = CARTESIAN_POINT ( 'NONE',  ( -2.769600569603665630, 23.88152313681047545, 0.4382308758287544181 ) ) ;
#1415 = CARTESIAN_POINT ( 'NONE',  ( -2.704005850608638628, 24.37086904183196978, 0.2256454666305241219 ) ) ;
#1416 = ORIENTED_EDGE ( 'NONE', *, *, #5035, .F. ) ;
#1417 = CARTESIAN_POINT ( 'NONE',  ( -0.9454113604915018731, 24.87090416381504454, 0.04606796130808341744 ) ) ;
#1418 = CARTESIAN_POINT ( 'NONE',  ( -0.9937695906831007786, 23.66175305887464120, 0.2833157356314741637 ) ) ;
#1419 = CARTESIAN_POINT ( 'NONE',  ( -0.5321277879095912544, 25.11057159664702709, 0.4499999999996799893 ) ) ;
#1420 = ORIENTED_EDGE ( 'NONE', *, *, #7848, .T. ) ;
#1421 = DIRECTION ( 'NONE',  ( 1.000000000000000000, 0.000000000000000000, 0.000000000000000000 ) ) ;
#1422 = CARTESIAN_POINT ( 'NONE',  ( -1.858591216863022533, 25.82370078740160224, 0.3578020934009008558 ) ) ;
#1423 = CARTESIAN_POINT ( 'NONE',  ( -0.9195328647730303118, 23.94873776093924533, 0.1666329698097060719 ) ) ;
#1424 = CARTESIAN_POINT ( 'NONE',  ( -1.945651522375232645, 25.74015841659833725, 0.2857036032988741203 ) ) ;
#1425 = EDGE_CURVE ( 'NONE', #1453, #2104, #2490, .T. ) ;
#1426 = CARTESIAN_POINT ( 'NONE',  ( -2.464070462822219199, 24.30589015335833736, 0.05000000000000000971 ) ) ;
#1427 = CARTESIAN_POINT ( 'NONE',  ( -0.4962992125984483915, 25.39456692907831226, 0.4499999999996789901 ) ) ;
#1428 = LINE ( 'NONE', #7044, #3074 ) ;
#1429 = CARTESIAN_POINT ( 'NONE',  ( -2.456929133858064773, 24.28849821176436308, 0.05000000000000000278 ) ) ;
#1430 = CARTESIAN_POINT ( 'NONE',  ( -2.573428609402410139, 25.29784167843497755, 0.2239141797392165123 ) ) ;
#1431 = PLANE ( 'NONE',  #4900 ) ;
#1432 = CARTESIAN_POINT ( 'NONE',  ( -2.554688446546535374, 24.92481896035116762, 0.1052456820980020719 ) ) ;
#1433 = CARTESIAN_POINT ( 'NONE',  ( -2.083259895477079127, 23.47996381589406312, 0.3444761138440967652 ) ) ;
#1434 = CARTESIAN_POINT ( 'NONE',  ( -1.261818322348603250, 25.47779369180704734, 0.1037502793243785387 ) ) ;
#1435 = CARTESIAN_POINT ( 'NONE',  ( -2.304748335912008006, 25.74545660344664100, 0.4499999999996778244 ) ) ;
#1436 = EDGE_CURVE ( 'NONE', #7200, #4387, #8161, .T. ) ;
#1437 = LINE ( 'NONE', #2184, #2748 ) ;
#1438 = CYLINDRICAL_SURFACE ( 'NONE', #1508, 0.08070866141732173371 ) ;
#1439 = CARTESIAN_POINT ( 'NONE',  ( -2.829961200069376570, 25.04344767415495099, 0.3999999999996806110 ) ) ;
#1440 = VERTEX_POINT ( 'NONE', #8277 ) ;
#1441 = CARTESIAN_POINT ( 'NONE',  ( -2.770098442626083735, 24.27986639569288485, 0.2855565164551530088 ) ) ;
#1442 = ORIENTED_EDGE ( 'NONE', *, *, #942, .F. ) ;
#1443 = CARTESIAN_POINT ( 'NONE',  ( -0.8882674391934851643, 24.31194852356059855, 0.05000000000000151545 ) ) ;
#1444 = AXIS2_PLACEMENT_3D ( 'NONE', #7869, #674, #2086 ) ;
#1445 = CARTESIAN_POINT ( 'NONE',  ( -0.9784474182768961859, 25.61264883758166278, 0.2833137322724607610 ) ) ;
#1446 = B_SPLINE_CURVE_WITH_KNOTS ( 'NONE', 3,
 ( #9152, #1872, #7663, #1261 ),
 .UNSPECIFIED., .F., .F.,
 ( 4, 4 ),
 ( 6.987655617323757114E-05, 0.001948846823633639544 ),
 .UNSPECIFIED. ) ;
#1447 = CARTESIAN_POINT ( 'NONE',  ( -0.9641066881881146244, 24.18007314608104963, 0.04363057131558724377 ) ) ;
#1448 =( GEOMETRIC_REPRESENTATION_CONTEXT ( 3 ) GLOBAL_UNCERTAINTY_ASSIGNED_CONTEXT ( ( #2877 ) ) GLOBAL_UNIT_ASSIGNED_CONTEXT ( ( #7807, #2862, #4970 ) ) REPRESENTATION_CONTEXT ( 'NONE', 'WORKASPACE' ) );
#1449 = EDGE_CURVE ( 'NONE', #3398, #4954, #4619, .T. ) ;
#1450 = CARTESIAN_POINT ( 'NONE',  ( -2.492027648502584736, 24.39546979760396184, -0.7113766561454782922 ) ) ;
#1451 = CARTESIAN_POINT ( 'NONE',  ( -1.480093921943989699, 23.81536507537850866, 0.000000000000000000 ) ) ;
#1452 = CARTESIAN_POINT ( 'NONE',  ( -0.6931496062992357210, 25.53826771653545791, 0.1999999999996785183 ) ) ;
#1453 = VERTEX_POINT ( 'NONE', #386 ) ;
#1454 = CARTESIAN_POINT ( 'NONE',  ( -1.045980443714479957, 25.42114153316559921, 0.1492171029638234558 ) ) ;
#1455 = CARTESIAN_POINT ( 'NONE',  ( -0.5762979132726667730, 24.46556866904512262, 0.2863468063693335175 ) ) ;
#1456 = EDGE_CURVE ( 'NONE', #3104, #5216, #6120, .T. ) ;
#1457 = CARTESIAN_POINT ( 'NONE',  ( -1.150910638890552562, 23.86307086614182182, 0.1058018240737825383 ) ) ;
#1458 = CARTESIAN_POINT ( 'NONE',  ( -0.9713128180400444345, 23.93897661514228048, 0.2062051952112570752 ) ) ;
#1459 = B_SPLINE_CURVE_WITH_KNOTS ( 'NONE', 1,
 ( #3211, #6088 ),
 .UNSPECIFIED., .F., .F.,
 ( 2, 2 ),
 ( 0.000000000000000000, 1.000000000000000000 ),
 .UNSPECIFIED. ) ;
#1460 = ORIENTED_EDGE ( 'NONE', *, *, #4670, .F. ) ;
#1461 = CARTESIAN_POINT ( 'NONE',  ( -2.908503937007897111, 25.66622047220959146, 0.3999999999996782796 ) ) ;
#1462 = CARTESIAN_POINT ( 'NONE',  ( -0.9448265192299487580, 23.59152710094718230, 0.3427154256949935807 ) ) ;
#1463 = CARTESIAN_POINT ( 'NONE',  ( -0.7272234568566374735, 24.95228836685208407, 0.1665766043130414154 ) ) ;
#1464 = ORIENTED_EDGE ( 'NONE', *, *, #4336, .F. ) ;
#1465 = EDGE_CURVE ( 'NONE', #7899, #8524, #7981, .T. ) ;
#1466 = CARTESIAN_POINT ( 'NONE',  ( -1.947437425699548363, 23.83398987489975340, 0.05001382842567950182 ) ) ;
#1467 = FACE_OUTER_BOUND ( 'NONE', #8419, .T. ) ;
#1468 = CARTESIAN_POINT ( 'NONE',  ( -2.118500707721102660, 25.42212598425207659, 0.07563480074632698835 ) ) ;
#1469 = CARTESIAN_POINT ( 'NONE',  ( -1.978976384691625734, 25.87858820914083680, 0.4054668154403858749 ) ) ;
#1470 = FACE_OUTER_BOUND ( 'NONE', #8477, .T. ) ;
#1471 = CARTESIAN_POINT ( 'NONE',  ( -2.492027648502568749, 24.39546979760391920, 0.05000000000000000971 ) ) ;
#1472 = CARTESIAN_POINT ( 'NONE',  ( -2.390385345708673892, 25.38750110655002246, 0.1691644765438122255 ) ) ;
#1473 = CARTESIAN_POINT ( 'NONE',  ( -0.9793628326904749715, 25.19143791132938048, 0.1307007080810511923 ) ) ;
#1474 = CARTESIAN_POINT ( 'NONE',  ( -2.412307653248316086, 25.25843771854772157, 0.1798583504450144144 ) ) ;
#1475 = CARTESIAN_POINT ( 'NONE',  ( -2.500047284145949789, 25.25310928000368804, 0.1645144955688741251 ) ) ;
#1476 = CYLINDRICAL_SURFACE ( 'NONE', #7452, 1.276096907780512213 ) ;
#1477 = CARTESIAN_POINT ( 'NONE',  ( -2.842366853301147689, 25.01241734622397672, 0.3449099061263341537 ) ) ;
#1478 = CARTESIAN_POINT ( 'NONE',  ( -2.107369493042835273, 23.48260413091839993, 0.3442150362528421104 ) ) ;
#1479 = CARTESIAN_POINT ( 'NONE',  ( -1.378188935950999117, 25.51580169004077447, 0.1050139055746932837 ) ) ;
#1480 = CARTESIAN_POINT ( 'NONE',  ( -1.378856931691209375, 25.44243282078171475, 0.04991721919041398892 ) ) ;
#1481 = CARTESIAN_POINT ( 'NONE',  ( -2.401365158962793345, 25.69339854148352131, 0.3999999999996781130 ) ) ;
#1482 = CARTESIAN_POINT ( 'NONE',  ( -2.304423847811434722, 24.19267986312907581, 0.04999999999999999584 ) ) ;
#1483 = CARTESIAN_POINT ( 'NONE',  ( -1.489250321494538731, 25.38707658457004612, 0.04606796101003841903 ) ) ;
#1484 = ORIENTED_EDGE ( 'NONE', *, *, #1436, .F. ) ;
#1485 = CARTESIAN_POINT ( 'NONE',  ( -2.913185451783129931, 24.22385158898903157, 0.4045223158462875057 ) ) ;
#1486 = ORIENTED_EDGE ( 'NONE', *, *, #7826, .F. ) ;
#1487 = CARTESIAN_POINT ( 'NONE',  ( -1.244307242334189878, 25.27441865502311558, 0.04606796101003840516 ) ) ;
#1488 = CARTESIAN_POINT ( 'NONE',  ( -1.154545809954511837, 25.31691228075633759, 0.04571512856535715069 ) ) ;
#1489 = CARTESIAN_POINT ( 'NONE',  ( -0.9319751916555316651, 24.23512094665679939, 0.04388498691525967443 ) ) ;
#1490 = CARTESIAN_POINT ( 'NONE',  ( -2.094484879054385296, 25.82370078740160579, 0.3600302234013720848 ) ) ;
#1491 = CARTESIAN_POINT ( 'NONE',  ( -2.031477255734317922, 23.86307086614183248, 0.000000000000000000 ) ) ;
#1492 = CARTESIAN_POINT ( 'NONE',  ( -0.8480695444531836102, 24.82229594769056646, 0.04999999999999998890 ) ) ;
#1493 = CARTESIAN_POINT ( 'NONE',  ( -0.4462992125984484026, 25.48905511771360111, 0.6074803150392285023 ) ) ;
#1494 = VERTEX_POINT ( 'NONE', #9122 ) ;
#1495 = CARTESIAN_POINT ( 'NONE',  ( -1.924529543602360393, 25.45722472983784002, 0.000000000000000000 ) ) ;
#1496 = FACE_OUTER_BOUND ( 'NONE', #2585, .T. ) ;
#1497 = CARTESIAN_POINT ( 'NONE',  ( -0.7251071193494337264, 24.35730880788273112, 0.1654686238121891306 ) ) ;
#1498 = VECTOR ( 'NONE', #1661, 39.37007874015748143 ) ;
#1499 = VECTOR ( 'NONE', #3890, 39.37007874015748143 ) ;
#1500 = CARTESIAN_POINT ( 'NONE',  ( -1.323298078378674525, 23.86307086614182182, 0.05000000000000000278 ) ) ;
#1501 = FACE_BOUND ( 'NONE', #4427, .T. ) ;
#1502 = VERTEX_POINT ( 'NONE', #5955 ) ;
#1503 = CARTESIAN_POINT ( 'NONE',  ( -0.5966287415787449033, 25.31821470356666737, 0.3999999999996793343 ) ) ;
#1504 = CARTESIAN_POINT ( 'NONE',  ( -0.8644204178844494546, 23.64964396363576782, 0.3427122901940395927 ) ) ;
#1505 = ORIENTED_EDGE ( 'NONE', *, *, #3281, .T. ) ;
#1506 = CARTESIAN_POINT ( 'NONE',  ( -0.8051968709868091434, 24.95587650521369838, 0.1066900053318251551 ) ) ;
#1507 = VERTEX_POINT ( 'NONE', #4031 ) ;
#1508 = AXIS2_PLACEMENT_3D ( 'NONE', #8464, #4313, #5587 ) ;
#1509 = CARTESIAN_POINT ( 'NONE',  ( -2.492027648502584736, 24.39546979760396184, 0.000000000000000000 ) ) ;
#1510 = CARTESIAN_POINT ( 'NONE',  ( -1.395861848083239654, 23.68979861081766458, 0.1654318703056808781 ) ) ;
#1511 = CARTESIAN_POINT ( 'NONE',  ( -2.697410032268177105, 23.87582727659607684, 0.3999999999996844968 ) ) ;
#1512 = CARTESIAN_POINT ( 'NONE',  ( -1.896741284318440579, 25.45899997360945122, 0.04605647949587324264 ) ) ;
#1513 = CARTESIAN_POINT ( 'NONE',  ( -2.415429647174469174, 24.41728365727976779, 0.05000000000000000278 ) ) ;
#1514 = DIRECTION ( 'NONE',  ( -0.000000000000000000, -0.000000000000000000, -1.000000000000000000 ) ) ;
#1516 = AXIS2_PLACEMENT_3D ( 'NONE', #1048, #1988, #2649 ) ;
#1515 = CARTESIAN_POINT ( 'NONE',  ( -0.6931496062992357210, 25.62685039370080986, 0.4499999999996782130 ) ) ;
#1517 = CARTESIAN_POINT ( 'NONE',  ( -2.518055539948437893, 24.05811313308368327, 0.2249999999998421873 ) ) ;
#1518 = CIRCLE ( 'NONE', #6796, 0.1135826771653553752 ) ;
#1519 = CARTESIAN_POINT ( 'NONE',  ( -0.9094797261054481385, 24.56429411270961083, 0.05000098676039854695 ) ) ;
#1520 = CARTESIAN_POINT ( 'NONE',  ( -2.535131428324716829, 25.34718843565393698, 0.2239141771745479514 ) ) ;
#1521 = CIRCLE ( 'NONE', #4853, 0.1057086614173214645 ) ;
#1522 = DIRECTION ( 'NONE',  ( 0.000000000000000000, -0.000000000000000000, 1.000000000000000000 ) ) ;
#1523 = CARTESIAN_POINT ( 'NONE',  ( -2.843387704507443825, 24.97190377945935680, 0.3452799360289832697 ) ) ;
#1524 = CARTESIAN_POINT ( 'NONE',  ( -1.946180288237042255, 23.83989652064029130, 0.04531078998734253821 ) ) ;
#1525 = CARTESIAN_POINT ( 'NONE',  ( -1.326696800181640157, 25.41574096265060945, 0.04424200582776309509 ) ) ;
#1526 = CARTESIAN_POINT ( 'NONE',  ( -2.233071534541680059, 25.76972973803245281, 0.4499999999996777689 ) ) ;
#1527 = VECTOR ( 'NONE', #5277, 39.37007874015748143 ) ;
#1528 = CARTESIAN_POINT ( 'NONE',  ( -2.405869298378916721, 25.69033766491435244, 0.4499999999996781019 ) ) ;
#1529 = CARTESIAN_POINT ( 'NONE',  ( -2.223223664465176164, 24.09677639027304608, 0.04999999999999992645 ) ) ;
#1530 = CARTESIAN_POINT ( 'NONE',  ( -1.981314523372247782, 25.83989696732528785, 0.4381354253312854663 ) ) ;
#1531 = ORIENTED_EDGE ( 'NONE', *, *, #6881, .T. ) ;
#1532 = CARTESIAN_POINT ( 'NONE',  ( -2.657428295578463384, 24.13849467604041976, 0.2244051313477829768 ) ) ;
#1533 = VERTEX_POINT ( 'NONE', #6054 ) ;
#1534 = CARTESIAN_POINT ( 'NONE',  ( -0.9972749584860675087, 25.72057639790176609, 0.3999999999996778910 ) ) ;
#1535 = CARTESIAN_POINT ( 'NONE',  ( -1.072693366990832731, 25.46951881628837100, 0.1645144303501858973 ) ) ;
#1536 = CARTESIAN_POINT ( 'NONE',  ( -0.4684090939181406732, 24.04340011117752951, 0.4028389071104327979 ) ) ;
#1537 = CARTESIAN_POINT ( 'NONE',  ( -0.4404456841944585643, 25.01687272491571790, 0.4050340938182953043 ) ) ;
#1538 = CARTESIAN_POINT ( 'NONE',  ( -2.413620242197485499, 24.04700526909991964, 0.1107050964262200343 ) ) ;
#1539 = CARTESIAN_POINT ( 'NONE',  ( -0.6509985387754290143, 25.46021008870318170, 0.3642267371664529851 ) ) ;
#1540 = DIRECTION ( 'NONE',  ( 0.000000000000000000, 1.000000000000000000, -3.607743797525388930E-15 ) ) ;
#1541 = ORIENTED_EDGE ( 'NONE', *, *, #4487, .F. ) ;
#1542 = CARTESIAN_POINT ( 'NONE',  ( -0.7121067500077020718, 25.51475749111894231, 0.3563799919618138023 ) ) ;
#1543 = CARTESIAN_POINT ( 'NONE',  ( -2.830655411561412649, 24.29051793536090997, 0.4499999999996830979 ) ) ;
#1544 = CARTESIAN_POINT ( 'NONE',  ( -0.5827881559574166204, 24.31674366882310778, 0.2852632298871539129 ) ) ;
#1545 = CARTESIAN_POINT ( 'NONE',  ( -2.341081909342078049, 24.25978181301612935, 0.04606807752549083035 ) ) ;
#1546 = CARTESIAN_POINT ( 'NONE',  ( -1.065282973674697153, 23.90825063401446116, 0.1779038983668270457 ) ) ;
#1547 = VERTEX_POINT ( 'NONE', #5340 ) ;
#1548 = CARTESIAN_POINT ( 'NONE',  ( -2.177056832149898646, 23.50189552547617922, 0.3999999999996853850 ) ) ;
#1549 = CARTESIAN_POINT ( 'NONE',  ( -1.029926693245186708, 23.74097052171967803, 0.2239152548456304626 ) ) ;
#1550 = UNCERTAINTY_MEASURE_WITH_UNIT (LENGTH_MEASURE( 1.000000000000000082E-05 ), #2948, 'distance_accuracy_value', 'NONE');
#1551 = EDGE_LOOP ( 'NONE', ( #7583, #8072, #4856, #2085, #2902 ) ) ;
#1552 = CARTESIAN_POINT ( 'NONE',  ( -0.5827008833210790550, 24.98048524161058381, 0.2858203182284408950 ) ) ;
#1553 = CARTESIAN_POINT ( 'NONE',  ( -2.082754853405791806, 25.73015811099634931, 0.2850551481158410394 ) ) ;
#1554 = ORIENTED_EDGE ( 'NONE', *, *, #2409, .T. ) ;
#1555 = AXIS2_PLACEMENT_3D ( 'NONE', #1174, #3378, #5538 ) ;
#1556 = CARTESIAN_POINT ( 'NONE',  ( -1.540765889884805118, 23.80592254079640568, 0.05007838993160769470 ) ) ;
#1557 = B_SPLINE_CURVE_WITH_KNOTS ( 'NONE', 3,
 ( #7254, #8800, #8058, #1611, #4483, #7398, #2363, #3117, #816, #959, #3680, #3771, #6554, #117, #206, #3820, #5986, #1107, #3316, #4068, #498, #7496, #7648, #6190, #5525, #1903, #1709, #6238, #4724, #7446, #6140, #354, #3163 ),
 .UNSPECIFIED., .F., .F.,
 ( 4, 2, 2, 2, 2, 2, 2, 1, 1, 1, 2, 2, 1, 1, 1, 1, 1, 1, 2, 2, 4 ),
 ( 0.000000000000000000, 0.1250000000001846578, 0.1562500000002201850, 0.1875000000002557121, 0.2500000000003448353, 0.3750000000005044853, 0.5000000000006641354, 0.6250000000008237855, 0.6875000000009023893, 0.7187500000009429124, 0.7343750000009620083, 0.7500000000009809931, 0.8125000000010572654, 0.8437500000010954571, 0.8593750000011268764, 0.8671875000011436407, 0.8710937500011418644, 0.8730468750011409762, 0.8740234375011394219, 0.8750000000011378676, 1.000000000000000000 ),
 .UNSPECIFIED. ) ;
#1558 = EDGE_CURVE ( 'NONE', #8778, #252, #8116, .T. ) ;
#1559 = CARTESIAN_POINT ( 'NONE',  ( -2.409311373795575584, 23.59726823087272862, 0.3999999999996855515 ) ) ;
#1560 = FACE_OUTER_BOUND ( 'NONE', #1236, .T. ) ;
#1561 = CARTESIAN_POINT ( 'NONE',  ( -1.939561251451222823, 25.80972712856645046, 0.3457354387103742654 ) ) ;
#1562 = FACE_BOUND ( 'NONE', #3720, .T. ) ;
#1563 = DIRECTION ( 'NONE',  ( 1.000000000000000000, 0.000000000000000000, -6.123233995736998996E-17 ) ) ;
#1564 = DIRECTION ( 'NONE',  ( -0.000000000000000000, -0.000000000000000000, -1.000000000000000000 ) ) ;
#1565 = CARTESIAN_POINT ( 'NONE',  ( -1.149714153845317721, 25.24470589382765340, 0.07008066014942940236 ) ) ;
#1566 = CARTESIAN_POINT ( 'NONE',  ( -0.9205344708794812592, 24.48730932222029466, 0.04999917503440136357 ) ) ;
#1567 = CARTESIAN_POINT ( 'NONE',  ( -2.344291218487437600, 25.17489127509072944, 0.04571512431000373383 ) ) ;
#1568 = CARTESIAN_POINT ( 'NONE',  ( -2.448020137122856266, 24.60259859119682702, 0.05000000000000000971 ) ) ;
#1569 = EDGE_CURVE ( 'NONE', #1502, #1986, #4177, .T. ) ;
#1570 = ADVANCED_FACE ( 'NONE', ( #6863, #8211 ), #1392, .F. ) ;
#1571 = CARTESIAN_POINT ( 'NONE',  ( -2.628174307769309603, 24.93714402507032091, 0.1652755074657149270 ) ) ;
#1572 = CARTESIAN_POINT ( 'NONE',  ( -1.823010509167700688, 23.74251521655124364, 0.1068529414653227455 ) ) ;
#1573 = CARTESIAN_POINT ( 'NONE',  ( -1.196313849098813886, 25.71494278967625036, 0.2835697005465953047 ) ) ;
#1574 = CARTESIAN_POINT ( 'NONE',  ( -1.599872119567813611, 25.48522877915776874, 0.05000075928871620945 ) ) ;
#1575 = B_SPLINE_CURVE_WITH_KNOTS ( 'NONE', 3,
 ( #760, #4947, #7825, #9278 ),
 .UNSPECIFIED., .F., .F.,
 ( 4, 4 ),
 ( 0.000000000000000000, 0.001467121336031938002 ),
 .UNSPECIFIED. ) ;
#1576 = CARTESIAN_POINT ( 'NONE',  ( -0.7297946853861585481, 25.59020532906909651, 0.4431958362722941969 ) ) ;
#1577 = CARTESIAN_POINT ( 'NONE',  ( -0.5259656793985828527, 24.23261119430779331, 0.4499999999996832090 ) ) ;
#1578 = CARTESIAN_POINT ( 'NONE',  ( -1.443789005008055293, 25.37294012499721418, 0.04606796101003841903 ) ) ;
#1579 = ORIENTED_EDGE ( 'NONE', *, *, #2258, .F. ) ;
#1580 = CARTESIAN_POINT ( 'NONE',  ( -2.904685766356269294, 24.13251336125904700, 0.4035777183469473894 ) ) ;
#1581 = EDGE_LOOP ( 'NONE', ( #511, #4812, #7888, #6960 ) ) ;
#1582 = CARTESIAN_POINT ( 'NONE',  ( -1.080696502109229185, 25.75757489300725211, 0.3999999999996777245 ) ) ;
#1583 = CARTESIAN_POINT ( 'NONE',  ( -0.4962992125984483360, 25.66622047223044589, 0.6074803150392285023 ) ) ;
#1584 = CARTESIAN_POINT ( 'NONE',  ( -0.8769849524637653992, 24.36619925682994392, 0.04531224308942129186 ) ) ;
#1585 = CARTESIAN_POINT ( 'NONE',  ( -2.458126668966548856, 23.52060597876373294, 0.4021259804983534636 ) ) ;
#1586 = CARTESIAN_POINT ( 'NONE',  ( -2.631108072397334574, 23.87118984445365300, 0.3047194144241914260 ) ) ;
#1587 = CARTESIAN_POINT ( 'NONE',  ( -0.8429607743326034131, 24.79170648814309530, 0.05000015075284987981 ) ) ;
#1588 = DIRECTION ( 'NONE',  ( 0.000000000000000000, 0.000000000000000000, 1.000000000000000000 ) ) ;
#1589 = CARTESIAN_POINT ( 'NONE',  ( -0.4462992125984484026, 25.39456692907831226, 0.3999999999996790012 ) ) ;
#1590 = CARTESIAN_POINT ( 'NONE',  ( -2.730416909180338525, 23.92191189331964907, 0.4499999999996843747 ) ) ;
#1591 = CARTESIAN_POINT ( 'NONE',  ( -0.6474591318587238353, 24.87465239904780745, 0.2260620203075341117 ) ) ;
#1592 = CARTESIAN_POINT ( 'NONE',  ( -2.415861871281779649, 25.75005357736730005, 0.4382319632553156041 ) ) ;
#1593 = CARTESIAN_POINT ( 'NONE',  ( -2.444744052584297389, 24.53949256322837869, 0.05000357747950497783 ) ) ;
#1594 = CARTESIAN_POINT ( 'NONE',  ( -2.820750309651759657, 25.38404427220001480, 0.3999999999996962097 ) ) ;
#1595 = CARTESIAN_POINT ( 'NONE',  ( -2.351833325389921292, 23.49313778396293984, 0.4432038780669233513 ) ) ;
#1596 = CARTESIAN_POINT ( 'NONE',  ( -1.004808702099051709, 23.98764407418702405, 0.1051148090539607838 ) ) ;
#1597 = ORIENTED_EDGE ( 'NONE', *, *, #4670, .T. ) ;
#1598 = CARTESIAN_POINT ( 'NONE',  ( -0.5821565266215439349, 24.97228169976856549, 0.2858885492917565552 ) ) ;
#1599 = CARTESIAN_POINT ( 'NONE',  ( -2.091227543508469733, 25.80502920965690450, 0.3447660950082844789 ) ) ;
#1600 = VERTEX_POINT ( 'NONE', #1920 ) ;
#1601 = ADVANCED_FACE ( 'NONE', ( #2717 ), #5577, .F. ) ;
#1602 = CARTESIAN_POINT ( 'NONE',  ( -2.489639002957697578, 24.90048285832968489, 0.05000000000000000971 ) ) ;
#1603 = EDGE_CURVE ( 'NONE', #1650, #5057, #508, .T. ) ;
#1604 = EDGE_CURVE ( 'NONE', #4454, #830, #2009, .T. ) ;
#1605 = CARTESIAN_POINT ( 'NONE',  ( -2.457362508922241506, 23.88576969385647075, 0.2077123391195965507 ) ) ;
#1606 = CARTESIAN_POINT ( 'NONE',  ( -2.307322834645600285, 24.01267716535440400, 0.2999999999999999889 ) ) ;
#1607 = ORIENTED_EDGE ( 'NONE', *, *, #4376, .T. ) ;
#1608 = DIRECTION ( 'NONE',  ( 0.000000000000000000, 1.000000000000000000, 0.000000000000000000 ) ) ;
#1609 = CYLINDRICAL_SURFACE ( 'NONE', #6020, 0.1135826771653553752 ) ;
#1610 = FACE_OUTER_BOUND ( 'NONE', #8598, .T. ) ;
#1611 = CARTESIAN_POINT ( 'NONE',  ( -2.455774109338722866, 23.63137747196371663, 0.4499999999996854294 ) ) ;
#1612 = EDGE_CURVE ( 'NONE', #3447, #5465, #7, .T. ) ;
#1613 = CARTESIAN_POINT ( 'NONE',  ( -1.393920747051510700, 23.83777258716589387, 0.05000000000000000971 ) ) ;
#1614 = ADVANCED_FACE ( 'NONE', ( #593 ), #3461, .T. ) ;
#1615 = CARTESIAN_POINT ( 'NONE',  ( -2.365582472579853768, 25.18340181044267112, 0.1218744241002988893 ) ) ;
#1616 = CARTESIAN_POINT ( 'NONE',  ( -2.733591574139523583, 25.51020950872784354, 0.4021132311984754182 ) ) ;
#1617 = DIRECTION ( 'NONE',  ( -1.000000000000000000, 0.000000000000000000, 0.000000000000000000 ) ) ;
#1618 = CARTESIAN_POINT ( 'NONE',  ( -2.912739306605632628, 24.88886087861018126, 0.4057675103924049398 ) ) ;
#1619 = CARTESIAN_POINT ( 'NONE',  ( -1.907695408578821583, 23.82901397054185466, 0.04589841805476405773 ) ) ;
#1620 = CIRCLE ( 'NONE', #9282, 0.2074803149606299357 ) ;
#1621 = CARTESIAN_POINT ( 'NONE',  ( -1.391677089290777936, 25.66788328704654987, 0.2255088973267620756 ) ) ;
#1622 = CARTESIAN_POINT ( 'NONE',  ( -0.8627753674199776235, 24.88972659582283953, 0.000000000000000000 ) ) ;
#1623 = CARTESIAN_POINT ( 'NONE',  ( -1.027140425695560078, 25.05815549904363237, 0.04999999999999998196 ) ) ;
#1624 = CARTESIAN_POINT ( 'NONE',  ( -2.117905374921803752, 24.00903032441591733, 0.05000000000000000278 ) ) ;
#1625 = CARTESIAN_POINT ( 'NONE',  ( -1.260595824699555445, 25.84133827644993531, 0.4381354253312858549 ) ) ;
#1626 = ADVANCED_FACE ( 'NONE', ( #5534 ), #4827, .T. ) ;
#1627 = VERTEX_POINT ( 'NONE', #6959 ) ;
#1628 = CARTESIAN_POINT ( 'NONE',  ( -2.553495024012157444, 24.11441228408572357, 0.1646294967980888035 ) ) ;
#1629 = VERTEX_POINT ( 'NONE', #3329 ) ;
#1630 = LINE ( 'NONE', #2233, #2661 ) ;
#1631 = CYLINDRICAL_SURFACE ( 'NONE', #5315, 0.08070866141732159493 ) ;
#1632 = CARTESIAN_POINT ( 'NONE',  ( -0.5964009756878905222, 24.20591231159993129, 0.2840349610599583463 ) ) ;
#1633 = CARTESIAN_POINT ( 'NONE',  ( -2.462737287375771356, 25.15177330902717401, 0.1032913838664855921 ) ) ;
#1634 = CARTESIAN_POINT ( 'NONE',  ( -0.7317606766115900552, 24.93129647374406943, 0.2249999999998402167 ) ) ;
#1635 = LINE ( 'NONE', #8731, #1499 ) ;
#1636 = CARTESIAN_POINT ( 'NONE',  ( -0.8538111108256603021, 24.85137147474334895, 0.05001165082508193110 ) ) ;
#1637 = CARTESIAN_POINT ( 'NONE',  ( -1.013942922505046917, 23.46149606299214696, 0.3999999999996858291 ) ) ;
#1638 = ORIENTED_EDGE ( 'NONE', *, *, #3110, .T. ) ;
#1639 = CARTESIAN_POINT ( 'NONE',  ( -0.7816748661027841383, 25.55549482293238484, 0.3411140173324834213 ) ) ;
#1640 = CARTESIAN_POINT ( 'NONE',  ( -2.748278007876313378, 23.95064136861936532, 0.4499999999996843192 ) ) ;
#1641 = CARTESIAN_POINT ( 'NONE',  ( -0.4414125589811775385, 24.94417284445763983, 0.4054661415300143679 ) ) ;
#1642 = CARTESIAN_POINT ( 'NONE',  ( -2.413031496062930437, 24.01267716535440755, 0.1865493948359174259 ) ) ;
#1643 = FACE_OUTER_BOUND ( 'NONE', #5536, .T. ) ;
#1644 = CARTESIAN_POINT ( 'NONE',  ( -0.6495933589202411707, 25.43730821344680848, 0.3551861559837512505 ) ) ;
#1645 = CARTESIAN_POINT ( 'NONE',  ( -2.858503937007897289, 25.30561980102896413, 0.3999999999996796118 ) ) ;
#1646 = CARTESIAN_POINT ( 'NONE',  ( -0.7768094273237939884, 23.99369088316660381, 0.2239141806235636634 ) ) ;
#1647 = ORIENTED_EDGE ( 'NONE', *, *, #6047, .F. ) ;
#1648 = CARTESIAN_POINT ( 'NONE',  ( -0.8709021274674975110, 24.90855286168788751, 0.04758732824891197255 ) ) ;
#1649 = CARTESIAN_POINT ( 'NONE',  ( -2.031929310980377767, 25.73601684791582400, 0.2856523448167089252 ) ) ;
#1650 = VERTEX_POINT ( 'NONE', #4079 ) ;
#1651 = CARTESIAN_POINT ( 'NONE',  ( -1.433814723846543071, 23.82707765074017914, 0.05000269883370633828 ) ) ;
#1652 = CARTESIAN_POINT ( 'NONE',  ( -2.244916067507265023, 23.88462977003780097, 0.1107055075445093073 ) ) ;
#1653 = CARTESIAN_POINT ( 'NONE',  ( -2.661653543307109793, 25.62685039370080986, 0.1999999999996782685 ) ) ;
#1654 = ORIENTED_EDGE ( 'NONE', *, *, #4178, .F. ) ;
#1655 = DIRECTION ( 'NONE',  ( -1.000000000000000000, 0.000000000000000000, 0.000000000000000000 ) ) ;
#1656 = CARTESIAN_POINT ( 'NONE',  ( -1.677401759897740430, 24.64259857083205318, 0.4499999999996817657 ) ) ;
#1657 = DIRECTION ( 'NONE',  ( 0.000000000000000000, 1.000000000000000000, -3.620864940369048981E-15 ) ) ;
#1658 = FACE_OUTER_BOUND ( 'NONE', #5126, .T. ) ;
#1659 = CARTESIAN_POINT ( 'NONE',  ( -1.358258873701580383, 23.84946276270040499, 0.000000000000000000 ) ) ;
#1660 = CARTESIAN_POINT ( 'NONE',  ( -2.268369014108917447, 25.17397723809618171, 0.06599713750630677167 ) ) ;
#1661 = DIRECTION ( 'NONE',  ( -5.582034230992258856E-11, 1.000000000000000000, -4.647048144349199995E-15 ) ) ;
#1662 = CARTESIAN_POINT ( 'NONE',  ( -1.924529543602361059, 25.45722472983784357, 0.05000000000000029421 ) ) ;
#1663 = CIRCLE ( 'NONE', #481, 0.1135826771653510037 ) ;
#1664 = CARTESIAN_POINT ( 'NONE',  ( -2.714213147646346691, 24.52994681333051830, 0.2268150631623543079 ) ) ;
#1665 = CARTESIAN_POINT ( 'NONE',  ( -1.684407801455077180, 23.60290511426274662, 0.2271662408645887532 ) ) ;
#1666 = CIRCLE ( 'NONE', #6028, 0.1135826771653553752 ) ;
#1667 = CARTESIAN_POINT ( 'NONE',  ( -1.381760734734934770, 25.66695190852560771, 0.2254107176184533823 ) ) ;
#1668 = CARTESIAN_POINT ( 'NONE',  ( -1.917452769643053445, 25.45899761824480834, 0.05000546374226746971 ) ) ;
#1669 = CARTESIAN_POINT ( 'NONE',  ( -2.123103822314575950, 23.49427836172300488, 0.4499999999996858180 ) ) ;
#1670 = DIRECTION ( 'NONE',  ( 6.123233995736998996E-17, 3.552713678800503296E-15, 1.000000000000000000 ) ) ;
#1671 = CARTESIAN_POINT ( 'NONE',  ( -2.033152776510096515, 25.79585226183220215, 0.3999999999996776134 ) ) ;
#1672 = ORIENTED_EDGE ( 'NONE', *, *, #3978, .F. ) ;
#1673 = AXIS2_PLACEMENT_3D ( 'NONE', #9175, #7328, #3749 ) ;
#1674 = CARTESIAN_POINT ( 'NONE',  ( -1.367599209722975662, 23.93565076259183044, 0.05000000000000003053 ) ) ;
#1675 = CARTESIAN_POINT ( 'NONE',  ( -2.518459065025819399, 24.23672932137290559, 0.1057187434717431901 ) ) ;
#1676 = VERTEX_POINT ( 'NONE', #1257 ) ;
#1677 = CARTESIAN_POINT ( 'NONE',  ( -1.006642188073454625, 25.78582929544908708, 0.4381354253312859104 ) ) ;
#1678 = CARTESIAN_POINT ( 'NONE',  ( -0.9489545369064055214, 23.59488922082562468, 0.3999999999996645683 ) ) ;
#1679 = CARTESIAN_POINT ( 'NONE',  ( -0.5147437958738740882, 24.23676450285345396, 0.3444945787885179134 ) ) ;
#1680 = CARTESIAN_POINT ( 'NONE',  ( -2.802737863656495243, 25.41826442432476796, 0.4021276584403382093 ) ) ;
#1681 = VECTOR ( 'NONE', #2874, 39.37007874015748143 ) ;
#1682 = CARTESIAN_POINT ( 'NONE',  ( -2.373966936976034336, 23.56885013852992472, 0.3423873074975453679 ) ) ;
#1683 = ADVANCED_FACE ( 'NONE', ( #7836 ), #7856, .T. ) ;
#1684 = CARTESIAN_POINT ( 'NONE',  ( -2.422479797110931532, 24.05816919416280442, 0.1107078432546091118 ) ) ;
#1685 = CARTESIAN_POINT ( 'NONE',  ( -2.456929133858051451, 25.18441973250004651, 0.1124227741546727222 ) ) ;
#1686 = CARTESIAN_POINT ( 'NONE',  ( -2.456929133858077208, 25.10702373849609614, 0.08392670149271957980 ) ) ;
#1687 = VERTEX_POINT ( 'NONE', #4534 ) ;
#1688 = CYLINDRICAL_SURFACE ( 'NONE', #6690, 0.1057086614173291111 ) ;
#1689 = CARTESIAN_POINT ( 'NONE',  ( -2.806208264762050320, 24.09314334258154133, 0.4499999999996838196 ) ) ;
#1690 = CARTESIAN_POINT ( 'NONE',  ( -0.8476394816753277661, 24.79886594111332698, 0.04696392030521995276 ) ) ;
#1691 = CARTESIAN_POINT ( 'NONE',  ( -1.313418049074975391, 25.79573088847479312, 0.4499999999996777134 ) ) ;
#1692 = CARTESIAN_POINT ( 'NONE',  ( -1.987203665119489759, 25.34954631602221298, 0.05000000000000003053 ) ) ;
#1693 = DIRECTION ( 'NONE',  ( -6.123233995736998996E-17, -3.552713678800503296E-15, -1.000000000000000000 ) ) ;
#1694 = EDGE_CURVE ( 'NONE', #5404, #3767, #3219, .T. ) ;
#1695 = ORIENTED_EDGE ( 'NONE', *, *, #234, .F. ) ;
#1696 = B_SPLINE_CURVE_WITH_KNOTS ( 'NONE', 3,
 ( #1642, #5312, #4561, #2495, #3099, #3898, #943, #6731, #2392, #1837, #3247, #3802, #286, #6680, #7378, #1789, #1091, #9029, #8933, #989, #5456, #6018, #5362, #7526 ),
 .UNSPECIFIED., .F., .F.,
 ( 4, 2, 2, 2, 2, 2, 2, 2, 2, 2, 2, 4 ),
 ( 1.209619831296234499E-16, 0.001168146166452337271, 0.001752219249678444541, 0.002336292332904551811, 0.003504438499356568159, 0.004672584665808584073, 0.005840730832260601288, 0.006424803915486655866, 0.007008876998712711311, 0.007592950081938766756, 0.008177023165164823068, 0.009345169331616932223 ),
 .UNSPECIFIED. ) ;
#1697 = ORIENTED_EDGE ( 'NONE', *, *, #7740, .T. ) ;
#1698 = CARTESIAN_POINT ( 'NONE',  ( -0.7017595374787826135, 25.15815061893271931, 0.2243258628379959652 ) ) ;
#1699 = EDGE_CURVE ( 'NONE', #59, #8778, #2615, .T. ) ;
#1700 = CARTESIAN_POINT ( 'NONE',  ( -2.087220305536499954, 25.87878451992885687, 0.4046298552938803472 ) ) ;
#1701 = ORIENTED_EDGE ( 'NONE', *, *, #9079, .T. ) ;
#1702 = CARTESIAN_POINT ( 'NONE',  ( -1.735958230355642007, 23.79869901889464501, 0.04999997661669347560 ) ) ;
#1703 = CARTESIAN_POINT ( 'NONE',  ( -2.434517848573788168, 23.67749537011544092, 0.3047190526206341454 ) ) ;
#1704 = CARTESIAN_POINT ( 'NONE',  ( -2.456929133858097636, 3.299684630179368394E-15, 0.000000000000000000 ) ) ;
#1705 = VERTEX_POINT ( 'NONE', #8105 ) ;
#1706 = CARTESIAN_POINT ( 'NONE',  ( -2.264096050882787203, 23.91599675761962729, 0.1625638937028561493 ) ) ;
#1707 = CARTESIAN_POINT ( 'NONE',  ( -1.375751110382934295, 23.61740396039609635, 0.2264253246174286749 ) ) ;
#1708 = CARTESIAN_POINT ( 'NONE',  ( -2.701023622047267203, 25.66622047244096905, 0.6074803150392285023 ) ) ;
#1709 = CARTESIAN_POINT ( 'NONE',  ( -2.690944867084794634, 23.86754123553349771, 0.4499999999996845412 ) ) ;
#1710 = CARTESIAN_POINT ( 'NONE',  ( -1.677401673751885758, 24.64259829956872849, 0.3999999999996817768 ) ) ;
#1711 = CARTESIAN_POINT ( 'NONE',  ( -0.9574543778410425920, 25.32844911360288975, 0.2044878584065218663 ) ) ;
#1712 = DIRECTION ( 'NONE',  ( -1.000000000000000000, -5.096616489237592052E-11, 6.123234013843818264E-17 ) ) ;
#1713 = CARTESIAN_POINT ( 'NONE',  ( -2.701023621871493585, 25.82370078740159869, 0.6074803150392285023 ) ) ;
#1714 = CARTESIAN_POINT ( 'NONE',  ( -2.648315536564270545, 24.53696917619301487, 0.1670237146383708737 ) ) ;
#1715 = CARTESIAN_POINT ( 'NONE',  ( -1.971741992142504785, 23.40674990749048590, 0.4055183488888046694 ) ) ;
#1716 = CARTESIAN_POINT ( 'NONE',  ( -1.373557985952556182, 25.59189939187477592, 0.1651559653508164749 ) ) ;
#1717 = CARTESIAN_POINT ( 'NONE',  ( -2.654986874088138826, 25.32937391674211369, 0.2825786666386643220 ) ) ;
#1718 = CARTESIAN_POINT ( 'NONE',  ( -2.265788320285187396, 23.52385993665819086, 0.4499999999996857070 ) ) ;
#1719 = CARTESIAN_POINT ( 'NONE',  ( -2.421362326949645816, 23.60570217534115045, 0.3999999999996855515 ) ) ;
#1720 = CARTESIAN_POINT ( 'NONE',  ( -2.858503937007895068, 24.16014477523273030, 0.3655642652220696398 ) ) ;
#1721 = CARTESIAN_POINT ( 'NONE',  ( -1.249275493151580152, 24.00054295804251225, 0.04999999999999999584 ) ) ;
#1722 = CARTESIAN_POINT ( 'NONE',  ( -2.757416259746847675, 24.19318608029383455, 0.2846056200254267199 ) ) ;
#1723 = ORIENTED_EDGE ( 'NONE', *, *, #1603, .F. ) ;
#1724 = CARTESIAN_POINT ( 'NONE',  ( -2.244862357900636596, 25.49529769839009674, 0.1645258981720750524 ) ) ;
#1725 = CARTESIAN_POINT ( 'NONE',  ( -2.725140777349642995, 25.37106619593519596, 0.4499999999996792677 ) ) ;
#1726 = ADVANCED_FACE ( 'NONE', ( #2465 ), #3972, .T. ) ;
#1727 = CARTESIAN_POINT ( 'NONE',  ( -0.7314345870003656769, 24.31998018395324124, 0.1649870733524084754 ) ) ;
#1728 = EDGE_CURVE ( 'NONE', #3447, #1533, #8304, .T. ) ;
#1729 = ADVANCED_FACE ( 'NONE', ( #3320 ), #2211, .T. ) ;
#1730 = CARTESIAN_POINT ( 'NONE',  ( -2.601331563915138201, 25.25430833398453601, 0.2228270098153343204 ) ) ;
#1731 = CARTESIAN_POINT ( 'NONE',  ( -2.302217905751642757, 23.72720778271753517, 0.2228143598754871446 ) ) ;
#1732 = DIRECTION ( 'NONE',  ( 0.000000000000000000, -1.000000000000000000, 3.854941057726282076E-15 ) ) ;
#1733 = DIRECTION ( 'NONE',  ( -0.000000000000000000, -0.000000000000000000, -1.000000000000000000 ) ) ;
#1734 = DIRECTION ( 'NONE',  ( -5.582034230992258856E-11, 1.000000000000000000, 0.000000000000000000 ) ) ;
#1735 = AXIS2_PLACEMENT_3D ( 'NONE', #7375, #186, #6631 ) ;
#1736 = ORIENTED_EDGE ( 'NONE', *, *, #6357, .F. ) ;
#1737 = CARTESIAN_POINT ( 'NONE',  ( -0.7980313201651059174, 25.58204443966369368, 0.3465429283611313194 ) ) ;
#1738 = DIRECTION ( 'NONE',  ( -1.000000000000000000, 0.000000000000000000, 0.000000000000000000 ) ) ;
#1739 = EDGE_CURVE ( 'NONE', #488, #7932, #2414, .T. ) ;
#1740 = CARTESIAN_POINT ( 'NONE',  ( -0.9489337751103440466, 23.59485923627083537, 0.3999999999996854405 ) ) ;
#1741 = CARTESIAN_POINT ( 'NONE',  ( -0.7050642377755841350, 24.71085272118287435, 0.1672254485824847536 ) ) ;
#1742 = CARTESIAN_POINT ( 'NONE',  ( -1.874705218301544019, 25.46983288587973249, 0.000000000000000000 ) ) ;
#1743 = CARTESIAN_POINT ( 'NONE',  ( -2.226083890764632311, 25.77225684448858800, 0.3999999999996787792 ) ) ;
#1744 = CARTESIAN_POINT ( 'NONE',  ( -2.069519899371779825, 23.46149606299215051, 0.3586557086086609725 ) ) ;
#1745 = DIRECTION ( 'NONE',  ( 0.000000000000000000, 1.000000000000000000, -3.607743797525527770E-15 ) ) ;
#1746 = ORIENTED_EDGE ( 'NONE', *, *, #5880, .T. ) ;
#1747 = CARTESIAN_POINT ( 'NONE',  ( -0.6660074419045748373, 25.03686470041420620, 0.2253864696413134250 ) ) ;
#1748 = EDGE_CURVE ( 'NONE', #5737, #4650, #8155, .T. ) ;
#1749 = CARTESIAN_POINT ( 'NONE',  ( -1.966302828858325968, 25.44190750520865052, 0.04724598078029213638 ) ) ;
#1750 = ORIENTED_EDGE ( 'NONE', *, *, #7049, .T. ) ;
#1751 = CIRCLE ( 'NONE', #7618, 0.1135826771653510037 ) ;
#1752 = CARTESIAN_POINT ( 'NONE',  ( -2.435137817338832722, 23.94850028434733602, 0.1666746160832683898 ) ) ;
#1753 = CARTESIAN_POINT ( 'NONE',  ( -2.475559057017690190, 23.53370219124498419, 0.4017275783409153811 ) ) ;
#1754 = CARTESIAN_POINT ( 'NONE',  ( -0.8978740157478268813, 24.17817344479714592, 0.08392666651893748719 ) ) ;
#1755 = ORIENTED_EDGE ( 'NONE', *, *, #5061, .F. ) ;
#1756 = DIRECTION ( 'NONE',  ( -6.123233995736998996E-17, -3.552713678800503296E-15, -1.000000000000000000 ) ) ;
#1757 = CARTESIAN_POINT ( 'NONE',  ( -1.339236417180614591, 23.69774502523619830, 0.1662080491508323155 ) ) ;
#1758 = CARTESIAN_POINT ( 'NONE',  ( -2.825892300960638703, 25.08550429553620376, 0.4499999999996802669 ) ) ;
#1759 = CARTESIAN_POINT ( 'NONE',  ( -2.411045788670895362, 25.79052149067890198, 0.3999999999996854405 ) ) ;
#1760 = CARTESIAN_POINT ( 'NONE',  ( -0.8627753674199776235, 24.88972659582283953, 0.000000000000000000 ) ) ;
#1761 = CARTESIAN_POINT ( 'NONE',  ( -0.5242686960294554721, 24.27863538042043245, 0.3999999999996829980 ) ) ;
#1762 = FACE_OUTER_BOUND ( 'NONE', #3504, .T. ) ;
#1763 = VECTOR ( 'NONE', #1948, 39.37007874015748143 ) ;
#1764 = CARTESIAN_POINT ( 'NONE',  ( -2.516466616250695676, 24.55059608497738211, 0.04745370288460920571 ) ) ;
#1765 = CARTESIAN_POINT ( 'NONE',  ( -1.870573413886154279, 23.67854306530536235, 0.1663932409486667818 ) ) ;
#1766 = CARTESIAN_POINT ( 'NONE',  ( -1.322430190053467403, 25.87915564269715674, 0.4051507319328515599 ) ) ;
#1767 = PLANE ( 'NONE',  #5121 ) ;
#1768 = CARTESIAN_POINT ( 'NONE',  ( -2.372784896859636561, 23.57301300951523260, 0.3999999999996856070 ) ) ;
#1769 = CARTESIAN_POINT ( 'NONE',  ( -0.5526610801402179751, 24.07783549751089325, 0.4499999999996837086 ) ) ;
#1770 = CARTESIAN_POINT ( 'NONE',  ( -0.6537795277017081075, 23.41149606299214625, 0.6074803150392285023 ) ) ;
#1771 = CARTESIAN_POINT ( 'NONE',  ( -0.9557750346395207375, 23.59021094003516694, 0.3999999999996855515 ) ) ;
#1772 = CARTESIAN_POINT ( 'NONE',  ( -2.450532130561998923, 24.11005537127192966, 0.1051161826619431416 ) ) ;
#1773 = ORIENTED_EDGE ( 'NONE', *, *, #6308, .T. ) ;
#1774 = CARTESIAN_POINT ( 'NONE',  ( -2.197548161312943282, 25.42402596040024676, 0.1051251420622198035 ) ) ;
#1775 = CARTESIAN_POINT ( 'NONE',  ( -1.096108081494817643, 25.48612294193318206, 0.1645144289800172799 ) ) ;
#1776 = CARTESIAN_POINT ( 'NONE',  ( -0.6573733325844641762, 24.30663070259269887, 0.2249980028090272366 ) ) ;
#1777 = CARTESIAN_POINT ( 'NONE',  ( -2.524334216427366773, 25.21489026853471671, 0.1630452561542889978 ) ) ;
#1778 = CARTESIAN_POINT ( 'NONE',  ( -2.297962321194051416, 23.72437813481367996, 0.2228172456430057013 ) ) ;
#1779 = CARTESIAN_POINT ( 'NONE',  ( -0.6479399319759387987, 25.46326869552423489, 0.3672089763601216195 ) ) ;
#1780 = CARTESIAN_POINT ( 'NONE',  ( -0.9729303570926515210, 23.47912001332155185, 0.3999999999996883271 ) ) ;
#1781 = CARTESIAN_POINT ( 'NONE',  ( -2.451030233849704754, 23.55005819493579367, 0.4432038780669226852 ) ) ;
#1782 = B_SPLINE_SURFACE_WITH_KNOTS ( 'NONE', 3, 1, ( 
 ( #5226, #5177 ),
 ( #1559, #7299 ),
 ( #855, #7344 ),
 ( #201, #3864 ),
 ( #6646, #8893 ),
 ( #2358, #8147 ),
 ( #2456, #6597 ),
 ( #6746, #3723 ),
 ( #8795, #2971 ),
 ( #8841, #811 ),
 ( #3019, #8053 ),
 ( #4391, #6548 ),
 ( #902, #5834 ) ),
 .UNSPECIFIED., .F., .F., .F.,
 ( 4, 1, 1, 1, 1, 1, 1, 1, 1, 1, 4 ),
 ( 2, 2 ),
 ( 0.000000000000000000, 0.02777673575954620055, 0.1110030780928170646, 0.2499884411223617375, 0.4057608935929711835, 0.4999715948599644522, 0.6249766622247940884, 0.7499819984814911633, 0.8124787029819590112, 0.8749675715462289505, 0.9999999999999998890 ),
 ( 0.000000000000000000, 1.000000000000000000 ),
 .UNSPECIFIED. ) ;
#1783 = ORIENTED_EDGE ( 'NONE', *, *, #8425, .F. ) ;
#1784 = CARTESIAN_POINT ( 'NONE',  ( -2.521310095360400183, 24.70100325372763805, 0.05000000414108175806 ) ) ;
#1785 = B_SPLINE_CURVE_WITH_KNOTS ( 'NONE', 3,
 ( #7742, #582, #3451, #2754 ),
 .UNSPECIFIED., .F., .F.,
 ( 4, 4 ),
 ( 0.08404677852952095740, 0.08745703646759460381 ),
 .UNSPECIFIED. ) ;
#1786 = LINE ( 'NONE', #7476, #751 ) ;
#1787 = CARTESIAN_POINT ( 'NONE',  ( -0.9981529659072336802, 23.56455868569525336, 0.4499999999996855404 ) ) ;
#1788 = CARTESIAN_POINT ( 'NONE',  ( -0.5081748434437314277, 24.63464561955889209, 0.3467042560927375283 ) ) ;
#1789 = CARTESIAN_POINT ( 'NONE',  ( -2.248651886940530975, 24.10093616090574642, 0.06078045713554947049 ) ) ;
#1790 = CARTESIAN_POINT ( 'NONE',  ( -2.776256439097742224, 25.40660564989576287, 0.4431958260125134497 ) ) ;
#1791 = CARTESIAN_POINT ( 'NONE',  ( -2.340427711245490539, 23.46149606299214696, 0.3999999999996859401 ) ) ;
#1792 = CARTESIAN_POINT ( 'NONE',  ( -0.5356692913878183804, 25.33578019156488992, 0.4499999999996792677 ) ) ;
#1793 = VERTEX_POINT ( 'NONE', #7498 ) ;
#1794 = CARTESIAN_POINT ( 'NONE',  ( -0.7880501801915179572, 25.14618342210130919, 0.1647292057760208484 ) ) ;
#1795 = ORIENTED_EDGE ( 'NONE', *, *, #5345, .F. ) ;
#1796 = CARTESIAN_POINT ( 'NONE',  ( -0.6558251339910625699, 25.51917285180427086, 0.3877139512842618374 ) ) ;
#1797 = ORIENTED_EDGE ( 'NONE', *, *, #5647, .T. ) ;
#1798 = CARTESIAN_POINT ( 'NONE',  ( -0.8303800643943407556, 24.07024695180592033, 0.1631196075620648112 ) ) ;
#1799 = CARTESIAN_POINT ( 'NONE',  ( -2.536877990909603309, 23.58029062707153400, 0.4017267224641881684 ) ) ;
#1800 = CARTESIAN_POINT ( 'NONE',  ( -2.114160169772756781, 23.49344251458216348, 0.4499999999996859290 ) ) ;
#1801 = ORIENTED_EDGE ( 'NONE', *, *, #5917, .F. ) ;
#1802 = CARTESIAN_POINT ( 'NONE',  ( -2.224341342743337169, 23.94688917823317098, 0.1286128808463192497 ) ) ;
#1803 = CARTESIAN_POINT ( 'NONE',  ( -1.272047773358573330, 23.55503895575009921, 0.2850551183334151806 ) ) ;
#1804 = CARTESIAN_POINT ( 'NONE',  ( -2.817187216598580513, 25.14399928157979147, 0.3999999999996800559 ) ) ;
#1805 = CARTESIAN_POINT ( 'NONE',  ( -0.6049371538689922723, 25.33179800686495042, 0.4499999999996793787 ) ) ;
#1806 = LINE ( 'NONE', #6752, #4290 ) ;
#1807 = CARTESIAN_POINT ( 'NONE',  ( -2.587082370181069013, 25.27870937358309078, 0.2239141783067166991 ) ) ;
#1808 = CARTESIAN_POINT ( 'NONE',  ( -0.7528657654798608378, 24.00009947059510296, 0.2349068947671377194 ) ) ;
#1809 = VECTOR ( 'NONE', #8511, 39.37007874015748143 ) ;
#1810 = CARTESIAN_POINT ( 'NONE',  ( -2.772309902428543360, 24.32114444311073953, 0.2852640092020604090 ) ) ;
#1811 = CARTESIAN_POINT ( 'NONE',  ( -1.553046575337541535, 23.80741310062564509, 0.04719751253233533950 ) ) ;
#1812 = CARTESIAN_POINT ( 'NONE',  ( -1.403670342025202133, 25.52172643079027026, 0.1053647536352074060 ) ) ;
#1813 = CARTESIAN_POINT ( 'NONE',  ( -2.470559703946815233, 24.32352795613309127, 0.000000000000000000 ) ) ;
#1814 = EDGE_CURVE ( 'NONE', #6726, #6663, #7450, .T. ) ;
#1815 = FACE_OUTER_BOUND ( 'NONE', #5602, .T. ) ;
#1816 = CARTESIAN_POINT ( 'NONE',  ( -2.415273004351237152, 25.36419645044292182, 0.1698141731100746565 ) ) ;
#1817 = CARTESIAN_POINT ( 'NONE',  ( -0.4962992125983279323, 24.99371178147039529, 0.3580813412891496461 ) ) ;
#1818 = CARTESIAN_POINT ( 'NONE',  ( -0.9349738738522508363, 23.52919354067561031, 0.4431958470681032214 ) ) ;
#1819 = CARTESIAN_POINT ( 'NONE',  ( -2.699295827427938832, 24.02704551325622617, 0.2834509841195970159 ) ) ;
#1820 = ORIENTED_EDGE ( 'NONE', *, *, #8095, .T. ) ;
#1821 = CARTESIAN_POINT ( 'NONE',  ( -2.394861794886455453, 25.70402844328596714, 0.3427163642074881889 ) ) ;
#1822 = LINE ( 'NONE', #2012, #809 ) ;
#1823 = CIRCLE ( 'NONE', #7081, 0.1135826771653553752 ) ;
#1824 = CARTESIAN_POINT ( 'NONE',  ( -0.8689153194421084248, 24.39297290522404893, 0.04571776912948220806 ) ) ;
#1825 = CARTESIAN_POINT ( 'NONE',  ( -2.390561163429564040, 25.10503671861964392, 0.04351870496774650626 ) ) ;
#1826 = CARTESIAN_POINT ( 'NONE',  ( -1.998648827654182503, 23.85811920437600264, 0.04460195655271273485 ) ) ;
#1827 = CARTESIAN_POINT ( 'NONE',  ( -1.093384615432393847, 25.48164676801381034, 0.1630364350302879461 ) ) ;
#1828 = PLANE ( 'NONE',  #9184 ) ;
#1829 = CARTESIAN_POINT ( 'NONE',  ( -2.062080324905760431, 23.43790700311097197, 0.4432038780669231848 ) ) ;
#1830 = CARTESIAN_POINT ( 'NONE',  ( -0.9922546442371189546, 24.13412736556512428, 0.04571512662856476450 ) ) ;
#1831 = ORIENTED_EDGE ( 'NONE', *, *, #6738, .T. ) ;
#1832 = CARTESIAN_POINT ( 'NONE',  ( -2.519275327324579372, 24.72913655826569368, 0.05000146007026891326 ) ) ;
#1833 = CARTESIAN_POINT ( 'NONE',  ( -2.365720900138442939, 25.36095507632214918, 0.2048744773285698095 ) ) ;
#1834 = CARTESIAN_POINT ( 'NONE',  ( -0.5966287415787449033, 25.31821470356666737, 0.3999999999996793343 ) ) ;
#1835 = CARTESIAN_POINT ( 'NONE',  ( -0.7667831128642748073, 25.27728874410078674, 0.2239159396454888096 ) ) ;
#1836 = VECTOR ( 'NONE', #5897, 39.37007874015748143 ) ;
#1837 = CARTESIAN_POINT ( 'NONE',  ( -2.342663527612022456, 24.11312531096676892, 0.1045299370726827382 ) ) ;
#1838 = CARTESIAN_POINT ( 'NONE',  ( -2.448019648599774278, 24.60259861694120787, 0.01666666666666666644 ) ) ;
#1839 = PLANE ( 'NONE',  #5874 ) ;
#1840 = EDGE_CURVE ( 'NONE', #7670, #3767, #5279, .T. ) ;
#1841 = CYLINDRICAL_SURFACE ( 'NONE', #2267, 0.1574803149606299191 ) ;
#1842 = ORIENTED_EDGE ( 'NONE', *, *, #1449, .F. ) ;
#1843 = CARTESIAN_POINT ( 'NONE',  ( -0.9541677084729963676, 25.09512097649475848, 0.04577040522353702234 ) ) ;
#1844 = ORIENTED_EDGE ( 'NONE', *, *, #6460, .T. ) ;
#1845 = CARTESIAN_POINT ( 'NONE',  ( -2.313397737145105104, 24.20560753413599286, 0.000000000000000000 ) ) ;
#1846 = EDGE_LOOP ( 'NONE', ( #805, #8325 ) ) ;
#1847 = CARTESIAN_POINT ( 'NONE',  ( -2.440343075695517783, 23.95843432153009189, 0.1647204974106524777 ) ) ;
#1848 = B_SPLINE_CURVE_WITH_KNOTS ( 'NONE', 3,
 ( #683, #5708, #2134, #7170, #7877, #725, #1566, #4442, #1519, #8060, #2268, #5234 ),
 .UNSPECIFIED., .F., .F.,
 ( 4, 2, 2, 2, 2, 4 ),
 ( 0.000000000000000000, 0.002979308604033557937, 0.005958617208067115874, 0.008937925812100674244, 0.01042758011411745213, 0.01191723441613423175 ),
 .UNSPECIFIED. ) ;
#1849 = CARTESIAN_POINT ( 'NONE',  ( -2.881892414326119312, 24.27765739658567412, 0.4431922474509173426 ) ) ;
#1850 = EDGE_CURVE ( 'NONE', #4527, #6791, #1786, .T. ) ;
#1851 = LINE ( 'NONE', #1150, #3859 ) ;
#1852 = ORIENTED_EDGE ( 'NONE', *, *, #3568, .F. ) ;
#1853 = CARTESIAN_POINT ( 'NONE',  ( -1.045160860176551632, 24.20018544860771925, 0.05000000000000000278 ) ) ;
#1854 = CARTESIAN_POINT ( 'NONE',  ( -1.338641675704375755, 23.77776066975930291, 0.1063879531412917218 ) ) ;
#1855 = CARTESIAN_POINT ( 'NONE',  ( -2.725140777349642995, 25.37106619593519596, 0.4499999999996792677 ) ) ;
#1856 = CARTESIAN_POINT ( 'NONE',  ( -0.8779800939124184911, 24.94256241430742449, 0.05000002189081806381 ) ) ;
#1857 = CARTESIAN_POINT ( 'NONE',  ( -2.858503937007897733, 24.94981288993342261, 0.3580529454841096526 ) ) ;
#1858 = CARTESIAN_POINT ( 'NONE',  ( -2.725141349762977061, 23.91413158619397805, 0.4499999999996843747 ) ) ;
#1859 = CARTESIAN_POINT ( 'NONE',  ( -2.797094578466718051, 23.86396724336218611, 0.3999999999996845523 ) ) ;
#1860 = ADVANCED_FACE ( 'NONE', ( #7522 ), #385, .T. ) ;
#1861 = CARTESIAN_POINT ( 'NONE',  ( -2.557362791455274564, 24.37249743816301617, 0.1054183126791858327 ) ) ;
#1862 = CARTESIAN_POINT ( 'NONE',  ( -1.441876253655022699, 23.68363092283042448, 0.1659520125753863318 ) ) ;
#1863 = CARTESIAN_POINT ( 'NONE',  ( -1.601004397030201254, 25.55051483004340795, 0.1074498452579307345 ) ) ;
#1864 = CARTESIAN_POINT ( 'NONE',  ( -1.444542720760526144, 25.46104651118970352, 0.000000000000000000 ) ) ;
#1865 = CARTESIAN_POINT ( 'NONE',  ( -0.5473158046302226687, 24.09804801844876465, 0.4499999999996837641 ) ) ;
#1866 = CARTESIAN_POINT ( 'NONE',  ( -0.6340205072047475632, 25.44934927074805486, 0.4499999999996788791 ) ) ;
#1867 = CARTESIAN_POINT ( 'NONE',  ( -1.291743857309152421, 23.97409584928470494, 0.04999999999999998890 ) ) ;
#1868 = CARTESIAN_POINT ( 'NONE',  ( -2.619294153301986672, 24.05758540364032783, 0.2239934247948301427 ) ) ;
#1869 = ORIENTED_EDGE ( 'NONE', *, *, #5232, .F. ) ;
#1870 = CARTESIAN_POINT ( 'NONE',  ( -2.219720713770377163, 25.51081595056026785, 0.1645789279701750929 ) ) ;
#1871 = EDGE_CURVE ( 'NONE', #3254, #7100, #4059, .T. ) ;
#1872 = CARTESIAN_POINT ( 'NONE',  ( -2.242165230350522176, 23.86307086614180406, 0.1215261879007254187 ) ) ;
#1873 = AXIS2_PLACEMENT_3D ( 'NONE', #5839, #8708, #6508 ) ;
#1874 = CARTESIAN_POINT ( 'NONE',  ( -2.536234623209119299, 24.99221610849226494, 0.1044056734826693950 ) ) ;
#1875 = CARTESIAN_POINT ( 'NONE',  ( -2.156053187097607182, 23.83901820148532735, 0.1033841341538781905 ) ) ;
#1876 = CARTESIAN_POINT ( 'NONE',  ( -2.566948191296720250, 23.72126888723841986, 0.3423081521195762145 ) ) ;
#1877 = CARTESIAN_POINT ( 'NONE',  ( -1.176036910597967333, 25.78239117896366039, 0.3999999999996776689 ) ) ;
#1878 = CARTESIAN_POINT ( 'NONE',  ( -0.5244908780235879586, 25.01364433039249491, 0.4499999999996803779 ) ) ;
#1879 = CARTESIAN_POINT ( 'NONE',  ( -0.7172567192697680838, 23.93004839126674099, 0.2833138666391674665 ) ) ;
#1880 = ORIENTED_EDGE ( 'NONE', *, *, #4656, .T. ) ;
#1881 = CARTESIAN_POINT ( 'NONE',  ( -2.523865368970000134, 24.65649262715713519, 0.04999999999999999584 ) ) ;
#1882 = DIRECTION ( 'NONE',  ( -0.000000000000000000, -0.000000000000000000, -1.000000000000000000 ) ) ;
#1883 = CARTESIAN_POINT ( 'NONE',  ( -1.209428292334843169, 23.49732464675775390, 0.4499999999996858180 ) ) ;
#1884 = CARTESIAN_POINT ( 'NONE',  ( -0.7111888571652081881, 25.34680940693800366, 0.2833145467443302090 ) ) ;
#1885 = LINE ( 'NONE', #1187, #4075 ) ;
#1886 = AXIS2_PLACEMENT_3D ( 'NONE', #1710, #4627, #3870 ) ;
#1887 = CARTESIAN_POINT ( 'NONE',  ( -2.661653543307109793, 23.74692913385828774, 0.4499999999996849853 ) ) ;
#1888 = CARTESIAN_POINT ( 'NONE',  ( -0.5674628181870429167, 25.31990484391722873, 0.3581829240255460789 ) ) ;
#1889 = B_SPLINE_SURFACE_WITH_KNOTS ( 'NONE', 3, 1, ( 
 ( #8831, #5262 ),
 ( #388, #1691 ),
 ( #6122, #2542 ),
 ( #8279, #1938 ),
 ( #6358, #8330 ),
 ( #4885, #9075 ),
 ( #4235, #3524 ),
 ( #6400, #658 ),
 ( #3392, #2739 ),
 ( #5595, #8471 ),
 ( #9259, #9124 ),
 ( #6929, #2823 ),
 ( #1272, #525 ),
 ( #4190, #7631 ) ),
 .UNSPECIFIED., .F., .F., .F.,
 ( 4, 1, 1, 1, 1, 1, 1, 1, 1, 1, 1, 4 ),
 ( 2, 2 ),
 ( 0.000000000000000000, 0.08998027613486281329, 0.1694628817183434499, 0.2383957077986075257, 0.2967631920470439333, 0.3445646054207092135, 0.3818021648798135548, 0.4084762349779536006, 0.6186525134108199486, 0.7873374870473502929, 0.9145010897663746752, 1.000000000000000000 ),
 ( 0.000000000000000000, 1.000000000000000000 ),
 .UNSPECIFIED. ) ;
#1890 = FACE_OUTER_BOUND ( 'NONE', #2230, .T. ) ;
#1891 = ORIENTED_EDGE ( 'NONE', *, *, #7675, .F. ) ;
#1892 = CARTESIAN_POINT ( 'NONE',  ( -0.6008813080226644843, 25.33613208747677348, 0.3427515231722350619 ) ) ;
#1893 = ORIENTED_EDGE ( 'NONE', *, *, #7609, .T. ) ;
#1894 = DIRECTION ( 'NONE',  ( 0.000000000000000000, 1.000000000000000000, -3.469446951953654421E-15 ) ) ;
#1895 = ORIENTED_EDGE ( 'NONE', *, *, #478, .T. ) ;
#1896 = CARTESIAN_POINT ( 'NONE',  ( -0.6908279385216287150, 23.96923421321998404, 0.2826232611625382751 ) ) ;
#1897 = CARTESIAN_POINT ( 'NONE',  ( -2.825427632643154219, 24.19146432684902948, 0.3999999999996826094 ) ) ;
#1898 = LINE ( 'NONE', #4765, #1763 ) ;
#1899 = VERTEX_POINT ( 'NONE', #1035 ) ;
#1900 = CARTESIAN_POINT ( 'NONE',  ( -0.5785371664230309907, 23.87858461634363394, 0.4432038691916631024 ) ) ;
#1901 = CARTESIAN_POINT ( 'NONE',  ( -1.368242554466545746, 23.61819394393539540, 0.2263600501321685887 ) ) ;
#1902 = CARTESIAN_POINT ( 'NONE',  ( -2.802142171096229539, 25.20736148945588084, 0.4499999999996798228 ) ) ;
#1903 = CARTESIAN_POINT ( 'NONE',  ( -2.690307118088689720, 23.86669647138872463, 0.4499999999996845412 ) ) ;
#1904 = CARTESIAN_POINT ( 'NONE',  ( -2.858503937007898621, 24.97104957475173848, 0.3581128988355316012 ) ) ;
#1905 = VECTOR ( 'NONE', #6703, 39.37007874015748143 ) ;
#1906 = B_SPLINE_CURVE_WITH_KNOTS ( 'NONE', 3,
 ( #7822, #2124, #7160, #1248 ),
 .UNSPECIFIED., .F., .F.,
 ( 4, 4 ),
 ( 0.000000000000000000, 1.000000000000000000 ),
 .UNSPECIFIED. ) ;
#1907 = CARTESIAN_POINT ( 'NONE',  ( -0.5319737865760126860, 24.17462662498267889, 0.3999999999996833311 ) ) ;
#1908 = VECTOR ( 'NONE', #3227, 39.37007874015748143 ) ;
#1909 = ADVANCED_FACE ( 'NONE', ( #5453 ), #6071, .F. ) ;
#1910 = EDGE_CURVE ( 'NONE', #4286, #4829, #7955, .T. ) ;
#1911 = DIRECTION ( 'NONE',  ( 6.123233995736998996E-17, 3.552713678800503296E-15, 1.000000000000000000 ) ) ;
#1912 = CARTESIAN_POINT ( 'NONE',  ( -2.912624723502925672, 24.41311776407606970, 0.4058252655365595096 ) ) ;
#1913 = CARTESIAN_POINT ( 'NONE',  ( -1.505216429011679846, 23.81573720884719947, 0.04667927938389061088 ) ) ;
#1914 = CARTESIAN_POINT ( 'NONE',  ( -0.6882436904546092027, 23.77192913385827922, 0.3680500120853752444 ) ) ;
#1915 = EDGE_CURVE ( 'NONE', #4387, #8796, #9164, .T. ) ;
#1916 = CARTESIAN_POINT ( 'NONE',  ( -1.383088663397926910, 25.87844673365847470, 0.4055185111427516143 ) ) ;
#1917 = DIRECTION ( 'NONE',  ( -0.000000000000000000, -0.000000000000000000, -1.000000000000000000 ) ) ;
#1918 = CARTESIAN_POINT ( 'NONE',  ( -0.6224429164927690605, 25.50700639312801599, 0.3999999999996805000 ) ) ;
#1919 = CARTESIAN_POINT ( 'NONE',  ( -0.4962992125984489467, 24.06203988962395357, 0.3803605115695205541 ) ) ;
#1920 = CARTESIAN_POINT ( 'NONE',  ( -1.014380290316210242, 25.82370078740159869, 0.3999999999996777245 ) ) ;
#1921 = CARTESIAN_POINT ( 'NONE',  ( -2.737389467351745154, 23.92300282047930793, 0.3427152589777511249 ) ) ;
#1922 = ORIENTED_EDGE ( 'NONE', *, *, #504, .T. ) ;
#1923 = CARTESIAN_POINT ( 'NONE',  ( -2.233465349158374469, 25.86147241562030175, 0.4031840205625532025 ) ) ;
#1924 = LINE ( 'NONE', #7563, #1124 ) ;
#1925 = CARTESIAN_POINT ( 'NONE',  ( -2.909439610657579056, 25.11218870880458454, 0.4039621244696474101 ) ) ;
#1926 = CARTESIAN_POINT ( 'NONE',  ( -2.287069378773430639, 23.61871016272100476, 0.2827408647570012201 ) ) ;
#1927 = B_SPLINE_CURVE_WITH_KNOTS ( 'NONE', 3,
 ( #1637, #2486, #1780, #2341, #2438, #6873, #5305, #6724, #1083, #4648 ),
 .UNSPECIFIED., .F., .F.,
 ( 4, 2, 2, 2, 4 ),
 ( 0.000000000000000000, 0.001669873228349214858, 0.002504809842523822178, 0.003339746456698429716, 0.006679492913396868105 ),
 .UNSPECIFIED. ) ;
#1928 = CARTESIAN_POINT ( 'NONE',  ( -1.153333862749075012, 25.41821343605727890, 0.1032732265595768667 ) ) ;
#1929 = LINE ( 'NONE', #7008, #796 ) ;
#1930 = EDGE_CURVE ( 'NONE', #7271, #4747, #3711, .T. ) ;
#1931 = CARTESIAN_POINT ( 'NONE',  ( -0.5369086913383375181, 25.14283223983434112, 0.3999999999996800559 ) ) ;
#1932 = CARTESIAN_POINT ( 'NONE',  ( -0.6212114781374831196, 23.77498745015671844, 0.4021132334636593475 ) ) ;
#1933 = ORIENTED_EDGE ( 'NONE', *, *, #7623, .T. ) ;
#1934 = CARTESIAN_POINT ( 'NONE',  ( -2.492462197596152063, 24.39718702996973221, 0.05000000000000399264 ) ) ;
#1935 = CARTESIAN_POINT ( 'NONE',  ( -2.270197684313735031, 25.37171739968738038, 0.1665851709326476582 ) ) ;
#1936 = CARTESIAN_POINT ( 'NONE',  ( -0.5251480509706789590, 25.04996573233990986, 0.3999999999996802225 ) ) ;
#1937 = CARTESIAN_POINT ( 'NONE',  ( -0.9253750615043448979, 25.45965334187933138, 0.2239140817530020089 ) ) ;
#1938 = CARTESIAN_POINT ( 'NONE',  ( -1.259515634777474302, 25.79358043642830012, 0.4499999999996777134 ) ) ;
#1939 = CARTESIAN_POINT ( 'NONE',  ( -2.399028419760986353, 25.69498651858864591, 0.3999999999996781685 ) ) ;
#1940 = CARTESIAN_POINT ( 'NONE',  ( -0.8634631336404935409, 24.39282910968689677, 0.04999951663728104817 ) ) ;
#1941 = DIRECTION ( 'NONE',  ( 0.000000000000000000, 1.000000000000000000, -3.607743797525388930E-15 ) ) ;
#1942 = ORIENTED_EDGE ( 'NONE', *, *, #306, .F. ) ;
#1943 = CARTESIAN_POINT ( 'NONE',  ( -0.9034624118571004114, 25.17398311659465193, 0.1051170727950654221 ) ) ;
#1944 = CARTESIAN_POINT ( 'NONE',  ( -2.223044421543987959, 24.09695565791760785, 0.05030735097768035402 ) ) ;
#1945 = ORIENTED_EDGE ( 'NONE', *, *, #3006, .T. ) ;
#1946 = CARTESIAN_POINT ( 'NONE',  ( -0.9016754504429584927, 24.11845579515069105, 0.1033663365795108313 ) ) ;
#1947 = CARTESIAN_POINT ( 'NONE',  ( -2.411238155112156001, 24.42022969525660869, 0.04606807752549083035 ) ) ;
#1948 = DIRECTION ( 'NONE',  ( -0.000000000000000000, -0.000000000000000000, 1.000000000000000000 ) ) ;
#1949 = ORIENTED_EDGE ( 'NONE', *, *, #8569, .F. ) ;
#1950 = CARTESIAN_POINT ( 'NONE',  ( -0.9158403811753559332, 24.52824008912284270, 0.04606796130808345907 ) ) ;
#1951 = CARTESIAN_POINT ( 'NONE',  ( -1.045432263610510226, 23.44488532979099560, 0.4026293098805511228 ) ) ;
#1952 = CARTESIAN_POINT ( 'NONE',  ( -2.758070006478947622, 25.31666406953717186, 0.4499999999996795452 ) ) ;
#1953 = CARTESIAN_POINT ( 'NONE',  ( -0.8627753674199762912, 24.88972659582283953, 0.000000000000000000 ) ) ;
#1954 = CARTESIAN_POINT ( 'NONE',  ( -0.5264126713952230752, 24.22480877247389586, 0.4499999999996831535 ) ) ;
#1955 = CARTESIAN_POINT ( 'NONE',  ( -0.6931496062992357210, 25.62685039370080986, 0.1999999999996782130 ) ) ;
#1956 = CARTESIAN_POINT ( 'NONE',  ( -1.447923819721372851, 23.40737528552409685, 0.4058252828001852053 ) ) ;
#1957 = CARTESIAN_POINT ( 'NONE',  ( -2.219243415666697583, 23.86307086614179696, 0.1124308377712780749 ) ) ;
#1958 = CARTESIAN_POINT ( 'NONE',  ( -1.484249154230528278, 25.60665580005713338, 0.1663934362201569539 ) ) ;
#1959 = CARTESIAN_POINT ( 'NONE',  ( -1.065550820819995970, 24.11784347023520425, 0.07380231160731937079 ) ) ;
#1960 = CARTESIAN_POINT ( 'NONE',  ( -0.8978740157478249939, 25.25283464566938108, 0.1406228539737731653 ) ) ;
#1961 = CARTESIAN_POINT ( 'NONE',  ( -1.001820345284526681, 23.56180779868622466, 0.4499999999996855959 ) ) ;
#1962 = CARTESIAN_POINT ( 'NONE',  ( -1.959173377592386744, 25.59719937452720728, 0.1669010444843983809 ) ) ;
#1963 = CARTESIAN_POINT ( 'NONE',  ( -2.607921392838391750, 24.03826148478130520, 0.2239445023050958272 ) ) ;
#1964 = EDGE_LOOP ( 'NONE', ( #4930, #1408, #3207, #8505 ) ) ;
#1965 = AXIS2_PLACEMENT_3D ( 'NONE', #7127, #8455, #6205 ) ;
#1966 = CARTESIAN_POINT ( 'NONE',  ( -2.274945855185716681, 25.47469044088443368, 0.1645155591080428026 ) ) ;
#1967 = CARTESIAN_POINT ( 'NONE',  ( -1.171617762002056917, 23.50325407111614240, 0.3999999999996857181 ) ) ;
#1968 = CARTESIAN_POINT ( 'NONE',  ( -2.838847940336578723, 25.06050045366620793, 0.3443395734768303629 ) ) ;
#1969 = CARTESIAN_POINT ( 'NONE',  ( -2.350727290883729115, 23.46142402894866308, 0.4024165542872369383 ) ) ;
#1970 = CARTESIAN_POINT ( 'NONE',  ( -1.168227084940526517, 25.42793439979146797, 0.1032913827755514991 ) ) ;
#1971 = LINE ( 'NONE', #7760, #4384 ) ;
#1972 = FACE_OUTER_BOUND ( 'NONE', #5442, .T. ) ;
#1973 = CARTESIAN_POINT ( 'NONE',  ( -0.8766757397122628692, 24.00348686166165280, 0.1645144946446418233 ) ) ;
#1974 = VERTEX_POINT ( 'NONE', #2684 ) ;
#1975 = CARTESIAN_POINT ( 'NONE',  ( -2.501126460624547576, 24.85055371962836901, 0.04999999999999973910 ) ) ;
#1976 = CARTESIAN_POINT ( 'NONE',  ( -0.8882674391934851643, 24.31194852356059855, 0.000000000000000000 ) ) ;
#1977 = AXIS2_PLACEMENT_3D ( 'NONE', #905, #5229, #8100 ) ;
#1978 = CARTESIAN_POINT ( 'NONE',  ( -0.8978740157478332096, 24.03236220472450668, 0.1406219779715311979 ) ) ;
#1979 = CARTESIAN_POINT ( 'NONE',  ( -1.004876518548013298, 25.41587658093033042, 0.1645144252968543386 ) ) ;
#1980 = EDGE_CURVE ( 'NONE', #7338, #2546, #6439, .T. ) ;
#1981 = CARTESIAN_POINT ( 'NONE',  ( -1.047480314960560932, 24.01267716535440400, 0.2999999999999999889 ) ) ;
#1982 = CARTESIAN_POINT ( 'NONE',  ( -2.699929591353946723, 25.49770375758209440, 0.4382319632553165478 ) ) ;
#1983 = CARTESIAN_POINT ( 'NONE',  ( -0.8347724714419858527, 24.56505392113644248, 0.05000075793904339844 ) ) ;
#1984 = CARTESIAN_POINT ( 'NONE',  ( -0.9057460777399982677, 24.64259847943977277, 0.04999873685005196827 ) ) ;
#1985 = AXIS2_PLACEMENT_3D ( 'NONE', #614, #3483, #3455 ) ;
#1986 = VERTEX_POINT ( 'NONE', #8508 ) ;
#1987 = AXIS2_PLACEMENT_3D ( 'NONE', #380, #5911, #3238 ) ;
#1988 = DIRECTION ( 'NONE',  ( 0.000000000000000000, 0.000000000000000000, -1.000000000000000000 ) ) ;
#1989 = ORIENTED_EDGE ( 'NONE', *, *, #6178, .T. ) ;
#1990 = CARTESIAN_POINT ( 'NONE',  ( -0.9171345318530598201, 24.26311370931248490, 0.04407228280551277189 ) ) ;
#1991 = CARTESIAN_POINT ( 'NONE',  ( -2.770574783005692154, 25.29348389029732402, 0.3999999999996795008 ) ) ;
#1992 = CIRCLE ( 'NONE', #8453, 1.276096763594890771 ) ;
#1993 = DIRECTION ( 'NONE',  ( -1.000000000000000000, 0.000000000000000000, 0.000000000000000000 ) ) ;
#1994 = EDGE_LOOP ( 'NONE', ( #341, #8875, #7851, #6525 ) ) ;
#1995 = CARTESIAN_POINT ( 'NONE',  ( -1.015897345491437953, 24.25590248011583583, 0.04606796130808337580 ) ) ;
#1996 = CARTESIAN_POINT ( 'NONE',  ( -1.256056007417507336, 23.90084229437528762, 0.04590116467083017043 ) ) ;
#1997 = CARTESIAN_POINT ( 'NONE',  ( -2.340427711245490539, 23.46149606299214696, 0.3999999999996859401 ) ) ;
#1998 = CARTESIAN_POINT ( 'NONE',  ( -0.5819557128099340781, 25.28651633717792535, 0.4499999999996793232 ) ) ;
#1999 = CARTESIAN_POINT ( 'NONE',  ( -0.5290040546030878588, 24.19759846666100600, 0.4499999999996832645 ) ) ;
#2000 = FACE_OUTER_BOUND ( 'NONE', #1581, .T. ) ;
#2001 = CARTESIAN_POINT ( 'NONE',  ( -1.489389458278757239, 23.81892611539456439, 0.04648462994395240189 ) ) ;
#2002 = CARTESIAN_POINT ( 'NONE',  ( -1.480093921943989699, 23.81536507537850866, 0.000000000000000000 ) ) ;
#2003 = CARTESIAN_POINT ( 'NONE',  ( -1.839478042581208728, 25.74425403154712200, 0.2864128288182608006 ) ) ;
#2004 = VECTOR ( 'NONE', #435, 39.37007874015748143 ) ;
#2005 = CARTESIAN_POINT ( 'NONE',  ( -0.7119535710454706345, 23.77080077380647083, 0.3562758572140026225 ) ) ;
#2006 = CARTESIAN_POINT ( 'NONE',  ( -2.075418574679148254, 23.97982183001312961, -0.000000000000000000 ) ) ;
#2007 = FACE_OUTER_BOUND ( 'NONE', #3574, .T. ) ;
#2008 = VERTEX_POINT ( 'NONE', #3436 ) ;
#2009 = LINE ( 'NONE', #2670, #5255 ) ;
#2010 = CARTESIAN_POINT ( 'NONE',  ( -1.013942922505046917, 23.46149606299214696, 0.3999999999996858291 ) ) ;
#2011 = CARTESIAN_POINT ( 'NONE',  ( -2.354120575380672875, 25.62824732032470720, 0.2833161686879770436 ) ) ;
#2012 = CARTESIAN_POINT ( 'NONE',  ( -2.261886892653532044, 23.80194448654447470, 0.2249999999998427702 ) ) ;
#2013 = CARTESIAN_POINT ( 'NONE',  ( -2.737031054342820902, 25.16804687363771009, 0.2832054130747089782 ) ) ;
#2014 = CARTESIAN_POINT ( 'NONE',  ( -2.224645199099348769, 23.42110146953707428, 0.4032525120257011708 ) ) ;
#2015 = CARTESIAN_POINT ( 'NONE',  ( -0.9175043830673301759, 25.77821939904958626, 0.4021375926940698453 ) ) ;
#2016 = CARTESIAN_POINT ( 'NONE',  ( -0.9489338390001035295, 25.69033764953028154, 0.3999999999996779465 ) ) ;
#2017 = CARTESIAN_POINT ( 'NONE',  ( -0.9383718009847115127, 24.86463219592231511, 0.05000000000000000278 ) ) ;
#2018 = CARTESIAN_POINT ( 'NONE',  ( -2.779037908357892661, 23.88245429322506297, 0.4431827809966963905 ) ) ;
#2019 = CARTESIAN_POINT ( 'NONE',  ( -2.395659469340663428, 24.92518251574508170, 0.04999999999999998196 ) ) ;
#2020 = ORIENTED_EDGE ( 'NONE', *, *, #5603, .T. ) ;
#2021 = ADVANCED_FACE ( 'NONE', ( #9208 ), #8663, .F. ) ;
#2022 = CARTESIAN_POINT ( 'NONE',  ( -2.772517434911593970, 24.31097731452572930, 0.2858736684561234975 ) ) ;
#2023 = FILL_AREA_STYLE_COLOUR ( '', #3904 ) ;
#2024 = MANIFOLD_SOLID_BREP ( 'Boss-Extrude14', #3283 ) ;
#2025 = AXIS2_PLACEMENT_3D ( 'NONE', #2265, #7962, #3067 ) ;
#2026 = CARTESIAN_POINT ( 'NONE',  ( -0.9072378887568214312, 25.17940677277198347, 0.1051166274146098228 ) ) ;
#2027 = EDGE_CURVE ( 'NONE', #3205, #7812, #6709, .T. ) ;
#2028 = CARTESIAN_POINT ( 'NONE',  ( -0.6537795279366294121, 25.87370078740159585, 0.6074803150392285023 ) ) ;
#2029 = CARTESIAN_POINT ( 'NONE',  ( -1.323298078378680742, 23.86307086614182182, 0.000000000000000000 ) ) ;
#2030 = CARTESIAN_POINT ( 'NONE',  ( -2.504635805272583671, 24.44529416773529817, 0.000000000000000000 ) ) ;
#2031 = CARTESIAN_POINT ( 'NONE',  ( -2.456929133858097636, 3.299684630179368394E-15, 0.000000000000000000 ) ) ;
#2032 = EDGE_CURVE ( 'NONE', #3350, #7012, #6270, .T. ) ;
#2033 = EDGE_CURVE ( 'NONE', #6828, #520, #5793, .T. ) ;
#2034 = ORIENTED_EDGE ( 'NONE', *, *, #1569, .F. ) ;
#2035 = CARTESIAN_POINT ( 'NONE',  ( -0.9324988944272816216, 25.35558219738227592, 0.1691644775069636453 ) ) ;
#2036 = VERTEX_POINT ( 'NONE', #5766 ) ;
#2037 = CARTESIAN_POINT ( 'NONE',  ( -2.830590541900624313, 24.99467908381546621, 0.3999999999995554889 ) ) ;
#2038 = CARTESIAN_POINT ( 'NONE',  ( -1.047480314960560932, 25.27251968503944468, 0.000000000000000000 ) ) ;
#2039 = B_SPLINE_CURVE_WITH_KNOTS ( 'NONE', 3,
 ( #9232, #8488, #6503, #4948, #5701, #7957, #9185, #7119, #2757, #8527, #8571, #5617, #1422, #2128 ),
 .UNSPECIFIED., .F., .F.,
 ( 4, 2, 2, 2, 2, 2, 4 ),
 ( 0.000000000000000000, 0.003210330801284422449, 0.006420661602568844897, 0.008025827003211064362, 0.009630992403853287295, 0.01284132320513775224, 0.02568264641027554959 ),
 .UNSPECIFIED. ) ;
#2040 = ORIENTED_EDGE ( 'NONE', *, *, #1039, .T. ) ;
#2041 = CARTESIAN_POINT ( 'NONE',  ( -0.9591435728280501838, 24.36001471426020615, 0.04999999999999998890 ) ) ;
#2042 = CARTESIAN_POINT ( 'NONE',  ( -1.288237408983570642, 23.79442226102333180, 0.1058515475118870092 ) ) ;
#2043 = EDGE_CURVE ( 'NONE', #975, #5219, #1630, .T. ) ;
#2044 = CARTESIAN_POINT ( 'NONE',  ( -0.5828433823583756279, 25.28847293724330569, 0.4499999999996793787 ) ) ;
#2045 = CARTESIAN_POINT ( 'NONE',  ( -0.5356692913878183804, 25.48905511771308952, 0.3999999999996787237 ) ) ;
#2046 = DIRECTION ( 'NONE',  ( 0.000000000000000000, 0.000000000000000000, 1.000000000000000000 ) ) ;
#2047 = LINE ( 'NONE', #4989, #706 ) ;
#2048 = CARTESIAN_POINT ( 'NONE',  ( -2.238910998983403733, 23.83474240734520677, 0.1363587663511787729 ) ) ;
#2049 = CARTESIAN_POINT ( 'NONE',  ( -1.541883033328102171, 25.47559690393465459, 0.04706332946719830185 ) ) ;
#2050 = CARTESIAN_POINT ( 'NONE',  ( -0.7405491341516060588, 23.76208742020502385, 0.3457711241641520106 ) ) ;
#2051 = CARTESIAN_POINT ( 'NONE',  ( -0.4462992125984484026, 25.48905511771360111, 0.6074803150392285023 ) ) ;
#2052 = CARTESIAN_POINT ( 'NONE',  ( -0.9686190354532321356, 23.58148407908524646, 0.4499999999996855404 ) ) ;
#2053 = CARTESIAN_POINT ( 'NONE',  ( -0.6264242372391713998, 23.91878800148738549, 0.3999999999996843303 ) ) ;
#2054 = DIRECTION ( 'NONE',  ( -6.123233995736998996E-17, -3.552713678800503296E-15, -1.000000000000000000 ) ) ;
#2055 = CARTESIAN_POINT ( 'NONE',  ( -2.305675265864439272, 25.55767783723951325, 0.2239164776542848789 ) ) ;
#2056 = CARTESIAN_POINT ( 'NONE',  ( -2.699018476462281768, 23.76601081663511650, 0.3877015250896805876 ) ) ;
#2057 = VECTOR ( 'NONE', #2850, 39.37007874015748143 ) ;
#2058 = CARTESIAN_POINT ( 'NONE',  ( -2.719672862575072347, 25.21042953539765108, 0.2829581072880995030 ) ) ;
#2059 = CARTESIAN_POINT ( 'NONE',  ( -1.938539831984497752, 23.83757807602796674, 0.04542765990324513364 ) ) ;
#2060 = CARTESIAN_POINT ( 'NONE',  ( -1.023992874320469371, 25.73987120611656110, 0.3425268898146193730 ) ) ;
#2061 = CARTESIAN_POINT ( 'NONE',  ( -2.375172110921658586, 25.71008126449962816, 0.4499999999996780464 ) ) ;
#2062 = CARTESIAN_POINT ( 'NONE',  ( -0.4729103018035039629, 25.00435783572839199, 0.4431958362722971945 ) ) ;
#2063 = CARTESIAN_POINT ( 'NONE',  ( -2.312017071305492166, 24.20360105066848888, 0.05000000000000000278 ) ) ;
#2064 = CARTESIAN_POINT ( 'NONE',  ( -2.310969241273704178, 25.08310298202463429, 0.05000000000000000278 ) ) ;
#2065 = EDGE_LOOP ( 'NONE', ( #1831, #7510, #2861, #3212 ) ) ;
#2066 = CARTESIAN_POINT ( 'NONE',  ( -2.914066702315753599, 24.26009899127462077, 0.4048814784921258569 ) ) ;
#2067 = ORIENTED_EDGE ( 'NONE', *, *, #7049, .F. ) ;
#2068 = CARTESIAN_POINT ( 'NONE',  ( -0.8363143773075432108, 24.53504039579966900, 0.000000000000000000 ) ) ;
#2069 = CARTESIAN_POINT ( 'NONE',  ( -0.9284009395504354556, 25.68210733933462464, 0.3427133834965515602 ) ) ;
#2070 = CARTESIAN_POINT ( 'NONE',  ( -1.714582661620170922, 23.87183409309333371, 0.05000059093998067417 ) ) ;
#2071 = DIRECTION ( 'NONE',  ( 1.000000000000000000, 0.000000000000000000, 0.000000000000000000 ) ) ;
#2072 = CARTESIAN_POINT ( 'NONE',  ( -0.6537795275590783106, 23.61897637795277660, 0.6074803150392285023 ) ) ;
#2073 = VERTEX_POINT ( 'NONE', #5958 ) ;
#2074 = CARTESIAN_POINT ( 'NONE',  ( -1.136781904520957287, 25.77368755406539336, 0.4499999999996777689 ) ) ;
#2075 = ORIENTED_EDGE ( 'NONE', *, *, #2253, .T. ) ;
#2076 = CARTESIAN_POINT ( 'NONE',  ( -0.4415540166523965748, 24.34828556502843355, 0.4055178440806592732 ) ) ;
#2077 = AXIS2_PLACEMENT_3D ( 'NONE', #147, #1042, #1745 ) ;
#2078 = CARTESIAN_POINT ( 'NONE',  ( -2.784837358809657992, 23.90413055100120587, 0.4382308758287546402 ) ) ;
#2079 = CARTESIAN_POINT ( 'NONE',  ( -2.777551596910766918, 24.43807388309839723, 0.2861487286716851153 ) ) ;
#2080 = CARTESIAN_POINT ( 'NONE',  ( -1.047480314960560932, 24.01267716535440400, 0.2999999999999999889 ) ) ;
#2081 = ORIENTED_EDGE ( 'NONE', *, *, #775, .F. ) ;
#2082 = CARTESIAN_POINT ( 'NONE',  ( -2.474004809339866107, 23.53549359779478323, 0.3999999999994789390 ) ) ;
#2083 = CARTESIAN_POINT ( 'NONE',  ( -1.049737301801914269, 23.53228767908026953, 0.3429904780859695523 ) ) ;
#2084 = CARTESIAN_POINT ( 'NONE',  ( -0.5442649482521700888, 25.17563699183326520, 0.4499999999996797673 ) ) ;
#2085 = ORIENTED_EDGE ( 'NONE', *, *, #9220, .T. ) ;
#2086 = DIRECTION ( 'NONE',  ( -1.000000000000000000, 0.000000000000000000, 0.000000000000000000 ) ) ;
#2087 = CARTESIAN_POINT ( 'NONE',  ( -1.355945016508163903, 23.54769027131423442, 0.2852639788006517407 ) ) ;
#2088 = CARTESIAN_POINT ( 'NONE',  ( -2.389083646997857802, 24.34166842704328104, 0.04999789722159028033 ) ) ;
#2089 = CARTESIAN_POINT ( 'NONE',  ( -1.998858574382497588, 25.73750660956494229, 0.2852639867952940778 ) ) ;
#2090 = CARTESIAN_POINT ( 'NONE',  ( -1.153188976377882646, 24.01267716535440044, 0.08320447074145063959 ) ) ;
#2091 = DIRECTION ( 'NONE',  ( 6.123233995736998996E-17, 3.552713678800503296E-15, 1.000000000000000000 ) ) ;
#2092 = CARTESIAN_POINT ( 'NONE',  ( -1.270054828774218825, 23.49034407408081648, 0.3999999999996858291 ) ) ;
#2093 = CARTESIAN_POINT ( 'NONE',  ( -0.7738746915085585876, 23.73907162721182829, 0.3999999999996856626 ) ) ;
#2094 = DIRECTION ( 'NONE',  ( -0.000000000000000000, -0.000000000000000000, -1.000000000000000000 ) ) ;
#2095 = CARTESIAN_POINT ( 'NONE',  ( -2.429078491332884226, 25.46176449468464753, 0.2239141736480533273 ) ) ;
#2096 = CARTESIAN_POINT ( 'NONE',  ( -1.533660994701815827, 23.87966630934110412, 0.05000000000000000278 ) ) ;
#2097 = CARTESIAN_POINT ( 'NONE',  ( -2.913358595206775536, 25.06043388055064725, 0.4045240777827931455 ) ) ;
#2098 = CARTESIAN_POINT ( 'NONE',  ( -2.064657382142431441, 23.63122350244925585, 0.2243394448238749672 ) ) ;
#2099 = CARTESIAN_POINT ( 'NONE',  ( -1.310618419327579387, 25.65782476836969650, 0.2245634639952060474 ) ) ;
#2100 = CARTESIAN_POINT ( 'NONE',  ( -2.364270504302683484, 25.71637886900339609, 0.4499999999996780464 ) ) ;
#2101 = CARTESIAN_POINT ( 'NONE',  ( -0.5249902413663124490, 25.04431047010831435, 0.3999999999996806110 ) ) ;
#2102 = CARTESIAN_POINT ( 'NONE',  ( -0.6223787381037295674, 23.91559289648476394, 0.3427135497663618136 ) ) ;
#2103 = CARTESIAN_POINT ( 'NONE',  ( -2.878468689078942599, 24.82493328540694932, 0.4432038974321839131 ) ) ;
#2104 = VERTEX_POINT ( 'NONE', #2903 ) ;
#2105 = CARTESIAN_POINT ( 'NONE',  ( -2.700847015125789508, 24.32451935904460427, 0.2262699367514592053 ) ) ;
#2106 = VERTEX_POINT ( 'NONE', #6620 ) ;
#2107 = CARTESIAN_POINT ( 'NONE',  ( -1.164135417259651417, 25.32413424380107969, 0.04571512845057115748 ) ) ;
#2108 =( LENGTH_UNIT ( ) NAMED_UNIT ( * ) SI_UNIT ( $, .METRE. ) );
#2109 = CARTESIAN_POINT ( 'NONE',  ( -2.133853304994721256, 25.82370078740160579, 0.3628130793762388562 ) ) ;
#2110 = CARTESIAN_POINT ( 'NONE',  ( -1.910196570974366237, 23.82413587754852458, 0.000000000000000000 ) ) ;
#2111 = CARTESIAN_POINT ( 'NONE',  ( -0.8626745743609651740, 24.39592531831881672, 0.04999995857658860732 ) ) ;
#2112 = AXIS2_PLACEMENT_3D ( 'NONE', #4482, #8897, #2362 ) ;
#2113 = ORIENTED_EDGE ( 'NONE', *, *, #5224, .F. ) ;
#2114 = CARTESIAN_POINT ( 'NONE',  ( -1.036382855767223443, 25.73919049704477402, 0.4499999999996777689 ) ) ;
#2115 = ORIENTED_EDGE ( 'NONE', *, *, #2851, .F. ) ;
#2116 = CARTESIAN_POINT ( 'NONE',  ( -0.8646877284047189693, 24.40841181356849532, 0.04595345929128442919 ) ) ;
#2117 = CIRCLE ( 'NONE', #3478, 0.1057086614173214645 ) ;
#2118 = ADVANCED_FACE ( 'NONE', ( #7415 ), #8239, .F. ) ;
#2119 = CARTESIAN_POINT ( 'NONE',  ( -2.803893129865325129, 23.92266011709837770, 0.4431922474509183973 ) ) ;
#2120 = CARTESIAN_POINT ( 'NONE',  ( -2.776798776828087512, 24.41684856424775063, 0.2860166733119766658 ) ) ;
#2121 = ORIENTED_EDGE ( 'NONE', *, *, #2725, .F. ) ;
#2122 = DIRECTION ( 'NONE',  ( -6.123233995736998996E-17, -3.552713678800503296E-15, -1.000000000000000000 ) ) ;
#2123 = CARTESIAN_POINT ( 'NONE',  ( -1.252301253686826987, 23.63767369167009491, 0.2250637578086146506 ) ) ;
#2124 = CARTESIAN_POINT ( 'NONE',  ( -1.707503387176843468, 23.87152898742225915, 0.05000000000000000278 ) ) ;
#2125 = EDGE_LOOP ( 'NONE', ( #2873, #9023, #4212, #4508, #7319 ) ) ;
#2126 = CARTESIAN_POINT ( 'NONE',  ( -0.5574392570877733100, 23.86436083771645400, 0.3999999999996844413 ) ) ;
#2127 = ADVANCED_FACE ( 'NONE', ( #5293 ), #7557, .T. ) ;
#2128 = CARTESIAN_POINT ( 'NONE',  ( -2.028515094893428294, 25.82370078740159869, 0.3580813404998119398 ) ) ;
#2129 = PLANE ( 'NONE',  #8728 ) ;
#2130 = CARTESIAN_POINT ( 'NONE',  ( -1.947504919972418591, 25.52255920907476039, 0.1054182821084412303 ) ) ;
#2131 = CARTESIAN_POINT ( 'NONE',  ( -0.7540712485874130344, 23.75434930874801154, 0.3426916414724204829 ) ) ;
#2132 = CARTESIAN_POINT ( 'NONE',  ( -2.307322834645600285, 25.27251968503944468, 0.2999999999999999889 ) ) ;
#2133 = CARTESIAN_POINT ( 'NONE',  ( -2.470471206802479003, 24.32360541548245791, 0.04991690112703152382 ) ) ;
#2134 = CARTESIAN_POINT ( 'NONE',  ( -1.001559469274550640, 24.26813787261411548, 0.04999977179767638863 ) ) ;
#2135 = CARTESIAN_POINT ( 'NONE',  ( -2.466826487603345441, 25.75840766419529970, 0.4021146479604342794 ) ) ;
#2136 = FACE_OUTER_BOUND ( 'NONE', #8694, .T. ) ;
#2137 = B_SPLINE_CURVE_WITH_KNOTS ( 'NONE', 3,
 ( #4441, #861, #302, #5987, #6852, #5381, #3217, #5282, #3970, #7447, #1060, #8199 ),
 .UNSPECIFIED., .F., .F.,
 ( 4, 2, 2, 2, 2, 4 ),
 ( 6.938893903907228378E-18, 0.004437529967733396842, 0.008875059935466786745, 0.01109382491933348126, 0.01331258990320017752, 0.01775011987093356655 ),
 .UNSPECIFIED. ) ;
#2138 = CARTESIAN_POINT ( 'NONE',  ( -2.914031058850313105, 25.00365133268574880, 0.4051126524952172181 ) ) ;
#2139 = CARTESIAN_POINT ( 'NONE',  ( -1.923153580942586371, 23.83316872492904537, 0.04566547214421291800 ) ) ;
#2140 = B_SPLINE_CURVE_WITH_KNOTS ( 'NONE', 3,
 ( #3634, #3546, #4396, #5085 ),
 .UNSPECIFIED., .F., .F.,
 ( 4, 4 ),
 ( 0.1077442256314526670, 0.8997806907743788329 ),
 .UNSPECIFIED. ) ;
#2141 = CARTESIAN_POINT ( 'NONE',  ( -1.385909453237397893, 25.43791787489647405, 0.04498519641052369650 ) ) ;
#2142 = CARTESIAN_POINT ( 'NONE',  ( -1.328526079715468100, 25.42425856681108343, 0.04999999999999971134 ) ) ;
#2143 = CARTESIAN_POINT ( 'NONE',  ( -1.128188976377882291, 24.01267716535440400, 0.2999999999999999889 ) ) ;
#2144 = CARTESIAN_POINT ( 'NONE',  ( -0.6928781118020896912, 23.96416364038913827, 0.2833138647620812023 ) ) ;
#2145 = CARTESIAN_POINT ( 'NONE',  ( -2.876040463246588352, 25.02534949525364283, 0.4381353998082445078 ) ) ;
#2146 = EDGE_CURVE ( 'NONE', #6480, #8047, #5485, .T. ) ;
#2147 = ORIENTED_EDGE ( 'NONE', *, *, #1910, .T. ) ;
#2148 = CARTESIAN_POINT ( 'NONE',  ( -2.913809739812966537, 24.24213197979656087, 0.4047257499196673103 ) ) ;
#2149 = VERTEX_POINT ( 'NONE', #8259 ) ;
#2150 = DIRECTION ( 'NONE',  ( -6.123233995736998996E-17, -3.552713678800503296E-15, -1.000000000000000000 ) ) ;
#2151 = CARTESIAN_POINT ( 'NONE',  ( -1.173763191211978585, 25.33130567632160890, 0.04571512790231400947 ) ) ;
#2152 = CARTESIAN_POINT ( 'NONE',  ( -0.9685345218412816370, 24.17334603870509113, 0.04362102098623290430 ) ) ;
#2153 = CARTESIAN_POINT ( 'NONE',  ( -1.047480314960560932, 24.01267716535440400, 0.2999999999999999889 ) ) ;
#2154 = DIRECTION ( 'NONE',  ( -1.000000000000000000, 0.000000000000000000, 0.000000000000000000 ) ) ;
#2155 = CARTESIAN_POINT ( 'NONE',  ( -1.430273438971648714, 23.82797227290686237, 0.05000000000000011380 ) ) ;
#2156 = EDGE_CURVE ( 'NONE', #6685, #3256, #14, .T. ) ;
#2157 = EDGE_LOOP ( 'NONE', ( #8466, #6739, #1554, #3331 ) ) ;
#2158 = CARTESIAN_POINT ( 'NONE',  ( -1.039125951430324823, 25.74040196300965277, 0.4499999999996778799 ) ) ;
#2159 = CARTESIAN_POINT ( 'NONE',  ( -0.7041469328425109531, 24.56099594112365025, 0.1672997231068056034 ) ) ;
#2160 = AXIS2_PLACEMENT_3D ( 'NONE', #2976, #8657, #4440 ) ;
#2161 = CARTESIAN_POINT ( 'NONE',  ( -2.722891924712616429, 23.91081417161033684, 0.3999999999996843858 ) ) ;
#2162 = CARTESIAN_POINT ( 'NONE',  ( -0.9417716535432394398, 24.01267716535439689, 0.1865636280395873980 ) ) ;
#2163 = ORIENTED_EDGE ( 'NONE', *, *, #6158, .F. ) ;
#2164 = CARTESIAN_POINT ( 'NONE',  ( -0.5241477381191596008, 24.93525145396459664, 0.3999999999996806110 ) ) ;
#2165 = CARTESIAN_POINT ( 'NONE',  ( -0.9300647326632308642, 23.60189886819893346, 0.3427146295154507305 ) ) ;
#2166 = CARTESIAN_POINT ( 'NONE',  ( -0.4406412717617101960, 25.00458676520614532, 0.4050024799757533933 ) ) ;
#2167 = ORIENTED_EDGE ( 'NONE', *, *, #3513, .F. ) ;
#2168 = CARTESIAN_POINT ( 'NONE',  ( -1.985508659742277748, 23.84591856451085690, 0.05000000248107459855 ) ) ;
#2169 = CARTESIAN_POINT ( 'NONE',  ( -1.386824511566155937, 23.69112016339366988, 0.1653340595690644954 ) ) ;
#2170 = CIRCLE ( 'NONE', #538, 0.1135826771653510037 ) ;
#2171 = CARTESIAN_POINT ( 'NONE',  ( -0.9471556981098047112, 23.91255452856884745, 0.1701505069005836146 ) ) ;
#2172 = CARTESIAN_POINT ( 'NONE',  ( -1.939214583597258734, 25.67005462179127662, 0.2257385397208472033 ) ) ;
#2173 = LINE ( 'NONE', #957, #2578 ) ;
#2174 = CARTESIAN_POINT ( 'NONE',  ( -0.8051642288749141230, 23.63753455168919970, 0.3770745104943007409 ) ) ;
#2175 = DIRECTION ( 'NONE',  ( -0.000000000000000000, 0.000000000000000000, 1.000000000000000000 ) ) ;
#2176 = DIRECTION ( 'NONE',  ( -1.000000000000000000, 0.000000000000000000, 0.000000000000000000 ) ) ;
#2177 = CARTESIAN_POINT ( 'NONE',  ( -0.6296922402966190768, 25.37104550023128269, 0.3999999999996725619 ) ) ;
#2178 = CARTESIAN_POINT ( 'NONE',  ( -2.487040995235859420, 25.27037964725346697, 0.1645144957822739229 ) ) ;
#2179 = CARTESIAN_POINT ( 'NONE',  ( -1.452086337866287158, 23.90457053306868573, 0.05000000000000000278 ) ) ;
#2180 = CARTESIAN_POINT ( 'NONE',  ( -2.482427581729895749, 24.90371816833015473, 0.04542796172117576081 ) ) ;
#2181 = CARTESIAN_POINT ( 'NONE',  ( -2.000014629719056636, 23.69672598121242757, 0.1649122714815037527 ) ) ;
#2182 = CARTESIAN_POINT ( 'NONE',  ( -1.240733496695996863, 25.72355354483467593, 0.2839980498277570042 ) ) ;
#2183 = CARTESIAN_POINT ( 'NONE',  ( -1.522472304562447754, 25.47643432038593048, 0.05000345588691147009 ) ) ;
#2184 = CARTESIAN_POINT ( 'NONE',  ( -1.325320769396233223, 23.48934458849233309, 0.3999999999996858291 ) ) ;
#2185 = CARTESIAN_POINT ( 'NONE',  ( -0.9080321283232776208, 24.10461767564544289, 0.1051148097923137459 ) ) ;
#2186 = CARTESIAN_POINT ( 'NONE',  ( -2.721055310220652057, 25.37725296735647973, 0.3999999999996792233 ) ) ;
#2187 = ORIENTED_EDGE ( 'NONE', *, *, #6612, .T. ) ;
#2188 = DIRECTION ( 'NONE',  ( 0.000000000000000000, 0.000000000000000000, -1.000000000000000000 ) ) ;
#2189 = ORIENTED_EDGE ( 'NONE', *, *, #6158, .T. ) ;
#2190 = CARTESIAN_POINT ( 'NONE',  ( -0.9111171045588201123, 25.73122653688586681, 0.4381354253312858549 ) ) ;
#2191 = CIRCLE ( 'NONE', #3411, 0.1574803149606300579 ) ;
#2192 = CARTESIAN_POINT ( 'NONE',  ( -0.9648514610770724254, 25.60274300506356226, 0.2833137332888370219 ) ) ;
#2193 = CARTESIAN_POINT ( 'NONE',  ( -0.5189463061209887984, 23.92217625716491725, 0.4022307593113778612 ) ) ;
#2194 = CIRCLE ( 'NONE', #7458, 0.7716554965814561573 ) ;
#2195 = CARTESIAN_POINT ( 'NONE',  ( -0.5802847966128913404, 24.92148827264467670, 0.2856586822156266803 ) ) ;
#2196 = DIRECTION ( 'NONE',  ( 6.123233995736998996E-17, 3.552713678800503296E-15, 1.000000000000000000 ) ) ;
#2197 = CARTESIAN_POINT ( 'NONE',  ( -1.405368254620970481, 23.83467417143333478, 0.04997195177072592115 ) ) ;
#2198 = EDGE_LOOP ( 'NONE', ( #150, #8554, #2699, #8236, #349, #3113 ) ) ;
#2199 = PLANE ( 'NONE',  #230 ) ;
#2200 = CARTESIAN_POINT ( 'NONE',  ( -2.750988657582182029, 23.95540189470452219, 0.4499999999996842637 ) ) ;
#2201 = CARTESIAN_POINT ( 'NONE',  ( -0.8442775718338411117, 24.50706121476657628, 0.04717522246515935824 ) ) ;
#2202 = CIRCLE ( 'NONE', #7473, 0.1574803149606300579 ) ;
#2203 = CARTESIAN_POINT ( 'NONE',  ( -1.236302639183742391, 23.86307086614182182, 0.07563496591434845651 ) ) ;
#2204 = CARTESIAN_POINT ( 'NONE',  ( -1.107527612548812046, 23.92544728038763324, 0.1501533877250650906 ) ) ;
#2205 = VERTEX_POINT ( 'NONE', #6247 ) ;
#2206 = CARTESIAN_POINT ( 'NONE',  ( -0.6265931467964768187, 25.36654935452283510, 0.4499999999996791011 ) ) ;
#2207 = CARTESIAN_POINT ( 'NONE',  ( -1.027393849852466401, 23.84870071586522400, 0.1645132468932761771 ) ) ;
#2208 = ORIENTED_EDGE ( 'NONE', *, *, #7037, .T. ) ;
#2209 = CARTESIAN_POINT ( 'NONE',  ( -0.6577223791582782475, 24.99027029273945288, 0.2259220922980086921 ) ) ;
#2210 = VERTEX_POINT ( 'NONE', #4588 ) ;
#2211 = B_SPLINE_SURFACE_WITH_KNOTS ( 'NONE', 3, 1, ( 
 ( #962, #1858 ),
 ( #4727, #3267 ),
 ( #4579, #5382 ),
 ( #3824, #4629 ),
 ( #1159, #6901 ),
 ( #451, #3120 ),
 ( #5989, #6040 ),
 ( #6193, #8850 ),
 ( #7548, #3167 ),
 ( #8902, #9048 ),
 ( #8200, #1109 ) ),
 .UNSPECIFIED., .F., .F., .F.,
 ( 4, 1, 1, 1, 1, 1, 1, 1, 4 ),
 ( 2, 2 ),
 ( 0.000000000000000000, 0.04393067005686746018, 0.1417763865609629192, 0.2935377060715032016, 0.4989506926670741471, 0.6074496830724288587, 0.7271868125331678590, 0.8580636477221973424, 1.000000000000000000 ),
 ( 0.000000000000000000, 1.000000000000000000 ),
 .UNSPECIFIED. ) ;
#2212 = CARTESIAN_POINT ( 'NONE',  ( -1.442648656484024849, 23.82489806378610808, 0.05000965995182519996 ) ) ;
#2213 = DIRECTION ( 'NONE',  ( 1.749285781892509143E-10, 1.000000000000000000, 0.000000000000000000 ) ) ;
#2214 = CARTESIAN_POINT ( 'NONE',  ( -2.528970839327159936, 25.23443044556483628, 0.1732714385410227820 ) ) ;
#2215 = CARTESIAN_POINT ( 'NONE',  ( -1.949726594093586618, 25.59674027280556530, 0.1655457647469842364 ) ) ;
#2216 = CARTESIAN_POINT ( 'NONE',  ( -2.874700089063734865, 24.33868587711749498, 0.4381353998082470613 ) ) ;
#2217 = FACE_OUTER_BOUND ( 'NONE', #8533, .T. ) ;
#2218 = CARTESIAN_POINT ( 'NONE',  ( -1.034354824349781987, 25.56792267060250268, 0.2355729991239403631 ) ) ;
#2219 = CARTESIAN_POINT ( 'NONE',  ( -1.430273438971659594, 23.82797227290686237, 0.05000000000000000971 ) ) ;
#2220 = CARTESIAN_POINT ( 'NONE',  ( -2.216685706146900969, 25.21759376153621801, 0.06153739360057473851 ) ) ;
#2221 = CARTESIAN_POINT ( 'NONE',  ( -2.495711854509252703, 25.25886606908694887, 0.1645144956400073633 ) ) ;
#2222 = CARTESIAN_POINT ( 'NONE',  ( -1.969563155118073006, 25.44446373857549659, 0.04991741026239111811 ) ) ;
#2223 = CARTESIAN_POINT ( 'NONE',  ( -2.631602392583717531, 24.91410487966345144, 0.1655558394376337727 ) ) ;
#2224 = CARTESIAN_POINT ( 'NONE',  ( -2.091908775961043521, 23.55758971857948225, 0.2842126088917725224 ) ) ;
#2225 = CARTESIAN_POINT ( 'NONE',  ( -1.393447639401873772, 25.44045070141136122, 0.04508947650985159483 ) ) ;
#2226 = CARTESIAN_POINT ( 'NONE',  ( -1.469201843251656037, 25.46627151284608459, 0.04999999790986202342 ) ) ;
#2227 = CARTESIAN_POINT ( 'NONE',  ( -0.6011896363374121810, 25.43917250597507973, 0.4431958362722956402 ) ) ;
#2228 = CARTESIAN_POINT ( 'NONE',  ( -0.5241477380637351580, 24.29051752714402213, 0.4499999999996829314 ) ) ;
#2229 = CARTESIAN_POINT ( 'NONE',  ( -1.442293296446978346, 25.37763667327513062, 0.05000000000000000278 ) ) ;
#2230 = EDGE_LOOP ( 'NONE', ( #4230, #1750, #2859, #6396 ) ) ;
#2231 = CARTESIAN_POINT ( 'NONE',  ( -2.898219537848127025, 24.09636407596061147, 0.4032662984666132711 ) ) ;
#2232 = ORIENTED_EDGE ( 'NONE', *, *, #1186, .T. ) ;
#2233 = CARTESIAN_POINT ( 'NONE',  ( -0.4462992125984484026, 25.66622047216360514, 0.6074803150392285023 ) ) ;
#2234 = CARTESIAN_POINT ( 'NONE',  ( -1.078540370436227969, 25.47373183026155630, 0.1645144298243243486 ) ) ;
#2235 = CARTESIAN_POINT ( 'NONE',  ( -0.6847357457928057167, 23.97851360069438797, 0.2826299082050731659 ) ) ;
#2236 = CARTESIAN_POINT ( 'NONE',  ( -0.5830228161466746162, 24.97467999409919059, 0.2852139376764884493 ) ) ;
#2237 = CARTESIAN_POINT ( 'NONE',  ( -2.669961442328967482, 23.92247041203898661, 0.3047264308289295842 ) ) ;
#2238 = CARTESIAN_POINT ( 'NONE',  ( -0.6530960155192079286, 25.45610617903481199, 0.3613124960360171722 ) ) ;
#2239 = LINE ( 'NONE', #1493, #3710 ) ;
#2240 = ORIENTED_EDGE ( 'NONE', *, *, #6924, .F. ) ;
#2241 = CARTESIAN_POINT ( 'NONE',  ( -0.5264126713952230752, 24.22480877247389586, 0.3999999999996831646 ) ) ;
#2242 = CARTESIAN_POINT ( 'NONE',  ( -2.829026152190599941, 24.23740490706368433, 0.4499999999996832090 ) ) ;
#2243 = CARTESIAN_POINT ( 'NONE',  ( -0.6539476376534252289, 24.33702623835291945, 0.2253659268496715218 ) ) ;
#2244 = EDGE_CURVE ( 'NONE', #3767, #985, #5039, .T. ) ;
#2245 = CARTESIAN_POINT ( 'NONE',  ( -2.353260845742835006, 24.28141669199316866, 0.04606807752549078872 ) ) ;
#2246 = CARTESIAN_POINT ( 'NONE',  ( -0.9475315297401030179, 23.97745724467538508, 0.1997318452708650161 ) ) ;
#2247 = VECTOR ( 'NONE', #8013, 39.37007874015748143 ) ;
#2248 = EDGE_LOOP ( 'NONE', ( #4572, #2121, #3811, #8027 ) ) ;
#2249 = CARTESIAN_POINT ( 'NONE',  ( -0.5244908780235879586, 25.01364433039249491, 0.3999999999996803335 ) ) ;
#2250 = CARTESIAN_POINT ( 'NONE',  ( -1.079857176805477659, 23.81050670616335552, 0.1645155675594077715 ) ) ;
#2251 = VERTEX_POINT ( 'NONE', #2473 ) ;
#2252 = CARTESIAN_POINT ( 'NONE',  ( -0.7947598741529393607, 24.91097482571830923, 0.1073018166820415287 ) ) ;
#2253 = EDGE_CURVE ( 'NONE', #3957, #6980, #1366, .T. ) ;
#2254 = EDGE_LOOP ( 'NONE', ( #5316, #7626, #4082, #6321, #2281 ) ) ;
#2255 = CARTESIAN_POINT ( 'NONE',  ( -2.041530315020540609, 25.49975402683076453, 0.1060978380532571208 ) ) ;
#2256 = VERTEX_POINT ( 'NONE', #1770 ) ;
#2257 = AXIS2_PLACEMENT_3D ( 'NONE', #8492, #9146, #3547 ) ;
#2258 = EDGE_CURVE ( 'NONE', #5394, #1705, #2194, .T. ) ;
#2259 = CARTESIAN_POINT ( 'NONE',  ( -2.504635805272583671, 24.44529416773529817, 0.05000000000000000971 ) ) ;
#2260 = CARTESIAN_POINT ( 'NONE',  ( -2.701023621815684894, 25.87370078740159585, 0.3999999999996773359 ) ) ;
#2261 = CARTESIAN_POINT ( 'NONE',  ( -0.4962992125984483915, 25.48905511771334176, 0.4499999999996783795 ) ) ;
#2262 = CARTESIAN_POINT ( 'NONE',  ( -1.920080653237437485, 25.45288084301147791, 0.04570715997124150110 ) ) ;
#2263 = CARTESIAN_POINT ( 'NONE',  ( -2.830655411561917134, 24.28317733791989497, 0.3999999999996829980 ) ) ;
#2264 = CARTESIAN_POINT ( 'NONE',  ( -0.4462992125984484026, 25.48905511771361532, 0.3999999999996788347 ) ) ;
#2265 = CARTESIAN_POINT ( 'NONE',  ( -0.6931496062992357210, 23.65834645669293579, 0.1999999999996851796 ) ) ;
#2266 = CARTESIAN_POINT ( 'NONE',  ( -1.129094703043275416, 25.20490528787616569, 0.05950106953272504134 ) ) ;
#2267 = AXIS2_PLACEMENT_3D ( 'NONE', #4711, #7582, #4193 ) ;
#2268 = CARTESIAN_POINT ( 'NONE',  ( -0.9057460777400124785, 24.62305558621837065, 0.04999873686219409585 ) ) ;
#2269 = CARTESIAN_POINT ( 'NONE',  ( -2.516926592835838861, 25.22964446029817864, 0.1645144936308141626 ) ) ;
#2270 = CIRCLE ( 'NONE', #4690, 0.1574803149606300579 ) ;
#2271 = CARTESIAN_POINT ( 'NONE',  ( -0.4462992125984484026, 25.66622047216360514, 0.3999999999996782796 ) ) ;
#2272 = CARTESIAN_POINT ( 'NONE',  ( -2.559197453308997172, 24.90362908162655486, 0.1055420266839028481 ) ) ;
#2273 = CARTESIAN_POINT ( 'NONE',  ( -1.934234379559646833, 23.75994653697448555, 0.1055996789055327206 ) ) ;
#2274 = CARTESIAN_POINT ( 'NONE',  ( -1.300396746365518830, 25.65590163012531377, 0.2244516563207685500 ) ) ;
#2275 = CARTESIAN_POINT ( 'NONE',  ( -1.496371167999516638, 25.47202850511473926, 0.04999999999999936440 ) ) ;
#2276 = CARTESIAN_POINT ( 'NONE',  ( -2.386237809049148506, 25.70367862978153894, 0.3999999999996780020 ) ) ;
#2277 = CARTESIAN_POINT ( 'NONE',  ( -0.5253442508621766205, 24.24360095040869822, 0.4499999999996831535 ) ) ;
#2278 = CARTESIAN_POINT ( 'NONE',  ( -1.294650437358531914, 25.84123756026818342, 0.4381354253312853553 ) ) ;
#2279 = ORIENTED_EDGE ( 'NONE', *, *, #3006, .F. ) ;
#2280 = CARTESIAN_POINT ( 'NONE',  ( -2.835794306245495111, 24.19679816561789920, 0.3444312855595226819 ) ) ;
#2281 = ORIENTED_EDGE ( 'NONE', *, *, #6757, .T. ) ;
#2282 = CARTESIAN_POINT ( 'NONE',  ( -1.047480314960560932, 24.01267716535440400, 0.000000000000000000 ) ) ;
#2283 = CARTESIAN_POINT ( 'NONE',  ( -2.547900281599639438, 25.61992243592853669, 0.3618174106028608228 ) ) ;
#2284 = CARTESIAN_POINT ( 'NONE',  ( -0.8736931604870236123, 24.16390578100848785, 0.1034775116548004720 ) ) ;
#2285 = CARTESIAN_POINT ( 'NONE',  ( -2.661653543307109793, 25.53826771653545791, 0.1999999999996785738 ) ) ;
#2286 = CARTESIAN_POINT ( 'NONE',  ( -2.552098002412151789, 23.99800003615765220, 0.2077198063742760892 ) ) ;
#2287 = CARTESIAN_POINT ( 'NONE',  ( -0.8447707910864538094, 24.80306244239941904, 0.05000004828223165304 ) ) ;
#2288 = DIRECTION ( 'NONE',  ( 6.123233995736998996E-17, 3.552713678800503296E-15, 1.000000000000000000 ) ) ;
#2289 = EDGE_CURVE ( 'NONE', #6663, #6080, #8313, .T. ) ;
#2290 = ORIENTED_EDGE ( 'NONE', *, *, #2293, .F. ) ;
#2291 = DIRECTION ( 'NONE',  ( 0.000000000000000000, 1.000000000000000000, -3.469446951953654421E-15 ) ) ;
#2292 = PRODUCT_RELATED_PRODUCT_CATEGORY ( 'part', '', ( #465 ) ) ;
#2293 = EDGE_CURVE ( 'NONE', #1276, #6742, #3930, .T. ) ;
#2294 = EDGE_CURVE ( 'NONE', #6002, #3093, #369, .T. ) ;
#2295 = CARTESIAN_POINT ( 'NONE',  ( -2.829122784562931869, 24.23917052769092706, 0.4499999999996834310 ) ) ;
#2296 = CARTESIAN_POINT ( 'NONE',  ( -0.8420921333459666647, 24.76697568789531445, 0.04730938652307188630 ) ) ;
#2297 = EDGE_CURVE ( 'NONE', #8548, #2962, #7156, .T. ) ;
#2298 = CARTESIAN_POINT ( 'NONE',  ( -2.393490356355797655, 25.76310024724185510, 0.4382319632553167144 ) ) ;
#2299 = CARTESIAN_POINT ( 'NONE',  ( -0.9534827159954120113, 23.96374196464500272, 0.2031597571508289846 ) ) ;
#2300 = ADVANCED_FACE ( 'NONE', ( #4734 ), #4030, .T. ) ;
#2301 = ORIENTED_EDGE ( 'NONE', *, *, #4782, .T. ) ;
#2302 = CARTESIAN_POINT ( 'NONE',  ( -2.399123754275580112, 23.59040503090669105, 0.3999999999996854405 ) ) ;
#2303 = CARTESIAN_POINT ( 'NONE',  ( -0.9731904647706902667, 23.67638568330610127, 0.2833146829160784752 ) ) ;
#2304 = PRODUCT_DEFINITION_CONTEXT ( 'detailed design', #3910, 'design' ) ;
#2305 = ORIENTED_EDGE ( 'NONE', *, *, #2156, .F. ) ;
#2306 = CARTESIAN_POINT ( 'NONE',  ( -0.8726470105268059330, 24.91429175649439998, 0.04749944522164191441 ) ) ;
#2307 = CARTESIAN_POINT ( 'NONE',  ( -2.109502564470646657, 25.80299174224130354, 0.3445673533165297675 ) ) ;
#2308 = ORIENTED_EDGE ( 'NONE', *, *, #6757, .F. ) ;
#2309 = CIRCLE ( 'NONE', #6516, 0.08070866141732159493 ) ;
#2310 = CARTESIAN_POINT ( 'NONE',  ( -1.500049049104307253, 23.81271229456938343, 0.05005513610603665869 ) ) ;
#2311 = CARTESIAN_POINT ( 'NONE',  ( -2.397616124297476059, 23.64987429184127521, 0.3047203705678956931 ) ) ;
#2312 = EDGE_CURVE ( 'NONE', #219, #1003, #2603, .T. ) ;
#2313 = LINE ( 'NONE', #1704, #7781 ) ;
#2314 = CARTESIAN_POINT ( 'NONE',  ( -2.714047852263953065, 23.89880852183449278, 0.3999999999996844413 ) ) ;
#2315 = CARTESIAN_POINT ( 'NONE',  ( -0.5848621432692328037, 23.86896899377977732, 0.4432038691916631024 ) ) ;
#2316 = DIRECTION ( 'NONE',  ( 0.000000000000000000, -1.000000000000000000, 3.607743797525388930E-15 ) ) ;
#2317 = CARTESIAN_POINT ( 'NONE',  ( -2.413031496062929104, 24.01267716535440400, 0.2999999999999999889 ) ) ;
#2318 = DIRECTION ( 'NONE',  ( -0.000000000000000000, 0.000000000000000000, 1.000000000000000000 ) ) ;
#2319 = CARTESIAN_POINT ( 'NONE',  ( -1.393920747051510700, 23.83777258716589387, 0.000000000000000000 ) ) ;
#2320 = CARTESIAN_POINT ( 'NONE',  ( -2.303178218231770824, 25.16666293110795749, 0.08092023499646333606 ) ) ;
#2321 = CARTESIAN_POINT ( 'NONE',  ( -2.622366661219610151, 25.37530499380593696, 0.2833138651314094925 ) ) ;
#2322 = PLANE ( 'NONE',  #554 ) ;
#2323 = AXIS2_PLACEMENT_3D ( 'NONE', #6202, #6909, #3328 ) ;
#2324 = CARTESIAN_POINT ( 'NONE',  ( -2.778463912521106582, 24.81962312593739384, 0.2863099229831262416 ) ) ;
#2325 = CARTESIAN_POINT ( 'NONE',  ( -1.915440034990617324, 23.83105523612899290, 0.04578317876107611262 ) ) ;
#2326 = CARTESIAN_POINT ( 'NONE',  ( -1.353791040673114177, 25.80868913493732819, 0.3453206028963008434 ) ) ;
#2327 = CARTESIAN_POINT ( 'NONE',  ( -2.029481922932238280, 23.48940994823307804, 0.3999999999996067257 ) ) ;
#2328 = CARTESIAN_POINT ( 'NONE',  ( -2.298170788442885026, 25.74950690220523697, 0.3999999999996778910 ) ) ;
#2329 = CARTESIAN_POINT ( 'NONE',  ( -2.404628897060109072, 23.59399116653958117, 0.3999999999996855515 ) ) ;
#2330 = CARTESIAN_POINT ( 'NONE',  ( -1.563042971940720394, 25.40415964127980786, 0.04606796101003834965 ) ) ;
#2331 = VERTEX_POINT ( 'NONE', #2668 ) ;
#2332 = CARTESIAN_POINT ( 'NONE',  ( -2.666790933324343804, 24.16660042744291559, 0.2246297056459443664 ) ) ;
#2333 = EDGE_LOOP ( 'NONE', ( #2777, #428, #7464, #1244 ) ) ;
#2334 = CARTESIAN_POINT ( 'NONE',  ( -1.105689156206643986, 25.81967168791553391, 0.4381354253312854663 ) ) ;
#2335 = CARTESIAN_POINT ( 'NONE',  ( -2.573339598095926384, 25.55523329005317024, 0.3410871922323060468 ) ) ;
#2336 = CARTESIAN_POINT ( 'NONE',  ( -0.6561122495736025906, 24.31683620963742598, 0.2251260778307819233 ) ) ;
#2337 = CARTESIAN_POINT ( 'NONE',  ( -2.735039699168819727, 25.36449645433328470, 0.3423584747798749661 ) ) ;
#2338 = CARTESIAN_POINT ( 'NONE',  ( -2.413698793845295398, 23.59448662044739109, 0.3423512331115371454 ) ) ;
#2339 = CARTESIAN_POINT ( 'NONE',  ( -2.443744201195608312, 24.08659676139943073, 0.1107121311247035167 ) ) ;
#2340 = CARTESIAN_POINT ( 'NONE',  ( -0.8390046759813163391, 24.76303029231904418, 0.05000023017377692308 ) ) ;
#2341 = CARTESIAN_POINT ( 'NONE',  ( -0.9437586799699141382, 23.49467538326208427, 0.3999999999996882161 ) ) ;
#2342 = AXIS2_PLACEMENT_3D ( 'NONE', #3732, #6655, #913 ) ;
#2343 = ORIENTED_EDGE ( 'NONE', *, *, #1158, .F. ) ;
#2344 = FACE_OUTER_BOUND ( 'NONE', #462, .T. ) ;
#2345 = CARTESIAN_POINT ( 'NONE',  ( -2.749876550307939205, 23.95343328955178919, 0.4499999999996843747 ) ) ;
#2346 = CARTESIAN_POINT ( 'NONE',  ( -0.7183480314803646349, 24.87814612088293487, 0.1660264845608351025 ) ) ;
#2347 = CARTESIAN_POINT ( 'NONE',  ( -2.273586829202645099, 25.75779745983564339, 0.3999999999996767808 ) ) ;
#2348 = DIRECTION ( 'NONE',  ( 0.000000000000000000, 1.000000000000000000, -3.569527153191716199E-15 ) ) ;
#2349 = VERTEX_POINT ( 'NONE', #590 ) ;
#2350 = CARTESIAN_POINT ( 'NONE',  ( -1.135169481182165319, 23.87621034464665115, 0.1051162189422425730 ) ) ;
#2351 = ORIENTED_EDGE ( 'NONE', *, *, #2032, .F. ) ;
#2352 = CARTESIAN_POINT ( 'NONE',  ( -0.5856211588623915221, 25.01403793241898654, 0.2854513631940219232 ) ) ;
#2353 = CIRCLE ( 'NONE', #7632, 0.1135826771653553752 ) ;
#2354 = CARTESIAN_POINT ( 'NONE',  ( -1.988986041642054392, 25.43387838357124053, 0.04695053025620395809 ) ) ;
#2355 = ORIENTED_EDGE ( 'NONE', *, *, #5016, .T. ) ;
#2356 = CARTESIAN_POINT ( 'NONE',  ( -1.840747490651050144, 23.81018849733037612, 0.04994658908268564956 ) ) ;
#2357 = CARTESIAN_POINT ( 'NONE',  ( -2.471402274457819459, 23.53072197560106460, 0.4017275748194344964 ) ) ;
#2358 = CARTESIAN_POINT ( 'NONE',  ( -2.542457637158388906, 23.70388006153467231, 0.3999999999996851074 ) ) ;
#2359 = ORIENTED_EDGE ( 'NONE', *, *, #9258, .T. ) ;
#2360 = CARTESIAN_POINT ( 'NONE',  ( -2.282910735199523700, 23.90961253840097100, 0.1742518007527834589 ) ) ;
#2361 = FACE_BOUND ( 'NONE', #2609, .T. ) ;
#2362 = DIRECTION ( 'NONE',  ( -0.7071067789408527204, -0.7071067834322424250, 0.000000000000000000 ) ) ;
#2363 = CARTESIAN_POINT ( 'NONE',  ( -2.470416629744047299, 23.64281737780186532, 0.4499999999996854294 ) ) ;
#2364 = CARTESIAN_POINT ( 'NONE',  ( -1.123847443607008056, 25.19902416519941468, 0.05914736654517117886 ) ) ;
#2365 = CARTESIAN_POINT ( 'NONE',  ( -1.065403930979557989, 25.37692181250434942, 0.1778372838343463547 ) ) ;
#2366 = CARTESIAN_POINT ( 'NONE',  ( -2.446770815385920006, 25.18057954716324076, 0.1051148089546755926 ) ) ;
#2367 = CARTESIAN_POINT ( 'NONE',  ( -2.456929133858062997, 24.10056023716152396, 0.1125083494696155623 ) ) ;
#2368 = CARTESIAN_POINT ( 'NONE',  ( -2.913816206097231465, 24.98543368411221266, 0.4052248231089938257 ) ) ;
#2369 = CARTESIAN_POINT ( 'NONE',  ( -1.854445243048003622, 23.54153668752504913, 0.2863098119499860594 ) ) ;
#2370 = CARTESIAN_POINT ( 'NONE',  ( -1.364206320670015016, 25.59028733455328464, 0.1650332388916741500 ) ) ;
#2371 = CARTESIAN_POINT ( 'NONE',  ( -2.456929133858064773, 24.28849821176436663, 0.000000000000000000 ) ) ;
#2372 = CARTESIAN_POINT ( 'NONE',  ( -2.327977069903689689, 23.54927323163838793, 0.3999999999996856626 ) ) ;
#2373 = CARTESIAN_POINT ( 'NONE',  ( -2.127320191754414225, 24.01557620675522031, 0.04999999999999999584 ) ) ;
#2374 = CARTESIAN_POINT ( 'NONE',  ( -1.227180376697881714, 25.79074369684812140, 0.3999999999996773359 ) ) ;
#2375 = ORIENTED_EDGE ( 'NONE', *, *, #3996, .T. ) ;
#2376 = CARTESIAN_POINT ( 'NONE',  ( -1.275689562095110530, 23.49018684357820419, 0.3999999999996859401 ) ) ;
#2377 = CARTESIAN_POINT ( 'NONE',  ( -2.592663513349507731, 24.20174470316117521, 0.1651746184485522184 ) ) ;
#2378 = ORIENTED_EDGE ( 'NONE', *, *, #2685, .F. ) ;
#2379 = CARTESIAN_POINT ( 'NONE',  ( -1.231113410146468912, 25.27214490609825503, 0.05000000000000000278 ) ) ;
#2380 = CARTESIAN_POINT ( 'NONE',  ( -0.9018253196389007798, 25.76812028724866011, 0.4021130338758135969 ) ) ;
#2381 = CARTESIAN_POINT ( 'NONE',  ( -0.5923433802836721718, 24.22810637252774768, 0.2842499601090566208 ) ) ;
#2382 = ADVANCED_FACE ( 'NONE', ( #2007 ), #4631, .T. ) ;
#2383 = CARTESIAN_POINT ( 'NONE',  ( -2.835857922464899872, 25.36302150597801486, 0.4022314145971154220 ) ) ;
#2384 = CARTESIAN_POINT ( 'NONE',  ( -2.314739939879079778, 23.73559643046524670, 0.2228060617435051183 ) ) ;
#2385 = CARTESIAN_POINT ( 'NONE',  ( -2.566295339199453629, 24.01761200319835154, 0.2077158985672059865 ) ) ;
#2386 = CARTESIAN_POINT ( 'NONE',  ( -2.637842261723982062, 23.76951522525208560, 0.3543048704290364670 ) ) ;
#2387 = CARTESIAN_POINT ( 'NONE',  ( -2.031477255734310816, 23.86307086614182182, 0.05000000000000000278 ) ) ;
#2388 = EDGE_LOOP ( 'NONE', ( #6523, #6364, #5807, #8940 ) ) ;
#2389 = DIRECTION ( 'NONE',  ( 1.000000000000000000, 0.000000000000000000, 0.000000000000000000 ) ) ;
#2390 = CARTESIAN_POINT ( 'NONE',  ( -2.751175719211075066, 23.95573494478222543, 0.4499999999996843747 ) ) ;
#2391 = CARTESIAN_POINT ( 'NONE',  ( -0.7799389709630821788, 24.81058748393418867, 0.1067402097432406244 ) ) ;
#2392 = CARTESIAN_POINT ( 'NONE',  ( -2.365657741738485420, 24.10176045868583472, 0.1219421792374855290 ) ) ;
#2393 = CARTESIAN_POINT ( 'NONE',  ( -2.036177861485450880, 25.84708558163140779, 0.4431958260125117288 ) ) ;
#2394 = CARTESIAN_POINT ( 'NONE',  ( -0.6931496062992357210, 23.65834645669293579, 0.4499999999996852074 ) ) ;
#2395 = DIRECTION ( 'NONE',  ( 0.000000000000000000, -1.000000000000000000, 3.854941057726282076E-15 ) ) ;
#2396 = ORIENTED_EDGE ( 'NONE', *, *, #4937, .F. ) ;
#2397 = CARTESIAN_POINT ( 'NONE',  ( -0.8750169912245273629, 25.12829042440196048, 0.1052179520831782178 ) ) ;
#2398 = CARTESIAN_POINT ( 'NONE',  ( -1.994158973902477427, 25.66619489908369900, 0.2262849573963948979 ) ) ;
#2399 = ORIENTED_EDGE ( 'NONE', *, *, #6006, .T. ) ;
#2400 = CARTESIAN_POINT ( 'NONE',  ( -2.474980529065419876, 24.94932954319923368, 0.05000000000000000971 ) ) ;
#2401 = EDGE_CURVE ( 'NONE', #1494, #3340, #8538, .T. ) ;
#2402 = B_SPLINE_CURVE_WITH_KNOTS ( 'NONE', 3,
 ( #313, #1918, #4733, #7611 ),
 .UNSPECIFIED., .F., .F.,
 ( 4, 4 ),
 ( 0.005693991579039246048, 0.006679475343028091865 ),
 .UNSPECIFIED. ) ;
#2403 = AXIS2_PLACEMENT_3D ( 'NONE', #7656, #1297, #4824 ) ;
#2404 = CARTESIAN_POINT ( 'NONE',  ( -2.335200531791274514, 23.77763599122146942, 0.2077124044271821957 ) ) ;
#2405 = DIRECTION ( 'NONE',  ( 0.000000000000000000, 0.000000000000000000, -1.000000000000000000 ) ) ;
#2406 = VERTEX_POINT ( 'NONE', #3503 ) ;
#2407 = FACE_OUTER_BOUND ( 'NONE', #6084, .T. ) ;
#2408 = CARTESIAN_POINT ( 'NONE',  ( -1.277317018382414959, 23.40618134435430875, 0.4047316809595575271 ) ) ;
#2409 = EDGE_CURVE ( 'NONE', #6972, #3340, #2803, .T. ) ;
#2410 = LINE ( 'NONE', #6750, #910 ) ;
#2411 = DIRECTION ( 'NONE',  ( 1.000000000000000000, 0.000000000000000000, 0.000000000000000000 ) ) ;
#2412 = LINE ( 'NONE', #3821, #6394 ) ;
#2413 = CARTESIAN_POINT ( 'NONE',  ( -2.409655118803861740, 25.24516611970927471, 0.1725595319152677665 ) ) ;
#2414 = LINE ( 'NONE', #5284, #7676 ) ;
#2415 = EDGE_CURVE ( 'NONE', #1440, #4527, #3385, .T. ) ;
#2416 = CARTESIAN_POINT ( 'NONE',  ( -2.480149995880379876, 24.08440700473312646, 0.1321345689335760853 ) ) ;
#2417 = CARTESIAN_POINT ( 'NONE',  ( -2.641458782055256194, 24.83575217298740156, 0.1663934241627743615 ) ) ;
#2418 = CARTESIAN_POINT ( 'NONE',  ( -1.907586820545119854, 23.68264908636683685, 0.1660283419396278437 ) ) ;
#2419 = CARTESIAN_POINT ( 'NONE',  ( -1.371848166240718703, 25.66598601367264365, 0.2253101962977332173 ) ) ;
#2420 = CARTESIAN_POINT ( 'NONE',  ( -0.4962992125984482805, 23.61897637814962536, 0.6074803150392285023 ) ) ;
#2421 = EDGE_CURVE ( 'NONE', #2830, #437, #8038, .T. ) ;
#2422 = CARTESIAN_POINT ( 'NONE',  ( -1.569867409085644372, 25.48368821422447184, 0.000000000000000000 ) ) ;
#2423 = CARTESIAN_POINT ( 'NONE',  ( -2.619246590383419893, 23.78098790052468203, 0.3999999999996850519 ) ) ;
#2424 = CARTESIAN_POINT ( 'NONE',  ( -2.056677076421689954, 25.84735899748456944, 0.4432038989961591957 ) ) ;
#2425 = VERTEX_POINT ( 'NONE', #2762 ) ;
#2426 = CIRCLE ( 'NONE', #1987, 1.299212598546505282 ) ;
#2427 = CARTESIAN_POINT ( 'NONE',  ( -1.012003315696003769, 23.48936523292048051, 0.4431958470681036655 ) ) ;
#2428 = CARTESIAN_POINT ( 'NONE',  ( -2.583270235711785379, 24.17616501888729275, 0.1649652368899275079 ) ) ;
#2429 = EDGE_LOOP ( 'NONE', ( #4318, #194 ) ) ;
#2430 = CARTESIAN_POINT ( 'NONE',  ( -2.324706806266389147, 25.64722852248748453, 0.2833485357029435492 ) ) ;
#2431 = DIRECTION ( 'NONE',  ( -0.000000000000000000, -0.000000000000000000, -1.000000000000000000 ) ) ;
#2432 = CARTESIAN_POINT ( 'NONE',  ( -0.6640302147947200195, 24.26556914780660534, 0.2245073605487093449 ) ) ;
#2433 = CARTESIAN_POINT ( 'NONE',  ( -2.848019931988375664, 25.33982635447559417, 0.4023116670757176938 ) ) ;
#2434 = VECTOR ( 'NONE', #7701, 39.37007874015748143 ) ;
#2435 = CARTESIAN_POINT ( 'NONE',  ( -2.245689732785464798, 23.79302540908851782, 0.1630484832984320787 ) ) ;
#2436 = CARTESIAN_POINT ( 'NONE',  ( -2.556850291611160841, 24.00453009602550836, 0.2077192788787499966 ) ) ;
#2437 = CARTESIAN_POINT ( 'NONE',  ( -2.661653543307104020, 23.77192913385829343, 0.3654758351224070556 ) ) ;
#2438 = CARTESIAN_POINT ( 'NONE',  ( -0.9341947349483036289, 23.50009597362894453, 0.3999999999996845523 ) ) ;
#2439 = EDGE_CURVE ( 'NONE', #8167, #7022, #1428, .T. ) ;
#2440 = ORIENTED_EDGE ( 'NONE', *, *, #6336, .T. ) ;
#2441 = DIRECTION ( 'NONE',  ( -1.000000000000000000, 0.000000000000000000, 0.000000000000000000 ) ) ;
#2442 = CARTESIAN_POINT ( 'NONE',  ( -1.217840303257690104, 23.49616349967138618, 0.4499999999996858735 ) ) ;
#2443 = CARTESIAN_POINT ( 'NONE',  ( -0.7194765243618895800, 24.88736629247944521, 0.1659297927234071601 ) ) ;
#2444 = CARTESIAN_POINT ( 'NONE',  ( -1.346742511349053206, 25.43172887069323451, 0.000000000000000000 ) ) ;
#2445 = CARTESIAN_POINT ( 'NONE',  ( -1.959470878933209814, 25.36106201172814067, 0.05000000000000000971 ) ) ;
#2446 = DIRECTION ( 'NONE',  ( 0.2273185197059295892, -0.7445890498552711900, -0.6276252364543105644 ) ) ;
#2447 = EDGE_CURVE ( 'NONE', #2008, #1313, #389, .T. ) ;
#2448 = PLANE ( 'NONE',  #5222 ) ;
#2449 = VERTEX_POINT ( 'NONE', #548 ) ;
#2450 = CARTESIAN_POINT ( 'NONE',  ( -0.8166125990914171462, 25.19753645107041962, 0.1645424419745265265 ) ) ;
#2451 = CARTESIAN_POINT ( 'NONE',  ( -1.931875530032311605, 25.45246103859574305, 0.04776345833221414677 ) ) ;
#2452 = ORIENTED_EDGE ( 'NONE', *, *, #7152, .F. ) ;
#2453 = B_SPLINE_SURFACE_WITH_KNOTS ( 'NONE', 3, 3, ( 
 ( #9276, #4121, #4472, #8091, #58, #3760, #2166 ),
 ( #6545, #2252, #6500, #244, #1598, #5217, #8648 ),
 ( #106, #4334, #7244, #5740, #1552, #5123, #7199 ),
 ( #5170, #949, #8606, #2918, #4386, #8004, #5027 ),
 ( #1648, #4520, #1463, #758, #6641, #3626, #5782 ),
 ( #2306, #5927, #7386, #7909, #7339, #2966, #3718 ),
 ( #8789, #897, #3808, #2209, #2352, #5077, #3013 ),
 ( #7951, #1506, #806, #3670, #4431, #195, #6686 ),
 ( #3057, #5828, #8698, #7292, #850, #6593, #151 ),
 ( #5876, #8744, #8048, #1747, #4566, #4613, #4054 ),
 ( #7637, #6790, #3304, #3903, #2500, #291, #6024 ),
 ( #1046, #342, #8989, #438, #7533, #2547, #5318 ),
 ( #5415, #1096, #6887, #6127, #1192, #8186, #2599 ),
 ( #3858, #3956, #6840, #1698, #6177, #7584, #8836 ),
 ( #7484, #3204, #1794, #6740, #394, #3253, #7434 ),
 ( #1144, #2397, #3152, #6081, #8939, #4662, #8288 ),
 ( #1843, #5367, #4713, #8234, #5268, #4009, #9034 ),
 ( #8142, #8888, #2450, #5462, #8336, #1892, #6934 ),
 ( #4758, #3105, #5976, #994, #1237, #7683, #6226 ),
 ( #4805, #4110, #485, #3351, #5513, #9082, #2648 ),
 ( #8384, #1943, #2687, #1135, #8278, #9123, #7674 ),
 ( #3298, #2026, #4884, #1835, #7577, #7015, #4003 ),
 ( #4146, #5549, #6309, #7766, #4707, #7721, #477 ),
 ( #6976, #9163, #1271, #1315, #6169, #2737, #609 ),
 ( #2541, #6121, #5408, #1185, #1884, #5505, #565 ),
 ( #5455, #3437, #2589, #5592, #8469, #8983, #4189 ),
 ( #6264, #6880, #1232, #8329, #4751, #432, #7630 ),
 ( #7061, #9028, #3344, #4047, #6928, #8377, #6220 ),
 ( #4843, #9074, #2641, #1937, #4798, #4099, #524 ),
 ( #3390, #8423, #1979, #7852, #3522, #4926, #2946 ),
 ( #8593, #6527, #89, #7273, #740, #9209, #3479 ),
 ( #8550, #2863, #5059, #5809, #2821, #7934, #9256 ),
 ( #1488, #6356, #3654, #2780, #3608, #5640, #7893 ),
 ( #2107, #7808, #4971, #4414, #5103, #7982, #7143 ),
 ( #4280, #5726, #656, #6398, #2192, #5684, #6441 ),
 ( #2151, #8677, #1535, #5011, #8509, #1361, #1403 ),
 ( #698, #4234, #2234, #3565, #1445, #2069, #4361 ),
 ( #7226, #9300, #4320, #788, #7184, #6484, #44 ),
 ( #7101, #2904, #5767, #8631, #7416, #5344, #8215 ),
 ( #7466, #4500, #1775, #2994, #878, #4456, #2380 ) ),
 .UNSPECIFIED., .F., .F., .F.,
 ( 4, 3, 3, 3, 3, 3, 3, 3, 3, 3, 3, 3, 3, 4 ),
 ( 4, 3, 4 ),
 ( -0.006359338542639705709, 0.02528985560934731563, 0.05693904976133433438, 0.1202374380653083719, 0.2468342146732564468, 0.3734309912812044940, 0.4367293795851785454, 0.4683785737371655711, 0.5000277678891525968, 0.7532213211050486912, 0.8798180977129967939, 0.9431164860169708453, 0.9747656801689579265, 1.006414874320944897 ),
 ( 0.1051294556786432494, 0.6142693233146647724, 1.123409190950686254 ),
 .UNSPECIFIED. ) ;
#2454 = CARTESIAN_POINT ( 'NONE',  ( -2.361352642903378651, 23.87955800466976797, 0.1646819354684862236 ) ) ;
#2455 = CARTESIAN_POINT ( 'NONE',  ( -2.479704832406110171, 23.53670620828199844, 0.4017275088880387646 ) ) ;
#2456 = CARTESIAN_POINT ( 'NONE',  ( -2.583257285520938584, 23.74331277429409326, 0.3999999999996849964 ) ) ;
#2457 = ORIENTED_EDGE ( 'NONE', *, *, #8561, .T. ) ;
#2458 = CARTESIAN_POINT ( 'NONE',  ( 0.000000000000000000, 23.86307086614182182, 0.05000000000000000278 ) ) ;
#2459 = CARTESIAN_POINT ( 'NONE',  ( -1.322873630610726048, 23.54917978523064548, 0.2856523398674658543 ) ) ;
#2460 = CARTESIAN_POINT ( 'NONE',  ( -2.827936387100083326, 25.06500069651798412, 0.4499999999996803779 ) ) ;
#2461 = CARTESIAN_POINT ( 'NONE',  ( -2.340862028356248015, 25.82370078740159869, 0.3999999999996778910 ) ) ;
#2462 = CYLINDRICAL_SURFACE ( 'NONE', #4740, 1.276096763594890771 ) ;
#2463 = CIRCLE ( 'NONE', #8760, 0.08858267716535331293 ) ;
#2464 = CARTESIAN_POINT ( 'NONE',  ( -2.769877718667607791, 25.41632403790377026, 0.4432038974321814151 ) ) ;
#2465 = FACE_OUTER_BOUND ( 'NONE', #3252, .T. ) ;
#2466 = CARTESIAN_POINT ( 'NONE',  ( -0.8741702112117685219, 24.08432367691858289, 0.1324431670879462897 ) ) ;
#2467 = CARTESIAN_POINT ( 'NONE',  ( -2.522864694508471395, 24.64818612792979735, 0.04787789578036826671 ) ) ;
#2468 = CARTESIAN_POINT ( 'NONE',  ( -1.748781301579856118, 23.79994626504898747, 0.04767539621935307226 ) ) ;
#2469 = CARTESIAN_POINT ( 'NONE',  ( -1.362214533305009523, 25.73775903681535482, 0.2853189702803058947 ) ) ;
#2470 = CYLINDRICAL_SURFACE ( 'NONE', #628, 0.1135826771653553752 ) ;
#2471 = CARTESIAN_POINT ( 'NONE',  ( -2.213932763370368928, 23.50984717185824735, 0.3999999999996858291 ) ) ;
#2472 = CARTESIAN_POINT ( 'NONE',  ( -2.456929133858066994, 25.26342217516291910, 0.1451501197172592461 ) ) ;
#2473 = CARTESIAN_POINT ( 'NONE',  ( -0.9489338390001035295, 25.69033764953028154, 0.3999999999996779465 ) ) ;
#2474 = CARTESIAN_POINT ( 'NONE',  ( -1.333827965198501664, 23.48919073569425819, 0.3999999999996858291 ) ) ;
#2475 = CARTESIAN_POINT ( 'NONE',  ( -2.670985256457125701, 23.97793122070982719, 0.2833236004889616022 ) ) ;
#2476 = EDGE_LOOP ( 'NONE', ( #8568, #1239, #5783, #1171 ) ) ;
#2477 = CARTESIAN_POINT ( 'NONE',  ( -2.098746664173747334, 25.38435499231121995, 0.04590114359185219067 ) ) ;
#2478 = DIRECTION ( 'NONE',  ( -1.000000000000000000, 0.000000000000000000, 0.000000000000000000 ) ) ;
#2479 = CARTESIAN_POINT ( 'NONE',  ( -0.8745576357812847590, 24.37379832341048669, 0.04542307016948244486 ) ) ;
#2480 = B_SPLINE_CURVE_WITH_KNOTS ( 'NONE', 3,
 ( #2710, #4779, #2005, #4868, #2050, #2131, #7961, #5790, #4343, #6553, #4439, #7253, #7831, #3727, #9283, #3589, #3679, #5704, #8613, #815, #2174, #2845, #116, #4256 ),
 .UNSPECIFIED., .F., .F.,
 ( 4, 2, 2, 2, 2, 2, 2, 2, 2, 2, 2, 4 ),
 ( 0.001665382548289385221, 0.002458380230241760146, 0.003251377912194135505, 0.003647876753170327304, 0.004044375594146519537, 0.004440874435122711336, 0.004837373276098903135, 0.005233872117075094067, 0.005630370958051286734, 0.006423368640003673802, 0.007216366321956061737, 0.008009364003908449672 ),
 .UNSPECIFIED. ) ;
#2481 = CARTESIAN_POINT ( 'NONE',  ( -2.383920597830595067, 25.11512525541427365, 0.04350438528415935535 ) ) ;
#2482 = CARTESIAN_POINT ( 'NONE',  ( -2.341493865265740659, 23.65000057802886957, 0.2825930100894582520 ) ) ;
#2483 = B_SPLINE_CURVE_WITH_KNOTS ( 'NONE', 3,
 ( #4492, #8111, #968, #5949, #6659, #3224, #3126, #6100 ),
 .UNSPECIFIED., .F., .F.,
 ( 4, 2, 2, 4 ),
 ( 2.656110337981743571E-16, 0.001728521743819581890, 0.002592782615729242839, 0.003457043487638904004 ),
 .UNSPECIFIED. ) ;
#2484 = CARTESIAN_POINT ( 'NONE',  ( -2.366823639598008011, 23.99341740836062797, 0.1107055821456573858 ) ) ;
#2485 = CARTESIAN_POINT ( 'NONE',  ( -1.044228167649712047, 25.55239677057501524, 0.2228088094291333643 ) ) ;
#2486 = CARTESIAN_POINT ( 'NONE',  ( -0.9930813302255436792, 23.46978496792856816, 0.3999999999996866062 ) ) ;
#2487 = CIRCLE ( 'NONE', #7004, 0.08858267716535331293 ) ;
#2488 = CARTESIAN_POINT ( 'NONE',  ( -2.014465831855371203, 23.94824112014512352, 0.05000000000000003053 ) ) ;
#2489 = ORIENTED_EDGE ( 'NONE', *, *, #4938, .T. ) ;
#2490 = B_SPLINE_CURVE_WITH_KNOTS ( 'NONE', 3,
 ( #4002, #4750, #332, #1231, #4606, #5360, #431, #8878, #7477, #1787, #6975, #7576, #9027, #1088, #4653, #2640, #6879, #3196, #8179, #5310, #6927, #8376, #1036, #3244, #8930, #1184, #1883, #2442, #2493, #2540, #7673, #3297, #8982, #3343, #6168, #2588, #4098, #3896, #5407, #7629, #7524 ),
 .UNSPECIFIED., .F., .F.,
 ( 4, 1, 1, 1, 1, 2, 2, 1, 1, 2, 2, 1, 1, 1, 1, 2, 2, 1, 1, 2, 2, 1, 1, 1, 1, 1, 2, 2, 4 ),
 ( 0.000000000000000000, 0.06249999999994851341, 0.09374999999992232602, 0.1093749999999092393, 0.1171874999999026890, 0.1210937499998994138, 0.1249999999998961386, 0.1874999999999338585, 0.2187499999999457656, 0.2343749999999517331, 0.2499999999999577005, 0.3749999999999825140, 0.4374999999999898970, 0.4687499999999931721, 0.4843749999999947820, 0.4921874999999960587, 0.4999999999999973355, 0.6249999999999882316, 0.6874999999999868994, 0.7187499999999836797, 0.7499999999999804601, 0.8124999999999711342, 0.8437499999999679146, 0.8593749999999652500, 0.8671874999999639178, 0.8710937499999642508, 0.8730468749999625855, 0.8749999999999608091, 1.000000000000000000 ),
 .UNSPECIFIED. ) ;
#2491 = CARTESIAN_POINT ( 'NONE',  ( -0.5842327686801205289, 23.99170418217869738, 0.4499999999996839861 ) ) ;
#2492 = DIRECTION ( 'NONE',  ( -6.123233995737000229E-17, 0.000000000000000000, -1.000000000000000000 ) ) ;
#2493 = CARTESIAN_POINT ( 'NONE',  ( -1.222123577599125710, 23.49560780043617569, 0.4499999999996858735 ) ) ;
#2494 = CARTESIAN_POINT ( 'NONE',  ( -0.6460233499136299740, 24.85478169664154180, 0.2262252030124516922 ) ) ;
#2495 = CARTESIAN_POINT ( 'NONE',  ( -2.402780362718559992, 24.05856956084773302, 0.1607471017658712309 ) ) ;
#2496 = CARTESIAN_POINT ( 'NONE',  ( -2.063058987060169436, 25.31110128497368450, 0.05000000000000000278 ) ) ;
#2497 = CARTESIAN_POINT ( 'NONE',  ( -0.6537795276673361577, 23.46149606299214696, 0.4499999999996858735 ) ) ;
#2498 = DIRECTION ( 'NONE',  ( -0.000000000000000000, -0.000000000000000000, -1.000000000000000000 ) ) ;
#2499 = VERTEX_POINT ( 'NONE', #6291 ) ;
#2500 = CARTESIAN_POINT ( 'NONE',  ( -0.5986355663517182180, 25.09828499882761577, 0.2845461582667683231 ) ) ;
#2501 = ORIENTED_EDGE ( 'NONE', *, *, #3122, .F. ) ;
#2502 = CARTESIAN_POINT ( 'NONE',  ( -1.788270817219197228, 23.87565896934985687, 0.000000000000000000 ) ) ;
#2503 = VERTEX_POINT ( 'NONE', #4870 ) ;
#2504 = CARTESIAN_POINT ( 'NONE',  ( -0.9729898925744707716, 24.16663683998263679, 0.04361332786074981899 ) ) ;
#2505 = CARTESIAN_POINT ( 'NONE',  ( -2.233441671971973630, 23.87621260912843368, 0.1107060941193244996 ) ) ;
#2506 = CARTESIAN_POINT ( 'NONE',  ( -2.221950768041480284, 23.51251178587182622, 0.4499999999996857070 ) ) ;
#2507 = ORIENTED_EDGE ( 'NONE', *, *, #914, .T. ) ;
#2508 = DIRECTION ( 'NONE',  ( 1.499307563813103888E-15, 1.000000000000000000, 0.000000000000000000 ) ) ;
#2509 = CARTESIAN_POINT ( 'NONE',  ( -1.315413353483291470, 23.40583787540888139, 0.4050027239051315342 ) ) ;
#2510 = CARTESIAN_POINT ( 'NONE',  ( -2.829334942733623848, 25.04388590749733368, 0.4499999999996804334 ) ) ;
#2511 = CARTESIAN_POINT ( 'NONE',  ( -2.448389866777589408, 25.76749740201797323, 0.3999999999996664557 ) ) ;
#2512 = DIRECTION ( 'NONE',  ( 1.343011723336886945E-15, 1.000000000000000000, 0.000000000000000000 ) ) ;
#2513 = CARTESIAN_POINT ( 'NONE',  ( -2.226614173228278482, 25.27251968503944468, 0.05000000000000000278 ) ) ;
#2514 = CYLINDRICAL_SURFACE ( 'NONE', #4600, 0.01968503929065191713 ) ;
#2515 = AXIS2_PLACEMENT_3D ( 'NONE', #718, #9279, #4252 ) ;
#2516 = CARTESIAN_POINT ( 'NONE',  ( -2.781085715881310705, 24.73475735569155276, 0.2867766136781440545 ) ) ;
#2517 = CARTESIAN_POINT ( 'NONE',  ( -1.409154221843858412, 23.54503836645054449, 0.2857036117054374547 ) ) ;
#2518 = CARTESIAN_POINT ( 'NONE',  ( -1.429046867317954606, 25.52691588475332907, 0.1057132683452818578 ) ) ;
#2519 = CARTESIAN_POINT ( 'NONE',  ( -0.7930803415195095685, 25.68083995482501436, 0.3999999999996780020 ) ) ;
#2520 = CARTESIAN_POINT ( 'NONE',  ( -2.064113242694821881, 23.48970083252200070, 0.3999999999996858846 ) ) ;
#2521 = CARTESIAN_POINT ( 'NONE',  ( -0.6296623247416502922, 23.91413073072805417, 0.4499999999996843192 ) ) ;
#2522 = CARTESIAN_POINT ( 'NONE',  ( -0.9417716535432394398, 25.27251968503944468, 0.2999999999999999889 ) ) ;
#2523 = CARTESIAN_POINT ( 'NONE',  ( -0.5356692913906700992, 25.38686721799225410, 0.3999999999999080402 ) ) ;
#2524 = CARTESIAN_POINT ( 'NONE',  ( -2.755653289130361117, 23.95283467112138709, 0.3427690937785784486 ) ) ;
#2525 = VERTEX_POINT ( 'NONE', #7750 ) ;
#2526 = CARTESIAN_POINT ( 'NONE',  ( -2.292196561212149764, 25.56655612828506818, 0.2239266310110342717 ) ) ;
#2527 = CARTESIAN_POINT ( 'NONE',  ( -2.239259342015149201, 24.11317370977035068, 0.04999961579870502298 ) ) ;
#2528 = CARTESIAN_POINT ( 'NONE',  ( -0.7972417144107514231, 24.37307987065369730, 0.1055175867068029322 ) ) ;
#2529 = CIRCLE ( 'NONE', #4036, 0.1574803149606300579 ) ;
#2530 = CARTESIAN_POINT ( 'NONE',  ( -2.627883147359530547, 25.20853629112662020, 0.2229556368862770366 ) ) ;
#2531 = CARTESIAN_POINT ( 'NONE',  ( -2.340862028356248015, 25.82370078740159869, 0.3999999999996778910 ) ) ;
#2532 = LINE ( 'NONE', #3994, #7993 ) ;
#2533 = CARTESIAN_POINT ( 'NONE',  ( -0.5356692913878183804, 25.33578019156488992, 0.3999999999996792233 ) ) ;
#2534 = CARTESIAN_POINT ( 'NONE',  ( -1.677401574321454536, 24.64259847944031634, 0.05000000000000000278 ) ) ;
#2535 = CARTESIAN_POINT ( 'NONE',  ( -0.6539293448933573005, 23.87182887016261290, 0.3427135516973885410 ) ) ;
#2536 = B_SPLINE_SURFACE_WITH_KNOTS ( 'NONE', 3, 1, ( 
 ( #303, #3166, #6039, #2464 ),
 ( #6304, #2186, #3559, #7179 ),
 ( #603, #8504, #9159, #9204 ),
 ( #2064, #734, #6435, #4921 ),
 ( #2899, #7716, #8465, #6352 ),
 ( #1268, #7803, #4142, #5005 ),
 ( #5719, #5761, #7138, #6479 ),
 ( #1356, #7011, #8545, #561 ),
 ( #1399, #3474, #3433, #7847 ),
 ( #2774, #3603, #2732, #38 ),
 ( #5634, #7887, #8625, #5588 ),
 ( #2019, #4881, #7763, #8589 ),
 ( #1312, #1439, #3516, #6392 ),
 ( #9250, #2815, #2145, #4274 ),
 ( #692, #4226, #4185, #5679 ),
 ( #651, #7057, #7097, #2103 ),
 ( #9295, #4966, #2858, #4314 ),
 ( #814, #5837, #765, #3818 ),
 ( #8798, #2926, #2216, #3678 ),
 ( #1513, #22, #5131, #8706 ),
 ( #858, #8012, #4394, #7252 ),
 ( #7960, #2263, #2886, #6551 ),
 ( #6649, #204, #7347, #7396 ) ),
 .UNSPECIFIED., .F., .F., .F.,
 ( 4, 3, 1, 1, 1, 1, 1, 1, 1, 1, 2, 1, 1, 1, 3, 4 ),
 ( 2, 1, 1, 2 ),
 ( -0.01009999999999999960, 0.000000000000000000, 0.02202115032237171935, 0.04404230064474343870, 0.08808460128948687740, 0.1321269019342303230, 0.1761692025789737548, 0.2202115032237171866, 0.2642538038684606461, 0.3082961045132041611, 0.3523384051579475651, 0.5142538038684606461, 0.6761692025789739491, 0.8380846012894869190, 1.000000000000000000, 1.010000000000000009 ),
 ( 0.000000000000000000, 1.000000000000000000, 1.108958285167425117, 1.123439706950119410 ),
 .UNSPECIFIED. ) ;
#2537 = EDGE_LOOP ( 'NONE', ( #6982, #8813, #5512, #7804 ) ) ;
#2538 = CARTESIAN_POINT ( 'NONE',  ( -2.492027648502579407, 24.39546979760396184, 0.04999999999999996808 ) ) ;
#2539 = DIRECTION ( 'NONE',  ( 0.000000000000000000, 1.000000000000000000, -3.607743797525527770E-15 ) ) ;
#2540 = CARTESIAN_POINT ( 'NONE',  ( -1.234730401015969870, 23.49407312556118654, 0.4499999999996858735 ) ) ;
#2541 = CARTESIAN_POINT ( 'NONE',  ( -0.9879206860110992805, 25.14513784572280031, 0.04571593647529846594 ) ) ;
#2542 = CARTESIAN_POINT ( 'NONE',  ( -1.291001326904778868, 25.79550230174490721, 0.4499999999996777134 ) ) ;
#2543 = CARTESIAN_POINT ( 'NONE',  ( -2.136688361346465559, 25.26310728473918843, 0.05000000000000000278 ) ) ;
#2544 = CARTESIAN_POINT ( 'NONE',  ( -0.5454673320819887206, 25.31804052286134876, 0.3714883175181051822 ) ) ;
#2545 = CARTESIAN_POINT ( 'NONE',  ( -1.150956819921726160, 25.42212598425204462, 0.1064159815251571745 ) ) ;
#2546 = VERTEX_POINT ( 'NONE', #1299 ) ;
#2548 = EDGE_CURVE ( 'NONE', #281, #4186, #5183, .T. ) ;
#2547 = CARTESIAN_POINT ( 'NONE',  ( -0.5325631390235986418, 25.16505580867134739, 0.3437195777711987699 ) ) ;
#2549 = ORIENTED_EDGE ( 'NONE', *, *, #3533, .F. ) ;
#2550 = CARTESIAN_POINT ( 'NONE',  ( -1.717401473116740185, 23.87198040704599222, 0.000000000000000000 ) ) ;
#2551 = EDGE_LOOP ( 'NONE', ( #3695, #3955, #3627, #7940 ) ) ;
#2552 = CARTESIAN_POINT ( 'NONE',  ( -0.8330186632318699047, 24.06630374609851586, 0.1631167061394211970 ) ) ;
#2553 = CYLINDRICAL_SURFACE ( 'NONE', #3464, 0.01968503929537692224 ) ;
#2554 = CARTESIAN_POINT ( 'NONE',  ( -2.124385516811146069, 23.49456359842990594, 0.4499999999996858180 ) ) ;
#2555 = EDGE_LOOP ( 'NONE', ( #972, #4242, #7587, #383 ) ) ;
#2556 = CARTESIAN_POINT ( 'NONE',  ( -0.4831389749793095767, 24.11954547331509602, 0.4432038691916615480 ) ) ;
#2557 = CARTESIAN_POINT ( 'NONE',  ( -1.288966574833436685, 23.55262777806540342, 0.2852429357229963047 ) ) ;
#2558 = EDGE_CURVE ( 'NONE', #2499, #4496, #6652, .T. ) ;
#2559 = CARTESIAN_POINT ( 'NONE',  ( -2.809970715143506936, 25.17730808643856122, 0.4499999999996798228 ) ) ;
#2560 = CARTESIAN_POINT ( 'NONE',  ( -2.493392767270018684, 25.73624821107548399, 0.3999999999996666777 ) ) ;
#2561 = CARTESIAN_POINT ( 'NONE',  ( -0.4962992125984492797, 25.20323904421996986, 0.3762272425154659095 ) ) ;
#2562 = ADVANCED_FACE ( 'NONE', ( #4398 ), #3682, .T. ) ;
#2563 = DIRECTION ( 'NONE',  ( 0.6745775707150261091, -0.4690178432380140983, 0.5700590880010382167 ) ) ;
#2564 = DIRECTION ( 'NONE',  ( 0.000000000000000000, -0.000000000000000000, 1.000000000000000000 ) ) ;
#2565 = CARTESIAN_POINT ( 'NONE',  ( -2.559059447596389703, 24.38074502284037592, 0.1055224942187018428 ) ) ;
#2566 = CARTESIAN_POINT ( 'NONE',  ( -1.472879510354715205, 23.54244834513097473, 0.2861487353672623746 ) ) ;
#2567 = CARTESIAN_POINT ( 'NONE',  ( -1.431140748023633336, 25.87793613926896086, 0.4057675230247523301 ) ) ;
#2568 = CARTESIAN_POINT ( 'NONE',  ( -2.377167050708771878, 25.12510397955590946, 0.04349568952946274158 ) ) ;
#2569 = VECTOR ( 'NONE', #5550, 39.37007874015748143 ) ;
#2570 = CARTESIAN_POINT ( 'NONE',  ( -1.346742511349053206, 25.43172887069323451, 0.000000000000000000 ) ) ;
#2571 = CARTESIAN_POINT ( 'NONE',  ( -0.5967332971965148003, 23.96853332546286097, 0.4499999999996839861 ) ) ;
#2572 = CARTESIAN_POINT ( 'NONE',  ( -0.4962992125984488356, 24.02067959761079408, 0.3891721797561623619 ) ) ;
#2573 = CARTESIAN_POINT ( 'NONE',  ( -1.315642208445961581, 23.43810718366575685, 0.4431958470681033879 ) ) ;
#2574 = CARTESIAN_POINT ( 'NONE',  ( -2.836658677752937674, 23.92297754552705058, 0.4022139444122559970 ) ) ;
#2575 = VERTEX_POINT ( 'NONE', #5233 ) ;
#2576 = CARTESIAN_POINT ( 'NONE',  ( -2.115688420802483094, 25.47000684038087925, 0.1054566829816632467 ) ) ;
#2577 = CARTESIAN_POINT ( 'NONE',  ( -2.254731848403888073, 24.13008192103971083, 0.05000433736051432959 ) ) ;
#2578 = VECTOR ( 'NONE', #8655, 39.37007874015748143 ) ;
#2579 = CARTESIAN_POINT ( 'NONE',  ( -2.621465964159241047, 24.97458194728915615, 0.1647919023936479099 ) ) ;
#2580 = CARTESIAN_POINT ( 'NONE',  ( -2.164804630078704939, 23.74869160204893959, 0.1633574941031287475 ) ) ;
#2581 = CARTESIAN_POINT ( 'NONE',  ( -0.9994974310944725326, 25.62610669831109078, 0.2825835397222438150 ) ) ;
#2582 = CARTESIAN_POINT ( 'NONE',  ( -2.365406945363177194, 25.71573901362176784, 0.4499999999996779909 ) ) ;
#2583 = CARTESIAN_POINT ( 'NONE',  ( -2.200454082502572462, 23.44833583709300839, 0.4432038780669226297 ) ) ;
#2584 = CARTESIAN_POINT ( 'NONE',  ( -0.7343144773842993356, 23.77457308021412885, 0.3427135513029795355 ) ) ;
#2585 = EDGE_LOOP ( 'NONE', ( #6943, #6404, #3529, #1579 ) ) ;
#2586 = DIRECTION ( 'NONE',  ( -0.000000000000000000, -0.000000000000000000, -1.000000000000000000 ) ) ;
#2587 = CARTESIAN_POINT ( 'NONE',  ( -1.677401574321454536, 24.64259847944031634, 0.05000000000000000278 ) ) ;
#2588 = CARTESIAN_POINT ( 'NONE',  ( -1.274727734954679503, 23.49084067656509944, 0.4499999999996858735 ) ) ;
#2589 = CARTESIAN_POINT ( 'NONE',  ( -0.8835038021397696451, 25.29260587407134153, 0.1645131856043682006 ) ) ;
#2590 = CIRCLE ( 'NONE', #5605, 0.08858267716535331293 ) ;
#2591 = CARTESIAN_POINT ( 'NONE',  ( -2.014159085546502137, 25.42924894495110522, 0.000000000000000000 ) ) ;
#2592 = EDGE_CURVE ( 'NONE', #6962, #2830, #5134, .T. ) ;
#2593 = CARTESIAN_POINT ( 'NONE',  ( -2.781401374815933636, 25.39920580162839059, 0.4431958260125134497 ) ) ;
#2594 = DIRECTION ( 'NONE',  ( 6.123233995736998996E-17, 3.552713678800503296E-15, 1.000000000000000000 ) ) ;
#2595 = CARTESIAN_POINT ( 'NONE',  ( -0.9057460777399722884, 24.68085952091753299, 0.04999873682627969940 ) ) ;
#2596 = ADVANCED_FACE ( 'NONE', ( #6466 ), #3208, .F. ) ;
#2597 = EDGE_CURVE ( 'NONE', #8047, #4849, #7189, .T. ) ;
#2598 = ORIENTED_EDGE ( 'NONE', *, *, #4227, .F. ) ;
#2599 = CARTESIAN_POINT ( 'NONE',  ( -0.4691081719496680846, 25.23661492143239826, 0.4029064548757373965 ) ) ;
#2600 = ORIENTED_EDGE ( 'NONE', *, *, #2685, .T. ) ;
#2601 = CARTESIAN_POINT ( 'NONE',  ( -2.797094578466718051, 23.86396724336218611, 0.3999999999996845523 ) ) ;
#2602 = ORIENTED_EDGE ( 'NONE', *, *, #2738, .F. ) ;
#2603 = B_SPLINE_CURVE_WITH_KNOTS ( 'NONE', 3,
 ( #2624, #5623, #681, #2713, #7084, #1386 ),
 .UNSPECIFIED., .F., .F.,
 ( 4, 2, 4 ),
 ( 7.234537094428216688E-05, 0.001765594031467973730, 0.003458842691991665524 ),
 .UNSPECIFIED. ) ;
#2604 = CARTESIAN_POINT ( 'NONE',  ( -0.9065702058346918335, 24.11119549121756123, 0.1033605212736070228 ) ) ;
#2605 = EDGE_CURVE ( 'NONE', #4829, #3039, #2137, .T. ) ;
#2606 = ADVANCED_FACE ( 'NONE', ( #6038 ), #8153, .F. ) ;
#2607 = CARTESIAN_POINT ( 'NONE',  ( -2.401518651991920272, 24.39030141963771570, 0.04606807752549083729 ) ) ;
#2608 = CARTESIAN_POINT ( 'NONE',  ( -0.8978740157478274364, 24.99670207428481206, 0.000000000000000000 ) ) ;
#2609 = EDGE_LOOP ( 'NONE', ( #3292, #4565, #3181, #6032 ) ) ;
#2610 = CARTESIAN_POINT ( 'NONE',  ( -0.9071273695091994771, 24.64259858767565703, 0.04606796130808334805 ) ) ;
#2611 = CARTESIAN_POINT ( 'NONE',  ( -1.305961860902011606, 23.55081777500171114, 0.2854514825079317863 ) ) ;
#2612 = CARTESIAN_POINT ( 'NONE',  ( -2.751606194057964139, 25.32854362951646365, 0.4499999999996794897 ) ) ;
#2613 = CARTESIAN_POINT ( 'NONE',  ( -0.5935746180549893447, 25.31092518146201442, 0.4499999999996793232 ) ) ;
#2614 = CARTESIAN_POINT ( 'NONE',  ( -2.858503937007897289, 25.03471441503760531, 0.3586562930895353385 ) ) ;
#2615 = LINE ( 'NONE', #259, #1498 ) ;
#2616 = CARTESIAN_POINT ( 'NONE',  ( -0.8258323585662634692, 24.05076684832945588, 0.1732712593806091939 ) ) ;
#2617 = EDGE_CURVE ( 'NONE', #1494, #3256, #5163, .T. ) ;
#2618 = CARTESIAN_POINT ( 'NONE',  ( -2.913391323469636696, 24.34102688029255290, 0.4054668289098129486 ) ) ;
#2619 = CARTESIAN_POINT ( 'NONE',  ( -1.543411829820740655, 23.40812404523185819, 0.4061912869828805395 ) ) ;
#2620 = CARTESIAN_POINT ( 'NONE',  ( -0.6472533047538154838, 23.76264973645078982, 0.3937578957603740659 ) ) ;
#2621 = CARTESIAN_POINT ( 'NONE',  ( -1.783032978518481526, 25.61351230335716522, 0.1670237042314209053 ) ) ;
#2622 = CARTESIAN_POINT ( 'NONE',  ( -1.067165354330504634, 23.86307086614182182, 0.1406228902936418612 ) ) ;
#2623 = CARTESIAN_POINT ( 'NONE',  ( -0.5356947006291634672, 24.14992576574820049, 0.4499999999996834865 ) ) ;
#2624 = CARTESIAN_POINT ( 'NONE',  ( -2.797094578466718051, 23.86396724336218611, 0.3999999999996845523 ) ) ;
#2625 = DIRECTION ( 'NONE',  ( 1.000000000000000000, 0.000000000000000000, -0.000000000000000000 ) ) ;
#2626 = CARTESIAN_POINT ( 'NONE',  ( -2.595740667871119900, 24.01913014528347645, 0.2239164185012121333 ) ) ;
#2627 = ORIENTED_EDGE ( 'NONE', *, *, #8823, .T. ) ;
#2628 = CARTESIAN_POINT ( 'NONE',  ( -2.099709073458029263, 25.56502454788957124, 0.1653184752727104578 ) ) ;
#2629 = DIRECTION ( 'NONE',  ( 1.975017240201299552E-15, 1.000000000000000000, -3.620864940369048981E-15 ) ) ;
#2630 = VECTOR ( 'NONE', #4035, 39.37007874015748143 ) ;
#2631 = CARTESIAN_POINT ( 'NONE',  ( -2.461888811479500561, 24.96382502042877150, 0.04460227173305749554 ) ) ;
#2632 = CARTESIAN_POINT ( 'NONE',  ( -2.307155858498695533, 23.62965039913435206, 0.2826723807917614906 ) ) ;
#2633 = CARTESIAN_POINT ( 'NONE',  ( -1.027748773252426640, 25.64428314321408209, 0.2826134361298169306 ) ) ;
#2634 = DIRECTION ( 'NONE',  ( -0.000000000000000000, -0.000000000000000000, -1.000000000000000000 ) ) ;
#2635 = CARTESIAN_POINT ( 'NONE',  ( -1.677401425217852182, 23.44259491369071924, 0.4432038780669235178 ) ) ;
#2636 = CARTESIAN_POINT ( 'NONE',  ( -0.9274783591121538162, 24.07783183465351229, 0.1051148116866182508 ) ) ;
#2637 = VERTEX_POINT ( 'NONE', #1760 ) ;
#2638 = LINE ( 'NONE', #7013, #5776 ) ;
#2639 = CARTESIAN_POINT ( 'NONE',  ( -2.206513712326688470, 25.30495626639775608, 0.1027948181122898957 ) ) ;
#2640 = CARTESIAN_POINT ( 'NONE',  ( -1.050055389918652438, 23.53974072587736899, 0.4499999999996855404 ) ) ;
#2641 = CARTESIAN_POINT ( 'NONE',  ( -0.9833744673188796748, 25.39663740204438369, 0.1645144305288459563 ) ) ;
#2642 = CARTESIAN_POINT ( 'NONE',  ( -1.711763004319330816, 23.87170324359951579, 0.05000043675042329522 ) ) ;
#2643 = VECTOR ( 'NONE', #8591, 39.37007874015748143 ) ;
#2644 = CARTESIAN_POINT ( 'NONE',  ( -0.5514412912112810483, 23.87347763935982314, 0.3999999999996849964 ) ) ;
#2645 = CARTESIAN_POINT ( 'NONE',  ( -0.8355288824776574419, 24.55604839125267347, 0.05000145730080691325 ) ) ;
#2646 = DIRECTION ( 'NONE',  ( 0.000000000000000000, -1.000000000000000000, 3.854941057726282076E-15 ) ) ;
#2647 = ORIENTED_EDGE ( 'NONE', *, *, #7562, .T. ) ;
#2648 = CARTESIAN_POINT ( 'NONE',  ( -0.5450547065884683295, 25.40798222994665068, 0.4021157705013530537 ) ) ;
#2649 = DIRECTION ( 'NONE',  ( -1.000000000000000000, 0.000000000000000000, 0.000000000000000000 ) ) ;
#2650 = ORIENTED_EDGE ( 'NONE', *, *, #3195, .T. ) ;
#2651 = CARTESIAN_POINT ( 'NONE',  ( -0.5486607478460144849, 23.87213029363726591, 0.4021298333446325368 ) ) ;
#2652 = CARTESIAN_POINT ( 'NONE',  ( -2.830655411561412649, 24.29051793536090997, 0.3999999999996830535 ) ) ;
#2653 = CARTESIAN_POINT ( 'NONE',  ( -2.374259186675955036, 23.57450861506631767, 0.4499999999996858180 ) ) ;
#2654 = ORIENTED_EDGE ( 'NONE', *, *, #2146, .T. ) ;
#2655 = CARTESIAN_POINT ( 'NONE',  ( -0.4761913816932213384, 24.17168412840153380, 0.4432038691916626583 ) ) ;
#2656 = CARTESIAN_POINT ( 'NONE',  ( -1.313272686134002054, 23.78544297761943227, 0.1060978434656764668 ) ) ;
#2657 = CARTESIAN_POINT ( 'NONE',  ( -0.5356692913878183804, 25.48905511771308952, 0.3999999999996787237 ) ) ;
#2658 = CARTESIAN_POINT ( 'NONE',  ( -0.8709208805924136820, 24.91972267147446018, 0.05000327499453949970 ) ) ;
#2659 = CARTESIAN_POINT ( 'NONE',  ( -2.661653543307109793, 23.74692913385828774, 0.1999999999996850131 ) ) ;
#2660 = VECTOR ( 'NONE', #4988, 39.37007874015748143 ) ;
#2661 = VECTOR ( 'NONE', #3839, 39.37007874015748143 ) ;
#2662 = CARTESIAN_POINT ( 'NONE',  ( -2.571674789960810337, 24.02074391272357445, 0.2094891615653057260 ) ) ;
#2663 = CARTESIAN_POINT ( 'NONE',  ( -1.432656577676574061, 23.68475985515507176, 0.1658553087173176288 ) ) ;
#2664 = CARTESIAN_POINT ( 'NONE',  ( -0.4962992125984483915, 25.39456692907831226, 0.6074803150392300566 ) ) ;
#2665 = CARTESIAN_POINT ( 'NONE',  ( -1.471097309397844555, 25.67450286778967339, 0.2262350131564521138 ) ) ;
#2666 = CARTESIAN_POINT ( 'NONE',  ( -0.9424650496659315868, 24.02655343619253259, 0.1799661324863106315 ) ) ;
#2667 = CARTESIAN_POINT ( 'NONE',  ( -0.5293687116005338922, 24.19560761158432882, 0.4499999999996835420 ) ) ;
#2668 = CARTESIAN_POINT ( 'NONE',  ( -0.6931496062992357210, 23.77192913385828987, 0.1999999999996847633 ) ) ;
#2669 = EDGE_CURVE ( 'NONE', #3256, #5118, #906, .T. ) ;
#2670 = CARTESIAN_POINT ( 'NONE',  ( -0.4462992125984484026, 25.48905511771334176, 0.6074803150392297235 ) ) ;
#2671 = CARTESIAN_POINT ( 'NONE',  ( -2.376898741496716205, 24.15408627462776892, 0.04571436340012106220 ) ) ;
#2672 = ORIENTED_EDGE ( 'NONE', *, *, #6579, .T. ) ;
#2673 = CARTESIAN_POINT ( 'NONE',  ( -2.367947041686215393, 25.61864092350032607, 0.2833152721017513920 ) ) ;
#2674 = AXIS2_PLACEMENT_3D ( 'NONE', #8703, #6031, #5323 ) ;
#2675 = DIRECTION ( 'NONE',  ( 0.000000000000000000, 1.000000000000000000, -3.607743797525388930E-15 ) ) ;
#2676 = CARTESIAN_POINT ( 'NONE',  ( -2.600350443590190963, 25.05808360020050074, 0.1638848311063753060 ) ) ;
#2677 = CARTESIAN_POINT ( 'NONE',  ( -2.245268018934706511, 23.60034060365962105, 0.2829578854591685011 ) ) ;
#2678 = CARTESIAN_POINT ( 'NONE',  ( -1.092965186997282512, 25.58277281332443209, 0.2228931646887878093 ) ) ;
#2679 = CARTESIAN_POINT ( 'NONE',  ( -0.5721013044362903699, 25.32543419495294046, 0.4499999999996793232 ) ) ;
#2680 = CARTESIAN_POINT ( 'NONE',  ( -0.4834019926849774107, 25.16633465926966906, 0.4431958362722968059 ) ) ;
#2681 = CARTESIAN_POINT ( 'NONE',  ( -0.7535181807649626862, 23.88366827547981686, 0.2833138634581392479 ) ) ;
#2682 = ORIENTED_EDGE ( 'NONE', *, *, #1604, .T. ) ;
#2683 = DIRECTION ( 'NONE',  ( 0.000000000000000000, 1.000000000000000000, -3.469446917292650046E-15 ) ) ;
#2684 = CARTESIAN_POINT ( 'NONE',  ( -1.153188976377882646, 24.01267716535440044, 0.08320447074145063959 ) ) ;
#2685 = EDGE_CURVE ( 'NONE', #5650, #8990, #1806, .T. ) ;
#2686 = CARTESIAN_POINT ( 'NONE',  ( -0.8978740157478437567, 24.07784266559251307, 0.1215067083681275889 ) ) ;
#2687 = CARTESIAN_POINT ( 'NONE',  ( -0.8328918991795768445, 25.22242674276305152, 0.1645167305763797216 ) ) ;
#2688 = CARTESIAN_POINT ( 'NONE',  ( -1.708943073318629491, 23.87158012442068866, 0.04999999999999999584 ) ) ;
#2689 = EDGE_CURVE ( 'NONE', #1502, #3957, #4395, .T. ) ;
#2690 = CARTESIAN_POINT ( 'NONE',  ( -0.5134162773800822199, 23.93942102211599021, 0.3999999999996841082 ) ) ;
#2691 = CARTESIAN_POINT ( 'NONE',  ( -0.8623838487941899444, 24.39707738878727383, 0.04999999868459024249 ) ) ;
#2692 = CARTESIAN_POINT ( 'NONE',  ( -2.048458120953531303, 25.79550875163707602, 0.3999999999996776689 ) ) ;
#2693 = ORIENTED_EDGE ( 'NONE', *, *, #2027, .F. ) ;
#2694 = CARTESIAN_POINT ( 'NONE',  ( -0.6738435982730980323, 25.51453455636672629, 0.3761480206543377225 ) ) ;
#2695 = ORIENTED_EDGE ( 'NONE', *, *, #7135, .T. ) ;
#2696 = CARTESIAN_POINT ( 'NONE',  ( -0.7543594283297171410, 24.22707341848073881, 0.1639592747923707128 ) ) ;
#2697 = CARTESIAN_POINT ( 'NONE',  ( -2.391019755760372512, 24.36237954345530454, 0.04606807752549089280 ) ) ;
#2698 = CARTESIAN_POINT ( 'NONE',  ( -2.363347602611857390, 23.56839099596657761, 0.4499999999996855959 ) ) ;
#2699 = ORIENTED_EDGE ( 'NONE', *, *, #3293, .T. ) ;
#2700 = CARTESIAN_POINT ( 'NONE',  ( -0.6162346659041778585, 23.93440230353882470, 0.3999999999996843303 ) ) ;
#2701 = CARTESIAN_POINT ( 'NONE',  ( -1.016573698997152553, 23.54886998820125044, 0.3428620259432789141 ) ) ;
#2702 = CARTESIAN_POINT ( 'NONE',  ( -2.418875731763898695, 23.49926396991629929, 0.3999999999996861622 ) ) ;
#2703 = CARTESIAN_POINT ( 'NONE',  ( -0.5309666366951584227, 25.10215964349325191, 0.4499999999996801003 ) ) ;
#2704 = CYLINDRICAL_SURFACE ( 'NONE', #6253, 0.1057086614173214645 ) ;
#2705 = LINE ( 'NONE', #5742, #5354 ) ;
#2706 = CARTESIAN_POINT ( 'NONE',  ( -1.557733737006911978, 23.53988912386736843, 0.2866064295749035096 ) ) ;
#2707 = EDGE_CURVE ( 'NONE', #535, #4794, #6899, .T. ) ;
#2708 = CARTESIAN_POINT ( 'NONE',  ( -2.619262747931558444, 23.78096294039533376, 0.3999999999996848299 ) ) ;
#2709 = CARTESIAN_POINT ( 'NONE',  ( -1.668962915231717803, 25.87656898315914589, 0.4064462307832173438 ) ) ;
#2710 = CARTESIAN_POINT ( 'NONE',  ( -0.6931496062990608609, 23.77192913385828632, 0.3655004906127243824 ) ) ;
#2711 = DIRECTION ( 'NONE',  ( 0.000000000000000000, 0.000000000000000000, -1.000000000000000000 ) ) ;
#2712 = B_SPLINE_CURVE_WITH_KNOTS ( 'NONE', 3,
 ( #5871, #192, #1094, #1594, #8232, #8088, #289, #1645 ),
 .UNSPECIFIED., .F., .F.,
 ( 4, 2, 2, 4 ),
 ( 0.0001744402983916572389, 0.001002684095514579750, 0.001830927892637502098, 0.003487415486883053192 ),
 .UNSPECIFIED. ) ;
#2713 = CARTESIAN_POINT ( 'NONE',  ( -2.744018359796315032, 23.79249749797003943, 0.3999999999996849409 ) ) ;
#2714 = EDGE_CURVE ( 'NONE', #6828, #5320, #2412, .T. ) ;
#2715 = ADVANCED_FACE ( 'NONE', ( #9047 ), #8349, .F. ) ;
#2716 = VERTEX_POINT ( 'NONE', #8249 ) ;
#2717 = FACE_OUTER_BOUND ( 'NONE', #7066, .T. ) ;
#2718 = CARTESIAN_POINT ( 'NONE',  ( -0.4962992125984483360, 25.66622047223044589, 0.4499999999996783795 ) ) ;
#2719 = VECTOR ( 'NONE', #3520, 39.37007874015748143 ) ;
#2720 = CARTESIAN_POINT ( 'NONE',  ( -2.487050998561347814, 25.52494332665488841, 0.2833138583228704821 ) ) ;
#2721 = AXIS2_PLACEMENT_3D ( 'NONE', #4237, #5063, #2154 ) ;
#2722 = CARTESIAN_POINT ( 'NONE',  ( -1.270054828774218825, 23.49034407408081648, 0.3999999999996858291 ) ) ;
#2723 = ADVANCED_FACE ( 'NONE', ( #1108 ), #2462, .F. ) ;
#2724 = AXIS2_PLACEMENT_3D ( 'NONE', #9236, #5483, #3417 ) ;
#2725 = EDGE_CURVE ( 'NONE', #3398, #5924, #8485, .T. ) ;
#2726 = CARTESIAN_POINT ( 'NONE',  ( -2.832269712057402522, 25.10858935953912763, 0.3438657231703244332 ) ) ;
#2727 = CARTESIAN_POINT ( 'NONE',  ( -2.126256057792207610, 23.92096247203518189, 0.04355878965353659343 ) ) ;
#2728 = CARTESIAN_POINT ( 'NONE',  ( -0.9121299224832757346, 25.77474540256366708, 0.4021333394689082241 ) ) ;
#2729 = DIRECTION ( 'NONE',  ( -6.123233995736998996E-17, -3.552713678800503296E-15, -1.000000000000000000 ) ) ;
#2730 = CARTESIAN_POINT ( 'NONE',  ( -1.445415645041449926, 23.90660705314700607, 0.05000000000000000278 ) ) ;
#2731 = CARTESIAN_POINT ( 'NONE',  ( -0.6873648279799238203, 23.82932786460939667, 0.3427135484608838656 ) ) ;
#2732 = CARTESIAN_POINT ( 'NONE',  ( -2.854474787860697305, 25.21431079757830673, 0.4381353998082436751 ) ) ;
#2733 = EDGE_LOOP ( 'NONE', ( #2305, #8988, #2804 ) ) ;
#2734 = CARTESIAN_POINT ( 'NONE',  ( -2.480493378352417455, 24.36565513482930712, 0.04742257710310365804 ) ) ;
#2735 = CARTESIAN_POINT ( 'NONE',  ( -0.8430591721865907662, 24.48476183648934068, 0.05000000000000151545 ) ) ;
#2736 = AXIS2_PLACEMENT_3D ( 'NONE', #634, #2175, #4257 ) ;
#2737 = CARTESIAN_POINT ( 'NONE',  ( -0.6367020792956339381, 25.38993516904380954, 0.3427144586259507908 ) ) ;
#2738 = EDGE_CURVE ( 'NONE', #4954, #7670, #4899, .T. ) ;
#2739 = CARTESIAN_POINT ( 'NONE',  ( -1.140493363987391096, 25.77526084607325174, 0.4499999999996777689 ) ) ;
#2740 = CARTESIAN_POINT ( 'NONE',  ( -2.771820737827356496, 25.45757416842437593, 0.3999999999994345856 ) ) ;
#2741 = CARTESIAN_POINT ( 'NONE',  ( -2.511746653609252089, 24.80043273653051017, 0.000000000000000000 ) ) ;
#2742 = FACE_OUTER_BOUND ( 'NONE', #1181, .T. ) ;
#2743 = VERTEX_POINT ( 'NONE', #2659 ) ;
#2744 = VECTOR ( 'NONE', #2594, 39.37007874015748143 ) ;
#2745 = CARTESIAN_POINT ( 'NONE',  ( -0.9646619492520508432, 25.38768734347441836, 0.1691407017756937914 ) ) ;
#2746 = ORIENTED_EDGE ( 'NONE', *, *, #9062, .T. ) ;
#2747 = CARTESIAN_POINT ( 'NONE',  ( -2.411474745530984620, 24.42099066711502076, 0.04606807752549083035 ) ) ;
#2748 = VECTOR ( 'NONE', #5759, 39.37007874015748143 ) ;
#2749 = CARTESIAN_POINT ( 'NONE',  ( -2.405869298379040178, 25.69033766491452653, 0.3999999999996781130 ) ) ;
#2750 = ORIENTED_EDGE ( 'NONE', *, *, #748, .F. ) ;
#2751 = CARTESIAN_POINT ( 'NONE',  ( -0.6252085609596352844, 23.92087529229097598, 0.3999999999996842193 ) ) ;
#2752 = CARTESIAN_POINT ( 'NONE',  ( -1.090070878950871958, 23.70196277854236300, 0.2239851506650260005 ) ) ;
#2753 = CARTESIAN_POINT ( 'NONE',  ( -2.779246034102812235, 25.27150192098639536, 0.4499999999996795452 ) ) ;
#2754 = CARTESIAN_POINT ( 'NONE',  ( -0.7930803415195095685, 25.68083995482501436, 0.3999999999996780020 ) ) ;
#2755 = CARTESIAN_POINT ( 'NONE',  ( -0.5349396666429708791, 24.15587113048137269, 0.4499999999996834310 ) ) ;
#2756 = CARTESIAN_POINT ( 'NONE',  ( -1.980927476971435119, 23.84438589894941174, 0.05000005616399316732 ) ) ;
#2757 = CARTESIAN_POINT ( 'NONE',  ( -1.370059716794152171, 25.82370078740159869, 0.3580532292053473231 ) ) ;
#2758 = CARTESIAN_POINT ( 'NONE',  ( -1.393920747051510700, 23.83777258716589387, 0.000000000000000000 ) ) ;
#2759 = CARTESIAN_POINT ( 'NONE',  ( -1.462903752210586550, 25.53348032233891729, 0.1061629020957493841 ) ) ;
#2760 = CARTESIAN_POINT ( 'NONE',  ( -0.6537795279366294121, 25.87370078740159585, 0.6074803150392285023 ) ) ;
#2761 = LINE ( 'NONE', #8614, #6332 ) ;
#2762 = CARTESIAN_POINT ( 'NONE',  ( -0.6537795279366294121, 25.82370078740159869, 0.4499999999996777689 ) ) ;
#2763 = ORIENTED_EDGE ( 'NONE', *, *, #7816, .T. ) ;
#2764 = CARTESIAN_POINT ( 'NONE',  ( -1.926064562250732859, 25.45408287912193757, 0.04785208040824147357 ) ) ;
#2765 = LINE ( 'NONE', #5670, #5863 ) ;
#2766 = CARTESIAN_POINT ( 'NONE',  ( -2.544705991559174763, 25.70190544482693085, 0.4021119795036163791 ) ) ;
#2767 = CARTESIAN_POINT ( 'NONE',  ( -2.725141349756391662, 23.91413158618367873, 0.3999999999996843858 ) ) ;
#2768 = CARTESIAN_POINT ( 'NONE',  ( -2.675048060013512252, 25.09088529534205492, 0.2237272593115109676 ) ) ;
#2769 = CARTESIAN_POINT ( 'NONE',  ( -2.271122967882195809, 23.70759609708082039, 0.2228616889409768542 ) ) ;
#2770 = CARTESIAN_POINT ( 'NONE',  ( -0.9915243273531119117, 25.72254238980795549, 0.3424150229779194254 ) ) ;
#2771 = DIRECTION ( 'NONE',  ( -1.000000000000000000, 0.000000000000000000, 0.000000000000000000 ) ) ;
#2772 = CARTESIAN_POINT ( 'NONE',  ( -0.9422951367598018102, 24.87748322225295894, 0.05000000000000000278 ) ) ;
#2773 = CARTESIAN_POINT ( 'NONE',  ( -0.7633774853816313044, 24.01273438446545327, 0.2239141797573830639 ) ) ;
#2774 = CARTESIAN_POINT ( 'NONE',  ( -2.371758654280663237, 24.97966331421507746, 0.05000000000000003053 ) ) ;
#2775 = ORIENTED_EDGE ( 'NONE', *, *, #942, .T. ) ;
#2776 = CARTESIAN_POINT ( 'NONE',  ( -1.047480314960560932, 24.01267716535440400, 0.2999999999999999889 ) ) ;
#2777 = ORIENTED_EDGE ( 'NONE', *, *, #1980, .F. ) ;
#2778 = CARTESIAN_POINT ( 'NONE',  ( -0.8627753674199776235, 24.88972659582283953, 0.000000000000000000 ) ) ;
#2779 = CIRCLE ( 'NONE', #3812, 0.08858267716535331293 ) ;
#2780 = CARTESIAN_POINT ( 'NONE',  ( -0.9971578178581519403, 25.51990060999610677, 0.2239140822367576555 ) ) ;
#2781 = DIRECTION ( 'NONE',  ( 0.000000000000000000, 0.000000000000000000, -1.000000000000000000 ) ) ;
#2782 = LINE ( 'NONE', #6489, #1809 ) ;
#2783 = CARTESIAN_POINT ( 'NONE',  ( -0.8624567697263253452, 24.39678789984980511, 0.04999999346491516145 ) ) ;
#2784 = ORIENTED_EDGE ( 'NONE', *, *, #7298, .F. ) ;
#2785 = CARTESIAN_POINT ( 'NONE',  ( -0.9290751800114983583, 25.35093176730897468, 0.1686608257231805852 ) ) ;
#2786 = ORIENTED_EDGE ( 'NONE', *, *, #2714, .F. ) ;
#2787 = CIRCLE ( 'NONE', #7528, 0.08070866141732145616 ) ;
#2788 = CARTESIAN_POINT ( 'NONE',  ( -2.335649290514300258, 24.23981170716892208, 0.05000000000000002359 ) ) ;
#2789 = CARTESIAN_POINT ( 'NONE',  ( -2.631543742957560550, 24.37027597923513156, 0.1655457939420730828 ) ) ;
#2790 = CARTESIAN_POINT ( 'NONE',  ( -0.9417716535432394398, 25.27251968503944468, 0.2999999999999999889 ) ) ;
#2791 = EDGE_LOOP ( 'NONE', ( #2189, #5372, #7947, #8607 ) ) ;
#2792 = CARTESIAN_POINT ( 'NONE',  ( -0.4728086152614104920, 25.01417605542716416, 0.4432038691916587725 ) ) ;
#2793 = CARTESIAN_POINT ( 'NONE',  ( -1.173816336307085262, 23.75324729027624571, 0.1647292778580624617 ) ) ;
#2794 = CARTESIAN_POINT ( 'NONE',  ( -0.4962992125984483915, 25.48905511771334176, 0.6074803150392298345 ) ) ;
#2795 = DIRECTION ( 'NONE',  ( 6.123233995736998996E-17, 3.552713678800503296E-15, 1.000000000000000000 ) ) ;
#2796 = ORIENTED_EDGE ( 'NONE', *, *, #5302, .F. ) ;
#2797 = CARTESIAN_POINT ( 'NONE',  ( -1.886781827991806271, 23.81917220106945265, 0.05000368248465364429 ) ) ;
#2798 = CARTESIAN_POINT ( 'NONE',  ( -1.351681464032218338, 23.40631070012004855, 0.4053315608347626831 ) ) ;
#2799 = CARTESIAN_POINT ( 'NONE',  ( -2.278251395882235908, 23.77808911139129577, 0.1842146118931935750 ) ) ;
#2800 = CARTESIAN_POINT ( 'NONE',  ( -2.019096471608408550, 25.80846577430007471, 0.3451927348640931870 ) ) ;
#2801 = CARTESIAN_POINT ( 'NONE',  ( -0.9894209552957164977, 24.10123980152862089, 0.1220061330114513981 ) ) ;
#2802 = DIRECTION ( 'NONE',  ( 0.2273178900338152508, -0.7445892977689112513, 0.6276251703991594377 ) ) ;
#2803 = LINE ( 'NONE', #5667, #3990 ) ;
#2804 = ORIENTED_EDGE ( 'NONE', *, *, #2669, .F. ) ;
#2805 = CARTESIAN_POINT ( 'NONE',  ( -1.920499505947818264, 25.45561736291642418, 0.04793461387453532008 ) ) ;
#2806 = CARTESIAN_POINT ( 'NONE',  ( -1.047480314960560932, 25.27251968503944468, 0.2999999999999999889 ) ) ;
#2807 = CARTESIAN_POINT ( 'NONE',  ( -2.683504524286058235, 25.56862335138069753, 0.4021132341733335003 ) ) ;
#2808 = CARTESIAN_POINT ( 'NONE',  ( -2.715696394486407872, 23.75824838254253990, 0.3999999999996833311 ) ) ;
#2809 = CARTESIAN_POINT ( 'NONE',  ( -2.698623796154402399, 24.96834093902956653, 0.2250703912849182087 ) ) ;
#2810 = CARTESIAN_POINT ( 'NONE',  ( -2.147028133514241599, 23.41056298587243489, 0.4039616695373249855 ) ) ;
#2811 = CARTESIAN_POINT ( 'NONE',  ( -1.013346125499243300, 25.63522028328100433, 0.2825930614824297971 ) ) ;
#2812 = CARTESIAN_POINT ( 'NONE',  ( -1.617538418493957186, 25.48642010816948655, 0.05000002002980454691 ) ) ;
#2813 = CARTESIAN_POINT ( 'NONE',  ( -0.9830395182576986413, 24.97966562793761724, 0.05000000000000003747 ) ) ;
#2814 = CARTESIAN_POINT ( 'NONE',  ( -0.5628130377321003408, 23.85135207114542411, 0.4021132351080886069 ) ) ;
#2815 = CARTESIAN_POINT ( 'NONE',  ( -2.830490383303861712, 25.01084318415384189, 0.3999999999996805555 ) ) ;
#2816 = ORIENTED_EDGE ( 'NONE', *, *, #1186, .F. ) ;
#2817 = CARTESIAN_POINT ( 'NONE',  ( -2.560937960453213869, 24.37854999226845720, 0.1073537748945061487 ) ) ;
#2818 = ORIENTED_EDGE ( 'NONE', *, *, #7723, .F. ) ;
#2819 = CARTESIAN_POINT ( 'NONE',  ( -0.8501681659497644095, 24.83990609107210190, 0.000000000000000000 ) ) ;
#2820 = ADVANCED_FACE ( 'NONE', ( #96 ), #2199, .F. ) ;
#2821 = CARTESIAN_POINT ( 'NONE',  ( -0.9314707761732543556, 25.57715988986960554, 0.2833137313089984510 ) ) ;
#2822 = B_SPLINE_CURVE_WITH_KNOTS ( 'NONE', 3,
 ( #3768, #8099, #8947, #8751, #6748, #3866, #157, #7395, #1802, #253, #4528, #5325, #7443, #1706, #7346, #2360, #6648, #3916, #4674, #3725, #203, #8195, #7493, #1004, #5228, #956, #3817, #8895, #3064, #3114, #298, #350, #5983, #3160 ),
 .UNSPECIFIED., .F., .F.,
 ( 4, 2, 2, 2, 2, 2, 2, 2, 2, 2, 2, 2, 2, 2, 2, 2, 4 ),
 ( 0.009345169331616932223, 0.009923904219462783768, 0.01050263910730863531, 0.01108137399515448859, 0.01166010888300034014, 0.01223884377084619168, 0.01281757865869204496, 0.01339631354653789651, 0.01397504843438374805, 0.01455378332222959960, 0.01513251821007545114, 0.01571125309792130442, 0.01628998798576715423, 0.01686872287361300751, 0.01744745776145886079, 0.01802619264930471060, 0.01860492753715056388 ),
 .UNSPECIFIED. ) ;
#2823 = CARTESIAN_POINT ( 'NONE',  ( -0.9818534727526121442, 25.71207658133021923, 0.4499999999996779909 ) ) ;
#2824 = CARTESIAN_POINT ( 'NONE',  ( -2.028515094893428294, 25.82370078740159869, 0.3580813404998119398 ) ) ;
#2825 = CARTESIAN_POINT ( 'NONE',  ( -1.065145008224158696, 23.46149606299209367, 0.3865471910829051394 ) ) ;
#2826 = CARTESIAN_POINT ( 'NONE',  ( -0.8539646541246717071, 24.43328898831929763, 0.05000000041954467955 ) ) ;
#2827 = ORIENTED_EDGE ( 'NONE', *, *, #3293, .F. ) ;
#2828 = ADVANCED_FACE ( 'NONE', ( #1205 ), #2704, .T. ) ;
#2829 = CARTESIAN_POINT ( 'NONE',  ( -1.234494422385074675, 25.79108890542605437, 0.4499999999996777689 ) ) ;
#2830 = VERTEX_POINT ( 'NONE', #4069 ) ;
#2831 = CARTESIAN_POINT ( 'NONE',  ( -0.4424472285728309751, 24.44411218918968487, 0.4059537516501593446 ) ) ;
#2832 = AXIS2_PLACEMENT_3D ( 'NONE', #6683, #3901, #4611 ) ;
#2833 = CARTESIAN_POINT ( 'NONE',  ( -2.775467523594841612, 23.87743491431578136, 0.4431922474509188414 ) ) ;
#2834 = CARTESIAN_POINT ( 'NONE',  ( -2.709966346641546231, 24.45031820911286147, 0.2263139641686695291 ) ) ;
#2835 = ORIENTED_EDGE ( 'NONE', *, *, #8580, .T. ) ;
#2836 = CARTESIAN_POINT ( 'NONE',  ( -0.9283821407150456562, 24.83191070724047478, 0.05000000000000000278 ) ) ;
#2837 = CARTESIAN_POINT ( 'NONE',  ( -1.190919637430100098, 23.49008439084088806, 0.3440326215223345474 ) ) ;
#2838 = CARTESIAN_POINT ( 'NONE',  ( -0.5485945161467239428, 25.19205416494861893, 0.4499999999996797673 ) ) ;
#2839 = ORIENTED_EDGE ( 'NONE', *, *, #6178, .F. ) ;
#2840 = CARTESIAN_POINT ( 'NONE',  ( -1.677401574321454536, 24.64259847944031634, 0.000000000000000000 ) ) ;
#2841 = EDGE_CURVE ( 'NONE', #5500, #1676, #9095, .T. ) ;
#2842 = CARTESIAN_POINT ( 'NONE',  ( -1.414264740167248124, 23.68720396597402811, 0.1656501315119792150 ) ) ;
#2843 = CARTESIAN_POINT ( 'NONE',  ( -2.203892602022670566, 25.42212598425207659, 0.1058017411789057005 ) ) ;
#2844 = CARTESIAN_POINT ( 'NONE',  ( -1.927533798026403566, 25.45080850544434981, 0.04559395651197457877 ) ) ;
#2845 = CARTESIAN_POINT ( 'NONE',  ( -0.8005489147572317776, 23.62032278507379601, 0.3882083797987006535 ) ) ;
#2846 = CARTESIAN_POINT ( 'NONE',  ( -2.363200634660041821, 24.28570904496802640, -0.000000000000000000 ) ) ;
#2847 = CARTESIAN_POINT ( 'NONE',  ( -1.112645617633995609, 25.42212598425206949, 0.1215067529772881072 ) ) ;
#2848 = CARTESIAN_POINT ( 'NONE',  ( -0.8991638395481702517, 25.76256063276396446, 0.3999999999996769473 ) ) ;
#2849 = CARTESIAN_POINT ( 'NONE',  ( -2.327408843628684831, 25.43649636478294340, 0.1645132559961663132 ) ) ;
#2850 = DIRECTION ( 'NONE',  ( 6.123233995736998996E-17, 3.552713678800503296E-15, 1.000000000000000000 ) ) ;
#2851 = EDGE_CURVE ( 'NONE', #2637, #1359, #4163, .T. ) ;
#2852 = CARTESIAN_POINT ( 'NONE',  ( -2.772266389862763969, 24.96311426628917118, 0.2852726127345250329 ) ) ;
#2853 = CARTESIAN_POINT ( 'NONE',  ( -2.003167947197656229, 23.62137924894292240, 0.2250702301892275325 ) ) ;
#2854 = CARTESIAN_POINT ( 'NONE',  ( -1.370958501683093633, 25.43265307632091421, 0.04478678297942727260 ) ) ;
#2855 = CARTESIAN_POINT ( 'NONE',  ( -2.132678988299325784, 25.78958914690981175, 0.4499999999996777689 ) ) ;
#2856 = CARTESIAN_POINT ( 'NONE',  ( -0.6971996272415820206, 25.46230919399235759, 0.3999999999996795008 ) ) ;
#2857 = FACE_OUTER_BOUND ( 'NONE', #784, .T. ) ;
#2858 = CARTESIAN_POINT ( 'NONE',  ( -2.871920625910578284, 24.64259856780376978, 0.4381353998082453960 ) ) ;
#2859 = ORIENTED_EDGE ( 'NONE', *, *, #4782, .F. ) ;
#2860 = CARTESIAN_POINT ( 'NONE',  ( -2.629696578426491183, 24.34575344017095944, 0.1667340946950346126 ) ) ;
#2861 = ORIENTED_EDGE ( 'NONE', *, *, #7297, .F. ) ;
#2862 =( NAMED_UNIT ( * ) PLANE_ANGLE_UNIT ( ) SI_UNIT ( $, .RADIAN. ) );
#2863 = CARTESIAN_POINT ( 'NONE',  ( -1.091699361285471070, 25.37640613331149808, 0.1051147776370413706 ) ) ;
#2864 = CARTESIAN_POINT ( 'NONE',  ( -0.8872485897896701390, 24.14094318162301889, 0.1034020117321044069 ) ) ;
#2865 = CARTESIAN_POINT ( 'NONE',  ( -0.5115127757663845420, 24.98429934408407149, 0.3452108626513186729 ) ) ;
#2866 = CARTESIAN_POINT ( 'NONE',  ( -1.910196570974366237, 23.82413587754852458, 0.05000000000000000971 ) ) ;
#2867 = CARTESIAN_POINT ( 'NONE',  ( -0.5553543307086845626, 25.33578019141734572, 0.4499999999996792677 ) ) ;
#2868 = ORIENTED_EDGE ( 'NONE', *, *, #7123, .T. ) ;
#2869 = CARTESIAN_POINT ( 'NONE',  ( -2.858503937007897289, 23.97916053494371980, 0.3999999999996843303 ) ) ;
#2870 = CARTESIAN_POINT ( 'NONE',  ( -0.5118538382526509611, 24.29037450995103242, 0.3451150470683017613 ) ) ;
#2871 = CARTESIAN_POINT ( 'NONE',  ( -2.309582217997422138, 24.20009904791178457, 0.05000000000000000278 ) ) ;
#2872 = CARTESIAN_POINT ( 'NONE',  ( -2.634048888273791800, 24.38865027596140678, 0.1657545457024952873 ) ) ;
#2873 = ORIENTED_EDGE ( 'NONE', *, *, #7953, .T. ) ;
#2874 = DIRECTION ( 'NONE',  ( 4.207262762374590794E-09, 1.000000000000000000, -3.505935437464244054E-15 ) ) ;
#2875 = CARTESIAN_POINT ( 'NONE',  ( -1.036294374641501204, 23.73644065515418333, 0.2239155955923337049 ) ) ;
#2876 = CIRCLE ( 'NONE', #4091, 0.1574803149606300579 ) ;
#2877 = UNCERTAINTY_MEASURE_WITH_UNIT (LENGTH_MEASURE( 1.000000000000000082E-05 ), #7807, 'distance_accuracy_value', 'NONE');
#2878 = CARTESIAN_POINT ( 'NONE',  ( -0.8978740157478285466, 24.99670207428481206, 0.05000000000000000971 ) ) ;
#2879 = ORIENTED_EDGE ( 'NONE', *, *, #3694, .T. ) ;
#2880 = EDGE_CURVE ( 'NONE', #4954, #6207, #9229, .T. ) ;
#2881 = CARTESIAN_POINT ( 'NONE',  ( -1.993266140965732403, 23.84857880165314015, 0.05000008182342679380 ) ) ;
#2882 = VECTOR ( 'NONE', #5677, 39.37007874015748143 ) ;
#2883 = CARTESIAN_POINT ( 'NONE',  ( -1.369857654656105872, 23.47615706184428674, 0.3454371263347995047 ) ) ;
#2884 = CARTESIAN_POINT ( 'NONE',  ( -0.4962992125983279323, 24.99371178147039529, 0.3580813412891496461 ) ) ;
#2885 = CARTESIAN_POINT ( 'NONE',  ( -1.984947405700286494, 25.80903977387810500, 0.3454371193490599623 ) ) ;
#2886 = CARTESIAN_POINT ( 'NONE',  ( -2.876045629114662550, 24.26904989520913603, 0.4381353998082472279 ) ) ;
#2887 = CARTESIAN_POINT ( 'NONE',  ( -0.9057460777399983787, 24.64259847944031634, 0.05000000000000000278 ) ) ;
#2888 = CARTESIAN_POINT ( 'NONE',  ( -1.388703553631259968, 23.69695756078050763, 0.2249999999998429090 ) ) ;
#2889 = DIRECTION ( 'NONE',  ( -0.000000000000000000, -0.000000000000000000, -1.000000000000000000 ) ) ;
#2890 = CARTESIAN_POINT ( 'NONE',  ( -1.344016912126556607, 23.52244529916115212, 0.3067147317477193491 ) ) ;
#2891 = CARTESIAN_POINT ( 'NONE',  ( -2.611963166380008250, 25.38852936882051026, 0.2833138630082043807 ) ) ;
#2892 = FACE_BOUND ( 'NONE', #4471, .T. ) ;
#2893 = CARTESIAN_POINT ( 'NONE',  ( -2.768440777274093989, 25.01246618824512069, 0.2847140167273444211 ) ) ;
#2894 = CARTESIAN_POINT ( 'NONE',  ( -2.036126088626522890, 23.55036710172074876, 0.2848512489104015333 ) ) ;
#2895 = CARTESIAN_POINT ( 'NONE',  ( -1.294526062978964998, 25.49076351049281541, 0.1040397075570977103 ) ) ;
#2896 = CARTESIAN_POINT ( 'NONE',  ( -1.468853376734026828, 25.46619747490492358, 0.04999998958319475800 ) ) ;
#2897 = CARTESIAN_POINT ( 'NONE',  ( -2.353058185976056205, 25.72335077777379198, 0.3999999999996779465 ) ) ;
#2898 = DIRECTION ( 'NONE',  ( -1.000000000000000000, 0.000000000000000000, 0.000000000000000000 ) ) ;
#2899 = CARTESIAN_POINT ( 'NONE',  ( -2.313891828622038460, 25.07889949071663338, 0.05000000000000000278 ) ) ;
#2900 = ORIENTED_EDGE ( 'NONE', *, *, #6915, .F. ) ;
#2901 = CARTESIAN_POINT ( 'NONE',  ( -2.559735214304885265, 24.37273541381781783, 0.1072838676602504981 ) ) ;
#2902 = ORIENTED_EDGE ( 'NONE', *, *, #3939, .T. ) ;
#2903 = CARTESIAN_POINT ( 'NONE',  ( -1.325320769396233223, 23.48934458849233309, 0.4499999999996858180 ) ) ;
#2904 = CARTESIAN_POINT ( 'NONE',  ( -1.139420577015083147, 25.41196770966135077, 0.1051147777504750219 ) ) ;
#2905 = CARTESIAN_POINT ( 'NONE',  ( -0.5067844079461750750, 23.94537131118807594, 0.4023110068411751006 ) ) ;
#2906 = VECTOR ( 'NONE', #6782, 39.37007874015748143 ) ;
#2907 = FACE_OUTER_BOUND ( 'NONE', #8372, .T. ) ;
#2908 = CARTESIAN_POINT ( 'NONE',  ( -1.220950651004155008, 23.46149606299216828, 0.3628131229069354591 ) ) ;
#2909 = CARTESIAN_POINT ( 'NONE',  ( -0.8627753674199762912, 24.88972659582283953, 0.05000000000000152933 ) ) ;
#2910 = ORIENTED_EDGE ( 'NONE', *, *, #8095, .F. ) ;
#2911 = CARTESIAN_POINT ( 'NONE',  ( -1.003336406413947612, 25.72326695175179267, 0.4499999999996778799 ) ) ;
#2912 = CARTESIAN_POINT ( 'NONE',  ( -0.8636797006980418967, 24.41228969362102319, 0.04601063786512042675 ) ) ;
#2913 = CARTESIAN_POINT ( 'NONE',  ( -2.304939070212371544, 24.20334889278797519, 0.04606807752549081647 ) ) ;
#2914 = CARTESIAN_POINT ( 'NONE',  ( -1.071874296706369911, 23.90960775613109490, 0.1742621601271644449 ) ) ;
#2915 = ORIENTED_EDGE ( 'NONE', *, *, #2981, .T. ) ;
#2916 = DIRECTION ( 'NONE',  ( -1.000000000000000000, 0.000000000000000000, 0.000000000000000000 ) ) ;
#2917 = CARTESIAN_POINT ( 'NONE',  ( -1.081719070357775703, 23.91505251454665526, 0.1051135658347134433 ) ) ;
#2918 = CARTESIAN_POINT ( 'NONE',  ( -0.6547042615452485226, 24.96703161255803494, 0.2261996354830476952 ) ) ;
#2919 = ORIENTED_EDGE ( 'NONE', *, *, #8637, .F. ) ;
#2920 = CARTESIAN_POINT ( 'NONE',  ( -2.489639002957697578, 24.90048285832968489, 0.000000000000000000 ) ) ;
#2921 = B_SPLINE_CURVE_WITH_KNOTS ( 'NONE', 3,
 ( #3900, #6836, #4710, #3249, #6077, #7529, #5458, #4658, #1744, #4050, #8986, #6124, #7431, #5264, #5973, #1791 ),
 .UNSPECIFIED., .F., .F.,
 ( 4, 2, 2, 2, 2, 2, 2, 4 ),
 ( 0.0001683820311134166000, 0.01311411563693928341, 0.01635054903839576815, 0.01796876573912401659, 0.01958698243985226503, 0.02120519914058051694, 0.02282341584130876885, 0.02605984924276526921 ),
 .UNSPECIFIED. ) ;
#2922 = CARTESIAN_POINT ( 'NONE',  ( -1.434722583218153158, 23.83231613042484298, 0.04570713154392708200 ) ) ;
#2923 = VECTOR ( 'NONE', #5526, 39.37007874015748143 ) ;
#2924 = FACE_OUTER_BOUND ( 'NONE', #3835, .T. ) ;
#2925 = CARTESIAN_POINT ( 'NONE',  ( -1.977555230214280924, 25.73862060446901978, 0.2854477997427355418 ) ) ;
#2926 = CARTESIAN_POINT ( 'NONE',  ( -2.830655411557326584, 24.34994572343262220, 0.3999999999996827760 ) ) ;
#2927 = CARTESIAN_POINT ( 'NONE',  ( -2.492027648502568749, 24.39546979760391920, 0.000000000000000000 ) ) ;
#2928 = CARTESIAN_POINT ( 'NONE',  ( -2.908503937007897111, 25.66622047220959146, 0.6074803150392285023 ) ) ;
#2929 = CARTESIAN_POINT ( 'NONE',  ( -1.153188976377881536, 25.26566645477344153, 0.07954944181659874547 ) ) ;
#2930 = CARTESIAN_POINT ( 'NONE',  ( -1.140880816349269633, 25.32242230781520220, 0.1154831543650743919 ) ) ;
#2931 = CARTESIAN_POINT ( 'NONE',  ( -2.362548258673978552, 25.15106991301541939, 0.04571512621989423653 ) ) ;
#2932 = DIRECTION ( 'NONE',  ( 5.885292245690814950E-10, -1.000000000000000000, 3.552713678764466158E-15 ) ) ;
#2933 = CARTESIAN_POINT ( 'NONE',  ( -2.560898205816080964, 24.89518630801990540, 0.1056570555282583534 ) ) ;
#2934 = CARTESIAN_POINT ( 'NONE',  ( -2.082341525309170827, 23.40606697169464567, 0.4046801001157830369 ) ) ;
#2935 = CARTESIAN_POINT ( 'NONE',  ( -1.262926421474052097, 25.72761142485521191, 0.2842130383384557368 ) ) ;
#2936 = CARTESIAN_POINT ( 'NONE',  ( -2.080075647804604078, 25.79435577452202821, 0.4499999999996776023 ) ) ;
#2937 = EDGE_CURVE ( 'NONE', #2256, #5831, #1249, .T. ) ;
#2938 = CARTESIAN_POINT ( 'NONE',  ( -0.9158365520652919090, 25.74315130651048378, 0.4431958362722945299 ) ) ;
#2939 = CARTESIAN_POINT ( 'NONE',  ( -2.624078342049552592, 23.69592553192219953, 0.4431827809966966680 ) ) ;
#2940 = CARTESIAN_POINT ( 'NONE',  ( -1.394817611345361641, 25.36085640312247591, 0.05000000000000003053 ) ) ;
#2941 = ORIENTED_EDGE ( 'NONE', *, *, #1930, .F. ) ;
#2942 = CARTESIAN_POINT ( 'NONE',  ( -2.676153571070224668, 24.19470617884541142, 0.2248542799441057283 ) ) ;
#2943 = ORIENTED_EDGE ( 'NONE', *, *, #6047, .T. ) ;
#2944 = DIRECTION ( 'NONE',  ( 1.000000000000000000, 0.000000000000000000, 0.000000000000000000 ) ) ;
#2945 = AXIS2_PLACEMENT_3D ( 'NONE', #3029, #4488, #5138 ) ;
#2946 = CARTESIAN_POINT ( 'NONE',  ( -0.7800685466896752907, 25.67437311297766200, 0.4021130301922667405 ) ) ;
#2947 = CARTESIAN_POINT ( 'NONE',  ( -0.9556141605974315389, 24.19368438024816470, 0.04367087961220948722 ) ) ;
#2948 =( CONVERSION_BASED_UNIT ( 'INCH', #7276 ) LENGTH_UNIT ( ) NAMED_UNIT ( #7102 ) );
#2949 = CARTESIAN_POINT ( 'NONE',  ( -0.5111264471296131928, 24.96152461226953534, 0.3453752810136118678 ) ) ;
#2950 = CARTESIAN_POINT ( 'NONE',  ( -0.6479399319759342468, 25.46326869552423844, 0.3999999999996787792 ) ) ;
#2951 = CARTESIAN_POINT ( 'NONE',  ( -0.8319669628559458463, 24.61076089860215177, 0.05000000000000002359 ) ) ;
#2952 = CYLINDRICAL_SURFACE ( 'NONE', #111, 0.2074803149606297969 ) ;
#2953 = ADVANCED_FACE ( 'NONE', ( #8688 ), #360, .F. ) ;
#2954 = ADVANCED_FACE ( 'NONE', ( #3452 ), #5384, .T. ) ;
#2955 = ORIENTED_EDGE ( 'NONE', *, *, #7594, .F. ) ;
#2956 = DIRECTION ( 'NONE',  ( -1.000000000000000000, 0.000000000000000000, 0.000000000000000000 ) ) ;
#2957 = CARTESIAN_POINT ( 'NONE',  ( -2.829780258213176580, 24.25195010565010634, 0.4499999999996834310 ) ) ;
#2958 = CARTESIAN_POINT ( 'NONE',  ( -0.6529821175851755477, 24.34693948669782770, 0.2254664409375833622 ) ) ;
#2959 = CIRCLE ( 'NONE', #3425, 0.2074803149606297969 ) ;
#2960 = CARTESIAN_POINT ( 'NONE',  ( -2.840053957309488730, 24.02103031522777954, 0.4382308758287540851 ) ) ;
#2961 = CARTESIAN_POINT ( 'NONE',  ( -1.140887749065383705, 23.96278739845197947, 0.1154735229045759926 ) ) ;
#2962 = VERTEX_POINT ( 'NONE', #4509 ) ;
#2963 = CARTESIAN_POINT ( 'NONE',  ( -0.6931496062992357210, 23.54476377952757815, 0.3999999999996856070 ) ) ;
#2964 = CARTESIAN_POINT ( 'NONE',  ( -1.146016831574564909, 23.86865939612998488, 0.1051171128603817784 ) ) ;
#2965 = VERTEX_POINT ( 'NONE', #6780 ) ;
#2966 = CARTESIAN_POINT ( 'NONE',  ( -0.5129440448899472704, 25.02890290335247059, 0.3450975126561748318 ) ) ;
#2967 = ORIENTED_EDGE ( 'NONE', *, *, #7723, .T. ) ;
#2968 = CARTESIAN_POINT ( 'NONE',  ( -2.016161086857115592, 25.50743641505671633, 0.1063879553792093091 ) ) ;
#2969 = VERTEX_POINT ( 'NONE', #3095 ) ;
#2970 = CARTESIAN_POINT ( 'NONE',  ( -1.430273438971648714, 23.82797227290686237, 0.05000000000000011380 ) ) ;
#2971 = CARTESIAN_POINT ( 'NONE',  ( -2.650425917988295854, 23.81653979318239323, 0.4499999999996848743 ) ) ;
#2972 = CARTESIAN_POINT ( 'NONE',  ( -2.565454986845959962, 25.25976301403381541, 0.2040893007053159458 ) ) ;
#2973 = CARTESIAN_POINT ( 'NONE',  ( -1.894490430416299720, 25.60382356680936411, 0.1661454131043572369 ) ) ;
#2974 = DIRECTION ( 'NONE',  ( 1.000000000000000000, 0.000000000000000000, 0.000000000000000000 ) ) ;
#2975 = LINE ( 'NONE', #766, #1230 ) ;
#2976 = CARTESIAN_POINT ( 'NONE',  ( -2.701023622047267203, 25.66622047244096905, 0.6074803150392285023 ) ) ;
#2977 = CARTESIAN_POINT ( 'NONE',  ( -2.287637795275386576, 24.03236220472450313, 0.05000000000000000278 ) ) ;
#2978 = CARTESIAN_POINT ( 'NONE',  ( -0.9715710481619319605, 25.34649333585235098, 0.2062116943236819711 ) ) ;
#2979 = CARTESIAN_POINT ( 'NONE',  ( -2.427324569258099807, 25.20736538768905532, 0.1051148109654640450 ) ) ;
#2980 = LINE ( 'NONE', #7353, #5789 ) ;
#2981 = EDGE_CURVE ( 'NONE', #703, #8687, #3193, .T. ) ;
#2982 = CARTESIAN_POINT ( 'NONE',  ( -2.625090319639471925, 24.95579452585517544, 0.1650332382018644961 ) ) ;
#2983 = CARTESIAN_POINT ( 'NONE',  ( -1.997943115119392932, 23.54773575840270539, 0.2852723688207187136 ) ) ;
#2984 = CARTESIAN_POINT ( 'NONE',  ( -1.317423725332864670, 25.58034555890664663, 0.1644666589542063129 ) ) ;
#2985 = CARTESIAN_POINT ( 'NONE',  ( -2.068050444505863616, 25.79497190202701873, 0.4499999999996777134 ) ) ;
#2986 = EDGE_CURVE ( 'NONE', #7012, #3350, #9092, .T. ) ;
#2987 = CARTESIAN_POINT ( 'NONE',  ( -0.9535911096249359842, 25.69357573717880427, 0.3999999999996780020 ) ) ;
#2988 = CARTESIAN_POINT ( 'NONE',  ( -2.456929133858050562, 24.13129916827089971, 0.1004171526234670930 ) ) ;
#2989 = CARTESIAN_POINT ( 'NONE',  ( -1.909387268076917277, 25.37858998001323840, 0.05000000000000000278 ) ) ;
#2990 = ORIENTED_EDGE ( 'NONE', *, *, #7562, .F. ) ;
#2991 = CARTESIAN_POINT ( 'NONE',  ( -2.805668410801180013, 24.06301150796039323, 0.3432865248551471571 ) ) ;
#2992 = EDGE_LOOP ( 'NONE', ( #8861, #3697, #925, #713, #5589, #2827, #1697, #1278, #484, #616, #5668 ) ) ;
#2993 = CARTESIAN_POINT ( 'NONE',  ( -1.051912355030552471, 25.81115935512541171, 0.4432038989961594178 ) ) ;
#2994 = CARTESIAN_POINT ( 'NONE',  ( -1.047537391044568444, 25.55662227827153998, 0.2239140802039327471 ) ) ;
#2995 = EDGE_CURVE ( 'NONE', #7338, #3999, #984, .T. ) ;
#2996 = CARTESIAN_POINT ( 'NONE',  ( -0.6756726545899409686, 23.99291676883341751, 0.2826502839863583860 ) ) ;
#2997 = ADVANCED_FACE ( 'NONE', ( #7425 ), #8131, .F. ) ;
#2998 = DIRECTION ( 'NONE',  ( 6.123233995736998996E-17, 3.552713678800503296E-15, 1.000000000000000000 ) ) ;
#2999 = CARTESIAN_POINT ( 'NONE',  ( -1.273475019315056800, 23.46149606299216117, 0.3593549687321501707 ) ) ;
#3000 = CARTESIAN_POINT ( 'NONE',  ( -0.8334552079429923266, 24.58483959122758833, 0.05000000000000000971 ) ) ;
#3001 = CYLINDRICAL_SURFACE ( 'NONE', #8222, 0.1057086614173291111 ) ;
#3002 = ORIENTED_EDGE ( 'NONE', *, *, #8246, .T. ) ;
#3003 = CARTESIAN_POINT ( 'NONE',  ( -0.6234273969058331533, 23.92357259982737006, 0.4499999999996842637 ) ) ;
#3004 = CARTESIAN_POINT ( 'NONE',  ( -2.802540458050762240, 24.07979985093140840, 0.4499999999996836531 ) ) ;
#3005 = CARTESIAN_POINT ( 'NONE',  ( -0.5793825950964957006, 24.38064455262902896, 0.2858050040020793658 ) ) ;
#3006 = EDGE_CURVE ( 'NONE', #5737, #2106, #2170, .T. ) ;
#3007 = CARTESIAN_POINT ( 'NONE',  ( -2.370563574768434378, 25.77512147006875054, 0.4382319632553147715 ) ) ;
#3008 = CARTESIAN_POINT ( 'NONE',  ( -0.6391600396564208753, 23.75827718893159002, 0.3999999999996770583 ) ) ;
#3009 = LINE ( 'NONE', #6735, #7329 ) ;
#3010 = CARTESIAN_POINT ( 'NONE',  ( -2.441414467151289180, 23.54373344130091539, 0.4432038780669226852 ) ) ;
#3011 = CARTESIAN_POINT ( 'NONE',  ( -0.7518069868634542630, 23.63389598728297614, 0.4021132295932935419 ) ) ;
#3012 = EDGE_LOOP ( 'NONE', ( #1369, #7772, #7374, #1922, #1075, #6185, #1193 ) ) ;
#3013 = CARTESIAN_POINT ( 'NONE',  ( -0.4416619178227620957, 25.06226339178730100, 0.4045132575481029669 ) ) ;
#3014 = CARTESIAN_POINT ( 'NONE',  ( -2.040701021281634109, 25.66001050889561341, 0.2257255372799013282 ) ) ;
#3015 = ORIENTED_EDGE ( 'NONE', *, *, #748, .T. ) ;
#3016 = CIRCLE ( 'NONE', #4523, 0.01968503956673903210 ) ;
#3017 = LINE ( 'NONE', #8650, #7902 ) ;
#3018 = CARTESIAN_POINT ( 'NONE',  ( -2.491361689523541756, 23.72442054240563891, 0.3047201716614782452 ) ) ;
#3019 = CARTESIAN_POINT ( 'NONE',  ( -2.697410032268177105, 23.87582727659607684, 0.3999999999996844968 ) ) ;
#3020 = CARTESIAN_POINT ( 'NONE',  ( -2.245917390998563246, 25.42212598425205172, 0.1227821439438755019 ) ) ;
#3021 = CARTESIAN_POINT ( 'NONE',  ( -0.6357298102670175810, 23.90494242805618441, 0.3999999999996843303 ) ) ;
#3022 = CARTESIAN_POINT ( 'NONE',  ( -2.405869298379040178, 25.69033766491452653, 0.4499999999996781019 ) ) ;
#3023 = CARTESIAN_POINT ( 'NONE',  ( -0.4962992125984483915, 25.48905511771360111, 0.6074803150392285023 ) ) ;
#3024 = CARTESIAN_POINT ( 'NONE',  ( -1.092915521839789461, 25.48325194417725825, 0.2249999999998390232 ) ) ;
#3025 = CARTESIAN_POINT ( 'NONE',  ( -0.9550464086938240671, 25.22083055840945676, 0.1565913327289643608 ) ) ;
#3026 = CARTESIAN_POINT ( 'NONE',  ( -2.213011779218042818, 25.22419348092623892, 0.06316057427226910714 ) ) ;
#3027 = CARTESIAN_POINT ( 'NONE',  ( -2.439076427245672196, 25.19141328338595898, 0.1051148098505421680 ) ) ;
#3028 = CIRCLE ( 'NONE', #5439, 0.1692913385826795569 ) ;
#3029 = CARTESIAN_POINT ( 'NONE',  ( -0.5553543307086845626, 25.33578019141734572, 0.4499999999996792677 ) ) ;
#3030 = CARTESIAN_POINT ( 'NONE',  ( -2.773131081430294298, 24.94713681073763567, 0.2854094036144731450 ) ) ;
#3031 = CARTESIAN_POINT ( 'NONE',  ( -1.925776876042685215, 23.75828524131107855, 0.1057129904913338275 ) ) ;
#3032 = CARTESIAN_POINT ( 'NONE',  ( -1.269824277359870246, 25.64954266044725628, 0.2241344413193711027 ) ) ;
#3033 = CARTESIAN_POINT ( 'NONE',  ( -0.8430591721865907662, 24.48476183648934068, 0.000000000000000000 ) ) ;
#3034 = DIRECTION ( 'NONE',  ( 0.000000000000000000, 1.000000000000000000, 0.000000000000000000 ) ) ;
#3035 = CARTESIAN_POINT ( 'NONE',  ( -2.441397109515729635, 23.54375840647649909, 0.4431827809966977227 ) ) ;
#3036 = CARTESIAN_POINT ( 'NONE',  ( -1.177745882360329510, 25.78330135514949006, 0.3999999999996778910 ) ) ;
#3037 = ORIENTED_EDGE ( 'NONE', *, *, #930, .F. ) ;
#3038 = CARTESIAN_POINT ( 'NONE',  ( -2.867676935673506122, 23.99011795810248060, 0.4025042448591731881 ) ) ;
#3039 = VERTEX_POINT ( 'NONE', #5160 ) ;
#3040 = CARTESIAN_POINT ( 'NONE',  ( -1.266477265494541316, 25.29587731169539211, 0.05000000000000002359 ) ) ;
#3041 = DIRECTION ( 'NONE',  ( 0.000000000000000000, 0.000000000000000000, 1.000000000000000000 ) ) ;
#3042 = CARTESIAN_POINT ( 'NONE',  ( -0.8000022245049392966, 24.36034521332947733, 0.1053389841531434667 ) ) ;
#3043 = CARTESIAN_POINT ( 'NONE',  ( -2.806143147194076537, 25.41306726356699386, 0.4021304993148926421 ) ) ;
#3044 = CARTESIAN_POINT ( 'NONE',  ( -2.447909207946453947, 23.51388259049958052, 0.4021304951868009403 ) ) ;
#3045 = FACE_OUTER_BOUND ( 'NONE', #7224, .T. ) ;
#3046 = CARTESIAN_POINT ( 'NONE',  ( -1.419047160813933894, 23.83089896178604405, 0.04998903595910131337 ) ) ;
#3047 = FACE_OUTER_BOUND ( 'NONE', #6643, .T. ) ;
#3048 = B_SPLINE_SURFACE_WITH_KNOTS ( 'NONE', 3, 3, ( 
 ( #836, #5963, #137, #5909 ),
 ( #6576, #2385, #3844, #1029 ),
 ( #5107, #4417, #3703, #5254 ),
 ( #2339, #2436, #2237, #8684 ),
 ( #7470, #2286, #5155, #5303 ),
 ( #3090, #5204, #6773, #4504 ),
 ( #325, #8125, #5813, #7986 ),
 ( #1684, #981, #4554, #8078 ),
 ( #1538, #3747, #1586, #8173 ),
 ( #8035, #4460, #7326, #6627 ),
 ( #183, #8775, #7370, #935 ),
 ( #278, #3794, #6671, #227 ),
 ( #3140, #6009, #5350, #8923 ),
 ( #2484, #8219, #3188, #6062 ),
 ( #3157, #1605, #8096, #3913 ),
 ( #8892, #249, #1053, #347 ),
 ( #4570, #8192, #901, #4671 ),
 ( #5374, #4620, #3018, #4477 ),
 ( #5176, #6692, #3061, #7490 ),
 ( #6845, #5932, #5980, #1799 ),
 ( #3111, #6797, #1703, #1001 ),
 ( #3863, #2404, #8840, #8241 ),
 ( #1652, #5273, #6745, #7440 ),
 ( #8146, #295, #5883, #8748 ),
 ( #2505, #8794, #2311, #2455 ),
 ( #6029, #8052, #5322, #1753 ),
 ( #7539, #3210, #6086, #2357 ),
 ( #3765, #7343, #6645, #8944 ),
 ( #1101, #3962, #200, #5225 ),
 ( #953, #4525, #7392, #3814 ),
 ( #7684, #8941, #8992, #4111 ) ),
 .UNSPECIFIED., .F., .F., .F.,
 ( 4, 3, 3, 3, 3, 3, 3, 3, 3, 3, 4 ),
 ( 4, 4 ),
 ( -0.006998015364007981534, 0.05636937376994517052, 0.1197367629038983278, 0.2464715411718046423, 0.3732063194397109429, 0.4999410977076172435, 0.7534106542434299003, 0.8801454325113362565, 0.9435128216452893790, 0.9751965162122659958, 1.006880210779242502 ),
 ( 0.2908160059231715833, 1.122305757081460520 ),
 .UNSPECIFIED. ) ;
#3049 = DIRECTION ( 'NONE',  ( 0.000000000000000000, 0.000000000000000000, -1.000000000000000000 ) ) ;
#3050 = CARTESIAN_POINT ( 'NONE',  ( -0.9029499692792036791, 25.29537511956291951, 0.1564716493580501078 ) ) ;
#3051 = CARTESIAN_POINT ( 'NONE',  ( -0.4417020324207736603, 24.92005049660933835, 0.4055984006385432994 ) ) ;
#3052 = CARTESIAN_POINT ( 'NONE',  ( -2.039161074184142830, 25.84708973198270243, 0.4431958260125117288 ) ) ;
#3053 = CARTESIAN_POINT ( 'NONE',  ( -2.914358210974472563, 24.26832718050408744, 0.4050347864368237238 ) ) ;
#3054 = CARTESIAN_POINT ( 'NONE',  ( -1.717401473116739963, 23.87198040704599222, 0.000000000000000000 ) ) ;
#3055 = CARTESIAN_POINT ( 'NONE',  ( -1.189530280908726478, 23.94266497625167389, 0.04571697902507863842 ) ) ;
#3056 = ORIENTED_EDGE ( 'NONE', *, *, #7318, .T. ) ;
#3057 = CARTESIAN_POINT ( 'NONE',  ( -0.8819827677918040676, 24.94289106878774120, 0.04709260057701031982 ) ) ;
#3058 = CARTESIAN_POINT ( 'NONE',  ( -1.977693846247050580, 25.43801740220887098, 0.04709260080342771160 ) ) ;
#3059 = ORIENTED_EDGE ( 'NONE', *, *, #4227, .T. ) ;
#3060 = FACE_OUTER_BOUND ( 'NONE', #6674, .T. ) ;
#3061 = CARTESIAN_POINT ( 'NONE',  ( -2.463081944230506970, 23.70081249614039365, 0.3047197797075002490 ) ) ;
#3062 = DIRECTION ( 'NONE',  ( -0.000000000000000000, -0.000000000000000000, -1.000000000000000000 ) ) ;
#3063 = VERTEX_POINT ( 'NONE', #5308 ) ;
#3064 = CARTESIAN_POINT ( 'NONE',  ( -2.401170796534934038, 23.96345451050733644, 0.2032201196793662346 ) ) ;
#3065 = CARTESIAN_POINT ( 'NONE',  ( -0.6537795275590783106, 25.66622047244096905, 0.3999999999996782796 ) ) ;
#3066 = CARTESIAN_POINT ( 'NONE',  ( -2.822800572145728992, 25.11077199557038142, 0.3999999999996801114 ) ) ;
#3067 = DIRECTION ( 'NONE',  ( 0.000000000000000000, 1.000000000000000000, -3.552713678800503296E-15 ) ) ;
#3068 = B_SPLINE_CURVE_WITH_KNOTS ( 'NONE', 3,
 ( #8456, #7128, #4995, #6340, #3593, #4872, #594, #3462 ),
 .UNSPECIFIED., .F., .F.,
 ( 4, 2, 2, 4 ),
 ( 0.0001744408331509333520, 0.001002685590489776771, 0.001830930347828620217, 0.003487419862506160526 ),
 .UNSPECIFIED. ) ;
#3069 = CARTESIAN_POINT ( 'NONE',  ( -1.024749708374396162, 25.16908271354748905, 0.09640057775125410178 ) ) ;
#3070 = CARTESIAN_POINT ( 'NONE',  ( -1.044701453214303521, 25.37842841522576620, 0.1879127069513056025 ) ) ;
#3071 = CARTESIAN_POINT ( 'NONE',  ( -2.716910698975333993, 25.39159917830578905, 0.3427135485494023914 ) ) ;
#3072 = CARTESIAN_POINT ( 'NONE',  ( -2.661653543307109793, 25.62685039370080986, 0.1999999999996782685 ) ) ;
#3073 = ADVANCED_FACE ( 'NONE', ( #2344 ), #1688, .T. ) ;
#3074 = VECTOR ( 'NONE', #4304, 39.37007874015748143 ) ;
#3075 = CARTESIAN_POINT ( 'NONE',  ( -2.912181739916667400, 24.46101054939533626, 0.4060371975644712084 ) ) ;
#3076 = CARTESIAN_POINT ( 'NONE',  ( -1.769575726850106667, 23.53891448382247731, 0.2867765695566683037 ) ) ;
#3077 = CARTESIAN_POINT ( 'NONE',  ( -1.330994195264163293, 25.80825508699286175, 0.3451544281665278047 ) ) ;
#3078 = CARTESIAN_POINT ( 'NONE',  ( -1.922812319055607233, 25.45765927731869382, 0.05000000000000406203 ) ) ;
#3079 = CARTESIAN_POINT ( 'NONE',  ( -2.029482066541362872, 23.48934458842807871, 0.4499999999996858180 ) ) ;
#3080 = CARTESIAN_POINT ( 'NONE',  ( -2.117152189575195020, 24.00850665382877480, 0.05000000000000000278 ) ) ;
#3081 = CARTESIAN_POINT ( 'NONE',  ( -1.901292431832605656, 25.37596168809892916, 0.04606796101003841903 ) ) ;
#3082 = ORIENTED_EDGE ( 'NONE', *, *, #1227, .T. ) ;
#3083 = CARTESIAN_POINT ( 'NONE',  ( -2.762728154553881321, 24.22455506965227556, 0.2849258765974342911 ) ) ;
#3084 = ORIENTED_EDGE ( 'NONE', *, *, #2033, .F. ) ;
#3085 = CARTESIAN_POINT ( 'NONE',  ( -1.249528491639641192, 25.28482505876994679, 0.05000000000000000971 ) ) ;
#3086 = CARTESIAN_POINT ( 'NONE',  ( -2.307322834645600285, 25.27251968503944468, 0.05000000000000000278 ) ) ;
#3087 = CARTESIAN_POINT ( 'NONE',  ( -0.8872084963191853024, 24.33610590966831921, 0.04489871253459961492 ) ) ;
#3088 = CARTESIAN_POINT ( 'NONE',  ( -2.816431913535606402, 25.39699941138737316, 0.4021455364044481673 ) ) ;
#3089 = CARTESIAN_POINT ( 'NONE',  ( -2.431846091638210527, 23.50359465041732321, 0.4021454271198874331 ) ) ;
#3090 = CARTESIAN_POINT ( 'NONE',  ( -2.435367754345332258, 24.07517778567149946, 0.1107116189854020771 ) ) ;
#3091 = CARTESIAN_POINT ( 'NONE',  ( -1.052617083907952500, 25.55801052254751227, 0.2228143846335701450 ) ) ;
#3092 = CARTESIAN_POINT ( 'NONE',  ( -2.307322834645600285, 25.27251968503944468, 0.2999999999999999889 ) ) ;
#3093 = VERTEX_POINT ( 'NONE', #1589 ) ;
#3094 = EDGE_CURVE ( 'NONE', #7200, #5057, #3528, .T. ) ;
#3095 = CARTESIAN_POINT ( 'NONE',  ( -1.067165354330504634, 23.86307086614182182, 0.000000000000000000 ) ) ;
#3096 = AXIS2_PLACEMENT_3D ( 'NONE', #1866, #6103, #8961 ) ;
#3097 = CARTESIAN_POINT ( 'NONE',  ( -0.9060690392432776408, 25.30605348874541249, 0.1596201893028976193 ) ) ;
#3098 = CARTESIAN_POINT ( 'NONE',  ( -0.5740728615759086439, 24.71989548681948889, 0.2867499956648583148 ) ) ;
#3099 = CARTESIAN_POINT ( 'NONE',  ( -2.399776020052403869, 24.06433010376124315, 0.1566246028792121769 ) ) ;
#3100 = CARTESIAN_POINT ( 'NONE',  ( -2.034430852234604625, 25.84121578490784543, 0.4382319632553156041 ) ) ;
#3101 = CARTESIAN_POINT ( 'NONE',  ( -2.307322834645600285, 25.27251968503944468, 0.2999999999999999889 ) ) ;
#3102 = DIRECTION ( 'NONE',  ( -1.000000000000000000, 0.000000000000000000, 0.000000000000000000 ) ) ;
#3103 = EDGE_CURVE ( 'NONE', #6980, #1502, #3947, .T. ) ;
#3104 = VERTEX_POINT ( 'NONE', #6166 ) ;
#3105 = CARTESIAN_POINT ( 'NONE',  ( -0.8959743283020914495, 25.16274517217732409, 0.1051251204834045966 ) ) ;
#3106 = AXIS2_PLACEMENT_3D ( 'NONE', #2153, #46, #7277 ) ;
#3107 = CARTESIAN_POINT ( 'NONE',  ( -2.001834636017529423, 25.66529582020234557, 0.2261997343834549479 ) ) ;
#3108 = EDGE_LOOP ( 'NONE', ( #8148, #2695, #241, #4720, #2167, #5875 ) ) ;
#3109 = CARTESIAN_POINT ( 'NONE',  ( -1.746951732282038261, 23.79939909669477771, 0.04999857643355008069 ) ) ;
#3110 = EDGE_CURVE ( 'NONE', #329, #1494, #9025, .T. ) ;
#3111 = CARTESIAN_POINT ( 'NONE',  ( -2.261931487711487332, 23.89756198437586221, 0.1107047823707302397 ) ) ;
#3112 = FACE_OUTER_BOUND ( 'NONE', #8629, .T. ) ;
#3113 = ORIENTED_EDGE ( 'NONE', *, *, #381, .F. ) ;
#3114 = CARTESIAN_POINT ( 'NONE',  ( -2.407168718510174443, 23.97716506634185407, 0.1998127110623852676 ) ) ;
#3115 = CARTESIAN_POINT ( 'NONE',  ( -1.352968346909011021, 23.61990093853403039, 0.2261997380786394396 ) ) ;
#3116 = CARTESIAN_POINT ( 'NONE',  ( -2.829458986358701189, 25.04159835960122393, 0.4499999999996804889 ) ) ;
#3117 = CARTESIAN_POINT ( 'NONE',  ( -2.481512388884400178, 23.65168365768335335, 0.4499999999996854849 ) ) ;
#3118 = CARTESIAN_POINT ( 'NONE',  ( -2.858503937007898621, 25.22314744192626534, 0.3803584900125416834 ) ) ;
#3119 = CARTESIAN_POINT ( 'NONE',  ( -2.402812739918766649, 25.22670714185552754, 0.1607950711718008907 ) ) ;
#3120 = CARTESIAN_POINT ( 'NONE',  ( -2.803933836228870824, 24.08109489828784433, 0.4499999999996838196 ) ) ;
#3121 = FACE_OUTER_BOUND ( 'NONE', #2065, .T. ) ;
#3122 = EDGE_CURVE ( 'NONE', #4012, #5824, #2638, .T. ) ;
#3123 = CARTESIAN_POINT ( 'NONE',  ( -2.780110758728422837, 24.52292445046802172, 0.2866064116863377143 ) ) ;
#3124 = CARTESIAN_POINT ( 'NONE',  ( -1.955490168939426621, 23.47567275168522372, 0.3456456150155705620 ) ) ;
#3125 = CARTESIAN_POINT ( 'NONE',  ( -1.310269930058671983, 25.87930047536309530, 0.4050746151679939788 ) ) ;
#3126 = CARTESIAN_POINT ( 'NONE',  ( -0.5780668627223485290, 25.33509059185121615, 0.3564652771782994001 ) ) ;
#3127 = CARTESIAN_POINT ( 'NONE',  ( -2.178655806653452043, 23.50278689532538934, 0.3999999999996858291 ) ) ;
#3128 = CARTESIAN_POINT ( 'NONE',  ( -2.489768393330235696, 23.57840409278025717, 0.4431827809966974452 ) ) ;
#3129 = CARTESIAN_POINT ( 'NONE',  ( -1.905707057273181571, 25.37458875592532337, 0.04606796101003841903 ) ) ;
#3130 = ORIENTED_EDGE ( 'NONE', *, *, #250, .T. ) ;
#3131 = CARTESIAN_POINT ( 'NONE',  ( -1.081216537540546030, 23.52739968172913265, 0.3999999999996855515 ) ) ;
#3132 = CARTESIAN_POINT ( 'NONE',  ( -2.602056790987229640, 24.22732438743505767, 0.1653840000071769567 ) ) ;
#3133 = ORIENTED_EDGE ( 'NONE', *, *, #7857, .T. ) ;
#3134 = CARTESIAN_POINT ( 'NONE',  ( -2.309744146647487728, 25.65565315506472999, 0.2833913162956553378 ) ) ;
#3135 = CARTESIAN_POINT ( 'NONE',  ( -2.623627614684703069, 25.51936276058391329, 0.3487605902148266379 ) ) ;
#3137 = EDGE_CURVE ( 'NONE', #3999, #7338, #2487, .T. ) ;
#3136 = CARTESIAN_POINT ( 'NONE',  ( -0.8062050644501830288, 24.33485011481121774, 0.1049938777997613953 ) ) ;
#3138 = CARTESIAN_POINT ( 'NONE',  ( -2.526995009042122931, 25.21085558811892113, 0.1630485370469846040 ) ) ;
#3139 = LINE ( 'NONE', #1634, #7912 ) ;
#3140 = CARTESIAN_POINT ( 'NONE',  ( -2.376410391674355527, 24.00390313829614541, 0.1107051395824659723 ) ) ;
#3141 = CARTESIAN_POINT ( 'NONE',  ( -1.188430823982358220, 25.33788560348595453, 0.04348872437889252790 ) ) ;
#3142 = DIRECTION ( 'NONE',  ( 1.000000000000000000, 0.000000000000000000, 0.000000000000000000 ) ) ;
#3143 = ORIENTED_EDGE ( 'NONE', *, *, #5877, .F. ) ;
#3144 = CARTESIAN_POINT ( 'NONE',  ( -0.7312695135608868746, 25.51973525597540160, 0.3489013550362605742 ) ) ;
#3145 = CARTESIAN_POINT ( 'NONE',  ( -2.827234685743553300, 24.21242693897899301, 0.4499999999996835420 ) ) ;
#3146 = CARTESIAN_POINT ( 'NONE',  ( -0.5779625507583388000, 24.86835945257261926, 0.2860535468185775865 ) ) ;
#3147 = CARTESIAN_POINT ( 'NONE',  ( -1.824225505437308215, 25.47867790927352516, 0.05000000000000000971 ) ) ;
#3148 = CARTESIAN_POINT ( 'NONE',  ( -2.037397117006420455, 25.84121355921564245, 0.4382319632553156041 ) ) ;
#3149 = CARTESIAN_POINT ( 'NONE',  ( -0.5356692913878183804, 25.33578019156488992, 0.3831011701634035593 ) ) ;
#3150 = CARTESIAN_POINT ( 'NONE',  ( -0.6537795275590783106, 25.66622047244096905, 0.6074803150392285023 ) ) ;
#3151 = ORIENTED_EDGE ( 'NONE', *, *, #30, .T. ) ;
#3152 = CARTESIAN_POINT ( 'NONE',  ( -0.8021396311454042083, 25.17200616249598610, 0.1646289857754051622 ) ) ;
#3153 = VECTOR ( 'NONE', #2563, 39.37007874015748143 ) ;
#3154 = CARTESIAN_POINT ( 'NONE',  ( -1.973029557130628886, 25.59509059908856798, 0.1667494767410481749 ) ) ;
#3155 = ORIENTED_EDGE ( 'NONE', *, *, #7718, .T. ) ;
#3156 = CARTESIAN_POINT ( 'NONE',  ( -0.8408531062352130325, 24.05469840950280158, 0.1631078723640231321 ) ) ;
#3157 = CARTESIAN_POINT ( 'NONE',  ( -2.357004064791591080, 23.98313916875165930, 0.1107052011881096282 ) ) ;
#3158 = DIRECTION ( 'NONE',  ( -1.000000000000000000, 0.000000000000000000, 0.000000000000000000 ) ) ;
#3159 = ORIENTED_EDGE ( 'NONE', *, *, #747, .T. ) ;
#3160 = CARTESIAN_POINT ( 'NONE',  ( -2.413031496062930437, 24.01267716535440755, 0.1865493948359174259 ) ) ;
#3161 = CARTESIAN_POINT ( 'NONE',  ( -1.377108822474147898, 23.84717973022542026, 0.04709259827706990809 ) ) ;
#3162 = CARTESIAN_POINT ( 'NONE',  ( -2.830655411512998931, 24.99467922547272991, 0.4499999999996804334 ) ) ;
#3163 = CARTESIAN_POINT ( 'NONE',  ( -2.725141349756391662, 23.91413158618367873, 0.4499999999996843747 ) ) ;
#3164 = CIRCLE ( 'NONE', #7373, 1.276096907780512213 ) ;
#3165 = DIRECTION ( 'NONE',  ( -1.000000000000000000, -1.298960937187735125E-11, 0.000000000000000000 ) ) ;
#3166 = CARTESIAN_POINT ( 'NONE',  ( -2.719012576656156366, 25.38034635306711806, 0.3999999999996792233 ) ) ;
#3167 = CARTESIAN_POINT ( 'NONE',  ( -2.829671761744914082, 24.23564674543722930, 0.4499999999996832645 ) ) ;
#3168 = CARTESIAN_POINT ( 'NONE',  ( -1.960564690026042944, 25.44724163116623572, 0.04992603596481003103 ) ) ;
#3169 = CARTESIAN_POINT ( 'NONE',  ( -2.775377958298241854, 24.90454371235939846, 0.2857680811543812371 ) ) ;
#3170 = CARTESIAN_POINT ( 'NONE',  ( -1.845012640479289479, 23.81443046858900203, 0.04675702277998240036 ) ) ;
#3171 = AXIS2_PLACEMENT_3D ( 'NONE', #3708, #5068, #8040 ) ;
#3172 = CARTESIAN_POINT ( 'NONE',  ( -1.366825211679338681, 25.66547849976514684, 0.2252519078347455794 ) ) ;
#3173 = CARTESIAN_POINT ( 'NONE',  ( -1.924529543602361059, 25.45722472983784357, 0.05000000000000029421 ) ) ;
#3174 = AXIS2_PLACEMENT_3D ( 'NONE', #3499, #5663, #8528 ) ;
#3175 = CARTESIAN_POINT ( 'NONE',  ( -2.701023621653566131, 23.46149606299214696, 0.6074803150392285023 ) ) ;
#3176 = CARTESIAN_POINT ( 'NONE',  ( -1.323298078378674525, 23.86307086614182182, 0.05000000000000000278 ) ) ;
#3177 = CARTESIAN_POINT ( 'NONE',  ( -2.858503937007897289, 24.26514486016755967, 0.3585014872461412261 ) ) ;
#3178 = AXIS2_PLACEMENT_3D ( 'NONE', #1128, #8127, #5257 ) ;
#3179 = CARTESIAN_POINT ( 'NONE',  ( -1.340334334431349195, 23.94823646751424207, 0.05000000000000005829 ) ) ;
#3180 = CARTESIAN_POINT ( 'NONE',  ( -2.474287768446074676, 24.14716970745190494, 0.1051796094101046936 ) ) ;
#3181 = ORIENTED_EDGE ( 'NONE', *, *, #5657, .T. ) ;
#3182 = CARTESIAN_POINT ( 'NONE',  ( -2.294375333521536220, 25.66353439326920594, 0.2834507208161005098 ) ) ;
#3183 = CARTESIAN_POINT ( 'NONE',  ( -2.642849579298926610, 25.51439607649489361, 0.3562758541220598096 ) ) ;
#3184 = CARTESIAN_POINT ( 'NONE',  ( -0.4429399537028330669, 24.19887205771912519, 0.4042223020094695696 ) ) ;
#3185 = CARTESIAN_POINT ( 'NONE',  ( -2.539945741112927369, 25.19021184090539478, 0.1630854557927462478 ) ) ;
#3186 = AXIS2_PLACEMENT_3D ( 'NONE', #2867, #3658, #5730 ) ;
#3187 = CARTESIAN_POINT ( 'NONE',  ( -2.253665615051090754, 23.79832403528696361, 0.1630423205568033163 ) ) ;
#3188 = CARTESIAN_POINT ( 'NONE',  ( -2.570437690760343674, 23.80172187417324636, 0.3047198527698739001 ) ) ;
#3189 = CARTESIAN_POINT ( 'NONE',  ( -2.556771579196104316, 23.70315160826838863, 0.3465379381397397651 ) ) ;
#3190 = CARTESIAN_POINT ( 'NONE',  ( -2.858503937007897289, 23.97916053494371980, 0.3999999999996843303 ) ) ;
#3191 = CARTESIAN_POINT ( 'NONE',  ( -2.415056841148316646, 23.60092593480722201, 0.3999999999996854405 ) ) ;
#3192 = ORIENTED_EDGE ( 'NONE', *, *, #5468, .T. ) ;
#3193 = LINE ( 'NONE', #7282, #7889 ) ;
#3194 = CARTESIAN_POINT ( 'NONE',  ( -2.324450986699055033, 25.37707563503628805, 0.1937410270738750273 ) ) ;
#3195 = EDGE_CURVE ( 'NONE', #2575, #5560, #3294, .T. ) ;
#3196 = CARTESIAN_POINT ( 'NONE',  ( -1.100476969187469400, 23.52162708008399861, 0.4499999999996855959 ) ) ;
#3197 = CARTESIAN_POINT ( 'NONE',  ( -0.6447741031874091311, 24.83489252725032870, 0.2263696001878288955 ) ) ;
#3198 = CARTESIAN_POINT ( 'NONE',  ( -1.419516952137943155, 25.45483584738352789, 0.000000000000000000 ) ) ;
#3199 = CARTESIAN_POINT ( 'NONE',  ( -2.685536452609894820, 25.51571006955441945, 0.3790846632313291109 ) ) ;
#3200 = FACE_OUTER_BOUND ( 'NONE', #8697, .T. ) ;
#3201 = EDGE_LOOP ( 'NONE', ( #4891, #2967, #3902, #2075, #8475, #7492 ) ) ;
#3202 = VECTOR ( 'NONE', #7372, 39.37007874015748143 ) ;
#3203 = ORIENTED_EDGE ( 'NONE', *, *, #2986, .T. ) ;
#3204 = CARTESIAN_POINT ( 'NONE',  ( -0.8617790153634488082, 25.10495425542026737, 0.1053087098467448690 ) ) ;
#3205 = VERTEX_POINT ( 'NONE', #4000 ) ;
#3206 = CARTESIAN_POINT ( 'NONE',  ( -2.114392549581253000, 24.00660233719897718, 0.05030735097768035402 ) ) ;
#3207 = ORIENTED_EDGE ( 'NONE', *, *, #1324, .T. ) ;
#3208 = B_SPLINE_SURFACE_WITH_KNOTS ( 'NONE', 3, 1, ( 
 ( #4345, #8059 ),
 ( #3772, #25 ),
 ( #1659, #5750 ),
 ( #2319, #1613 ),
 ( #8709, #5890 ),
 ( #7255, #2219 ) ),
 .UNSPECIFIED., .F., .F., .F.,
 ( 4, 2, 4 ),
 ( 2, 2 ),
 ( 0.000000000000000000, 0.5000000000000000000, 1.000000000000000000 ),
 ( 0.000000000000000000, 1.000000000000000000 ),
 .UNSPECIFIED. ) ;
#3209 = CARTESIAN_POINT ( 'NONE',  ( -2.340749304220127947, 23.87123439851838569, 0.1595910276938390937 ) ) ;
#3210 = CARTESIAN_POINT ( 'NONE',  ( -2.308917457966873421, 23.75827686147242801, 0.2077133013324407584 ) ) ;
#3211 = CARTESIAN_POINT ( 'NONE',  ( -1.717401853996950667, 23.87197308061347556, 0.04999999999999999584 ) ) ;
#3212 = ORIENTED_EDGE ( 'NONE', *, *, #6564, .T. ) ;
#3213 = CARTESIAN_POINT ( 'NONE',  ( -0.9417716535432393288, 25.27251968503944468, 0.1865635967097700743 ) ) ;
#3214 = CARTESIAN_POINT ( 'NONE',  ( -1.267582584406447666, 23.40641191474783156, 0.4046298343218188709 ) ) ;
#3215 = PLANE ( 'NONE',  #2112 ) ;
#3216 = CARTESIAN_POINT ( 'NONE',  ( -2.439295916639053541, 25.77360978581686268, 0.3999999999996597388 ) ) ;
#3217 = CARTESIAN_POINT ( 'NONE',  ( -1.615643632285990838, 25.41233614198891999, 0.05000204169084491307 ) ) ;
#3218 = CIRCLE ( 'NONE', #6240, 0.08070866141732159493 ) ;
#3219 = LINE ( 'NONE', #6143, #3153 ) ;
#3220 = CARTESIAN_POINT ( 'NONE',  ( -2.661653543307109793, 23.56976377952758028, 0.3999999999996856626 ) ) ;
#3221 = CARTESIAN_POINT ( 'NONE',  ( -2.650574962036634563, 24.72419608819414094, 0.1672253612289722746 ) ) ;
#3222 = CARTESIAN_POINT ( 'NONE',  ( -1.460315605611919754, 23.68137305818112637, 0.1661454202915236267 ) ) ;
#3223 = CARTESIAN_POINT ( 'NONE',  ( -1.447126480657347614, 25.45618793166556415, 0.04589870330710836555 ) ) ;
#3224 = CARTESIAN_POINT ( 'NONE',  ( -0.5841556820351362367, 25.34466355645839641, 0.3559887287580699722 ) ) ;
#3225 = FACE_OUTER_BOUND ( 'NONE', #6637, .T. ) ;
#3226 = CARTESIAN_POINT ( 'NONE',  ( -0.5795982685155953718, 24.00432299672456082, 0.4499999999996840971 ) ) ;
#3227 = DIRECTION ( 'NONE',  ( 1.000000000000000000, 5.885292245690814950E-10, 0.000000000000000000 ) ) ;
#3228 = CARTESIAN_POINT ( 'NONE',  ( -1.181715330249365481, 24.04987674793455454, 0.04999999999999989175 ) ) ;
#3229 = CARTESIAN_POINT ( 'NONE',  ( -2.803121111172680369, 23.86743551210722813, 0.4021141052503349744 ) ) ;
#3230 = VERTEX_POINT ( 'NONE', #7671 ) ;
#3231 = CARTESIAN_POINT ( 'NONE',  ( -2.033803530543925930, 25.41631297136479617, 0.04642633977131425949 ) ) ;
#3232 = DIRECTION ( 'NONE',  ( 1.000000000000000000, 0.000000000000000000, 0.000000000000000000 ) ) ;
#3233 = CARTESIAN_POINT ( 'NONE',  ( -0.5159333619569892448, 24.22468958390638250, 0.3443577181700016032 ) ) ;
#3234 = CARTESIAN_POINT ( 'NONE',  ( -2.763121762901317169, 25.31765319378504486, 0.3424523049807028929 ) ) ;
#3235 = CARTESIAN_POINT ( 'NONE',  ( -2.166396753245733109, 23.94732828467304842, 0.04348866157560805912 ) ) ;
#3236 = EDGE_CURVE ( 'NONE', #2406, #5924, #4148, .T. ) ;
#3237 = CARTESIAN_POINT ( 'NONE',  ( -2.576500847995817356, 23.73369721492765549, 0.3407727302436736050 ) ) ;
#3238 = DIRECTION ( 'NONE',  ( 0.000000000000000000, 1.000000000000000000, -3.574581707739659774E-15 ) ) ;
#3239 = DIRECTION ( 'NONE',  ( 0.000000000000000000, 0.000000000000000000, 1.000000000000000000 ) ) ;
#3240 = CARTESIAN_POINT ( 'NONE',  ( -0.6431611805224771716, 23.88628548392256690, 0.3427135511531171908 ) ) ;
#3241 = ORIENTED_EDGE ( 'NONE', *, *, #657, .T. ) ;
#3242 = CARTESIAN_POINT ( 'NONE',  ( -2.523845186111435712, 24.60901979766714831, 0.05006358187105870022 ) ) ;
#3243 = CARTESIAN_POINT ( 'NONE',  ( -2.204699273614247446, 25.29870447447462212, 0.09861991753767743174 ) ) ;
#3244 = CARTESIAN_POINT ( 'NONE',  ( -1.144362854308477173, 23.50946180675299146, 0.4499999999996858180 ) ) ;
#3245 = CARTESIAN_POINT ( 'NONE',  ( -0.5091582973675745638, 24.81439327464555689, 0.3462439959000275791 ) ) ;
#3246 = EDGE_CURVE ( 'NONE', #272, #5169, #1287, .T. ) ;
#3247 = CARTESIAN_POINT ( 'NONE',  ( -2.330318498457543352, 24.11672244002448551, 0.09625879009901625039 ) ) ;
#3248 = CARTESIAN_POINT ( 'NONE',  ( -2.532506893837635165, 25.66512645454359998, 0.4382319632553159372 ) ) ;
#3249 = CARTESIAN_POINT ( 'NONE',  ( -1.878435567945616169, 23.46149606299213630, 0.3578414409397489004 ) ) ;
#3250 = EDGE_CURVE ( 'NONE', #2104, #4987, #5546, .T. ) ;
#3251 = CARTESIAN_POINT ( 'NONE',  ( -0.6931496062992357210, 25.62685039370080986, 0.1999999999996782130 ) ) ;
#3252 = EDGE_LOOP ( 'NONE', ( #4359, #6056, #4112, #509 ) ) ;
#3253 = CARTESIAN_POINT ( 'NONE',  ( -0.5670905130495245139, 25.27026238368810240, 0.3429903122922330350 ) ) ;
#3254 = VERTEX_POINT ( 'NONE', #8467 ) ;
#3255 = CARTESIAN_POINT ( 'NONE',  ( -2.448019648599774278, 24.60259861694120787, 0.05030735097768035402 ) ) ;
#3256 = VERTEX_POINT ( 'NONE', #7765 ) ;
#3257 = CARTESIAN_POINT ( 'NONE',  ( -0.8992215059524915066, 24.12215019217588718, 0.1033693726973358845 ) ) ;
#3258 = APPLICATION_CONTEXT ( 'automotive_design' ) ;
#3259 = CARTESIAN_POINT ( 'NONE',  ( -0.6340205072047475632, 25.44934927074805486, 0.3999999999996788347 ) ) ;
#3260 = CARTESIAN_POINT ( 'NONE',  ( -2.266074944133257940, 23.52520679055584196, 0.4499999999996855404 ) ) ;
#3261 = ORIENTED_EDGE ( 'NONE', *, *, #8106, .T. ) ;
#3262 = CARTESIAN_POINT ( 'NONE',  ( -0.5241477380789629770, 24.46765860495928990, 0.3999999999996821654 ) ) ;
#3263 = CARTESIAN_POINT ( 'NONE',  ( -1.399972048412433612, 23.83965916384756412, 0.04741494660705647401 ) ) ;
#3264 = CARTESIAN_POINT ( 'NONE',  ( -2.830655411512998931, 24.99467922547272991, 0.4499999999996805444 ) ) ;
#3265 = CARTESIAN_POINT ( 'NONE',  ( -0.8701136215000776497, 24.91690108399282622, 0.04999989765642077338 ) ) ;
#3266 = CARTESIAN_POINT ( 'NONE',  ( -2.858503937007898177, 25.01352061365001589, 0.3582572249172351064 ) ) ;
#3267 = CARTESIAN_POINT ( 'NONE',  ( -2.728402694637729997, 23.91894136327369580, 0.4499999999996843747 ) ) ;
#3268 = CARTESIAN_POINT ( 'NONE',  ( -2.287637795275386576, 23.86307086614182182, 0.000000000000000000 ) ) ;
#3269 = CARTESIAN_POINT ( 'NONE',  ( -2.564020733102583272, 24.40618614108762330, 0.1058686469833242660 ) ) ;
#3270 = CARTESIAN_POINT ( 'NONE',  ( -1.590893096480152868, 23.40829198387550036, 0.4062762709097689773 ) ) ;
#3271 = CARTESIAN_POINT ( 'NONE',  ( -1.304065029167179146, 25.87935668132795186, 0.4050171120030021665 ) ) ;
#3272 = CARTESIAN_POINT ( 'NONE',  ( -2.731826409598202776, 25.36937975540788770, 0.3423556151344999132 ) ) ;
#3273 = CARTESIAN_POINT ( 'NONE',  ( -2.084792295112908533, 25.79485100536688336, 0.4499999999996777134 ) ) ;
#3274 = CARTESIAN_POINT ( 'NONE',  ( -0.6029552758442101590, 23.95708662552780055, 0.4499999999996840971 ) ) ;
#3275 = CARTESIAN_POINT ( 'NONE',  ( -2.858503937755881630, 24.29148821507360978, 0.3580813358807153901 ) ) ;
#3276 = CARTESIAN_POINT ( 'NONE',  ( -0.5356692913910998666, 25.39456692905514146, 0.4499999999996789901 ) ) ;
#3277 = CARTESIAN_POINT ( 'NONE',  ( -1.413410649440646649, 23.76672035617911760, 0.1012981367634499807 ) ) ;
#3278 = ORIENTED_EDGE ( 'NONE', *, *, #8412, .F. ) ;
#3279 = CARTESIAN_POINT ( 'NONE',  ( -2.180986319543872565, 25.53195029667411831, 0.1647292643117592159 ) ) ;
#3280 = CARTESIAN_POINT ( 'NONE',  ( -2.858503937007897289, 25.66622047220959146, 0.6074803150392285023 ) ) ;
#3281 = EDGE_CURVE ( 'NONE', #520, #6828, #2787, .T. ) ;
#3282 = CARTESIAN_POINT ( 'NONE',  ( -0.7981618844421474179, 24.36883498487895849, 0.1054580525222497678 ) ) ;
#3283 = CLOSED_SHELL ( 'NONE', ( #189, #8280, #2127, #3642, #4128, #3284, #3073, #4108, #196, #1044, #6613, #180, #5459, #1601, #6607, #4628, #6188, #8191, #7989, #1614, #4516, #1683, #1052, #3779, #1334, #4946, #5244, #5490, #8406, #7248, #7305, #3285, #6013, #5916, #870, #5646, #40, #8396, #2715, #2562, #8008, #1064, #8562, #5934, #3809, #5223, #1336, #3791, #3629, #7880, #754, #3573, #2118, #745, #3822, #8285, #1570, #8081, #8293, #5020, #5175, #5712, #6831, #4958, #5070, #2997, #1909, #630, #3672, #2820, #6199, #8932, #739, #2954, #5050, #2382, #6066, #8405, #6133, #1729, #6035, #8820, #2723, #8375, #3974, #9108, #2606, #8235, #1726, #496, #72, #4476, #6700, #2021, #4507, #9087, #2953, #5772, #8805, #921, #2596, #2300, #6732, #6418, #4328, #9275, #4945, #2828, #7307, #60, #7448, #6041, #1626, #3369, #8128, #358, #644, #168, #5721, #9252, #8847, #8978, #6529, #5594, #1860, #5751, #4253, #7260, #5369, #995, #363, #6581, #3403, #5359 ) ) ;
#3284 = ADVANCED_FACE ( 'NONE', ( #6395 ), #9206, .T. ) ;
#3285 = ADVANCED_FACE ( 'NONE', ( #9253 ), #8904, .T. ) ;
#3286 = CARTESIAN_POINT ( 'NONE',  ( -2.475253558739527904, 24.92655317549092686, 0.04508946409759270746 ) ) ;
#3287 = CARTESIAN_POINT ( 'NONE',  ( -2.074831459158427371, 23.63333563091356382, 0.2242358357735770025 ) ) ;
#3288 = CARTESIAN_POINT ( 'NONE',  ( -2.456929133858058556, 25.25283464566937752, 0.1406219481137812310 ) ) ;
#3289 = CARTESIAN_POINT ( 'NONE',  ( -0.6537795279366294121, 25.82370078740159869, 0.6074803150392285023 ) ) ;
#3290 = CARTESIAN_POINT ( 'NONE',  ( -2.357529910644888371, 23.56461545121189616, 0.3999999999996853850 ) ) ;
#3291 = CARTESIAN_POINT ( 'NONE',  ( -0.7102507072409735001, 23.80146739142987755, 0.3427135460768104269 ) ) ;
#3292 = ORIENTED_EDGE ( 'NONE', *, *, #4119, .T. ) ;
#3293 = EDGE_CURVE ( 'NONE', #1629, #3785, #4107, .T. ) ;
#3294 = LINE ( 'NONE', #4795, #8189 ) ;
#3295 = CARTESIAN_POINT ( 'NONE',  ( -2.388579452950372328, 25.34056971884521658, 0.2059593594243316617 ) ) ;
#3296 = EDGE_CURVE ( 'NONE', #8603, #8548, #4215, .T. ) ;
#3297 = CARTESIAN_POINT ( 'NONE',  ( -1.261547379256848789, 23.49164431701131051, 0.4499999999996859290 ) ) ;
#3298 = CARTESIAN_POINT ( 'NONE',  ( -0.9774679461251356560, 25.13046961308798899, 0.04571697432813934259 ) ) ;
#3299 = CARTESIAN_POINT ( 'NONE',  ( -1.323325749849092015, 25.42212598425205883, 0.000000000000000000 ) ) ;
#3300 = CARTESIAN_POINT ( 'NONE',  ( -2.777971417670472842, 25.40413903380663641, 0.4431958260125134497 ) ) ;
#3301 = DIRECTION ( 'NONE',  ( 0.000000000000000000, 1.000000000000000000, -3.854941057726282076E-15 ) ) ;
#3302 = CARTESIAN_POINT ( 'NONE',  ( -2.183205563455227427, 25.78193736730369068, 0.3999999999996777245 ) ) ;
#3303 = ORIENTED_EDGE ( 'NONE', *, *, #9121, .F. ) ;
#3304 = CARTESIAN_POINT ( 'NONE',  ( -0.7463183624844493824, 25.03711262142426008, 0.1655811204397309999 ) ) ;
#3305 = EDGE_LOOP ( 'NONE', ( #3082, #6497, #5296, #4385 ) ) ;
#3306 = EDGE_CURVE ( 'NONE', #4012, #5741, #8899, .T. ) ;
#3307 = CARTESIAN_POINT ( 'NONE',  ( -1.991085846109202251, 23.93757764071470362, 0.05030735097768035402 ) ) ;
#3308 = ORIENTED_EDGE ( 'NONE', *, *, #8922, .F. ) ;
#3309 = CARTESIAN_POINT ( 'NONE',  ( -2.371257965381096788, 23.88472731654218606, 0.1666312003851936063 ) ) ;
#3310 = CARTESIAN_POINT ( 'NONE',  ( -2.415663872723579519, 24.41805087280942388, 0.05000000000000000278 ) ) ;
#3311 = CARTESIAN_POINT ( 'NONE',  ( -2.338742202036073969, 23.55537991675991449, 0.4499999999996857625 ) ) ;
#3312 = ORIENTED_EDGE ( 'NONE', *, *, #306, .T. ) ;
#3313 = CARTESIAN_POINT ( 'NONE',  ( -0.5806454920384315210, 23.87537940882234722, 0.4432038691916631024 ) ) ;
#3314 = CARTESIAN_POINT ( 'NONE',  ( -1.353497194028648654, 23.69502037893043322, 0.1663928773623183366 ) ) ;
#3315 = CARTESIAN_POINT ( 'NONE',  ( -2.813249480703079897, 25.16342280095733841, 0.4499999999996799338 ) ) ;
#3316 = CARTESIAN_POINT ( 'NONE',  ( -2.653301063320975040, 23.82032142856495227, 0.4499999999996846523 ) ) ;
#3317 = CARTESIAN_POINT ( 'NONE',  ( -2.736604505770463103, 24.32694323388093594, 0.2553471450888245564 ) ) ;
#3318 = B_SPLINE_SURFACE_WITH_KNOTS ( 'NONE', 3, 1, ( 
 ( #7479, #5971 ),
 ( #1742, #8135 ),
 ( #4608, #3147 ),
 ( #4004, #3853 ),
 ( #6075, #8229 ),
 ( #8882, #1038 ),
 ( #4708, #4512 ),
 ( #6882, #433 ),
 ( #3198, #5409 ),
 ( #7429, #8984 ),
 ( #2444, #6784 ),
 ( #3299, #4655 ) ),
 .UNSPECIFIED., .F., .F., .F.,
 ( 4, 2, 2, 2, 2, 4 ),
 ( 2, 2 ),
 ( 0.000000000000000000, 0.2499999999999996669, 0.4999999999999993339, 0.7499999999999990008, 0.8749999999999995559, 1.000000000000000000 ),
 ( 0.000000000000000000, 1.000000000000000000 ),
 .UNSPECIFIED. ) ;
#3319 = B_SPLINE_CURVE_WITH_KNOTS ( 'NONE', 3,
 ( #5570, #4126, #2088, #9143, #4865, #4949 ),
 .UNSPECIFIED., .F., .F.,
 ( 4, 2, 4 ),
 ( 1.230792276571175643E-11, 0.003046629039812055479, 0.006093258067316188048 ),
 .UNSPECIFIED. ) ;
#3320 = FACE_OUTER_BOUND ( 'NONE', #849, .T. ) ;
#3321 = LINE ( 'NONE', #3220, #7153 ) ;
#3322 = CARTESIAN_POINT ( 'NONE',  ( -2.636369190030796172, 24.40707345180121735, 0.1659520371708235187 ) ) ;
#3323 = CARTESIAN_POINT ( 'NONE',  ( -1.578695113483399304, 23.73759298274397267, 0.1072331584247248476 ) ) ;
#3324 = CARTESIAN_POINT ( 'NONE',  ( -1.984109822483260954, 23.84501087706640021, 0.000000000000000000 ) ) ;
#3325 = CARTESIAN_POINT ( 'NONE',  ( -1.415457662869454847, 25.74057489844742364, 0.2857680952383722106 ) ) ;
#3326 = CARTESIAN_POINT ( 'NONE',  ( -0.9451158648705673126, 24.03992191154606317, 0.1726246579399564052 ) ) ;
#3327 = CARTESIAN_POINT ( 'NONE',  ( -0.6093249210836532148, 23.94572189816749841, 0.4499999999996843192 ) ) ;
#3328 = DIRECTION ( 'NONE',  ( -1.000000000000000000, 0.000000000000000000, 0.000000000000000000 ) ) ;
#3329 = CARTESIAN_POINT ( 'NONE',  ( -1.430273438971648714, 23.82797227290686237, 0.05000000000000011380 ) ) ;
#3330 = CARTESIAN_POINT ( 'NONE',  ( -2.683697252495873542, 23.99879114010302317, 0.2833648639565331528 ) ) ;
#3331 = ORIENTED_EDGE ( 'NONE', *, *, #2401, .F. ) ;
#3332 = CARTESIAN_POINT ( 'NONE',  ( -2.139757107712537909, 25.45822134886642374, 0.1053087318493408364 ) ) ;
#3333 = CARTESIAN_POINT ( 'NONE',  ( -1.323298078378674525, 23.86307086614182182, -0.7113766561454782922 ) ) ;
#3334 = CARTESIAN_POINT ( 'NONE',  ( -2.497084339468218506, 25.08985612492947226, 0.1035564240483075465 ) ) ;
#3335 = CARTESIAN_POINT ( 'NONE',  ( -2.092914508432684784, 23.71965863456044232, 0.1638845424407501250 ) ) ;
#3336 = CARTESIAN_POINT ( 'NONE',  ( -1.183470813966200463, 25.43715647535802304, 0.1033340546324525433 ) ) ;
#3337 = CARTESIAN_POINT ( 'NONE',  ( -2.219243415666697583, 23.86307086614179696, 0.1124308377712780749 ) ) ;
#3338 = CARTESIAN_POINT ( 'NONE',  ( -2.320530903550235280, 23.54622188655645942, 0.3999999999996859956 ) ) ;
#3339 = CARTESIAN_POINT ( 'NONE',  ( -0.7748748726886072191, 23.85766944039411186, 0.2833138610741866570 ) ) ;
#3340 = VERTEX_POINT ( 'NONE', #1429 ) ;
#3341 = CARTESIAN_POINT ( 'NONE',  ( -2.477235449044320692, 24.94114458084041530, 0.04991720851898398537 ) ) ;
#3342 = CARTESIAN_POINT ( 'NONE',  ( -2.352580103117353882, 25.36834730180573061, 0.2023444373639250726 ) ) ;
#3343 = CARTESIAN_POINT ( 'NONE',  ( -1.272203009447365307, 23.49097729250119571, 0.4499999999996859290 ) ) ;
#3344 = CARTESIAN_POINT ( 'NONE',  ( -0.9627211546883768234, 25.37652590130801400, 0.1645144282988025841 ) ) ;
#3345 = CIRCLE ( 'NONE', #3186, 0.01968503929065191713 ) ;
#3346 = DIRECTION ( 'NONE',  ( 0.000000000000000000, -1.000000000000000000, 0.000000000000000000 ) ) ;
#3347 = CARTESIAN_POINT ( 'NONE',  ( -0.5574392570877733100, 23.86436083771645400, 0.3999999999996844413 ) ) ;
#3348 = CARTESIAN_POINT ( 'NONE',  ( -0.8372264855945417139, 24.53785457125678349, 0.05000277253023348994 ) ) ;
#3349 = CARTESIAN_POINT ( 'NONE',  ( -0.6931496062992357210, 25.62685039370080986, 0.3999999999996782241 ) ) ;
#3350 = VERTEX_POINT ( 'NONE', #8495 ) ;
#3351 = CARTESIAN_POINT ( 'NONE',  ( -0.7578202904563884346, 25.26423003360202557, 0.2239171004520342512 ) ) ;
#3352 = VERTEX_POINT ( 'NONE', #8616 ) ;
#3353 = CARTESIAN_POINT ( 'NONE',  ( -2.411272721137433628, 24.39376160258791160, 0.05030735097768035402 ) ) ;
#3354 = VERTEX_POINT ( 'NONE', #2010 ) ;
#3355 = CARTESIAN_POINT ( 'NONE',  ( -0.8356572620693990538, 24.06236054039111494, 0.1631138047167776106 ) ) ;
#3356 = CARTESIAN_POINT ( 'NONE',  ( -2.456929133858063885, 24.99667416960728161, -0.7113766561454782922 ) ) ;
#3357 = CARTESIAN_POINT ( 'NONE',  ( -2.362914693006846090, 23.56814915076897776, 0.4499999999996857070 ) ) ;
#3358 = VERTEX_POINT ( 'NONE', #2718 ) ;
#3359 = EDGE_CURVE ( 'NONE', #8238, #1650, #1663, .T. ) ;
#3360 = CARTESIAN_POINT ( 'NONE',  ( -1.001396037710391207, 24.28169712611900621, 0.04606796130808341744 ) ) ;
#3361 = CARTESIAN_POINT ( 'NONE',  ( -1.239114343406228613, 23.81519038632412943, 0.1054566903639354292 ) ) ;
#3362 = LINE ( 'NONE', #9093, #4819 ) ;
#3363 = CARTESIAN_POINT ( 'NONE',  ( -0.8747863170879013328, 24.93254957063126298, 0.05000143506394820470 ) ) ;
#3364 = CARTESIAN_POINT ( 'NONE',  ( -0.5242686960294554721, 24.27863538042043245, 0.3999999999996829980 ) ) ;
#3365 = CARTESIAN_POINT ( 'NONE',  ( -0.5553543307086845626, 25.33578019141734572, 0.3999999999996792233 ) ) ;
#3366 = CARTESIAN_POINT ( 'NONE',  ( -1.458008776670850271, 23.75298893210111117, 0.1060805749197072378 ) ) ;
#3367 = CARTESIAN_POINT ( 'NONE',  ( -2.453568303395848638, 23.62927555268986879, 0.3999999999996853850 ) ) ;
#3368 = CARTESIAN_POINT ( 'NONE',  ( -1.531809306915743907, 25.54268362512255663, 0.1068531135364732682 ) ) ;
#3369 = ADVANCED_FACE ( 'NONE', ( #9241 ), #5625, .F. ) ;
#3370 = CARTESIAN_POINT ( 'NONE',  ( -1.153188976377882424, 24.01953756440791565, 0.07954567060730430295 ) ) ;
#3371 = CARTESIAN_POINT ( 'NONE',  ( -2.440439969045564261, 25.32655374557377215, 0.1646820480001247589 ) ) ;
#3372 = CARTESIAN_POINT ( 'NONE',  ( -0.4962992125984481695, 24.25046426152378487, 0.3586570792707340360 ) ) ;
#3373 = CARTESIAN_POINT ( 'NONE',  ( -1.939561700688217982, 25.52652559276369360, 0.1073767649585986028 ) ) ;
#3374 = ORIENTED_EDGE ( 'NONE', *, *, #504, .F. ) ;
#3375 = CARTESIAN_POINT ( 'NONE',  ( -2.461033594119840906, 24.12579322264616977, 0.1051284305167730360 ) ) ;
#3376 = ORIENTED_EDGE ( 'NONE', *, *, #7318, .F. ) ;
#3377 = CARTESIAN_POINT ( 'NONE',  ( -2.494456526282207598, 25.39462511026547631, 0.2239141801488998551 ) ) ;
#3378 = DIRECTION ( 'NONE',  ( 0.000000000000000000, 0.000000000000000000, -1.000000000000000000 ) ) ;
#3379 = CARTESIAN_POINT ( 'NONE',  ( -2.840037625034216973, 25.04842563718305470, 0.3444764568468123844 ) ) ;
#3380 = CARTESIAN_POINT ( 'NONE',  ( -2.317199098361328424, 23.63512051734102570, 0.2826381388091416258 ) ) ;
#3381 = CARTESIAN_POINT ( 'NONE',  ( -1.157027748389666488, 25.42066708406992603, 0.1032762611452482659 ) ) ;
#3382 = CARTESIAN_POINT ( 'NONE',  ( -1.026497825934344021, 25.73576305606153269, 0.3999999999996778355 ) ) ;
#3383 = CARTESIAN_POINT ( 'NONE',  ( -0.4729061213953620890, 25.00734104913249212, 0.4431958362722971945 ) ) ;
#3384 = CARTESIAN_POINT ( 'NONE',  ( -1.049394355224918307, 24.06457036817117157, 0.04571512628860337213 ) ) ;
#3385 = B_SPLINE_CURVE_WITH_KNOTS ( 'NONE', 3,
 ( #4211, #2847, #7791, #6381 ),
 .UNSPECIFIED., .F., .F.,
 ( 4, 4 ),
 ( 0.0001261658099232337816, 0.002005734703832788828 ),
 .UNSPECIFIED. ) ;
#3386 = EDGE_LOOP ( 'NONE', ( #3564, #7196, #4712, #4381 ) ) ;
#3387 = DIRECTION ( 'NONE',  ( 6.123233995736998996E-17, 3.552713678800503296E-15, 1.000000000000000000 ) ) ;
#3388 = CARTESIAN_POINT ( 'NONE',  ( -2.331532599870679068, 25.37568278400340560, 0.1962737692262399303 ) ) ;
#3389 = DIRECTION ( 'NONE',  ( 6.123233995736998996E-17, 3.552713678800503296E-15, 1.000000000000000000 ) ) ;
#3390 = CARTESIAN_POINT ( 'NONE',  ( -1.117280472771618571, 25.28662828707619070, 0.04571512284976523427 ) ) ;
#3391 = B_SPLINE_CURVE_WITH_KNOTS ( 'NONE', 3,
 ( #7946, #1593, #3755, #801 ),
 .UNSPECIFIED., .F., .F.,
 ( 4, 4 ),
 ( 0.000000000000000000, 0.004779251679196689327 ),
 .UNSPECIFIED. ) ;
#3392 = CARTESIAN_POINT ( 'NONE',  ( -1.140493363987391096, 25.77526084607325174, 0.3999999999996776689 ) ) ;
#3393 = CARTESIAN_POINT ( 'NONE',  ( -2.448019648599774278, 24.60259861694120787, 0.03333333333333333981 ) ) ;
#3394 = CARTESIAN_POINT ( 'NONE',  ( -0.8625659604186542984, 24.39635484382500863, 0.04999998175201361694 ) ) ;
#3395 = CARTESIAN_POINT ( 'NONE',  ( -1.924529543602370829, 25.45722472983784712, -0.7113766561454782922 ) ) ;
#3396 = ORIENTED_EDGE ( 'NONE', *, *, #715, .T. ) ;
#3397 = CARTESIAN_POINT ( 'NONE',  ( -1.788270817219197228, 23.87565896934985687, 0.05030735097768035402 ) ) ;
#3398 = VERTEX_POINT ( 'NONE', #2177 ) ;
#3399 = CARTESIAN_POINT ( 'NONE',  ( -0.9041186245281830347, 24.29183362056305029, 0.04435391397556127241 ) ) ;
#3400 = EDGE_CURVE ( 'NONE', #102, #2743, #1371, .T. ) ;
#3401 = CARTESIAN_POINT ( 'NONE',  ( -2.731377620420631480, 25.36162151770076534, 0.3999999999996792233 ) ) ;
#3402 = EDGE_CURVE ( 'NONE', #7812, #7573, #5040, .T. ) ;
#3403 = ADVANCED_FACE ( 'NONE', ( #4305, #7793 ), #4263, .T. ) ;
#3404 = CARTESIAN_POINT ( 'NONE',  ( -0.8978740157478256600, 24.25671526743998641, 0.05885846151945360594 ) ) ;
#3405 = VERTEX_POINT ( 'NONE', #1346 ) ;
#3406 = CARTESIAN_POINT ( 'NONE',  ( -1.045581272195091449, 24.20950433110907341, 0.04606796130808337580 ) ) ;
#3407 = CARTESIAN_POINT ( 'NONE',  ( -1.191810720718418315, 23.65648083656617828, 0.2245552711916992683 ) ) ;
#3408 = CARTESIAN_POINT ( 'NONE',  ( -2.455677170991409586, 23.52266114469902547, 0.3999999999996855515 ) ) ;
#3409 = CYLINDRICAL_SURFACE ( 'NONE', #965, 0.08858267716535331293 ) ;
#3410 = CARTESIAN_POINT ( 'NONE',  ( -0.6537795277017081075, 23.41149606299214625, 0.6074803150392285023 ) ) ;
#3411 = AXIS2_PLACEMENT_3D ( 'NONE', #6644, #6132, #4058 ) ;
#3412 = EDGE_CURVE ( 'NONE', #1793, #4807, #2765, .T. ) ;
#3413 = DIRECTION ( 'NONE',  ( 6.123233995736998996E-17, 3.552713678800503296E-15, 1.000000000000000000 ) ) ;
#3414 = CARTESIAN_POINT ( 'NONE',  ( -1.521159811120300409, 23.81296250610667897, 0.04685202376670551810 ) ) ;
#3415 = CARTESIAN_POINT ( 'NONE',  ( -1.340659599174575334, 23.85594160488791360, 0.000000000000000000 ) ) ;
#3416 = CARTESIAN_POINT ( 'NONE',  ( -1.763921672227384052, 25.87690488987080784, 0.4062762484780943484 ) ) ;
#3417 = DIRECTION ( 'NONE',  ( -1.000000000000000000, 0.000000000000000000, 0.000000000000000000 ) ) ;
#3418 = CARTESIAN_POINT ( 'NONE',  ( -2.340176055141041545, 24.24458301321844189, 0.000000000000000000 ) ) ;
#3419 = CARTESIAN_POINT ( 'NONE',  ( -1.115633677247896305, 23.51613009870719040, 0.4499999999996858180 ) ) ;
#3420 = ORIENTED_EDGE ( 'NONE', *, *, #6440, .T. ) ;
#3421 = CARTESIAN_POINT ( 'NONE',  ( -0.6512523931960998436, 23.88307820530123493, 0.3999999999996843858 ) ) ;
#3422 = DIRECTION ( 'NONE',  ( 0.000000000000000000, 0.000000000000000000, -1.000000000000000000 ) ) ;
#3423 = CARTESIAN_POINT ( 'NONE',  ( -2.218757169815439578, 25.30379371244852038, 0.04571389202355218007 ) ) ;
#3424 = EDGE_CURVE ( 'NONE', #6480, #3615, #2117, .T. ) ;
#3425 = AXIS2_PLACEMENT_3D ( 'NONE', #9224, #1588, #4419 ) ;
#3426 = CARTESIAN_POINT ( 'NONE',  ( -1.153188976377882202, 25.27251968503944468, 0.08320441844100680273 ) ) ;
#3427 = CARTESIAN_POINT ( 'NONE',  ( -2.450543808875467633, 24.99330383179689719, 0.04424200418347375152 ) ) ;
#3428 = CARTESIAN_POINT ( 'NONE',  ( -2.056841633182036944, 23.88248287137469816, 0.04396013555092104230 ) ) ;
#3429 = CARTESIAN_POINT ( 'NONE',  ( -1.109144650580367930, 25.49219206790591841, 0.1630485335059522478 ) ) ;
#3430 = CARTESIAN_POINT ( 'NONE',  ( -1.325320872660492810, 25.79578747166878117, 0.3999999999996326494 ) ) ;
#3431 = CARTESIAN_POINT ( 'NONE',  ( -1.562369841847013552, 23.87668579007571523, 0.05000000000000004441 ) ) ;
#3432 = CARTESIAN_POINT ( 'NONE',  ( -0.9851850558440994332, 24.14383046175364456, 0.04571512561526319685 ) ) ;
#3433 = CARTESIAN_POINT ( 'NONE',  ( -2.839676227837162337, 25.26471081896544391, 0.4381353998082435641 ) ) ;
#3434 = ORIENTED_EDGE ( 'NONE', *, *, #5636, .F. ) ;
#3435 = CARTESIAN_POINT ( 'NONE',  ( -0.4962992125984483915, 25.48905511771361532, 0.3999999999996788347 ) ) ;
#3436 = CARTESIAN_POINT ( 'NONE',  ( -2.661653543307109793, 25.71543307086616181, 0.4499999999996779909 ) ) ;
#3437 = CARTESIAN_POINT ( 'NONE',  ( -0.9498555277435224431, 25.23828070852018968, 0.1051135382970185411 ) ) ;
#3438 = LINE ( 'NONE', #7809, #4219 ) ;
#3439 = CARTESIAN_POINT ( 'NONE',  ( -2.773794095250607938, 25.39761474981177258, 0.4382319632553173250 ) ) ;
#3440 = DIRECTION ( 'NONE',  ( 0.000000000000000000, 1.000000000000000000, -3.469446951953611428E-15 ) ) ;
#3441 = CARTESIAN_POINT ( 'NONE',  ( -0.4962992125984482805, 23.61897637814962536, 0.4499999999996855959 ) ) ;
#3442 = VERTEX_POINT ( 'NONE', #2848 ) ;
#3443 = CARTESIAN_POINT ( 'NONE',  ( -0.9835409105522210371, 25.40046713524011679, 0.1666329398623170033 ) ) ;
#3444 = ORIENTED_EDGE ( 'NONE', *, *, #70, .T. ) ;
#3445 = CARTESIAN_POINT ( 'NONE',  ( -2.746887054904683989, 25.33813501713749616, 0.3999999999996793343 ) ) ;
#3446 = DIRECTION ( 'NONE',  ( 6.123233995736998996E-17, 3.552713678800503296E-15, 1.000000000000000000 ) ) ;
#3447 = VERTEX_POINT ( 'NONE', #4956 ) ;
#3448 = CARTESIAN_POINT ( 'NONE',  ( -1.011066119267374441, 24.25305361374378066, 0.05000000000000000971 ) ) ;
#3449 = CARTESIAN_POINT ( 'NONE',  ( -1.191709470176338215, 23.84021401732135814, 0.1052179938199934300 ) ) ;
#3450 = CARTESIAN_POINT ( 'NONE',  ( -1.942814495896538762, 25.45257582347653269, 0.000000000000000000 ) ) ;
#3451 = CARTESIAN_POINT ( 'NONE',  ( -0.8270653677202003395, 25.70978691820789663, 0.3999999999996411426 ) ) ;
#3452 = FACE_OUTER_BOUND ( 'NONE', #8176, .T. ) ;
#3453 = LINE ( 'NONE', #7077, #2660 ) ;
#3454 = CARTESIAN_POINT ( 'NONE',  ( -1.415546013000190895, 23.76094107931906763, 0.1055224397898980315 ) ) ;
#3455 = DIRECTION ( 'NONE',  ( 0.000000000000000000, 1.000000000000000000, -3.552713678800503296E-15 ) ) ;
#3456 = CARTESIAN_POINT ( 'NONE',  ( -1.881928803254539817, 25.74274836908908526, 0.2861487145099416152 ) ) ;
#3457 = CARTESIAN_POINT ( 'NONE',  ( -1.006361801897640795, 24.11027072077362021, 0.1088979258452454912 ) ) ;
#3458 = LINE ( 'NONE', #1427, #5913 ) ;
#3459 = CARTESIAN_POINT ( 'NONE',  ( -0.9534616470374677188, 23.59178277206937580, 0.4499999999996855404 ) ) ;
#3460 = ORIENTED_EDGE ( 'NONE', *, *, #1425, .T. ) ;
#3461 = PLANE ( 'NONE',  #4355 ) ;
#3462 = CARTESIAN_POINT ( 'NONE',  ( -1.014380290316210242, 25.82370078740159869, 0.3999999999996777245 ) ) ;
#3463 = CARTESIAN_POINT ( 'NONE',  ( -2.436058148167927317, 25.56920046031784821, 0.2833126177518797140 ) ) ;
#3464 = AXIS2_PLACEMENT_3D ( 'NONE', #3259, #8995, #6319 ) ;
#3465 = CARTESIAN_POINT ( 'NONE',  ( -0.6931496062992305029, 25.51326771653546643, 0.3655004881741764633 ) ) ;
#3466 = B_SPLINE_CURVE_WITH_KNOTS ( 'NONE', 3,
 ( #9016, #8318, #6108, #2577, #2527, #6209, #8363, #8264 ),
 .UNSPECIFIED., .F., .F.,
 ( 4, 2, 2, 4 ),
 ( 1.937457917025284330E-10, 0.001740262622398778148, 0.003480525051051764317, 0.006961049908357972577 ),
 .UNSPECIFIED. ) ;
#3467 = VECTOR ( 'NONE', #1563, 39.37007874015748143 ) ;
#3468 = CARTESIAN_POINT ( 'NONE',  ( -2.907946410393172698, 25.12509151325922474, 0.4038447898691705507 ) ) ;
#3469 = CARTESIAN_POINT ( 'NONE',  ( -2.261872537443572195, 23.70244095565587017, 0.2228929336482010914 ) ) ;
#3470 = CARTESIAN_POINT ( 'NONE',  ( -0.9555035579046334826, 25.70023661995780273, 0.3423584734999489121 ) ) ;
#3471 = CARTESIAN_POINT ( 'NONE',  ( -2.203865277473156414, 23.86307086614180406, 0.1064235611792140601 ) ) ;
#3472 = CARTESIAN_POINT ( 'NONE',  ( -1.488089280285405103, 23.89357906381047059, 0.05000000000000000278 ) ) ;
#3473 = CARTESIAN_POINT ( 'NONE',  ( -0.7677206286999740392, 24.00648773506445011, 0.2239141797954356528 ) ) ;
#3474 = CARTESIAN_POINT ( 'NONE',  ( -2.792378055347854549, 25.23930352134837207, 0.3999999999996796674 ) ) ;
#3475 = ORIENTED_EDGE ( 'NONE', *, *, #4178, .T. ) ;
#3476 = CARTESIAN_POINT ( 'NONE',  ( -2.557128828096463469, 24.36074156050149142, 0.1071161861413137961 ) ) ;
#3477 = CARTESIAN_POINT ( 'NONE',  ( -0.8314550049565015977, 24.68717284689910230, 0.05000000000000151545 ) ) ;
#3478 = AXIS2_PLACEMENT_3D ( 'NONE', #2806, #8535, #5578 ) ;
#3479 = CARTESIAN_POINT ( 'NONE',  ( -0.8097906457817781734, 25.69878817652602265, 0.4021130325688756502 ) ) ;
#3480 = LINE ( 'NONE', #1363, #2569 ) ;
#3481 = CARTESIAN_POINT ( 'NONE',  ( -1.835238119799104117, 23.80825602243062633, 0.000000000000000000 ) ) ;
#3482 = CARTESIAN_POINT ( 'NONE',  ( -0.8821151367726450809, 24.33032313116040513, 0.05000223284537389651 ) ) ;
#3483 = DIRECTION ( 'NONE',  ( -6.123233995736998996E-17, -3.552713678800503296E-15, -1.000000000000000000 ) ) ;
#3484 = AXIS2_PLACEMENT_3D ( 'NONE', #156, #676, #5129 ) ;
#3485 = ORIENTED_EDGE ( 'NONE', *, *, #2421, .F. ) ;
#3486 = VECTOR ( 'NONE', #7622, 39.37007874015748143 ) ;
#3487 = CARTESIAN_POINT ( 'NONE',  ( -1.156576523103311605, 25.77844616557226232, 0.4499999999996776023 ) ) ;
#3488 = ORIENTED_EDGE ( 'NONE', *, *, #4336, .T. ) ;
#3489 = CARTESIAN_POINT ( 'NONE',  ( -2.751581771588783365, 23.95610058911832851, 0.3999999999996838862 ) ) ;
#3490 = CARTESIAN_POINT ( 'NONE',  ( -2.913536061757370454, 24.32896573609617619, 0.4054007001782850561 ) ) ;
#3491 = CARTESIAN_POINT ( 'NONE',  ( -1.704624450499249821, 23.87141544882191369, 0.04999999999999999584 ) ) ;
#3492 = ORIENTED_EDGE ( 'NONE', *, *, #6448, .T. ) ;
#3493 = CARTESIAN_POINT ( 'NONE',  ( -0.6163031052795592268, 25.35140593376717177, 0.4499999999996792122 ) ) ;
#3494 = CARTESIAN_POINT ( 'NONE',  ( -1.076279653292025573, 23.70988945250246260, 0.2239455322347756738 ) ) ;
#3495 = CARTESIAN_POINT ( 'NONE',  ( -0.5275705548573509374, 25.07279091886005418, 0.4499999999996802669 ) ) ;
#3496 = DIRECTION ( 'NONE',  ( 0.000000000000000000, -1.000000000000000000, 3.532294194405620216E-15 ) ) ;
#3497 = CARTESIAN_POINT ( 'NONE',  ( -1.896194955877269717, 23.82119630521123810, 0.05002232524397552671 ) ) ;
#3498 = CARTESIAN_POINT ( 'NONE',  ( -1.366078699809982755, 23.61969191181146854, 0.2252555231126190660 ) ) ;
#3499 = CARTESIAN_POINT ( 'NONE',  ( -2.661653543307109793, 23.65834645669293579, 0.3999999999996853295 ) ) ;
#3500 = CARTESIAN_POINT ( 'NONE',  ( -2.015238024035905351, 25.87904780216489797, 0.4052596978931239380 ) ) ;
#3501 = CARTESIAN_POINT ( 'NONE',  ( -1.149758368446080592, 24.04031034879120199, 0.07015503523668324692 ) ) ;
#3502 = DIRECTION ( 'NONE',  ( -1.000000000000000000, 0.000000000000000000, 0.000000000000000000 ) ) ;
#3503 = CARTESIAN_POINT ( 'NONE',  ( -0.9489338390001035295, 25.69033764953028154, 0.4499999999996779909 ) ) ;
#3504 = EDGE_LOOP ( 'NONE', ( #3151, #1945 ) ) ;
#3505 = CARTESIAN_POINT ( 'NONE',  ( -1.966036367231412285, 25.59616218166496182, 0.1668313757023822119 ) ) ;
#3506 = CARTESIAN_POINT ( 'NONE',  ( -2.701023622047267203, 25.66622047244096905, 0.6074803150392285023 ) ) ;
#3507 = CARTESIAN_POINT ( 'NONE',  ( -2.368424516358522691, 25.27862629466138245, 0.1051148107993022801 ) ) ;
#3508 = DIRECTION ( 'NONE',  ( 0.000000000000000000, -1.000000000000000000, 3.532293795293271822E-15 ) ) ;
#3509 = CARTESIAN_POINT ( 'NONE',  ( -2.480109345441572355, 24.91135840426183634, 0.04531111970128848948 ) ) ;
#3510 = CARTESIAN_POINT ( 'NONE',  ( -1.962689489686560762, 23.69039667832297624, 0.1653938264621227228 ) ) ;
#3511 = CARTESIAN_POINT ( 'NONE',  ( -1.047685090790350104, 25.65556396041212039, 0.2826726188938278317 ) ) ;
#3512 = CARTESIAN_POINT ( 'NONE',  ( -1.710980013613659034, 25.48904208875346455, 0.05006358014439359072 ) ) ;
#3513 = EDGE_CURVE ( 'NONE', #3442, #1600, #3068, .T. ) ;
#3514 = CARTESIAN_POINT ( 'NONE',  ( -1.298126223406744995, 23.43783785522205676, 0.4432038780669230738 ) ) ;
#3515 = CARTESIAN_POINT ( 'NONE',  ( -0.5572533787956324147, 23.85929282486539904, 0.4021132348011769997 ) ) ;
#3516 = CARTESIAN_POINT ( 'NONE',  ( -2.876141639174475628, 25.05940412845549758, 0.4381353998082445633 ) ) ;
#3517 = ORIENTED_EDGE ( 'NONE', *, *, #2415, .F. ) ;
#3518 = CARTESIAN_POINT ( 'NONE',  ( -2.843603935289298779, 24.29824845558114177, 0.3454628436408890835 ) ) ;
#3519 = ORIENTED_EDGE ( 'NONE', *, *, #6284, .T. ) ;
#3520 = DIRECTION ( 'NONE',  ( 6.123233995736998996E-17, 3.552713678800503296E-15, 1.000000000000000000 ) ) ;
#3521 = VECTOR ( 'NONE', #5133, 39.37007874015748143 ) ;
#3522 = CARTESIAN_POINT ( 'NONE',  ( -0.8924725400860067381, 25.54512485350851847, 0.2833137277444277013 ) ) ;
#3523 = EDGE_CURVE ( 'NONE', #1313, #2008, #8435, .T. ) ;
#3524 = CARTESIAN_POINT ( 'NONE',  ( -1.190574520037036343, 25.78504330037629799, 0.4499999999996777689 ) ) ;
#3525 = CARTESIAN_POINT ( 'NONE',  ( -0.7231718146962365923, 24.91494723251880572, 0.1656202739180866745 ) ) ;
#3526 = CARTESIAN_POINT ( 'NONE',  ( -1.153188976377882424, 25.27251968503944468, 0.2999999999999999889 ) ) ;
#3527 = CARTESIAN_POINT ( 'NONE',  ( -0.8725937507448824348, 24.35995659451582895, 0.05000000078750718030 ) ) ;
#3528 = B_SPLINE_CURVE_WITH_KNOTS ( 'NONE', 3,
 ( #5209, #4463, #840, #8177, #986, #4558, #7330, #8083, #1737, #3849, #282, #1639, #6015, #4602, #887, #3894, #330, #6070, #8928, #3144, #7991, #4422, #1542, #939, #3798, #232 ),
 .UNSPECIFIED., .F., .F.,
 ( 4, 2, 2, 2, 2, 2, 2, 2, 2, 2, 2, 2, 4 ),
 ( 7.990073057509860492E-16, 0.0007944720288798869318, 0.001588944057758974807, 0.002383416086638062356, 0.003177888115517150339, 0.003575124129956694114, 0.003972360144396238323, 0.004369596158835782097, 0.004766832173275325872, 0.005164068187714869647, 0.005561304202154414289, 0.005958540216593958064, 0.006355776231033501839 ),
 .UNSPECIFIED. ) ;
#3529 = ORIENTED_EDGE ( 'NONE', *, *, #761, .T. ) ;
#3530 = CARTESIAN_POINT ( 'NONE',  ( -1.240627054156447251, 25.79175146277061970, 0.4499999999996776023 ) ) ;
#3531 = ORIENTED_EDGE ( 'NONE', *, *, #7609, .F. ) ;
#3532 = CARTESIAN_POINT ( 'NONE',  ( -0.7772119970853912374, 24.49699019897704844, 0.1069462855407301710 ) ) ;
#3533 = EDGE_CURVE ( 'NONE', #5404, #7068, #1848, .T. ) ;
#3534 = VECTOR ( 'NONE', #817, 39.37007874015748143 ) ;
#3535 = CARTESIAN_POINT ( 'NONE',  ( -2.807072585455056224, 24.09396610981109532, 0.3999999999996833311 ) ) ;
#3536 = CARTESIAN_POINT ( 'NONE',  ( -2.489825682907818472, 24.40773265507704437, 0.04582856726270354703 ) ) ;
#3537 = ORIENTED_EDGE ( 'NONE', *, *, #5135, .T. ) ;
#3538 = CARTESIAN_POINT ( 'NONE',  ( -0.5241477381242682920, 24.99467927368627329, 0.3999999999996803890 ) ) ;
#3539 = CARTESIAN_POINT ( 'NONE',  ( -1.121337353495911016, 23.42372443994349851, 0.4031839840716941459 ) ) ;
#3540 = CARTESIAN_POINT ( 'NONE',  ( -0.5257806238934915610, 25.04779726410545848, 0.4499999999996802669 ) ) ;
#3541 = ORIENTED_EDGE ( 'NONE', *, *, #1436, .T. ) ;
#3542 = CYLINDRICAL_SURFACE ( 'NONE', #8641, 0.01968503929065191713 ) ;
#3543 = CARTESIAN_POINT ( 'NONE',  ( -1.325320769396403975, 23.48934458847916673, 0.3999999999996858291 ) ) ;
#3544 = CARTESIAN_POINT ( 'NONE',  ( -2.667083894723087489, 25.33033782232458719, 0.2899381072041218865 ) ) ;
#3545 = CARTESIAN_POINT ( 'NONE',  ( -1.896796281419384389, 25.53220772404442585, 0.1060805780071433363 ) ) ;
#3546 = CARTESIAN_POINT ( 'NONE',  ( -1.993062833971811276, 25.70182006720375867, 0.2553630426334975168 ) ) ;
#3547 = DIRECTION ( 'NONE',  ( -1.000000000000000000, 0.000000000000000000, 0.000000000000000000 ) ) ;
#3548 = CARTESIAN_POINT ( 'NONE',  ( -1.218226110919051974, 23.49561432271398687, 0.3999999999996858291 ) ) ;
#3549 = CARTESIAN_POINT ( 'NONE',  ( -1.990679266355690924, 25.51480329548494552, 0.1066900484108107561 ) ) ;
#3550 = CARTESIAN_POINT ( 'NONE',  ( -0.8978740157478251049, 25.16908942082445932, 0.1058017758123766111 ) ) ;
#3551 = CARTESIAN_POINT ( 'NONE',  ( -2.230357028109495321, 25.40126372919952047, 0.1051156169239472610 ) ) ;
#3552 = CARTESIAN_POINT ( 'NONE',  ( -2.816799328515540601, 24.13702217999323096, 0.3999999999996836086 ) ) ;
#3553 = CARTESIAN_POINT ( 'NONE',  ( -2.629607061596333839, 24.92786421882051684, 0.1653940959464537397 ) ) ;
#3554 = CARTESIAN_POINT ( 'NONE',  ( -2.008686338698652651, 23.54834985152956151, 0.2851683069737709353 ) ) ;
#3555 = CARTESIAN_POINT ( 'NONE',  ( -1.401045036138509614, 25.44287859401450902, 0.04520030246135706836 ) ) ;
#3556 = CARTESIAN_POINT ( 'NONE',  ( -2.210439967715288834, 25.77573506045755281, 0.4499999999996777689 ) ) ;
#3557 = CARTESIAN_POINT ( 'NONE',  ( -1.325320769396233223, 23.48934458849233309, 0.3999999999996858291 ) ) ;
#3558 = FACE_OUTER_BOUND ( 'NONE', #993, .T. ) ;
#3559 = CARTESIAN_POINT ( 'NONE',  ( -2.766029690155925813, 25.40888291719081238, 0.4381353998082430645 ) ) ;
#3560 = ORIENTED_EDGE ( 'NONE', *, *, #2421, .T. ) ;
#3561 = VECTOR ( 'NONE', #6578, 39.37007874015748143 ) ;
#3562 = EDGE_CURVE ( 'NONE', #8687, #8603, #3016, .T. ) ;
#3563 = CARTESIAN_POINT ( 'NONE',  ( -2.842319641733257463, 24.26500598227063321, 0.3451911909177792226 ) ) ;
#3564 = ORIENTED_EDGE ( 'NONE', *, *, #7418, .T. ) ;
#3565 = CARTESIAN_POINT ( 'NONE',  ( -1.028493894356562022, 25.54319033392160776, 0.2239140810483925548 ) ) ;
#3566 = CARTESIAN_POINT ( 'NONE',  ( -0.9597955160343860648, 24.18685989878626330, 0.04364699490102066926 ) ) ;
#3567 = EDGE_CURVE ( 'NONE', #7100, #3254, #4763, .T. ) ;
#3568 = EDGE_CURVE ( 'NONE', #4849, #8047, #8680, .T. ) ;
#3569 = APPLICATION_PROTOCOL_DEFINITION ( 'draft international standard', 'automotive_design', 1998, #3258 ) ;
#3570 = CARTESIAN_POINT ( 'NONE',  ( -0.8669856646825424562, 24.88531354863550149, 0.04581910367192783967 ) ) ;
#3571 = DIRECTION ( 'NONE',  ( -6.123233995736998996E-17, -3.552713678800503296E-15, -1.000000000000000000 ) ) ;
#3572 = CARTESIAN_POINT ( 'NONE',  ( -1.346399998058074310, 23.85380688289239615, 0.04997935304674896995 ) ) ;
#3573 = ADVANCED_FACE ( 'NONE', ( #6753 ), #2536, .F. ) ;
#3574 = EDGE_LOOP ( 'NONE', ( #3606, #7024, #1597, #7243 ) ) ;
#3575 = CARTESIAN_POINT ( 'NONE',  ( -0.9911880614381647359, 25.71665273565996301, 0.4499999999996778799 ) ) ;
#3576 = CARTESIAN_POINT ( 'NONE',  ( -0.6432600411692038778, 24.47609360357767017, 0.2265459799879732672 ) ) ;
#3577 = CARTESIAN_POINT ( 'NONE',  ( -2.792597831732886338, 24.04641466907462544, 0.3999999999996840527 ) ) ;
#3578 = CARTESIAN_POINT ( 'NONE',  ( -2.630201798106727384, 24.36106099659906832, 0.1654319166370156191 ) ) ;
#3579 = ORIENTED_EDGE ( 'NONE', *, *, #6916, .F. ) ;
#3580 = DIRECTION ( 'NONE',  ( 0.000000000000000000, 1.000000000000000000, -3.532294194405620216E-15 ) ) ;
#3581 = CARTESIAN_POINT ( 'NONE',  ( -1.000682921936989489, 23.65694990864690439, 0.2833161873794420860 ) ) ;
#3582 = EDGE_CURVE ( 'NONE', #5219, #1547, #6191, .T. ) ;
#3583 = CARTESIAN_POINT ( 'NONE',  ( -0.5564301761280572300, 25.21952324698765935, 0.4499999999996796007 ) ) ;
#3584 = EDGE_LOOP ( 'NONE', ( #737, #8431 ) ) ;
#3585 = CARTESIAN_POINT ( 'NONE',  ( -2.031477255734310816, 23.86307086614182182, 0.05000000000000000278 ) ) ;
#3586 = CARTESIAN_POINT ( 'NONE',  ( -1.442534053582374076, 23.83017486378659910, 0.04582850967792911206 ) ) ;
#3587 = DIRECTION ( 'NONE',  ( 0.000000000000000000, 0.000000000000000000, 1.000000000000000000 ) ) ;
#3588 = CARTESIAN_POINT ( 'NONE',  ( -1.967978537838724673, 25.59407681853387473, 0.1653340822740148319 ) ) ;
#3589 = CARTESIAN_POINT ( 'NONE',  ( -0.8011161414096501510, 23.69397797060298672, 0.3497675541331298210 ) ) ;
#3590 = CARTESIAN_POINT ( 'NONE',  ( -1.047480314960560932, 25.27251968503944468, 0.2999999999999999889 ) ) ;
#3591 = CARTESIAN_POINT ( 'NONE',  ( -0.9489337751103502638, 23.59485923627084603, 0.3999999999996853850 ) ) ;
#3592 = B_SPLINE_CURVE_WITH_KNOTS ( 'NONE', 3,
 ( #2387, #4599, #4139, #6920, #4791, #470, #3471, #3337 ),
 .UNSPECIFIED., .F., .F.,
 ( 4, 2, 2, 4 ),
 ( 0.000000000000000000, 0.002512984164056484334, 0.003769476246084716743, 0.005025968328112948719 ),
 .UNSPECIFIED. ) ;
#3593 = CARTESIAN_POINT ( 'NONE',  ( -0.9453989197827176172, 25.79133684619277744, 0.3999999999996590172 ) ) ;
#3594 = CARTESIAN_POINT ( 'NONE',  ( -2.478127205183419335, 25.28171030601100355, 0.1645144936589109097 ) ) ;
#3595 = LINE ( 'NONE', #1304, #2057 ) ;
#3596 = CARTESIAN_POINT ( 'NONE',  ( -2.840921930444223253, 25.03637528791786337, 0.3446232952540137506 ) ) ;
#3597 = CARTESIAN_POINT ( 'NONE',  ( -1.976389889469524430, 23.84991871874225566, 0.04488563086783955991 ) ) ;
#3598 = CARTESIAN_POINT ( 'NONE',  ( -1.247467596299284054, 25.80259541750494989, 0.3442154663111482993 ) ) ;
#3599 = CARTESIAN_POINT ( 'NONE',  ( -1.455922919233726631, 25.46335917517668079, 0.04999599033808533460 ) ) ;
#3600 = CARTESIAN_POINT ( 'NONE',  ( -0.9178813127807273764, 25.66874757892791337, 0.3999999999996781130 ) ) ;
#3601 = DIRECTION ( 'NONE',  ( -0.000000000000000000, -0.000000000000000000, -1.000000000000000000 ) ) ;
#3602 = AXIS2_PLACEMENT_3D ( 'NONE', #6781, #8929, #2492 ) ;
#3603 = CARTESIAN_POINT ( 'NONE',  ( -2.807046563696621089, 25.19125601928044844, 0.3999999999996797784 ) ) ;
#3604 = ORIENTED_EDGE ( 'NONE', *, *, #1327, .T. ) ;
#3605 = CARTESIAN_POINT ( 'NONE',  ( -2.626362312055682491, 24.32598403058304370, 0.1664865863334356322 ) ) ;
#3606 = ORIENTED_EDGE ( 'NONE', *, *, #1425, .F. ) ;
#3607 = PRESENTATION_STYLE_ASSIGNMENT (( #738 ) ) ;
#3608 = CARTESIAN_POINT ( 'NONE',  ( -0.9446951444287244870, 25.58756337917070312, 0.2833137334606849467 ) ) ;
#3609 = AXIS2_PLACEMENT_3D ( 'NONE', #9000, #6850, #353 ) ;
#3610 = CARTESIAN_POINT ( 'NONE',  ( -0.8198463344104280903, 24.08656016996284066, 0.1631397887401604962 ) ) ;
#3611 = CARTESIAN_POINT ( 'NONE',  ( -0.7219196744008240518, 24.90575916431785330, 0.1657246414393084566 ) ) ;
#3612 = CARTESIAN_POINT ( 'NONE',  ( -2.715696394486407872, 23.75824838254253990, 0.3999999999996833311 ) ) ;
#3613 = CARTESIAN_POINT ( 'NONE',  ( -0.8360856703690310310, 24.73510720911614769, 0.05000001184220462941 ) ) ;
#3614 = B_SPLINE_SURFACE_WITH_KNOTS ( 'NONE', 3, 1, ( 
 ( #6350, #4879, #9202 ),
 ( #2017, #4919, #2062 ),
 ( #8463, #4092, #3383 ),
 ( #649, #1310, #6258 ),
 ( #2772, #4183, #8370 ),
 ( #6390, #2101, #9116 ),
 ( #7055, #601, #9248 ),
 ( #5632, #1931, #2680 ),
 ( #2813, #5543, #4838 ),
 ( #8543, #4272, #7136 ),
 ( #690, #9068, #7714 ),
 ( #1266, #4407, #871 ),
 ( #1623, #8623, #3737 ),
 ( #5003, #6614, #7315 ),
 ( #8670, #8024, #825 ),
 ( #3691, #922, #2227 ),
 ( #5848, #2856, #80 ),
 ( #7177, #4353, #1576 ),
 ( #732, #5801, #6565 ),
 ( #5717, #3600, #171 ),
 ( #6477, #126, #7266 ),
 ( #7358, #6520, #2938 ),
 ( #9293, #2987, #8719 ),
 ( #8587, #6433, #5095 ) ),
 .UNSPECIFIED., .F., .F., .F.,
 ( 4, 3, 1, 1, 1, 1, 1, 1, 1, 1, 1, 2, 1, 1, 1, 3, 4 ),
 ( 2, 1, 2 ),
 ( -0.01000000000000000021, 0.000000000000000000, 0.05832462568610202042, 0.1166492513722040131, 0.1749738770583060821, 0.2332985027444080262, 0.2916231284305100258, 0.3499477541166121641, 0.3791100669596630390, 0.4082723798027140805, 0.4374346926457651774, 0.4665970054888160523, 0.5999477541166120531, 0.7332985027444081094, 0.8666492513722041657, 1.000000000000000000, 1.010000000000000009 ),
 ( 0.000000000000000000, 1.000000000000000000, 1.123416675064732084 ),
 .UNSPECIFIED. ) ;
#3615 = VERTEX_POINT ( 'NONE', #7916 ) ;
#3616 = CARTESIAN_POINT ( 'NONE',  ( -1.276114235468082558, 25.79453168108548411, 0.4499999999996778244 ) ) ;
#3617 = CARTESIAN_POINT ( 'NONE',  ( -0.6534648776193003883, 24.34198286252537358, 0.2254161838936274420 ) ) ;
#3618 = CIRCLE ( 'NONE', #1516, 0.08070866141732145616 ) ;
#3619 = CARTESIAN_POINT ( 'NONE',  ( -2.306316899563827238, 24.20532967585985773, 0.04606807752549081647 ) ) ;
#3620 = CARTESIAN_POINT ( 'NONE',  ( -1.047480314960560932, 25.27251968503944468, 0.2999999999999999889 ) ) ;
#3621 = VECTOR ( 'NONE', #4051, 39.37007874015748143 ) ;
#3622 = ORIENTED_EDGE ( 'NONE', *, *, #3246, .F. ) ;
#3623 = CARTESIAN_POINT ( 'NONE',  ( -0.9440384271393426063, 24.86648953882029289, 0.04606796130808341744 ) ) ;
#3624 = CARTESIAN_POINT ( 'NONE',  ( -1.103679238194966938, 23.79394470901341307, 0.1645176190292926555 ) ) ;
#3625 = AXIS2_PLACEMENT_3D ( 'NONE', #3092, #327, #7472 ) ;
#3626 = CARTESIAN_POINT ( 'NONE',  ( -0.5124626440339871136, 25.01982764480331767, 0.3451968227901530128 ) ) ;
#3627 = ORIENTED_EDGE ( 'NONE', *, *, #1296, .T. ) ;
#3628 = CARTESIAN_POINT ( 'NONE',  ( -2.513480917274461657, 24.49577391106041091, 0.000000000000000000 ) ) ;
#3629 = ADVANCED_FACE ( 'NONE', ( #2361, #1470, #1562, #5747, #5084, #8612 ), #3726, .F. ) ;
#3630 = CARTESIAN_POINT ( 'NONE',  ( -1.345332888053809350, 23.54826366022926365, 0.2851769866561736366 ) ) ;
#3631 = CARTESIAN_POINT ( 'NONE',  ( -0.9644178020009348540, 23.89769574529505292, 0.1691645070071805534 ) ) ;
#3632 = CARTESIAN_POINT ( 'NONE',  ( -1.940539423513165884, 25.59799285973904759, 0.1656501415842286662 ) ) ;
#3633 = DIRECTION ( 'NONE',  ( -6.123233995736998996E-17, -3.552713678800503296E-15, -1.000000000000000000 ) ) ;
#3634 = CARTESIAN_POINT ( 'NONE',  ( -2.028515094893428294, 25.82370078740159869, 0.3580813404998119398 ) ) ;
#3635 = CARTESIAN_POINT ( 'NONE',  ( -1.110625363719970116, 25.45807552985179711, 0.1427864955235001732 ) ) ;
#3636 = B_SPLINE_CURVE_WITH_KNOTS ( 'NONE', 3,
 ( #7914, #7204, #1382, #7828, #3676, #7300, #1423, #7120, #4392, #4340, #2171, #4254, #3631, #763, #9280, #6598, #6549, #65, #4300, #856, #4436 ),
 .UNSPECIFIED., .F., .F.,
 ( 4, 2, 2, 2, 2, 1, 2, 2, 2, 2, 4 ),
 ( 2.411094025157418143E-16, 0.0008663684741215788672, 0.001732736948242917041, 0.002599105422364255541, 0.003032289659424924465, 0.003465473896485593824, 0.003898658133546262748, 0.004331842370606931239, 0.005198210844728080003, 0.006064579318849229635, 0.006930947792970378399 ),
 .UNSPECIFIED. ) ;
#3637 = CARTESIAN_POINT ( 'NONE',  ( -1.141719939548829554, 25.22406078402444152, 0.06312661895372266574 ) ) ;
#3638 = CARTESIAN_POINT ( 'NONE',  ( -0.9893995620452146200, 25.36116189862426751, 0.2048259584197818506 ) ) ;
#3639 = CARTESIAN_POINT ( 'NONE',  ( -2.791990039309366622, 25.43384487119935145, 0.4021132326849991556 ) ) ;
#3640 = CARTESIAN_POINT ( 'NONE',  ( -2.287637795275386576, 23.86307086614182182, 0.05000000000000000278 ) ) ;
#3641 = B_SPLINE_SURFACE_WITH_KNOTS ( 'NONE', 2, 1, ( 
 ( #3255, #8385 ),
 ( #4056, #4715 ),
 ( #4806, #6889 ),
 ( #3353, #5371 ),
 ( #5464, #530 ),
 ( #7486, #6083 ),
 ( #344, #1845 ),
 ( #5555, #6180 ),
 ( #1944, #6937 ),
 ( #5514, #4011 ),
 ( #3206, #7586 ),
 ( #1146, #6228 ),
 ( #3307, #487 ),
 ( #9083, #6272 ),
 ( #6130, #6981 ),
 ( #3397, #2502 ),
 ( #7535, #2550 ) ),
 .UNSPECIFIED., .F., .F., .F.,
 ( 3, 2, 2, 2, 2, 2, 2, 2, 3 ),
 ( 2, 2 ),
 ( 0.000000000000000000, 0.1250000000000000000, 0.2500000000000000000, 0.3750000000000000000, 0.5000000000000000000, 0.6250000000000000000, 0.7500000000000000000, 0.8750000000000000000, 1.000000000000000000 ),
 ( 0.000000000000000000, 1.000000000000000000 ),
 .UNSPECIFIED. ) ;
#3642 = ADVANCED_FACE ( 'NONE', ( #7302 ), #1609, .T. ) ;
#3643 = CARTESIAN_POINT ( 'NONE',  ( -2.485753337832520948, 24.89218781772165912, 0.04560582609783301461 ) ) ;
#3644 = CARTESIAN_POINT ( 'NONE',  ( -2.035514780429201309, 23.47726105163546606, 0.3450344362869749992 ) ) ;
#3645 = CARTESIAN_POINT ( 'NONE',  ( -1.285187363532296345, 25.73098416234795138, 0.2844482663584590454 ) ) ;
#3646 = CARTESIAN_POINT ( 'NONE',  ( -1.615348500221792882, 25.48628724176454341, 0.05000005527862871890 ) ) ;
#3647 = CARTESIAN_POINT ( 'NONE',  ( -2.183205563455227427, 25.78193736730369068, 0.4499999999996777689 ) ) ;
#3648 = CARTESIAN_POINT ( 'NONE',  ( -2.691920397189207392, 23.86813339444272231, 0.3999999999996848299 ) ) ;
#3649 = CARTESIAN_POINT ( 'NONE',  ( -1.791759974523051691, 25.40415967154522647, 0.04606796101003843291 ) ) ;
#3650 = ORIENTED_EDGE ( 'NONE', *, *, #4372, .F. ) ;
#3651 = CARTESIAN_POINT ( 'NONE',  ( -2.913590429820775096, 24.23304090356485929, 0.4046304300736238702 ) ) ;
#3652 = ORIENTED_EDGE ( 'NONE', *, *, #4095, .T. ) ;
#3653 = CARTESIAN_POINT ( 'NONE',  ( -0.9679431171202741435, 25.76685091301731134, 0.4381354253312857994 ) ) ;
#3654 = CARTESIAN_POINT ( 'NONE',  ( -1.049620491287579505, 25.45223784082150686, 0.1645144310128303922 ) ) ;
#3655 = CARTESIAN_POINT ( 'NONE',  ( -0.8277190055617134057, 24.07428209924285056, 0.1631228901050703062 ) ) ;
#3656 = CARTESIAN_POINT ( 'NONE',  ( -0.5824496804675683981, 24.96406781371051053, 0.2853009236833751738 ) ) ;
#3657 = CARTESIAN_POINT ( 'NONE',  ( -1.632827045414608325, 23.79665191355542930, 0.05000000000000000971 ) ) ;
#3658 = DIRECTION ( 'NONE',  ( 6.123233995736998996E-17, 3.552713678800503296E-15, 1.000000000000000000 ) ) ;
#3659 = DIRECTION ( 'NONE',  ( -1.000000000000000000, 0.000000000000000000, 0.000000000000000000 ) ) ;
#3660 = ORIENTED_EDGE ( 'NONE', *, *, #62, .F. ) ;
#3661 = CARTESIAN_POINT ( 'NONE',  ( -0.5241477380637351580, 24.29051752714402213, 0.4499999999996829314 ) ) ;
#3662 = FACE_OUTER_BOUND ( 'NONE', #5600, .T. ) ;
#3663 = CARTESIAN_POINT ( 'NONE',  ( -0.6483731741340170718, 24.39652956320599131, 0.2259540249216611119 ) ) ;
#3664 = CARTESIAN_POINT ( 'NONE',  ( -1.108885799706386788, 23.86307086614182182, 0.1227821942577384390 ) ) ;
#3665 = CARTESIAN_POINT ( 'NONE',  ( -1.102166274492265785, 23.92198249188970394, 0.1543495790451608896 ) ) ;
#3666 = ORIENTED_EDGE ( 'NONE', *, *, #5991, .F. ) ;
#3667 = CARTESIAN_POINT ( 'NONE',  ( -0.5509351314774662001, 25.20437417209097575, 0.4499999999996796562 ) ) ;
#3668 = CARTESIAN_POINT ( 'NONE',  ( -0.8100966328710609288, 23.58329129189122852, 0.4021119714814621604 ) ) ;
#3669 = ORIENTED_EDGE ( 'NONE', *, *, #5224, .T. ) ;
#3670 = CARTESIAN_POINT ( 'NONE',  ( -0.6599896558002450453, 25.00589823116732902, 0.2257254127308900016 ) ) ;
#3671 = ORIENTED_EDGE ( 'NONE', *, *, #6050, .T. ) ;
#3672 = ADVANCED_FACE ( 'NONE', ( #4342 ), #67, .F. ) ;
#3673 = CARTESIAN_POINT ( 'NONE',  ( -1.803030216309062350, 23.80488817098893861, 0.04996614403260520032 ) ) ;
#3674 = EDGE_CURVE ( 'NONE', #6767, #2830, #4368, .T. ) ;
#3675 = FACE_OUTER_BOUND ( 'NONE', #153, .T. ) ;
#3676 = CARTESIAN_POINT ( 'NONE',  ( -0.9060387850048837732, 23.97924687122032950, 0.1595897050756324709 ) ) ;
#3677 = CARTESIAN_POINT ( 'NONE',  ( -1.988195334764792266, 25.73808167034107797, 0.2853592330697374280 ) ) ;
#3678 = CARTESIAN_POINT ( 'NONE',  ( -2.880553976643490444, 24.33718935408166573, 0.4432038974321854674 ) ) ;
#3679 = CARTESIAN_POINT ( 'NONE',  ( -0.8025641455402126034, 23.68922858689234801, 0.3515123988735850413 ) ) ;
#3680 = CARTESIAN_POINT ( 'NONE',  ( -2.524791263039545264, 23.68828088817463140, 0.4499999999996852074 ) ) ;
#3681 = EDGE_CURVE ( 'NONE', #2210, #1453, #3164, .T. ) ;
#3682 = CYLINDRICAL_SURFACE ( 'NONE', #5930, 0.1692913385826795569 ) ;
#3683 = EDGE_CURVE ( 'NONE', #2331, #4410, #1823, .T. ) ;
#3684 = CARTESIAN_POINT ( 'NONE',  ( -1.084691331872645215, 25.37168544777359713, 0.1665303422466673233 ) ) ;
#3685 = CARTESIAN_POINT ( 'NONE',  ( -2.515303913410722902, 25.37132563213029357, 0.2239141748565286194 ) ) ;
#3686 = CARTESIAN_POINT ( 'NONE',  ( -0.8978740157478273254, 24.03236220472450313, 0.000000000000000000 ) ) ;
#3687 = CARTESIAN_POINT ( 'NONE',  ( -2.490990779286423873, 24.87287452158281909, 0.04589869596789617617 ) ) ;
#3688 = CARTESIAN_POINT ( 'NONE',  ( -2.095268892332616595, 23.40664165627161708, 0.4045238906775495136 ) ) ;
#3689 = CARTESIAN_POINT ( 'NONE',  ( -1.229115495159869731, 25.64024518478820980, 0.2237272692324444034 ) ) ;
#3690 = CARTESIAN_POINT ( 'NONE',  ( -1.560282734103547897, 25.48139522083751984, 0.05000348945983008192 ) ) ;
#3691 = CARTESIAN_POINT ( 'NONE',  ( -1.056892900640131527, 25.10188544409920652, 0.05000000000000000278 ) ) ;
#3692 = CARTESIAN_POINT ( 'NONE',  ( -0.5254474663127494116, 24.24168703466362018, 0.4499999999996832090 ) ) ;
#3693 = CARTESIAN_POINT ( 'NONE',  ( -1.371992197836719107, 25.84575083321348643, 0.4432038989961591402 ) ) ;
#3694 = EDGE_CURVE ( 'NONE', #7139, #7030, #2173, .T. ) ;
#3695 = ORIENTED_EDGE ( 'NONE', *, *, #8106, .F. ) ;
#3696 = CARTESIAN_POINT ( 'NONE',  ( -2.559778042318175295, 24.12661872816700637, 0.1646862012238541062 ) ) ;
#3697 = ORIENTED_EDGE ( 'NONE', *, *, #592, .T. ) ;
#3698 = CARTESIAN_POINT ( 'NONE',  ( -1.313880351519394640, 25.32348069834059245, 0.04999999999999999584 ) ) ;
#3699 = AXIS2_PLACEMENT_3D ( 'NONE', #8903, #8201, #3975 ) ;
#3700 = CARTESIAN_POINT ( 'NONE',  ( -2.661653543307104020, 23.77192913385829343, 0.3654758351224070556 ) ) ;
#3701 = CARTESIAN_POINT ( 'NONE',  ( -0.6698599055451029960, 24.00281150884149284, 0.2826752441551143580 ) ) ;
#3702 = CARTESIAN_POINT ( 'NONE',  ( -0.7206675341054115114, 24.89657109611690089, 0.1658290089605302386 ) ) ;
#3703 = CARTESIAN_POINT ( 'NONE',  ( -2.675319473237069978, 23.92982498809366732, 0.3047259582609914141 ) ) ;
#3704 = CARTESIAN_POINT ( 'NONE',  ( -0.8499299639132606998, 24.83251364861746424, 0.05000663365136699678 ) ) ;
#3705 = CARTESIAN_POINT ( 'NONE',  ( -2.701023622047267203, 23.61897637795277660, 0.6074803150392285023 ) ) ;
#3706 = ORIENTED_EDGE ( 'NONE', *, *, #3400, .F. ) ;
#3707 = CARTESIAN_POINT ( 'NONE',  ( -0.5588209162047442780, 24.05375664750344455, 0.4499999999996837641 ) ) ;
#3708 = CARTESIAN_POINT ( 'NONE',  ( -0.4962992125984483915, 25.48905511771360111, 0.6074803150392285023 ) ) ;
#3709 = CARTESIAN_POINT ( 'NONE',  ( -0.8657199987518107154, 24.40454399311711242, 0.04589540568381818980 ) ) ;
#3710 = VECTOR ( 'NONE', #8686, 39.37007874015748143 ) ;
#3711 = B_SPLINE_CURVE_WITH_KNOTS ( 'NONE', 3,
 ( #4705, #7575, #7628, #4045, #6926, #475, #655, #7060, #6483, #4319, #8421, #4278, #5724, #5683 ),
 .UNSPECIFIED., .F., .F.,
 ( 4, 1, 1, 1, 1, 1, 1, 1, 1, 1, 1, 4 ),
 ( 1.332209013074240859E-06, 0.09089017882389771597, 0.1709096210194376297, 0.2400044276878642302, 0.2981587907971411378, 0.3453720812908585014, 0.3816465450781972857, 0.4069825289266019164, 0.6173800217252105593, 0.7863895160987580679, 0.9139721637392553832, 1.000000000000000000 ),
 .UNSPECIFIED. ) ;
#3712 = CARTESIAN_POINT ( 'NONE',  ( -2.198437072509567436, 25.83044898911961340, 0.4382319632553145494 ) ) ;
#3713 = CARTESIAN_POINT ( 'NONE',  ( -2.771736539104482588, 24.31053277517701972, 0.2851770206811788944 ) ) ;
#3714 = EDGE_LOOP ( 'NONE', ( #7585, #6592, #8700, #6181, #7906, #269 ) ) ;
#3715 = CARTESIAN_POINT ( 'NONE',  ( -2.701023621653566131, 23.41149606299214625, 0.6074803150392285023 ) ) ;
#3716 = CARTESIAN_POINT ( 'NONE',  ( -1.091652864587640659, 23.80220697485763637, 0.1645163558834745188 ) ) ;
#3717 = ORIENTED_EDGE ( 'NONE', *, *, #3681, .T. ) ;
#3718 = CARTESIAN_POINT ( 'NONE',  ( -0.4412155003065617032, 25.05241722976969498, 0.4046296417913542998 ) ) ;
#3719 = CARTESIAN_POINT ( 'NONE',  ( -2.045665565626213045, 25.80792292633345042, 0.3452797867704823220 ) ) ;
#3720 = EDGE_LOOP ( 'NONE', ( #445, #3488 ) ) ;
#3721 = CARTESIAN_POINT ( 'NONE',  ( -0.8978740157478257711, 25.25283464566938108, 0.000000000000000000 ) ) ;
#3722 = AXIS2_PLACEMENT_3D ( 'NONE', #3805, #8834, #2395 ) ;
#3723 = CARTESIAN_POINT ( 'NONE',  ( -2.619262747931558444, 23.78096294039533376, 0.4499999999996849853 ) ) ;
#3724 = CARTESIAN_POINT ( 'NONE',  ( -2.650425917988295854, 23.81653979318239323, 0.3999999999996847189 ) ) ;
#3725 = CARTESIAN_POINT ( 'NONE',  ( -2.324266369363346740, 23.90809514435135341, 0.1936716589869341421 ) ) ;
#3726 = PLANE ( 'NONE',  #8714 ) ;
#3727 = CARTESIAN_POINT ( 'NONE',  ( -0.7953885037248327183, 23.70809506049436877, 0.3453194009502771333 ) ) ;
#3728 = DIRECTION ( 'NONE',  ( 1.000000000000000000, 0.000000000000000000, 0.000000000000000000 ) ) ;
#3729 = CARTESIAN_POINT ( 'NONE',  ( -1.072291216803022973, 25.16950828157406406, 0.07129193208679021621 ) ) ;
#3730 = CARTESIAN_POINT ( 'NONE',  ( -1.107533679267081794, 25.35974314336671753, 0.1501469236216018410 ) ) ;
#3731 = CARTESIAN_POINT ( 'NONE',  ( -2.642535238098691064, 25.34837659615959993, 0.2833138644138797346 ) ) ;
#3732 = CARTESIAN_POINT ( 'NONE',  ( -1.677401574321454536, 24.64259847944031634, 0.05000000000000000278 ) ) ;
#3733 = CARTESIAN_POINT ( 'NONE',  ( -2.717094854416152838, 24.64959376169601413, 0.2271662467733088497 ) ) ;
#3734 = CARTESIAN_POINT ( 'NONE',  ( -1.982980200923718295, 23.61921407539802331, 0.2253099240366810696 ) ) ;
#3735 = CARTESIAN_POINT ( 'NONE',  ( -1.220743757822251085, 25.87584877468668765, 0.4040925606706579076 ) ) ;
#3736 = DIRECTION ( 'NONE',  ( 6.123233995736998996E-17, 3.552713678800503296E-15, 1.000000000000000000 ) ) ;
#3737 = CARTESIAN_POINT ( 'NONE',  ( -0.5508875973931653958, 25.36252959166965582, 0.4431958362722968059 ) ) ;
#3738 = CARTESIAN_POINT ( 'NONE',  ( -2.219215117689332661, 24.10078489885655273, 0.04606817219003296604 ) ) ;
#3739 = CARTESIAN_POINT ( 'NONE',  ( -1.206487284829979245, 25.84380886032815283, 0.4432038989961589737 ) ) ;
#3740 = VERTEX_POINT ( 'NONE', #3022 ) ;
#3741 = CARTESIAN_POINT ( 'NONE',  ( -2.407509516395026861, 24.20148441724024835, 0.04581461720157455064 ) ) ;
#3742 = ORIENTED_EDGE ( 'NONE', *, *, #8823, .F. ) ;
#3743 = CARTESIAN_POINT ( 'NONE',  ( -1.128743967585327468, 25.77224344014275559, 0.3999999999996776134 ) ) ;
#3744 = CARTESIAN_POINT ( 'NONE',  ( -2.576806036554392332, 25.55115557745684995, 0.3407605113699086474 ) ) ;
#3745 = CARTESIAN_POINT ( 'NONE',  ( -0.7296227647803367189, 24.32937490423558913, 0.1651077361689123890 ) ) ;
#3746 = CARTESIAN_POINT ( 'NONE',  ( -2.289146163511212251, 23.71869027851986900, 0.2228269178546212204 ) ) ;
#3747 = CARTESIAN_POINT ( 'NONE',  ( -2.522369209406291723, 23.95910368360304332, 0.2077122496090407222 ) ) ;
#3748 = CARTESIAN_POINT ( 'NONE',  ( -1.423811613296774414, 23.82964332841484989, 0.04999424899949905104 ) ) ;
#3749 = DIRECTION ( 'NONE',  ( 0.000000000000000000, -1.000000000000000000, 3.854941057726282076E-15 ) ) ;
#3750 = CARTESIAN_POINT ( 'NONE',  ( -1.047480314960560932, 24.01267716535440400, 0.000000000000000000 ) ) ;
#3751 = B_SPLINE_CURVE_WITH_KNOTS ( 'NONE', 3,
 ( #1209, #502, #4073, #3367, #6243, #9099, #6287, #2708, #3724, #6504, #1511, #2314, #7958 ),
 .UNSPECIFIED., .F., .F.,
 ( 4, 1, 1, 1, 1, 1, 1, 1, 1, 1, 4 ),
 ( 0.000000000000000000, 0.02777673575954620402, 0.1110030780928170785, 0.2499884411223617653, 0.4057608935929712390, 0.4999715948599645077, 0.6249766622247941994, 0.7499819984814912743, 0.8124787029819591222, 0.8749675715462290615, 1.000000000000000000 ),
 .UNSPECIFIED. ) ;
#3752 = LINE ( 'NONE', #6632, #8909 ) ;
#3753 = CARTESIAN_POINT ( 'NONE',  ( -0.5772100200243267532, 24.84713323824694342, 0.2861855956102600795 ) ) ;
#3754 = CARTESIAN_POINT ( 'NONE',  ( -2.149437823309412465, 25.84363842567042013, 0.4431958260125125615 ) ) ;
#3755 = CARTESIAN_POINT ( 'NONE',  ( -2.433879678478893194, 24.47772085843225653, 0.04999951779454756690 ) ) ;
#3756 = EDGE_LOOP ( 'NONE', ( #8915, #3396, #992, #7433, #246 ) ) ;
#3757 = CARTESIAN_POINT ( 'NONE',  ( -2.045645999873772602, 23.48951086362932017, 0.3999999999996858846 ) ) ;
#3758 = CARTESIAN_POINT ( 'NONE',  ( -0.8801327418140723058, 23.53236376893140758, 0.4021143167332287827 ) ) ;
#3759 = ORIENTED_EDGE ( 'NONE', *, *, #4660, .T. ) ;
#3760 = CARTESIAN_POINT ( 'NONE',  ( -0.5111087667110986166, 24.98428243288113038, 0.3454804128549400222 ) ) ;
#3761 = CARTESIAN_POINT ( 'NONE',  ( -2.067875994387954997, 25.87914621956853978, 0.4048132901755182589 ) ) ;
#3762 = ORIENTED_EDGE ( 'NONE', *, *, #7722, .F. ) ;
#3763 = CIRCLE ( 'NONE', #2257, 0.08070866141732131738 ) ;
#3764 = DIRECTION ( 'NONE',  ( 0.000000000000000000, 1.000000000000000000, -3.607743797525527770E-15 ) ) ;
#3765 = CARTESIAN_POINT ( 'NONE',  ( -2.224775128759727938, 23.86999811869223720, 0.1107060272005537527 ) ) ;
#3766 = CARTESIAN_POINT ( 'NONE',  ( -0.8627753674199776235, 24.88972659582283953, 0.000000000000000000 ) ) ;
#3767 = VERTEX_POINT ( 'NONE', #5887 ) ;
#3768 = CARTESIAN_POINT ( 'NONE',  ( -2.201614173228271021, 24.01267716535440400, 0.08320470669008543652 ) ) ;
#3769 = DIRECTION ( 'NONE',  ( 6.123233995736998996E-17, 3.552713678800503296E-15, 1.000000000000000000 ) ) ;
#3770 = CARTESIAN_POINT ( 'NONE',  ( -2.830655411512998931, 24.99467922547272991, 0.3999999999996805555 ) ) ;
#3771 = CARTESIAN_POINT ( 'NONE',  ( -2.552694118173678195, 23.71380201427314560, 0.4499999999996851519 ) ) ;
#3772 = CARTESIAN_POINT ( 'NONE',  ( -1.340659599174575334, 23.85594160488791360, 0.000000000000000000 ) ) ;
#3773 = CARTESIAN_POINT ( 'NONE',  ( -1.102199939240489535, 25.36319163783508657, 0.1543224347628416038 ) ) ;
#3774 = CARTESIAN_POINT ( 'NONE',  ( -2.637546295208247571, 25.35514866645629795, 0.2833138649181088931 ) ) ;
#3775 = CIRCLE ( 'NONE', #9040, 0.2074803149606299357 ) ;
#3776 = DIRECTION ( 'NONE',  ( -0.000000000000000000, -0.000000000000000000, -1.000000000000000000 ) ) ;
#3777 = CARTESIAN_POINT ( 'NONE',  ( -2.780689943374418327, 24.56530644495973092, 0.2867131541974365372 ) ) ;
#3778 = CARTESIAN_POINT ( 'NONE',  ( -1.891918701848354978, 23.75171984142172121, 0.1061626463572728912 ) ) ;
#3779 = ADVANCED_FACE ( 'NONE', ( #5180 ), #7488, .T. ) ;
#3780 = CARTESIAN_POINT ( 'NONE',  ( -1.329761944308484489, 25.73574225629439738, 0.2849847985271062312 ) ) ;
#3781 = DIRECTION ( 'NONE',  ( -0.000000000000000000, -0.000000000000000000, -1.000000000000000000 ) ) ;
#3782 = CARTESIAN_POINT ( 'NONE',  ( -2.372784896859636561, 23.57301300951523260, 0.4499999999996855404 ) ) ;
#3783 = CARTESIAN_POINT ( 'NONE',  ( -2.539025000168219748, 23.70073428084347711, 0.3999999999996854405 ) ) ;
#3784 = CARTESIAN_POINT ( 'NONE',  ( -1.866713603792033105, 25.39161796301921825, 0.05000000000000000278 ) ) ;
#3785 = VERTEX_POINT ( 'NONE', #7886 ) ;
#3786 = CARTESIAN_POINT ( 'NONE',  ( -2.910881868656149951, 24.18711459804773511, 0.4041052696181423598 ) ) ;
#3787 = ORIENTED_EDGE ( 'NONE', *, *, #2293, .T. ) ;
#3788 = CARTESIAN_POINT ( 'NONE',  ( -1.269501591115529626, 25.29110607350691353, 0.04606796101003842597 ) ) ;
#3789 = CARTESIAN_POINT ( 'NONE',  ( -1.708943073318629491, 23.87158012442068866, 0.04999999999999999584 ) ) ;
#3790 = CARTESIAN_POINT ( 'NONE',  ( -0.4441522662975482261, 24.18594082173715876, 0.4040919024513264790 ) ) ;
#3791 = ADVANCED_FACE ( 'NONE', ( #2857 ), #5004, .T. ) ;
#3792 = CARTESIAN_POINT ( 'NONE',  ( -2.666952739563294816, 25.31136333893823576, 0.2825892963455423068 ) ) ;
#3793 = CARTESIAN_POINT ( 'NONE',  ( -2.359764784414510874, 23.66207232931592941, 0.2825811648150927669 ) ) ;
#3794 = CARTESIAN_POINT ( 'NONE',  ( -2.490637793492561869, 23.92162896926872762, 0.2077118399517121905 ) ) ;
#3795 = CARTESIAN_POINT ( 'NONE',  ( -2.587833251423309555, 23.74482916660721443, 0.3408822567072695708 ) ) ;
#3796 = DIRECTION ( 'NONE',  ( 6.123233995736998996E-17, 3.552713678800503296E-15, 1.000000000000000000 ) ) ;
#3797 = ORIENTED_EDGE ( 'NONE', *, *, #2415, .T. ) ;
#3798 = CARTESIAN_POINT ( 'NONE',  ( -0.6978301641699352631, 25.51326771653545578, 0.3630680811770916061 ) ) ;
#3799 = CARTESIAN_POINT ( 'NONE',  ( -2.805917971482453144, 24.09205289295451990, 0.4499999999996839306 ) ) ;
#3800 = CARTESIAN_POINT ( 'NONE',  ( -0.4430958386052781250, 24.72911828250370547, 0.4062755764683174120 ) ) ;
#3801 = B_SPLINE_CURVE_WITH_KNOTS ( 'NONE', 3,
 ( #9261, #2825, #5014, #47, #2908, #7278, #2999, #5860, #882, #4597 ),
 .UNSPECIFIED., .F., .F.,
 ( 4, 2, 2, 2, 4 ),
 ( 0.000000000000000000, 0.004002344531213710734, 0.006003516796820571738, 0.007004102929623996603, 0.008004689062427421467 ),
 .UNSPECIFIED. ) ;
#3802 = CARTESIAN_POINT ( 'NONE',  ( -2.303604990681270781, 24.11916846721320340, 0.08084795004739918356 ) ) ;
#3803 = CARTESIAN_POINT ( 'NONE',  ( -2.045127499581526287, 25.84709803268530237, 0.4431958260125117288 ) ) ;
#3804 = DIRECTION ( 'NONE',  ( 6.123233995736998996E-17, 3.552713678800503296E-15, 1.000000000000000000 ) ) ;
#3805 = CARTESIAN_POINT ( 'NONE',  ( -0.6931496062992357210, 23.65834645669293579, 0.3999999999996851630 ) ) ;
#3806 = CARTESIAN_POINT ( 'NONE',  ( -1.003087586740563752, 24.11974294678287833, 0.04571512679530525397 ) ) ;
#3807 = ORIENTED_EDGE ( 'NONE', *, *, #3973, .F. ) ;
#3808 = CARTESIAN_POINT ( 'NONE',  ( -0.7298235994541649729, 24.96650265305991567, 0.1663928214019954610 ) ) ;
#3809 = ADVANCED_FACE ( 'NONE', ( #3558 ), #1438, .F. ) ;
#3810 = CARTESIAN_POINT ( 'NONE',  ( -2.102502038152160413, 25.64752318020494215, 0.2250637186431501402 ) ) ;
#3811 = ORIENTED_EDGE ( 'NONE', *, *, #1449, .T. ) ;
#3812 = AXIS2_PLACEMENT_3D ( 'NONE', #8411, #8966, #5396 ) ;
#3813 = CARTESIAN_POINT ( 'NONE',  ( -2.513480917274461657, 24.49577391106041091, 0.05000000000000000971 ) ) ;
#3814 = CARTESIAN_POINT ( 'NONE',  ( -2.458870784059940640, 23.52185875681217198, 0.4017269828078121052 ) ) ;
#3815 = CARTESIAN_POINT ( 'NONE',  ( -2.830655411512998931, 24.99467922547272991, 0.4499999999996805444 ) ) ;
#3816 = ORIENTED_EDGE ( 'NONE', *, *, #8922, .T. ) ;
#3817 = CARTESIAN_POINT ( 'NONE',  ( -2.388388045621005151, 23.94439648317288416, 0.2059740519877803766 ) ) ;
#3818 = CARTESIAN_POINT ( 'NONE',  ( -2.878468681159088050, 24.46026384744310533, 0.4432038974321856895 ) ) ;
#3819 = CARTESIAN_POINT ( 'NONE',  ( -2.828838133802296539, 25.05258202166709580, 0.4499999999996804334 ) ) ;
#3820 = CARTESIAN_POINT ( 'NONE',  ( -2.634850071686706041, 23.79882879164668452, 0.4499999999996848743 ) ) ;
#3821 = CARTESIAN_POINT ( 'NONE',  ( -0.9667716535432391289, 25.27251968503944468, 0.05000000000000000278 ) ) ;
#3822 = ADVANCED_FACE ( 'NONE', ( #1398, #5633 ), #5306, .F. ) ;
#3823 = CARTESIAN_POINT ( 'NONE',  ( -1.023580105137184226, 25.37575189576915591, 0.1961668021402746542 ) ) ;
#3824 = CARTESIAN_POINT ( 'NONE',  ( -2.758667028695071632, 23.96795008463099563, 0.3999999999996842193 ) ) ;
#3825 = CARTESIAN_POINT ( 'NONE',  ( -2.031505286397790488, 25.42212598425206238, 0.05000000000000000278 ) ) ;
#3826 = B_SPLINE_CURVE_WITH_KNOTS ( 'NONE', 3,
 ( #5336, #8206, #5388, #7407, #6611, #3033, #1069, #3926, #8066, #365, #7314, #1622 ),
 .UNSPECIFIED., .F., .F.,
 ( 4, 2, 2, 2, 2, 4 ),
 ( 0.000000000000000000, 0.1249999999999922284, 0.2499999999999843459, 0.4999999999999895639, 0.7499999999999947820, 1.000000000000000000 ),
 .UNSPECIFIED. ) ;
#3827 = VECTOR ( 'NONE', #7783, 39.37007874015748143 ) ;
#3828 = CARTESIAN_POINT ( 'NONE',  ( -2.709305896448130913, 24.84890409202385797, 0.2262350008991958206 ) ) ;
#3829 = CARTESIAN_POINT ( 'NONE',  ( -1.683459023099036944, 23.73240566071178037, 0.1076450033792473449 ) ) ;
#3830 = CARTESIAN_POINT ( 'NONE',  ( -1.285247123700322458, 25.87934130677066591, 0.4048262495111765724 ) ) ;
#3831 = CARTESIAN_POINT ( 'NONE',  ( -2.372688608383279885, 25.13156937338129993, 0.04348872658806417213 ) ) ;
#3832 = CARTESIAN_POINT ( 'NONE',  ( -2.265788320285187396, 23.52385993665819086, 0.3999999999996857181 ) ) ;
#3833 = CARTESIAN_POINT ( 'NONE',  ( -0.4962992125983279323, 24.99371178147039529, 0.3580813412891496461 ) ) ;
#3834 = CARTESIAN_POINT ( 'NONE',  ( -1.369419322435813768, 25.34453299222389688, 0.04606796101003839822 ) ) ;
#3835 = EDGE_LOOP ( 'NONE', ( #6876, #1891, #1085 ) ) ;
#3836 = CARTESIAN_POINT ( 'NONE',  ( -1.153665360963643360, 23.44859859688327575, 0.4431958470681032214 ) ) ;
#3837 = CARTESIAN_POINT ( 'NONE',  ( -2.462009524820421458, 24.31259908443419704, 0.04671655491587405756 ) ) ;
#3838 = ORIENTED_EDGE ( 'NONE', *, *, #4938, .F. ) ;
#3839 = DIRECTION ( 'NONE',  ( -0.000000000000000000, -0.000000000000000000, -1.000000000000000000 ) ) ;
#3840 = CARTESIAN_POINT ( 'NONE',  ( -0.9686190354532321356, 23.58148407908524646, 0.3999999999996854405 ) ) ;
#3841 = CARTESIAN_POINT ( 'NONE',  ( -0.8132622893711034529, 24.30959364343628337, 0.1046858823548351136 ) ) ;
#3842 = CARTESIAN_POINT ( 'NONE',  ( -2.394871610831815101, 25.09825147543296708, 0.04353512345592893545 ) ) ;
#3843 = CARTESIAN_POINT ( 'NONE',  ( -2.364210660388187613, 23.66503540330355904, 0.2825786440708643044 ) ) ;
#3844 = CARTESIAN_POINT ( 'NONE',  ( -2.680601361020503948, 23.93715977947188023, 0.3047237542890647299 ) ) ;
#3845 = CARTESIAN_POINT ( 'NONE',  ( -2.548324411640882747, 23.64631405896964367, 0.3718807059612777577 ) ) ;
#3846 = CARTESIAN_POINT ( 'NONE',  ( -2.456929133858066994, 25.12261264109588765, 0.08929777959192938819 ) ) ;
#3847 = AXIS2_PLACEMENT_3D ( 'NONE', #7342, #900, #3764 ) ;
#3848 = ORIENTED_EDGE ( 'NONE', *, *, #1043, .F. ) ;
#3849 = CARTESIAN_POINT ( 'NONE',  ( -0.7906778621454841893, 25.56840431101958444, 0.3431980620466418830 ) ) ;
#3850 = AXIS2_PLACEMENT_3D ( 'NONE', #5591, #2150, #5009 ) ;
#3851 = CARTESIAN_POINT ( 'NONE',  ( -2.820839659684945211, 24.16207695338394501, 0.4499999999996834865 ) ) ;
#3852 = CARTESIAN_POINT ( 'NONE',  ( -0.7876842634963966416, 24.86201823984512060, 0.1061738293539377515 ) ) ;
#3853 = CARTESIAN_POINT ( 'NONE',  ( -1.721904436162267960, 25.48854961227302240, 0.05000000000000000971 ) ) ;
#3854 = CARTESIAN_POINT ( 'NONE',  ( -2.666559458918406733, 25.51326771653548064, 0.3680500100090612903 ) ) ;
#3855 = CARTESIAN_POINT ( 'NONE',  ( -0.5701815019703239118, 25.32232662751198760, 0.3572490020290550738 ) ) ;
#3856 = ORIENTED_EDGE ( 'NONE', *, *, #4260, .F. ) ;
#3857 = ORIENTED_EDGE ( 'NONE', *, *, #6687, .F. ) ;
#3858 = CARTESIAN_POINT ( 'NONE',  ( -0.9243109136085375654, 25.04259280541366550, 0.04604361848000924212 ) ) ;
#3859 = VECTOR ( 'NONE', #7688, 39.37007874015748143 ) ;
#3860 = CARTESIAN_POINT ( 'NONE',  ( -1.954830637524636483, 25.44553792068359854, 0.04741496247330992397 ) ) ;
#3861 = ORIENTED_EDGE ( 'NONE', *, *, #8668, .T. ) ;
#3862 = CARTESIAN_POINT ( 'NONE',  ( -0.9041228281388251631, 24.11482564318412614, 0.1033634289265589201 ) ) ;
#3863 = CARTESIAN_POINT ( 'NONE',  ( -2.250587874242005793, 23.88894050815048686, 0.1107052658199162709 ) ) ;
#3864 = CARTESIAN_POINT ( 'NONE',  ( -2.453568303395848638, 23.62927555268986879, 0.4499999999996855404 ) ) ;
#3865 = ORIENTED_EDGE ( 'NONE', *, *, #4604, .F. ) ;
#3866 = CARTESIAN_POINT ( 'NONE',  ( -2.211161058967254345, 23.96831297887209189, 0.1112776600878670336 ) ) ;
#3867 = CARTESIAN_POINT ( 'NONE',  ( -1.263574931831222159, 23.48016754700132225, 0.3447660239651626490 ) ) ;
#3868 = CARTESIAN_POINT ( 'NONE',  ( -2.746887054904683989, 25.33813501713749616, 0.4499999999996792122 ) ) ;
#3869 = CARTESIAN_POINT ( 'NONE',  ( -0.8760523798284937103, 24.93656851667039476, 0.05000066748768389885 ) ) ;
#3870 = DIRECTION ( 'NONE',  ( 0.000000000000000000, -1.000000000000000000, 3.532293997372059900E-15 ) ) ;
#3871 = CARTESIAN_POINT ( 'NONE',  ( -0.9417716535432391067, 25.27957537068399674, 0.1897477584419239582 ) ) ;
#3872 = CARTESIAN_POINT ( 'NONE',  ( -2.520926114981405952, 25.22389203665149893, 0.1645144936691371740 ) ) ;
#3873 = CARTESIAN_POINT ( 'NONE',  ( -2.201614173228278570, 25.27251968503944468, 0.2999999999999999889 ) ) ;
#3874 = B_SPLINE_SURFACE_WITH_KNOTS ( 'NONE', 3, 1, ( 
 ( #712, #2878 ),
 ( #4249, #1377 ),
 ( #672, #4986 ),
 ( #8394, #4898 ),
 ( #7782, #6282 ),
 ( #1953, #7694 ) ),
 .UNSPECIFIED., .F., .F., .F.,
 ( 4, 2, 4 ),
 ( 2, 2 ),
 ( 0.000000000000000000, 0.5000000000000000000, 1.000000000000000000 ),
 ( 0.000000000000000000, 1.000000000000000000 ),
 .UNSPECIFIED. ) ;
#3875 = CARTESIAN_POINT ( 'NONE',  ( -2.912356684646250748, 24.84108636049797880, 0.4059544110340100320 ) ) ;
#3876 = CARTESIAN_POINT ( 'NONE',  ( -1.939369686880642485, 23.54462313445749899, 0.2857678946860693348 ) ) ;
#3877 = CARTESIAN_POINT ( 'NONE',  ( -1.272492849173487039, 25.87912988003741788, 0.4046801022858296237 ) ) ;
#3878 = CARTESIAN_POINT ( 'NONE',  ( -2.374901237088647310, 25.12837173657619871, 0.04349220267264829881 ) ) ;
#3879 = CARTESIAN_POINT ( 'NONE',  ( -2.048458120953531303, 25.79550875163707602, 0.4499999999996777134 ) ) ;
#3880 = CARTESIAN_POINT ( 'NONE',  ( -0.5252052148507229123, 24.24639003855794783, 0.4499999999996832090 ) ) ;
#3881 = CARTESIAN_POINT ( 'NONE',  ( -0.4962992125984488356, 24.82381671449853755, 0.3578021416476367400 ) ) ;
#3882 = CARTESIAN_POINT ( 'NONE',  ( -1.312658994479414032, 23.43810297693508105, 0.4431958470681033879 ) ) ;
#3883 = CARTESIAN_POINT ( 'NONE',  ( -2.840004582973049363, 24.23084081394283373, 0.3447900074397560188 ) ) ;
#3884 = ORIENTED_EDGE ( 'NONE', *, *, #7550, .F. ) ;
#3885 = CARTESIAN_POINT ( 'NONE',  ( -2.133030439720537519, 25.63919179765543177, 0.2247845982431156131 ) ) ;
#3886 = LINE ( 'NONE', #1583, #6675 ) ;
#3887 = CARTESIAN_POINT ( 'NONE',  ( -0.8184527973318337368, 24.29293683567242113, 0.1044989323526369085 ) ) ;
#3888 = CARTESIAN_POINT ( 'NONE',  ( -2.612422198734965395, 25.23628461160333458, 0.2228619214544773908 ) ) ;
#3889 = CARTESIAN_POINT ( 'NONE',  ( -2.394453631182804187, 23.58177173122043158, 0.3423613147504235288 ) ) ;
#3890 = DIRECTION ( 'NONE',  ( 0.000000000000000000, -1.000000000000000000, 3.552713678800503296E-15 ) ) ;
#3891 = CARTESIAN_POINT ( 'NONE',  ( -1.139014733489721376, 25.40848503602063602, 0.1032609188930643379 ) ) ;
#3892 = CARTESIAN_POINT ( 'NONE',  ( -1.067165354330504634, 25.25283464566938108, 0.000000000000000000 ) ) ;
#3893 = EDGE_LOOP ( 'NONE', ( #372, #7394 ) ) ;
#3894 = CARTESIAN_POINT ( 'NONE',  ( -0.7586566676794260777, 25.53391212263111143, 0.3418801542882412559 ) ) ;
#3895 = CARTESIAN_POINT ( 'NONE',  ( -2.211119458260832449, 25.31678616586969355, 0.1112083179236638270 ) ) ;
#3896 = CARTESIAN_POINT ( 'NONE',  ( -1.275564219102846675, 23.49079713556061932, 0.4499999999996858735 ) ) ;
#3897 = CARTESIAN_POINT ( 'NONE',  ( -0.5757049585563025484, 24.80468080959558463, 0.2864496931936251212 ) ) ;
#3898 = CARTESIAN_POINT ( 'NONE',  ( -2.392838149098055034, 24.07514914733051015, 0.1481860834644503910 ) ) ;
#3899 = CARTESIAN_POINT ( 'NONE',  ( -2.252200748975606182, 25.82597964321077555, 0.4431958260125128946 ) ) ;
#3900 = CARTESIAN_POINT ( 'NONE',  ( -1.326288398323000717, 23.46149606299209367, 0.3580813416403665350 ) ) ;
#3901 = DIRECTION ( 'NONE',  ( 0.000000000000000000, -1.000000000000000000, 0.000000000000000000 ) ) ;
#3902 = ORIENTED_EDGE ( 'NONE', *, *, #643, .T. ) ;
#3903 = CARTESIAN_POINT ( 'NONE',  ( -0.6724769644180838002, 25.06769881012593615, 0.2250636393532496615 ) ) ;
#3904 = COLOUR_RGB ( '',0.7921568627450980005, 0.8196078431372548767, 0.9333333333333333481 ) ;
#3905 = AXIS2_PLACEMENT_3D ( 'NONE', #7187, #2196, #6445 ) ;
#3906 = EDGE_LOOP ( 'NONE', ( #6935, #2359, #1378, #5967, #7979, #8673, #8993 ) ) ;
#3907 = CARTESIAN_POINT ( 'NONE',  ( -0.6931496062992305029, 25.51326771653546643, 0.3655004881741764633 ) ) ;
#3908 = ORIENTED_EDGE ( 'NONE', *, *, #4799, .F. ) ;
#3909 = CARTESIAN_POINT ( 'NONE',  ( -0.6292446704228010779, 23.90632231188291001, 0.3423693321036609394 ) ) ;
#3910 = APPLICATION_CONTEXT ( 'automotive_design' ) ;
#3911 = B_SPLINE_CURVE_WITH_KNOTS ( 'NONE', 3,
 ( #2367, #2416, #5286, #8156, #2662, #4071, #6144, #500, #5383, #1859 ),
 .UNSPECIFIED., .F., .F.,
 ( 4, 3, 3, 4 ),
 ( 0.002785179902118924741, 0.005408634068448550485, 0.01050179063873966923, 0.01559494721597737624 ),
 .UNSPECIFIED. ) ;
#3912 = AXIS2_PLACEMENT_3D ( 'NONE', #8101, #8247, #1657 ) ;
#3913 = CARTESIAN_POINT ( 'NONE',  ( -2.658075788497158864, 23.69102709846611177, 0.4017266152839447102 ) ) ;
#3914 = CARTESIAN_POINT ( 'NONE',  ( -2.360742813271616392, 23.56694260173808431, 0.4499999999996857625 ) ) ;
#3915 = EDGE_LOOP ( 'NONE', ( #418, #2672, #1442, #4293 ) ) ;
#3916 = CARTESIAN_POINT ( 'NONE',  ( -2.303072240103352097, 23.90683296338657016, 0.1847145472352416107 ) ) ;
#3917 = CARTESIAN_POINT ( 'NONE',  ( -1.402628994846376154, 23.76129692718309627, 0.1072135420736297640 ) ) ;
#3918 = CARTESIAN_POINT ( 'NONE',  ( -2.770574783005692154, 25.29348389029732402, 0.3999999999996795008 ) ) ;
#3919 = CARTESIAN_POINT ( 'NONE',  ( -0.6172108724043801065, 25.35232246453251292, 0.4499999999996792677 ) ) ;
#3920 = CARTESIAN_POINT ( 'NONE',  ( -2.858503937007899509, 24.46137837597030895, 0.3578021418275060817 ) ) ;
#3921 = CARTESIAN_POINT ( 'NONE',  ( -0.5264126713952230752, 24.22480877247389586, 0.3999999999996831646 ) ) ;
#3922 = DIRECTION ( 'NONE',  ( 0.000000000000000000, 1.000000000000000000, 0.000000000000000000 ) ) ;
#3923 = CARTESIAN_POINT ( 'NONE',  ( -2.637353324565791191, 24.87276397591303834, 0.1660285669220644134 ) ) ;
#3924 = CARTESIAN_POINT ( 'NONE',  ( -1.759012619302071867, 23.66942553545020189, 0.1672252925890680142 ) ) ;
#3925 = CARTESIAN_POINT ( 'NONE',  ( -1.386718292975753108, 25.66742336919670464, 0.2254602173155321743 ) ) ;
#3926 = CARTESIAN_POINT ( 'NONE',  ( -0.8305058419064993425, 24.63620977498122855, 0.000000000000000000 ) ) ;
#3927 = AXIS2_PLACEMENT_3D ( 'NONE', #5413, #392, #528 ) ;
#3928 = DIRECTION ( 'NONE',  ( 0.000000000000000000, -1.000000000000000000, 0.000000000000000000 ) ) ;
#3929 = CARTESIAN_POINT ( 'NONE',  ( -0.5701203233023022232, 24.02694945621489708, 0.4499999999996839306 ) ) ;
#3930 = LINE ( 'NONE', #7612, #5950 ) ;
#3931 = VECTOR ( 'NONE', #3796, 39.37007874015748143 ) ;
#3932 = CARTESIAN_POINT ( 'NONE',  ( -1.308781468007531368, 23.48964370207288255, 0.3999999999996858291 ) ) ;
#3933 = CARTESIAN_POINT ( 'NONE',  ( -2.524913558696788130, 24.06718988394436920, 0.1645169969920699526 ) ) ;
#3934 = EDGE_LOOP ( 'NONE', ( #8556, #9267, #8507, #8090 ) ) ;
#3935 = CARTESIAN_POINT ( 'NONE',  ( -2.129923893682406089, 25.36583248605673191, 0.04577039259223723150 ) ) ;
#3936 = EDGE_CURVE ( 'NONE', #4357, #2965, #915, .T. ) ;
#3937 = CARTESIAN_POINT ( 'NONE',  ( -1.236897204679500595, 25.27616623882420299, 0.05000000000000000278 ) ) ;
#3938 = CARTESIAN_POINT ( 'NONE',  ( -0.6588761969300103161, 24.29634839354106290, 0.2248689964057388468 ) ) ;
#3939 = EDGE_CURVE ( 'NONE', #4498, #3340, #6555, .T. ) ;
#3940 = CARTESIAN_POINT ( 'NONE',  ( -2.467441458548244260, 25.14418247858917610, 0.1033088905478565661 ) ) ;
#3941 = VECTOR ( 'NONE', #6801, 39.37007874015748143 ) ;
#3942 = CARTESIAN_POINT ( 'NONE',  ( -2.159931851634517397, 23.94285009475963477, 0.04349563777293902200 ) ) ;
#3943 = CARTESIAN_POINT ( 'NONE',  ( -0.8967144680095409104, 25.76461584260195181, 0.4021259805797212650 ) ) ;
#3944 = FACE_BOUND ( 'NONE', #4940, .T. ) ;
#3945 = CARTESIAN_POINT ( 'NONE',  ( -2.117905374921804196, 24.00903032441591733, 0.05000000000000000278 ) ) ;
#3946 = ORIENTED_EDGE ( 'NONE', *, *, #5187, .T. ) ;
#3947 = LINE ( 'NONE', #3435, #85 ) ;
#3948 = CARTESIAN_POINT ( 'NONE',  ( -2.220496142145380603, 25.33314143168753318, 0.1241483269803862755 ) ) ;
#3949 = CARTESIAN_POINT ( 'NONE',  ( -0.5304210127487771764, 25.10179993583225411, 0.3999999999996800559 ) ) ;
#3950 = CARTESIAN_POINT ( 'NONE',  ( -0.8536008534277926829, 24.83063985443097010, 0.04659655164439407971 ) ) ;
#3951 = LINE ( 'NONE', #8181, #8430 ) ;
#3952 = CARTESIAN_POINT ( 'NONE',  ( -2.772088280512717606, 25.40006818574951808, 0.4382319632553173250 ) ) ;
#3953 = CARTESIAN_POINT ( 'NONE',  ( -0.5553543307090469394, 25.31609515211159334, 0.3646287946875634844 ) ) ;
#3954 = CARTESIAN_POINT ( 'NONE',  ( -2.084792295112908533, 25.79485100536688336, 0.3999999999996776689 ) ) ;
#3955 = ORIENTED_EDGE ( 'NONE', *, *, #7426, .F. ) ;
#3956 = CARTESIAN_POINT ( 'NONE',  ( -0.8499934088802703069, 25.08088551450261505, 0.1054566547382275177 ) ) ;
#3957 = VERTEX_POINT ( 'NONE', #3833 ) ;
#3958 = FACE_OUTER_BOUND ( 'NONE', #3012, .T. ) ;
#3959 = ORIENTED_EDGE ( 'NONE', *, *, #2981, .F. ) ;
#3960 = B_SPLINE_SURFACE_WITH_KNOTS ( 'NONE', 3, 3, ( 
 ( #3831, #6708, #265, #8856, #1717, #7457, #1017 ),
 ( #3878, #7554, #9008, #6148, #6859, #4686, #412 ),
 ( #2568, #5435, #8310, #1114, #3980, #3272, #1680 ),
 ( #8123, #1125, #6060, #323, #4502, #2337, #3043 ),
 ( #8869, #7368, #1777, #8773, #3792, #8266, #276 ),
 ( #2481, #3992, #3138, #5202, #8076, #5348, #7515 ),
 ( #4645, #1080, #5252, #1730, #6869, #5907, #3088 ),
 ( #1825, #1633, #8920, #8217, #932, #6007, #6669 ),
 ( #3842, #3940, #3185, #3888, #225, #4552, #5961 ),
 ( #8821, #6822, #5300, #377, #6771, #3234, #2383 ),
 ( #6110, #8970, #7419, #2530, #979, #6720, #2433 ),
 ( #5398, #8171, #4697, #7567, #4595, #7468, #1027 ),
 ( #4037, #3334, #7619, #5628, #2058, #6345, #9198 ),
 ( #5581, #4788, #467, #8319, #2013, #4915, #8459 ),
 ( #3427, #1350, #2676, #2768, #6298, #7051, #4832 ),
 ( #2631, #1874, #9153, #7710, #4179, #2726, #7797 ),
 ( #597, #8498, #6210, #4875, #1262, #4741, #3468 ),
 ( #6159, #9064, #8366, #1220, #4087, #5493, #1925 ),
 ( #7757, #5539, #4220, #1175, #422, #1306, #6917 ),
 ( #555, #6966, #9017, #7664, #4136, #1968, #7005 ),
 ( #3286, #6254, #2579, #5445, #514, #3379, #9112 ),
 ( #8413, #8539, #6386, #7090, #2893, #3596, #2097 ),
 ( #3509, #7840, #2982, #4308, #821, #8664, #4960 ),
 ( #2180, #1432, #1393, #2809, #7968, #1477, #6429 ),
 ( #9289, #5755, #1571, #645, #7131, #4998, #5844 ),
 ( #3643, #776, #9244, #7173, #4349, #5673, #4268 ),
 ( #6473, #686, #3553, #8715, #7923, #8619, #5044 ),
 ( #6560, #2272, #31, #5139, #2852, #5713, #2138 ),
 ( #8582, #122, #7881, #728, #7215, #6515, #4402 ),
 ( #76, #2933, #2223, #5797, #5091, #1523, #7261 ),
 ( #3687, #8019, #865, #7403, #3030, #5189, #2368 ),
 ( #8063, #5894, #3923, #5237, #3169, #8806, #5287 ),
 ( #8157, #964, #2417, #3828, #6045, #1065, #1618 ),
 ( #4489, #6809, #211, #308, #2324, #8108, #3875 ),
 ( #361, #8905, #3221, #8954, #2516, #6758, #262 ),
 ( #2467, #5385, #4536, #3733, #166, #5333, #6097 ),
 ( #8203, #8253, #8759, #6705, #3777, #4582, #7354 ),
 ( #1764, #4632, #1714, #1664, #3123, #5992, #7500 ),
 ( #8853, #4445, #7311, #5946, #6608, #916, #3075 ),
 ( #7453, #1014, #6656, #2834, #2079, #3976, #1912 ),
 ( #4024, #1326, #6856, #9, #2120, #5694, #7652 ),
 ( #8560, #7112, #6195, #9050, #8352, #668, #1161 ),
 ( #1373, #4982, #3322, #4245, #4683, #6903, #2618 ),
 ( #4775, #4936, #7863, #7818, #409, #4198, #3490 ),
 ( #7070, #3269, #2872, #1415, #4292, #620, #6145 ),
 ( #5479, #6410, #5652, #7551, #9005, #6366, #9223 ),
 ( #3536, #5736, #2789, #7155, #9271, #708, #8517 ),
 ( #453, #2565, #3578, #6452, #1810, #1111, #5432 ),
 ( #8307, #1861, #4729, #7605, #3713, #7195, #3053 ) ),
 .UNSPECIFIED., .F., .F., .F.,
 ( 4, 3, 3, 3, 3, 3, 3, 3, 3, 3, 3, 3, 3, 3, 3, 3, 4 ),
 ( 4, 3, 4 ),
 ( -0.006321742964111960392, 0.009500094011463306592, 0.02532193098703857531, 0.05696560493818911275, 0.1202529528404901876, 0.2468276486450923235, 0.2784713225962428540, 0.3101149965473933845, 0.3417586704985439150, 0.3575805074741191802, 0.3734023444496944455, 0.4999770402542966230, 0.7531264318635009225, 0.8797011276681030445, 0.9429884755704041055, 0.9746321495215546360, 1.006275823472705166 ),
 ( 0.09877998533837689665, 0.6111074089710212265, 1.123434832603665612 ),
 .UNSPECIFIED. ) ;
#3961 = CARTESIAN_POINT ( 'NONE',  ( -0.5452554723408424842, 23.87732750192070341, 0.4021326752307621821 ) ) ;
#3962 = CARTESIAN_POINT ( 'NONE',  ( -2.302278612749717457, 23.75356654168966131, 0.2077130328596489828 ) ) ;
#3963 = CARTESIAN_POINT ( 'NONE',  ( -2.054247795802497389, 23.48970315444565315, 0.4499999999996858735 ) ) ;
#3964 = EDGE_LOOP ( 'NONE', ( #7990, #7638, #6234, #2290, #8213 ) ) ;
#3965 = CARTESIAN_POINT ( 'NONE',  ( -0.5469991087061556456, 23.92924171014020729, 0.4432038691916624362 ) ) ;
#3966 = CARTESIAN_POINT ( 'NONE',  ( -1.428738227178202758, 23.83111417411446098, 0.04785207535579322213 ) ) ;
#3967 = EDGE_CURVE ( 'NONE', #4369, #5824, #5997, .T. ) ;
#3968 = CARTESIAN_POINT ( 'NONE',  ( -2.828378577579977460, 25.06055430341586288, 0.4499999999996802114 ) ) ;
#3969 = CARTESIAN_POINT ( 'NONE',  ( -0.6038133557274145691, 25.32980886539304066, 0.4499999999996793787 ) ) ;
#3970 = CARTESIAN_POINT ( 'NONE',  ( -1.703224431161016739, 25.41436389435747145, 0.05000093565119327621 ) ) ;
#3971 = AXIS2_PLACEMENT_3D ( 'NONE', #29, #2932, #7213 ) ;
#3972 = PLANE ( 'NONE',  #4813 ) ;
#3973 = EDGE_CURVE ( 'NONE', #1899, #2210, #5079, .T. ) ;
#3974 = ADVANCED_FACE ( 'NONE', ( #5437 ), #8208, .T. ) ;
#3975 = DIRECTION ( 'NONE',  ( 1.343011723336886945E-15, 1.000000000000000000, 0.000000000000000000 ) ) ;
#3976 = CARTESIAN_POINT ( 'NONE',  ( -2.845096919726946449, 24.42564778088854993, 0.3459885469680368808 ) ) ;
#3977 = CARTESIAN_POINT ( 'NONE',  ( -1.387889759446702120, 23.54603727861720941, 0.2855363689843738451 ) ) ;
#3978 = EDGE_CURVE ( 'NONE', #8990, #703, #8403, .T. ) ;
#3979 = CARTESIAN_POINT ( 'NONE',  ( -1.395181907263612686, 25.51988554825209832, 0.1052456861324982812 ) ) ;
#3980 = CARTESIAN_POINT ( 'NONE',  ( -2.660909811867191443, 25.32050257710554320, 0.2825835413343880664 ) ) ;
#3981 = EDGE_CURVE ( 'NONE', #272, #8687, #6102, .T. ) ;
#3982 = CARTESIAN_POINT ( 'NONE',  ( -2.405868410375251454, 23.59485864866661586, 0.3999999999996855515 ) ) ;
#3983 = CARTESIAN_POINT ( 'NONE',  ( -0.5318685833567692312, 24.17471544455513666, 0.4499999999996834310 ) ) ;
#3984 = DIRECTION ( 'NONE',  ( 0.000000000000000000, -1.000000000000000000, 3.607743797525527770E-15 ) ) ;
#3985 = CARTESIAN_POINT ( 'NONE',  ( -0.8177007318470943531, 23.61457496953669377, 0.4431958470681020557 ) ) ;
#3986 = CARTESIAN_POINT ( 'NONE',  ( -2.813233759178575877, 23.88281875948230137, 0.4021239905978230000 ) ) ;
#3987 = ORIENTED_EDGE ( 'NONE', *, *, #1694, .F. ) ;
#3988 = CARTESIAN_POINT ( 'NONE',  ( -2.150280752663332962, 25.35272249905062480, 0.04572505178203729870 ) ) ;
#3989 = CARTESIAN_POINT ( 'NONE',  ( -0.6931496062992357210, 23.65834645669293579, 0.1999999999996851796 ) ) ;
#3990 = VECTOR ( 'NONE', #6999, 39.37007874015748143 ) ;
#3991 = CARTESIAN_POINT ( 'NONE',  ( -0.4406593989718904925, 24.25044368189608690, 0.4048255108045991646 ) ) ;
#3992 = CARTESIAN_POINT ( 'NONE',  ( -2.455470029495009143, 25.16297250727619783, 0.1032762656797779205 ) ) ;
#3993 = CARTESIAN_POINT ( 'NONE',  ( -2.046665576488027050, 23.70717557718377577, 0.1643669619686086991 ) ) ;
#3994 = CARTESIAN_POINT ( 'NONE',  ( -0.4462992125984484026, 25.48905511771334176, 0.6074803150392297235 ) ) ;
#3995 = FACE_OUTER_BOUND ( 'NONE', #3893, .T. ) ;
#3996 = EDGE_CURVE ( 'NONE', #4840, #8796, #2402, .T. ) ;
#3997 = CARTESIAN_POINT ( 'NONE',  ( -2.661653543307109793, 25.62685039370080986, 0.1999999999996782685 ) ) ;
#3998 = CARTESIAN_POINT ( 'NONE',  ( -0.8394990432103690559, 23.91387148357883774, 0.2239141760716648888 ) ) ;
#3999 = VERTEX_POINT ( 'NONE', #1166 ) ;
#4000 = CARTESIAN_POINT ( 'NONE',  ( -0.6931496062992357210, 25.71543307086616181, 0.1999999999996779076 ) ) ;
#4001 = CARTESIAN_POINT ( 'NONE',  ( -2.397571881751562550, 25.32809445103768553, 0.2044300548545312235 ) ) ;
#4002 = CARTESIAN_POINT ( 'NONE',  ( -0.9489337751103440466, 23.59485923627083537, 0.4499999999996854849 ) ) ;
#4003 = CARTESIAN_POINT ( 'NONE',  ( -0.5561048582195176060, 25.42411730954521687, 0.4021149078515739994 ) ) ;
#4004 = CARTESIAN_POINT ( 'NONE',  ( -1.721904436162267960, 25.48854961227302240, 0.000000000000000000 ) ) ;
#4005 = FACE_OUTER_BOUND ( 'NONE', #2125, .T. ) ;
#4006 = CARTESIAN_POINT ( 'NONE',  ( -0.5692737558774365603, 25.54193487212240754, 0.3999999999996785016 ) ) ;
#4007 = CYLINDRICAL_SURFACE ( 'NONE', #3927, 0.08858267716535331293 ) ;
#4008 = VERTEX_POINT ( 'NONE', #3176 ) ;
#4009 = CARTESIAN_POINT ( 'NONE',  ( -0.5919642123224058139, 25.32000816238104690, 0.3427976168138529012 ) ) ;
#4010 = ORIENTED_EDGE ( 'NONE', *, *, #7418, .F. ) ;
#4011 = CARTESIAN_POINT ( 'NONE',  ( -2.172889204810154684, 24.04679762391634412, 0.000000000000000000 ) ) ;
#4012 = VERTEX_POINT ( 'NONE', #1960 ) ;
#4013 = CARTESIAN_POINT ( 'NONE',  ( -2.398995067120494706, 23.90472305104708539, 0.1698097881427339528 ) ) ;
#4014 = LINE ( 'NONE', #3356, #4380 ) ;
#4015 = DIRECTION ( 'NONE',  ( -6.123233995736998996E-17, -3.552713678800503296E-15, -1.000000000000000000 ) ) ;
#4016 = VERTEX_POINT ( 'NONE', #4029 ) ;
#4017 = CARTESIAN_POINT ( 'NONE',  ( -0.5241477380940018360, 24.64259840041510330, 0.3999999999996818323 ) ) ;
#4018 = CARTESIAN_POINT ( 'NONE',  ( -1.360644101188635657, 23.61900187925730421, 0.2262849734814305902 ) ) ;
#4019 = CARTESIAN_POINT ( 'NONE',  ( -2.751848132087953314, 25.32811048319532077, 0.4499999999996793787 ) ) ;
#4020 = CARTESIAN_POINT ( 'NONE',  ( -0.8906619220825062744, 24.97913882466759006, 0.05000000000000034278 ) ) ;
#4021 = CARTESIAN_POINT ( 'NONE',  ( -2.858503937007895956, 24.88610416163900041, 0.3579024442427274910 ) ) ;
#4022 = CARTESIAN_POINT ( 'NONE',  ( -2.657238147526299610, 25.32777428686799936, 0.2833138629826192356 ) ) ;
#4023 = CARTESIAN_POINT ( 'NONE',  ( -1.043833688236545321, 24.20209429202971663, 0.05000000000000014849 ) ) ;
#4024 = CARTESIAN_POINT ( 'NONE',  ( -2.504262682332225598, 24.47041233972746355, 0.04667929978680645381 ) ) ;
#4025 = CARTESIAN_POINT ( 'NONE',  ( -1.613616416688611777, 23.73586387539990739, 0.1073704400762323513 ) ) ;
#4026 = CARTESIAN_POINT ( 'NONE',  ( -0.6738760628745553705, 23.77038378335803515, 0.3762603930613778735 ) ) ;
#4027 = CARTESIAN_POINT ( 'NONE',  ( -1.500378466319657544, 25.74366082762827190, 0.2863099339904871532 ) ) ;
#4028 = CARTESIAN_POINT ( 'NONE',  ( -0.9417716535432388847, 24.01970335141436408, 0.1833927794585579196 ) ) ;
#4029 = CARTESIAN_POINT ( 'NONE',  ( -2.455677170991409586, 23.52266114469902547, 0.3999999999996855515 ) ) ;
#4030 = CYLINDRICAL_SURFACE ( 'NONE', #2323, 0.1057086614173214645 ) ;
#4031 = CARTESIAN_POINT ( 'NONE',  ( -0.9057460777399983787, 24.64259847944031634, 0.000000000000000000 ) ) ;
#4032 = CARTESIAN_POINT ( 'NONE',  ( -2.746835567917161214, 23.93775621217992722, 0.3427323838417610236 ) ) ;
#4033 = ORIENTED_EDGE ( 'NONE', *, *, #3110, .F. ) ;
#4034 = CARTESIAN_POINT ( 'NONE',  ( -2.370935230310046826, 25.71911939820835613, 0.3427516830926849445 ) ) ;
#4035 = DIRECTION ( 'NONE',  ( -0.7071067789408527204, -0.7071067834322423140, 2.455576629194835088E-15 ) ) ;
#4036 = AXIS2_PLACEMENT_3D ( 'NONE', #8740, #4517, #7382 ) ;
#4037 = CARTESIAN_POINT ( 'NONE',  ( -2.422688479692629571, 25.05000192313971041, 0.04377309817301239941 ) ) ;
#4038 = CARTESIAN_POINT ( 'NONE',  ( -2.140522629923324427, 23.83068519666164420, 0.1034592909020427554 ) ) ;
#4039 = CARTESIAN_POINT ( 'NONE',  ( -1.208237881825829474, 25.35133117837298755, 0.04350915399226526481 ) ) ;
#4040 = CARTESIAN_POINT ( 'NONE',  ( -1.140493363987391096, 25.77526084607325174, 0.3999999999996776689 ) ) ;
#4041 = CARTESIAN_POINT ( 'NONE',  ( -2.411994030890628249, 23.59890350609368426, 0.3999999999996854405 ) ) ;
#4042 = CARTESIAN_POINT ( 'NONE',  ( -0.8097577872577016445, 23.95007727734216019, 0.2239141796473786972 ) ) ;
#4043 = ORIENTED_EDGE ( 'NONE', *, *, #3967, .T. ) ;
#4044 = DIRECTION ( 'NONE',  ( -6.123233995736998996E-17, -3.552713678800503296E-15, -1.000000000000000000 ) ) ;
#4045 = CARTESIAN_POINT ( 'NONE',  ( -2.095810442037771892, 23.49165396253281202, 0.3999999999996858846 ) ) ;
#4046 = CARTESIAN_POINT ( 'NONE',  ( -0.6296922402966190768, 25.37104550023128269, 0.3999999999996725619 ) ) ;
#4047 = CARTESIAN_POINT ( 'NONE',  ( -0.9029952760856501115, 25.43786067609154600, 0.2239140795229581926 ) ) ;
#4048 = CARTESIAN_POINT ( 'NONE',  ( -1.325320731423226928, 25.79585226193939462, 0.4499999999996776023 ) ) ;
#4049 = CARTESIAN_POINT ( 'NONE',  ( -2.715643107284629210, 25.52691966002209512, 0.3999999999996786126 ) ) ;
#4050 = CARTESIAN_POINT ( 'NONE',  ( -2.111710554829881570, 23.46149606299216472, 0.3609999722469676708 ) ) ;
#4051 = DIRECTION ( 'NONE',  ( -1.343011723336886945E-15, -1.000000000000000000, 0.000000000000000000 ) ) ;
#4052 = B_SPLINE_CURVE_WITH_KNOTS ( 'NONE', 3,
 ( #3766, #8193, #4571, #7441, #1002, #2608 ),
 .UNSPECIFIED., .F., .F.,
 ( 4, 2, 4 ),
 ( 0.000000000000000000, 0.5000000000000000000, 1.000000000000000000 ),
 .UNSPECIFIED. ) ;
#4053 = VERTEX_POINT ( 'NONE', #8357 ) ;
#4054 = CARTESIAN_POINT ( 'NONE',  ( -0.4465406241467834714, 25.12104901533433576, 0.4038853139559186456 ) ) ;
#4055 = ORIENTED_EDGE ( 'NONE', *, *, #4458, .T. ) ;
#4056 = CARTESIAN_POINT ( 'NONE',  ( -2.444342221565677153, 24.53175107991833670, 0.05030735097768035402 ) ) ;
#4057 = ORIENTED_EDGE ( 'NONE', *, *, #6329, .F. ) ;
#4058 = DIRECTION ( 'NONE',  ( 1.000000000000000000, 0.000000000000000000, 0.000000000000000000 ) ) ;
#4059 = B_SPLINE_CURVE_WITH_KNOTS ( 'NONE', 3,
 ( #5358, #8275, #4097, #430, #5406, #9072, #4001, #3295, #522, #331, #1833, #3342, #4652, #3388, #3194, #1133, #6167, #6218, #9026, #1935, #1087, #8178, #5309, #1183, #4796, #8226, #3948, #6119, #3895, #2639, #3243, #5502, #6262, #7672 ),
 .UNSPECIFIED., .F., .F.,
 ( 4, 2, 2, 2, 2, 2, 2, 2, 2, 2, 2, 2, 2, 2, 2, 2, 4 ),
 ( 3.469446951953614189E-18, 0.0005813920417721209384, 0.001162784083544238407, 0.001744176125316356093, 0.002325568167088473345, 0.002906960208860590814, 0.003488352250632708717, 0.004069744292404826186, 0.004651136334176943221, 0.005232528375949061124, 0.005813920417721178159, 0.006395312459493296929, 0.006976704501265414832, 0.007558096543037534469, 0.008139488584809652372, 0.008720880626581771142, 0.009302272668353889912 ),
 .UNSPECIFIED. ) ;
#4060 = EDGE_CURVE ( 'NONE', #8167, #2349, #1280, .T. ) ;
#4061 = CARTESIAN_POINT ( 'NONE',  ( -2.876013135513092234, 24.28082229226301081, 0.4382308758287529749 ) ) ;
#4062 = CARTESIAN_POINT ( 'NONE',  ( -2.212108546798940978, 23.51002819900369545, 0.4499999999996858735 ) ) ;
#4063 = ORIENTED_EDGE ( 'NONE', *, *, #8526, .T. ) ;
#4064 = CARTESIAN_POINT ( 'NONE',  ( -1.046488032116558164, 24.19827660518572188, 0.05000000000000000278 ) ) ;
#4065 = CARTESIAN_POINT ( 'NONE',  ( -1.188450869375923480, 23.57183791855360155, 0.2842506956408336616 ) ) ;
#4066 = EDGE_CURVE ( 'NONE', #4053, #252, #2761, .T. ) ;
#4067 = CARTESIAN_POINT ( 'NONE',  ( -2.754736501585720365, 25.32287261528091094, 0.4499999999996794897 ) ) ;
#4068 = CARTESIAN_POINT ( 'NONE',  ( -2.654854586946007178, 23.82216826451223213, 0.4499999999996849298 ) ) ;
#4069 = CARTESIAN_POINT ( 'NONE',  ( -2.661653543307109793, 25.74043307086616394, 0.3999999999996778910 ) ) ;
#4070 = PRODUCT_DEFINITION_SHAPE ( 'NONE', 'NONE',  #5915 ) ;
#4071 = CARTESIAN_POINT ( 'NONE',  ( -2.616757887554788997, 23.98938733713468352, 0.2475913250437010715 ) ) ;
#4072 = CARTESIAN_POINT ( 'NONE',  ( -1.492203933938206273, 23.74749160491172262, 0.1064784374060343958 ) ) ;
#4073 = CARTESIAN_POINT ( 'NONE',  ( -2.423070353238456764, 23.60689754957306974, 0.3999999999996854405 ) ) ;
#4074 = CARTESIAN_POINT ( 'NONE',  ( -1.670408203385457480, 25.68229173699138101, 0.2271662491889689106 ) ) ;
#4075 = VECTOR ( 'NONE', #4147, 39.37007874015748143 ) ;
#4076 = CARTESIAN_POINT ( 'NONE',  ( -1.147601827183978518, 24.04738035571861943, 0.06746247192203216891 ) ) ;
#4077 = CARTESIAN_POINT ( 'NONE',  ( -0.6180658879992723120, 23.93169180611230118, 0.4499999999996843192 ) ) ;
#4078 = CARTESIAN_POINT ( 'NONE',  ( -2.830655411512998931, 24.99467922547272991, 0.3999999999996805555 ) ) ;
#4079 = CARTESIAN_POINT ( 'NONE',  ( -0.6931496062992357210, 25.51326771653545933, 0.1999999999996786293 ) ) ;
#4080 = ORIENTED_EDGE ( 'NONE', *, *, #930, .T. ) ;
#4081 = CARTESIAN_POINT ( 'NONE',  ( -2.764228780733132051, 23.96788692413869271, 0.3428073675293618616 ) ) ;
#4082 = ORIENTED_EDGE ( 'NONE', *, *, #8526, .F. ) ;
#4083 = CARTESIAN_POINT ( 'NONE',  ( -2.318508815424936476, 25.54875649116436165, 0.2239155841867525865 ) ) ;
#4084 = DIRECTION ( 'NONE',  ( 6.123233995736998996E-17, 3.552713678800503296E-15, 1.000000000000000000 ) ) ;
#4085 = EDGE_CURVE ( 'NONE', #7932, #1410, #4678, .T. ) ;
#4086 = CIRCLE ( 'NONE', #6950, 0.08858267716535331293 ) ;
#4087 = CARTESIAN_POINT ( 'NONE',  ( -2.762414488860939876, 25.05707461636110622, 0.2842130155213145604 ) ) ;
#4088 = CARTESIAN_POINT ( 'NONE',  ( -2.374670648012279450, 23.47199430614978155, 0.4023114949252731276 ) ) ;
#4089 = CARTESIAN_POINT ( 'NONE',  ( -1.037643025902110550, 25.65009562817254363, 0.2826383951653834714 ) ) ;
#4090 = DIRECTION ( 'NONE',  ( 0.000000000000000000, 1.000000000000000000, -3.469446951953654421E-15 ) ) ;
#4091 = AXIS2_PLACEMENT_3D ( 'NONE', #4104, #8553, #3440 ) ;
#4092 = CARTESIAN_POINT ( 'NONE',  ( -0.5240964304691112519, 24.99184354227921645, 0.3999999999996803890 ) ) ;
#4093 = CARTESIAN_POINT ( 'NONE',  ( -0.6485072446821668057, 23.87902863870210268, 0.3427135516419219652 ) ) ;
#4094 = ORIENTED_EDGE ( 'NONE', *, *, #7999, .T. ) ;
#4095 = EDGE_CURVE ( 'NONE', #8590, #5172, #5622, .T. ) ;
#4096 = CARTESIAN_POINT ( 'NONE',  ( -2.514076378085690511, 24.50595501436902879, 0.05007838228110604584 ) ) ;
#4097 = CARTESIAN_POINT ( 'NONE',  ( -2.412335161075177314, 25.28661956815042799, 0.1925901492451325137 ) ) ;
#4098 = CARTESIAN_POINT ( 'NONE',  ( -1.275232167024868968, 23.49081427711228187, 0.4499999999996860400 ) ) ;
#4099 = CARTESIAN_POINT ( 'NONE',  ( -0.8093762454979945842, 25.58568521737173995, 0.3427133842013203591 ) ) ;
#4100 = EDGE_CURVE ( 'NONE', #5465, #3447, #3763, .T. ) ;
#4101 = VECTOR ( 'NONE', #6710, 39.37007874015748143 ) ;
#4102 = DIRECTION ( 'NONE',  ( -0.6745779029093649237, 0.4690173129599353730, 0.5700591311874982914 ) ) ;
#4103 = CARTESIAN_POINT ( 'NONE',  ( -2.313936529188648894, 25.07883519890228285, 0.05000000000000000278 ) ) ;
#4104 = CARTESIAN_POINT ( 'NONE',  ( -2.701023622047267203, 25.66622047244096905, 0.4499999999996781574 ) ) ;
#4105 = CARTESIAN_POINT ( 'NONE',  ( -0.9085759846119780825, 24.71876281724636115, 0.04999876789877798905 ) ) ;
#4106 = B_SPLINE_CURVE_WITH_KNOTS ( 'NONE', 3,
 ( #7727, #1275, #4151, #7020, #8987, #5460, #2545, #6932 ),
 .UNSPECIFIED., .F., .F.,
 ( 4, 2, 2, 4 ),
 ( 0.000000000000000000, 0.002512700170155539054, 0.003769050255233313568, 0.005025400340311088516 ),
 .UNSPECIFIED. ) ;
#4107 = B_SPLINE_CURVE_WITH_KNOTS ( 'NONE', 3,
 ( #417, #4692, #3277, #6153, #9013, #26, #2890, #5752 ),
 .UNSPECIFIED., .F., .F.,
 ( 4, 2, 2, 4 ),
 ( -0.002135925987797175976, 0.0009751480273341383252, 0.004086222042465452627, 0.01030837007272808643 ),
 .UNSPECIFIED. ) ;
#4108 = ADVANCED_FACE ( 'NONE', ( #6290 ), #9284, .T. ) ;
#4109 = ORIENTED_EDGE ( 'NONE', *, *, #466, .F. ) ;
#4110 = CARTESIAN_POINT ( 'NONE',  ( -0.8996813041808555678, 25.16842034152200824, 0.1051179885733427993 ) ) ;
#4111 = CARTESIAN_POINT ( 'NONE',  ( -2.454754904031015705, 23.51897728963515632, 0.4017267565975983223 ) ) ;
#4112 = ORIENTED_EDGE ( 'NONE', *, *, #2738, .T. ) ;
#4113 = CARTESIAN_POINT ( 'NONE',  ( -0.5699741517703086346, 24.01145833344202885, 0.3426444723174909557 ) ) ;
#4114 = CARTESIAN_POINT ( 'NONE',  ( -2.882085677106196453, 24.22267153613962165, 0.4431922474509181753 ) ) ;
#4115 = CARTESIAN_POINT ( 'NONE',  ( -2.073627728021759431, 23.49040207757255061, 0.4499999999996858735 ) ) ;
#4116 = ORIENTED_EDGE ( 'NONE', *, *, #2297, .F. ) ;
#4117 = CARTESIAN_POINT ( 'NONE',  ( -0.9830443551486072185, 24.30553393182525923, 0.05000000000000003747 ) ) ;
#4118 = CARTESIAN_POINT ( 'NONE',  ( -1.119635992550101822, 23.50831056834756438, 0.3434578958389576941 ) ) ;
#4119 = EDGE_CURVE ( 'NONE', #1705, #87, #7564, .T. ) ;
#4120 = DIRECTION ( 'NONE',  ( -0.000000000000000000, -0.000000000000000000, -1.000000000000000000 ) ) ;
#4121 = CARTESIAN_POINT ( 'NONE',  ( -0.7934745455261749125, 24.90475876426964064, 0.1073767347169530401 ) ) ;
#4122 = CARTESIAN_POINT ( 'NONE',  ( -0.5375968456607752577, 24.14129530628300202, 0.3999999999996834976 ) ) ;
#4123 = CARTESIAN_POINT ( 'NONE',  ( -0.6225778858849551067, 23.90961214431420956, 0.3449689636656559921 ) ) ;
#4124 = AXIS2_PLACEMENT_3D ( 'NONE', #5454, #6072, #8328 ) ;
#4125 = CARTESIAN_POINT ( 'NONE',  ( -1.685368647790764784, 23.47339128187023505, 0.3466861783910526462 ) ) ;
#4126 = CARTESIAN_POINT ( 'NONE',  ( -2.403739315047368930, 24.37895751867619865, 0.05000780437701816961 ) ) ;
#4127 = CARTESIAN_POINT ( 'NONE',  ( -1.894355078161026995, 25.81029374357020245, 0.3459885353619338577 ) ) ;
#4128 = ADVANCED_FACE ( 'NONE', ( #7749 ), #8576, .T. ) ;
#4129 = CARTESIAN_POINT ( 'NONE',  ( -0.9470788036024182510, 24.04639296422576678, 0.1687281555571864822 ) ) ;
#4130 = CARTESIAN_POINT ( 'NONE',  ( -0.5448327197555949963, 24.10788788692330797, 0.4499999999996837086 ) ) ;
#4131 = DIRECTION ( 'NONE',  ( 0.000000000000000000, 1.000000000000000000, -3.854941057726282076E-15 ) ) ;
#4132 = DIRECTION ( 'NONE',  ( 0.000000000000000000, 0.000000000000000000, -1.000000000000000000 ) ) ;
#4133 = CARTESIAN_POINT ( 'NONE',  ( -0.8978740157478249939, 25.25283464566938108, 0.1406228539737731653 ) ) ;
#4134 = CARTESIAN_POINT ( 'NONE',  ( -2.381612694218215420, 25.60881139623234404, 0.2833146757128662818 ) ) ;
#4135 = DIRECTION ( 'NONE',  ( 0.000000000000000000, -1.000000000000000000, 0.000000000000000000 ) ) ;
#4136 = CARTESIAN_POINT ( 'NONE',  ( -2.765787280504499623, 25.03481367272105373, 0.2844482482101119425 ) ) ;
#4137 = CARTESIAN_POINT ( 'NONE',  ( -2.409467274360167277, 23.49024386319033653, 0.4021910085317109695 ) ) ;
#4138 = CARTESIAN_POINT ( 'NONE',  ( -1.111463999226366184, 25.59308004890956667, 0.2229556387143135088 ) ) ;
#4139 = CARTESIAN_POINT ( 'NONE',  ( -2.094873394077375828, 23.86307086614180406, 0.06839528266801617185 ) ) ;
#4140 = CARTESIAN_POINT ( 'NONE',  ( -1.447639209316395670, 23.90592821312089811, 0.05000000000000000278 ) ) ;
#4141 = CARTESIAN_POINT ( 'NONE',  ( -0.7907038482026217396, 23.97483035745415236, 0.2239141816919493488 ) ) ;
#4142 = CARTESIAN_POINT ( 'NONE',  ( -2.784215570696110920, 25.38133818583605361, 0.4381353998082435641 ) ) ;
#4143 = EDGE_LOOP ( 'NONE', ( #5765, #131, #5178, #1464 ) ) ;
#4144 = CARTESIAN_POINT ( 'NONE',  ( -2.481875928333940440, 24.92663729144553031, 0.04991246055612245242 ) ) ;
#4145 = CARTESIAN_POINT ( 'NONE',  ( -0.8413262622789955403, 24.78944089553195340, 0.05000000000000151545 ) ) ;
#4146 = CARTESIAN_POINT ( 'NONE',  ( -0.9809004358820376801, 25.13539606107724822, 0.04571652958953442009 ) ) ;
#4147 = DIRECTION ( 'NONE',  ( -0.000000000000000000, -0.000000000000000000, -1.000000000000000000 ) ) ;
#4148 = CIRCLE ( 'NONE', #5332, 1.276096834776363487 ) ;
#4149 = CARTESIAN_POINT ( 'NONE',  ( -2.448020137122856266, 24.60259859119682702, 0.05000000000000000971 ) ) ;
#4150 = CARTESIAN_POINT ( 'NONE',  ( -2.495849663112702288, 24.87545705982971356, 0.000000000000000000 ) ) ;
#4151 = CARTESIAN_POINT ( 'NONE',  ( -1.259936780756352848, 25.42212598425206949, 0.06839313250680677247 ) ) ;
#4152 = EDGE_LOOP ( 'NONE', ( #3203, #6154 ) ) ;
#4153 = CARTESIAN_POINT ( 'NONE',  ( -1.014050020996582147, 25.41396121505419359, 0.1595896740651847334 ) ) ;
#4154 = ORIENTED_EDGE ( 'NONE', *, *, #4371, .T. ) ;
#4155 = CARTESIAN_POINT ( 'NONE',  ( -0.8147671574542965089, 24.09492821021316189, 0.1631598221451626418 ) ) ;
#4156 = CARTESIAN_POINT ( 'NONE',  ( -2.865260420004882125, 24.12158954114279652, 0.4382308758287543626 ) ) ;
#4157 = CARTESIAN_POINT ( 'NONE',  ( -0.4962992125984483915, 25.66622047223044589, 0.4499999999996780464 ) ) ;
#4158 = ORIENTED_EDGE ( 'NONE', *, *, #7123, .F. ) ;
#4159 = CARTESIAN_POINT ( 'NONE',  ( -0.5827538176538321624, 23.87217420130106404, 0.4432038691916631024 ) ) ;
#4160 = CARTESIAN_POINT ( 'NONE',  ( -1.224878925329036639, 23.91936473138924768, 0.04577041312321232513 ) ) ;
#4161 = CARTESIAN_POINT ( 'NONE',  ( -2.380598306237275974, 23.47861654023778399, 0.3999999999996845523 ) ) ;
#4162 = CARTESIAN_POINT ( 'NONE',  ( -2.908503937007897111, 23.61897637817761719, 0.6074803150392285023 ) ) ;
#4163 = LINE ( 'NONE', #6372, #8627 ) ;
#4164 = AXIS2_PLACEMENT_3D ( 'NONE', #1349, #5627, #7879 ) ;
#4165 = CARTESIAN_POINT ( 'NONE',  ( -0.6391600396564208753, 23.75827718893159002, 0.3999999999996770583 ) ) ;
#4166 = CARTESIAN_POINT ( 'NONE',  ( -1.478816506796231778, 23.67936539271643781, 0.1663224326199248260 ) ) ;
#4167 = CARTESIAN_POINT ( 'NONE',  ( -2.031477255734317922, 23.86307086614182182, 0.000000000000000000 ) ) ;
#4168 = CARTESIAN_POINT ( 'NONE',  ( -1.579878701767523097, 25.81153587698034357, 0.3465524501733011076 ) ) ;
#4169 = CARTESIAN_POINT ( 'NONE',  ( -0.5356692913878183804, 25.33578019156488992, 0.3999999999996792233 ) ) ;
#4170 = DIRECTION ( 'NONE',  ( -1.000000000000000000, 0.000000000000000000, 0.000000000000000000 ) ) ;
#4171 = CARTESIAN_POINT ( 'NONE',  ( -1.171617762002056917, 23.50325407111614240, 0.3999999999996857181 ) ) ;
#4172 = B_SPLINE_CURVE_WITH_KNOTS ( 'NONE', 3,
 ( #6891, #7641, #5420, #442, #3209, #2454, #3309, #8292, #4762, #4013, #5516, #6085, #489, #4618, #1752, #1847, #7588, #8891, #1196, #5466, #6743 ),
 .UNSPECIFIED., .F., .F.,
 ( 4, 2, 2, 2, 2, 1, 2, 2, 2, 2, 4 ),
 ( 9.618822680557183635E-17, 0.0008663352618220847160, 0.001732670523644072938, 0.002599005785466061268, 0.003032173416377063890, 0.003465341047288066512, 0.003898508678199068701, 0.004331676309110072190, 0.005198011570932350653, 0.006064346832754629983, 0.006930682094576909313 ),
 .UNSPECIFIED. ) ;
#4173 = CARTESIAN_POINT ( 'NONE',  ( -0.5785466593769090782, 23.87859121657012551, 0.4431958470681016671 ) ) ;
#4174 = CARTESIAN_POINT ( 'NONE',  ( -0.8978740157478245498, 25.21111422807355140, 0.1227821579228638438 ) ) ;
#4175 = CARTESIAN_POINT ( 'NONE',  ( -2.409976999721640034, 25.69367008736908886, 0.3427154100548273075 ) ) ;
#4176 = CARTESIAN_POINT ( 'NONE',  ( -2.830655411561412649, 24.29051793536090997, 0.3999999999996830535 ) ) ;
#4177 = B_SPLINE_CURVE_WITH_KNOTS ( 'NONE', 3,
 ( #4639, #7508, #416, #2523 ),
 .UNSPECIFIED., .F., .F.,
 ( 4, 4 ),
 ( 0.000000000000000000, 0.002259784644143564801 ),
 .UNSPECIFIED. ) ;
#4178 = EDGE_CURVE ( 'NONE', #252, #176, #3458, .T. ) ;
#4179 = CARTESIAN_POINT ( 'NONE',  ( -2.758356547759735378, 25.07926747744847518, 0.2839980302088797037 ) ) ;
#4180 = CARTESIAN_POINT ( 'NONE',  ( -2.172874370502193564, 23.41386599390400391, 0.4037259655568091188 ) ) ;
#4181 = CARTESIAN_POINT ( 'NONE',  ( -0.9569788694382463934, 25.80105478811748654, 0.4022314226041648899 ) ) ;
#4182 = DIRECTION ( 'NONE',  ( -0.000000000000000000, -0.000000000000000000, -1.000000000000000000 ) ) ;
#4183 = CARTESIAN_POINT ( 'NONE',  ( -0.5244469881024546032, 25.01121857097258427, 0.3999999999996803335 ) ) ;
#4184 = CARTESIAN_POINT ( 'NONE',  ( -2.265144022490697129, 24.15098691759837024, 0.04606817219003309094 ) ) ;
#4185 = CARTESIAN_POINT ( 'NONE',  ( -2.874700100563301497, 24.94651126004560737, 0.4381353998082447299 ) ) ;
#4186 = VERTEX_POINT ( 'NONE', #4952 ) ;
#4187 = CARTESIAN_POINT ( 'NONE',  ( -2.486973722014311772, 24.38712025720742105, 0.04774819410857644719 ) ) ;
#4188 = CARTESIAN_POINT ( 'NONE',  ( -0.8363143773075432108, 24.53504039579966900, 0.05000000000000151545 ) ) ;
#4189 = CARTESIAN_POINT ( 'NONE',  ( -0.6180946778730691538, 25.50990288360659974, 0.4021117751859440981 ) ) ;
#4190 = CARTESIAN_POINT ( 'NONE',  ( -0.9489338390001035295, 25.69033764953028154, 0.3999999999996779465 ) ) ;
#4191 = CARTESIAN_POINT ( 'NONE',  ( -1.784959572070563327, 23.80151126911204074, 0.05000000000000000971 ) ) ;
#4192 = CARTESIAN_POINT ( 'NONE',  ( -2.513480917274461657, 24.49577391106041091, 0.000000000000000000 ) ) ;
#4193 = DIRECTION ( 'NONE',  ( -1.000000000000000000, 0.000000000000000000, 0.000000000000000000 ) ) ;
#4194 = ORIENTED_EDGE ( 'NONE', *, *, #2033, .T. ) ;
#4195 = CARTESIAN_POINT ( 'NONE',  ( -0.9971276940115429976, 25.71993337468614627, 0.4499999999996779909 ) ) ;
#4196 = ORIENTED_EDGE ( 'NONE', *, *, #8580, .F. ) ;
#4197 = CARTESIAN_POINT ( 'NONE',  ( -2.830304601992835067, 25.02903897561524360, 0.3999999999996805000 ) ) ;
#4198 = CARTESIAN_POINT ( 'NONE',  ( -2.844021629570654852, 24.34641351029032919, 0.3455141710920108800 ) ) ;
#4199 = CYLINDRICAL_SURFACE ( 'NONE', #7163, 0.1135826771653553752 ) ;
#4200 = ORIENTED_EDGE ( 'NONE', *, *, #3402, .T. ) ;
#4201 = CARTESIAN_POINT ( 'NONE',  ( -0.5356692913878183804, 25.48905511771308952, 0.3999999999996787237 ) ) ;
#4202 = CARTESIAN_POINT ( 'NONE',  ( -1.214648726523321676, 23.92577124472760985, 0.04573845086686961076 ) ) ;
#4203 = CARTESIAN_POINT ( 'NONE',  ( -0.5745436525751485002, 25.26994487721989913, 0.4499999999996796562 ) ) ;
#4204 = CARTESIAN_POINT ( 'NONE',  ( -1.960906051330329136, 25.44741722485878554, 0.05000000000000000971 ) ) ;
#4205 = CARTESIAN_POINT ( 'NONE',  ( -1.916475696560008046, 23.82591048844094672, 0.05003892224401783329 ) ) ;
#4206 = CARTESIAN_POINT ( 'NONE',  ( -1.432518828864141502, 23.75759406730080769, 0.1057566703401868341 ) ) ;
#4207 = DIRECTION ( 'NONE',  ( -1.000000000000000000, -0.000000000000000000, -0.000000000000000000 ) ) ;
#4208 = CARTESIAN_POINT ( 'NONE',  ( -1.869684306853300448, 25.67516306615515731, 0.2263139475537088996 ) ) ;
#4209 = CARTESIAN_POINT ( 'NONE',  ( -0.6479399319759342468, 25.46326869552423844, 0.4499999999996787681 ) ) ;
#4210 = CARTESIAN_POINT ( 'NONE',  ( -2.385734915589463156, 25.39092482092975089, 0.1686608245848136012 ) ) ;
#4211 = CARTESIAN_POINT ( 'NONE',  ( -1.135580449629421951, 25.42212598425210501, 0.1124226954918717686 ) ) ;
#4212 = ORIENTED_EDGE ( 'NONE', *, *, #6344, .T. ) ;
#4213 = EDGE_CURVE ( 'NONE', #2575, #7389, #24, .T. ) ;
#4214 = CARTESIAN_POINT ( 'NONE',  ( -2.039390149306533839, 25.87935895479916582, 0.4050026347816967354 ) ) ;
#4215 = LINE ( 'NONE', #7920, #5428 ) ;
#4216 = CARTESIAN_POINT ( 'NONE',  ( -2.208786201075127131, 25.41653780176865851, 0.1051170954395370255 ) ) ;
#4217 = CIRCLE ( 'NONE', #610, 0.08858267716535331293 ) ;
#4218 = CARTESIAN_POINT ( 'NONE',  ( -2.830318785107388102, 24.27173981556430604, 0.3999999999996831646 ) ) ;
#4219 = VECTOR ( 'NONE', #4102, 39.37007874015748854 ) ;
#4220 = CARTESIAN_POINT ( 'NONE',  ( -2.617308437167840562, 24.99326431270301185, 0.1645726447329857733 ) ) ;
#4221 = CARTESIAN_POINT ( 'NONE',  ( -2.059156350870807284, 23.47819473637644450, 0.3447700496685692229 ) ) ;
#4222 = CARTESIAN_POINT ( 'NONE',  ( -1.149799589368684760, 25.61069413406239548, 0.2231579137641986343 ) ) ;
#4223 = CARTESIAN_POINT ( 'NONE',  ( -2.307322834645600285, 24.01267716535440400, 0.2999999999999999889 ) ) ;
#4224 = CARTESIAN_POINT ( 'NONE',  ( -1.371992233159903263, 23.43944602567985314, 0.4432038780669230738 ) ) ;
#4225 = CARTESIAN_POINT ( 'NONE',  ( -2.704496686454150645, 23.78367606893194264, 0.4431827809966965570 ) ) ;
#4226 = CARTESIAN_POINT ( 'NONE',  ( -2.830655411517084108, 24.93525143740101058, 0.3999999999996806666 ) ) ;
#4227 = EDGE_CURVE ( 'NONE', #439, #5461, #9237, .T. ) ;
#4228 = EDGE_LOOP ( 'NONE', ( #1795, #6568, #2941, #95, #2598, #1416, #578, #3303 ) ) ;
#4229 = DIRECTION ( 'NONE',  ( 0.000000000000000000, 0.000000000000000000, -1.000000000000000000 ) ) ;
#4230 = ORIENTED_EDGE ( 'NONE', *, *, #3400, .T. ) ;
#4231 = CARTESIAN_POINT ( 'NONE',  ( -0.8651471701800534930, 24.38477560555710255, 0.05000000000000192485 ) ) ;
#4232 = AXIS2_PLACEMENT_3D ( 'NONE', #5390, #7702, #6150 ) ;
#4233 = EDGE_CURVE ( 'NONE', #5954, #1313, #6465, .T. ) ;
#4234 = CARTESIAN_POINT ( 'NONE',  ( -1.128586844034231929, 25.40427332481339562, 0.1051147786002763623 ) ) ;
#4235 = CARTESIAN_POINT ( 'NONE',  ( -1.190574520037036343, 25.78504330037629799, 0.3999999999996776689 ) ) ;
#4236 = CARTESIAN_POINT ( 'NONE',  ( -0.7939015104863929029, 24.89598055442341717, 0.1057380475918787838 ) ) ;
#4237 = CARTESIAN_POINT ( 'NONE',  ( -1.047480314960560932, 24.01267716535440400, 0.2999999999999999889 ) ) ;
#4238 = CARTESIAN_POINT ( 'NONE',  ( -0.8884464185820454274, 24.31238388613825663, 0.05000178746429014692 ) ) ;
#4239 = ORIENTED_EDGE ( 'NONE', *, *, #920, .T. ) ;
#4240 = VECTOR ( 'NONE', #5411, 39.37007874015748143 ) ;
#4241 = CARTESIAN_POINT ( 'NONE',  ( -1.041928877356453675, 25.74162858300589107, 0.4499999999996777689 ) ) ;
#4242 = ORIENTED_EDGE ( 'NONE', *, *, #2707, .F. ) ;
#4243 = CARTESIAN_POINT ( 'NONE',  ( -0.4407000604868521187, 24.27546697732734060, 0.4050739565917291229 ) ) ;
#4244 = CARTESIAN_POINT ( 'NONE',  ( -2.770381760511487101, 23.88267706824641934, 0.4382308758287544181 ) ) ;
#4245 = CARTESIAN_POINT ( 'NONE',  ( -2.705665434505554412, 24.39071240042197530, 0.2258278299564246416 ) ) ;
#4246 = ORIENTED_EDGE ( 'NONE', *, *, #5035, .T. ) ;
#4247 = CARTESIAN_POINT ( 'NONE',  ( -0.5966287415787449033, 25.31821470356666737, 0.4499999999996793232 ) ) ;
#4248 = CARTESIAN_POINT ( 'NONE',  ( -1.204522015985753924, 23.93247476230307313, 0.04572507104471586897 ) ) ;
#4249 = CARTESIAN_POINT ( 'NONE',  ( -0.8907447501525004308, 24.97934053170802571, -1.502516396515344672E-15 ) ) ;
#4250 = ORIENTED_EDGE ( 'NONE', *, *, #7435, .T. ) ;
#4251 = CYLINDRICAL_SURFACE ( 'NONE', #9110, 0.2074803149606299357 ) ;
#4252 = DIRECTION ( 'NONE',  ( -1.000000000000000000, 0.000000000000000000, 0.000000000000000000 ) ) ;
#4253 = ADVANCED_FACE ( 'NONE', ( #7832, #1385 ), #256, .T. ) ;
#4254 = CARTESIAN_POINT ( 'NONE',  ( -0.9555834919832348895, 23.90491965766860005, 0.1698254378776871965 ) ) ;
#4255 = CARTESIAN_POINT ( 'NONE',  ( -1.912269504685228050, 25.45502202256991353, 0.04582853327658018699 ) ) ;
#4256 = CARTESIAN_POINT ( 'NONE',  ( -0.7930803357666523778, 23.60435688492061246, 0.3999999999996853850 ) ) ;
#4257 = DIRECTION ( 'NONE',  ( 1.000000000000000000, 0.000000000000000000, 0.000000000000000000 ) ) ;
#4258 = CARTESIAN_POINT ( 'NONE',  ( -2.491468342715222217, 24.39328366702009987, 0.04999738101050257844 ) ) ;
#4259 = EDGE_CURVE ( 'NONE', #7271, #4987, #6698, .T. ) ;
#4260 = EDGE_CURVE ( 'NONE', #9218, #7573, #2463, .T. ) ;
#4261 = ORIENTED_EDGE ( 'NONE', *, *, #7295, .F. ) ;
#4262 = CARTESIAN_POINT ( 'NONE',  ( -2.027883933109717152, 25.80859463364619089, 0.3454231204167808600 ) ) ;
#4263 = PLANE ( 'NONE',  #8574 ) ;
#4264 = CARTESIAN_POINT ( 'NONE',  ( -2.321431292963179960, 25.20271968071125102, 0.04571512083376275820 ) ) ;
#4265 = LINE ( 'NONE', #8537, #165 ) ;
#4266 = EDGE_CURVE ( 'NONE', #3230, #8185, #8014, .T. ) ;
#4267 = EDGE_CURVE ( 'NONE', #4829, #2251, #8152, .T. ) ;
#4268 = CARTESIAN_POINT ( 'NONE',  ( -2.914159661552995662, 25.01593623860512139, 0.4050171070124274908 ) ) ;
#4269 = CARTESIAN_POINT ( 'NONE',  ( -1.959642323403068875, 23.76531628439166610, 0.1052454045803989241 ) ) ;
#4270 = CARTESIAN_POINT ( 'NONE',  ( -1.345418955772980762, 25.58666296391275452, 0.1647919149382130466 ) ) ;
#4271 = CARTESIAN_POINT ( 'NONE',  ( -2.079571140704755017, 25.79438217230645591, 0.4499999999996778799 ) ) ;
#4272 = CARTESIAN_POINT ( 'NONE',  ( -0.5622026958366600491, 25.23878356234099130, 0.3999999999996793343 ) ) ;
#4273 = CARTESIAN_POINT ( 'NONE',  ( -2.311493400719695224, 24.20284786532094046, 0.05000000000000000278 ) ) ;
#4274 = CARTESIAN_POINT ( 'NONE',  ( -2.882094430770695936, 25.02727749925282907, 0.4432038974321828584 ) ) ;
#4275 = ORIENTED_EDGE ( 'NONE', *, *, #1612, .T. ) ;
#4276 = CARTESIAN_POINT ( 'NONE',  ( -2.842686032978552824, 24.27338750347275464, 0.3452698504379868583 ) ) ;
#4277 = ORIENTED_EDGE ( 'NONE', *, *, #8967, .F. ) ;
#4278 = CARTESIAN_POINT ( 'NONE',  ( -2.372784896859636561, 23.57301300951523260, 0.3999999999996856070 ) ) ;
#4279 = VECTOR ( 'NONE', #1564, 39.37007874015748143 ) ;
#4280 = CARTESIAN_POINT ( 'NONE',  ( -1.168930220912221429, 25.32774522532344719, 0.04571512839317815741 ) ) ;
#4281 = EDGE_CURVE ( 'NONE', #5689, #1533, #3218, .T. ) ;
#4282 =( NAMED_UNIT ( * ) SI_UNIT ( $, .STERADIAN. ) SOLID_ANGLE_UNIT ( ) );
#4283 = CARTESIAN_POINT ( 'NONE',  ( -0.4409529767909914355, 24.98043445442442589, 0.4052590236359283060 ) ) ;
#4284 = CARTESIAN_POINT ( 'NONE',  ( -1.530559085175850820, 23.80652317537618146, 0.05000000000000000971 ) ) ;
#4285 = CARTESIAN_POINT ( 'NONE',  ( -0.8435632634148813036, 24.48768669192528691, 0.05000344960494959579 ) ) ;
#4286 = VERTEX_POINT ( 'NONE', #8846 ) ;
#4287 = CARTESIAN_POINT ( 'NONE',  ( -0.9925400792881945433, 25.71740757906266239, 0.4499999999996778799 ) ) ;
#4288 = ORIENTED_EDGE ( 'NONE', *, *, #1327, .F. ) ;
#4289 = CARTESIAN_POINT ( 'NONE',  ( -0.5104545463222260882, 24.36453068673235833, 0.3456639147874973061 ) ) ;
#4290 = VECTOR ( 'NONE', #3165, 39.37007874015748143 ) ;
#4291 = CARTESIAN_POINT ( 'NONE',  ( -2.729781252919659895, 23.92097443805791102, 0.3999999999996843858 ) ) ;
#4292 = CARTESIAN_POINT ( 'NONE',  ( -2.773962812943485901, 24.35308780770252923, 0.2855363875585529843 ) ) ;
#4293 = ORIENTED_EDGE ( 'NONE', *, *, #3402, .F. ) ;
#4294 = CARTESIAN_POINT ( 'NONE',  ( -0.5241477381248993428, 25.00201987212645705, 0.3999999999996803890 ) ) ;
#4295 = CARTESIAN_POINT ( 'NONE',  ( -1.085732489853790339, 23.80632510120598866, 0.1645159073011611683 ) ) ;
#4296 = CARTESIAN_POINT ( 'NONE',  ( -2.661653543307109793, 25.62685039370080986, 0.3999999999996782796 ) ) ;
#4297 = ORIENTED_EDGE ( 'NONE', *, *, #4487, .T. ) ;
#4298 = CARTESIAN_POINT ( 'NONE',  ( -2.661653543307109793, 23.77192913385828632, 0.1999999999996849021 ) ) ;
#4299 = CARTESIAN_POINT ( 'NONE',  ( -2.623042529367940467, 24.35390079632033888, 0.2249999999998415212 ) ) ;
#4300 = CARTESIAN_POINT ( 'NONE',  ( -1.045854332647290663, 23.86407012243074277, 0.1492641862301342659 ) ) ;
#4301 = CARTESIAN_POINT ( 'NONE',  ( -1.903154183591205140, 25.74199553786006689, 0.2860166573557820224 ) ) ;
#4302 = CARTESIAN_POINT ( 'NONE',  ( -2.470559703946815233, 24.32352795613309127, 0.000000000000000000 ) ) ;
#4303 = CARTESIAN_POINT ( 'NONE',  ( -2.361557010299362602, 25.40554423162638287, 0.1647265025558884988 ) ) ;
#4304 = DIRECTION ( 'NONE',  ( -0.000000000000000000, -0.000000000000000000, -1.000000000000000000 ) ) ;
#4305 = FACE_OUTER_BOUND ( 'NONE', #3584, .T. ) ;
#4306 = CARTESIAN_POINT ( 'NONE',  ( -2.601284815244436111, 25.40152878728095942, 0.2833138618491204963 ) ) ;
#4307 = CARTESIAN_POINT ( 'NONE',  ( -0.4962992125984483915, 25.39456692907831226, 0.3999999999996790012 ) ) ;
#4308 = CARTESIAN_POINT ( 'NONE',  ( -2.697362561768476663, 24.97854559482980719, 0.2249423141561159856 ) ) ;
#4309 = CARTESIAN_POINT ( 'NONE',  ( -2.025067840025408739, 23.54945695067269185, 0.2849847119125883399 ) ) ;
#4310 = CARTESIAN_POINT ( 'NONE',  ( -1.194909614544957810, 25.87314328189253132, 0.4038448179651302206 ) ) ;
#4311 = CARTESIAN_POINT ( 'NONE',  ( -2.157918943993137439, 25.78603659929299496, 0.4499999999996776023 ) ) ;
#4312 = CARTESIAN_POINT ( 'NONE',  ( -0.4962992125984483915, 25.48905511771360111, 0.6074803150392285023 ) ) ;
#4313 = DIRECTION ( 'NONE',  ( -0.000000000000000000, -0.000000000000000000, -1.000000000000000000 ) ) ;
#4314 = CARTESIAN_POINT ( 'NONE',  ( -2.877405100756853962, 24.64259856612739341, 0.4432038974321837466 ) ) ;
#4315 = ORIENTED_EDGE ( 'NONE', *, *, #2714, .T. ) ;
#4316 = AXIS2_PLACEMENT_3D ( 'NONE', #444, #4719, #6985 ) ;
#4317 = CARTESIAN_POINT ( 'NONE',  ( -2.841866236396462408, 24.25652952856295741, 0.3450983123906161132 ) ) ;
#4318 = ORIENTED_EDGE ( 'NONE', *, *, #3568, .T. ) ;
#4319 = CARTESIAN_POINT ( 'NONE',  ( -2.265788320285187396, 23.52385993665819086, 0.3999999999996857181 ) ) ;
#4320 = CARTESIAN_POINT ( 'NONE',  ( -1.084387373881622985, 25.47794484423474159, 0.1645144292984627998 ) ) ;
#4321 = CARTESIAN_POINT ( 'NONE',  ( -0.6534543401894531423, 24.03293918480817126, 0.2827779238184827681 ) ) ;
#4322 = DIRECTION ( 'NONE',  ( -0.000000000000000000, -0.000000000000000000, 1.000000000000000000 ) ) ;
#4323 = CARTESIAN_POINT ( 'NONE',  ( -1.984109822483260954, 23.84501087706640021, 0.000000000000000000 ) ) ;
#4324 = CARTESIAN_POINT ( 'NONE',  ( -0.8357923411270044012, 24.73190757597196310, 0.05000005512983422135 ) ) ;
#4325 = ORIENTED_EDGE ( 'NONE', *, *, #3094, .T. ) ;
#4326 = CARTESIAN_POINT ( 'NONE',  ( -1.024781706152067429, 25.41708943306860746, 0.1564225723182060823 ) ) ;
#4327 = CARTESIAN_POINT ( 'NONE',  ( -0.4409874541228293032, 24.29976473967978023, 0.4052241810012178203 ) ) ;
#4328 = ADVANCED_FACE ( 'NONE', ( #6651, #1658 ), #160, .F. ) ;
#4329 = CARTESIAN_POINT ( 'NONE',  ( -2.358141555448310722, 24.27880599293836283, 0.04999999999999996808 ) ) ;
#4330 = CARTESIAN_POINT ( 'NONE',  ( -1.023180334667342928, 23.90953661761888327, 0.1963038762646281132 ) ) ;
#4331 = ORIENTED_EDGE ( 'NONE', *, *, #146, .T. ) ;
#4332 = CARTESIAN_POINT ( 'NONE',  ( -0.4763344936380260464, 24.82493322698880789, 0.4432038691916592721 ) ) ;
#4333 = CARTESIAN_POINT ( 'NONE',  ( -1.179714086954659624, 23.94958199723351555, 0.04571619439046607086 ) ) ;
#4334 = CARTESIAN_POINT ( 'NONE',  ( -0.7961000859797383589, 24.91737098284007246, 0.1072135123925996164 ) ) ;
#4335 = ORIENTED_EDGE ( 'NONE', *, *, #2253, .F. ) ;
#4336 = EDGE_CURVE ( 'NONE', #1533, #5689, #2309, .T. ) ;
#4337 = DIRECTION ( 'NONE',  ( -1.000000000000000000, 0.000000000000000000, 0.000000000000000000 ) ) ;
#4338 = EDGE_CURVE ( 'NONE', #5172, #3230, #7581, .T. ) ;
#4339 = FACE_OUTER_BOUND ( 'NONE', #2555, .T. ) ;
#4340 = CARTESIAN_POINT ( 'NONE',  ( -0.9395301440651373515, 23.92100040131863281, 0.1698142024617490253 ) ) ;
#4341 = CARTESIAN_POINT ( 'NONE',  ( -1.922285189973346853, 25.52760275190145833, 0.1057566849670715375 ) ) ;
#4342 = FACE_OUTER_BOUND ( 'NONE', #7730, .T. ) ;
#4343 = CARTESIAN_POINT ( 'NONE',  ( -0.7706225177052257180, 23.74157357131051427, 0.3406762666062959077 ) ) ;
#4344 = CARTESIAN_POINT ( 'NONE',  ( -2.307322834645600285, 25.27251968503944468, 0.000000000000000000 ) ) ;
#4345 = CARTESIAN_POINT ( 'NONE',  ( -1.323298078378680742, 23.86307086614182182, 0.000000000000000000 ) ) ;
#4346 = CARTESIAN_POINT ( 'NONE',  ( -2.413031496062922443, 25.26543760551695428, 0.1833675242567487096 ) ) ;
#4347 = CARTESIAN_POINT ( 'NONE',  ( -2.644552307209037778, 25.48372962234336114, 0.3427135442054903280 ) ) ;
#4348 = DIRECTION ( 'NONE',  ( 0.000000000000000000, 0.000000000000000000, 1.000000000000000000 ) ) ;
#4349 = CARTESIAN_POINT ( 'NONE',  ( -2.771652528501832524, 24.97385717862144361, 0.2851685277720281131 ) ) ;
#4350 = CARTESIAN_POINT ( 'NONE',  ( -1.985134882198058337, 23.77152122754043262, 0.1049002272364844834 ) ) ;
#4351 = CARTESIAN_POINT ( 'NONE',  ( -1.223437375260703286, 25.79944700794251489, 0.3439786282686677632 ) ) ;
#4352 = CARTESIAN_POINT ( 'NONE',  ( -1.464699972112606607, 25.46530651334730777, 0.04999954043186724539 ) ) ;
#4353 = CARTESIAN_POINT ( 'NONE',  ( -0.7738747429755290508, 25.54612527746396111, 0.3999999999996777245 ) ) ;
#4354 = CARTESIAN_POINT ( 'NONE',  ( -2.714050729477289536, 23.89881249602974833, 0.3999999999996844413 ) ) ;
#4355 = AXIS2_PLACEMENT_3D ( 'NONE', #6382, #8407, #4955 ) ;
#4356 = CARTESIAN_POINT ( 'NONE',  ( -1.907163702172671949, 25.37926881974492233, 0.05000000000000000278 ) ) ;
#4357 = VERTEX_POINT ( 'NONE', #7208 ) ;
#4358 = CARTESIAN_POINT ( 'NONE',  ( -2.622562535637286807, 24.30600583939532910, 0.1662278104711876203 ) ) ;
#4359 = ORIENTED_EDGE ( 'NONE', *, *, #5604, .F. ) ;
#4360 = CARTESIAN_POINT ( 'NONE',  ( -0.9204459060801584158, 25.74610570103286378, 0.4432038989961596398 ) ) ;
#4361 = CARTESIAN_POINT ( 'NONE',  ( -0.8783544594553114315, 25.75156584010141714, 0.4021130347206527400 ) ) ;
#4362 = CARTESIAN_POINT ( 'NONE',  ( -0.4869448745149684288, 23.99401012090807939, 0.4025570187315473114 ) ) ;
#4363 = CARTESIAN_POINT ( 'NONE',  ( -0.5107605346190312590, 24.93879157812242653, 0.3455322713956471836 ) ) ;
#4364 = LINE ( 'NONE', #7230, #6775 ) ;
#4365 = CARTESIAN_POINT ( 'NONE',  ( -1.067165354330504634, 24.03236220472450313, 0.000000000000000000 ) ) ;
#4366 = CARTESIAN_POINT ( 'NONE',  ( -0.6931496062992357210, 25.71543307086616181, 0.3999999999996778910 ) ) ;
#4367 = EDGE_CURVE ( 'NONE', #1440, #3442, #99, .T. ) ;
#4368 = CIRCLE ( 'NONE', #7214, 0.1135826771653553752 ) ;
#4369 = VERTEX_POINT ( 'NONE', #6602 ) ;
#4370 = CARTESIAN_POINT ( 'NONE',  ( -0.5241477380637351580, 24.29051752714402213, 0.3999999999996829425 ) ) ;
#4371 = EDGE_CURVE ( 'NONE', #5172, #6131, #5182, .T. ) ;
#4372 = EDGE_CURVE ( 'NONE', #1687, #5654, #1557, .T. ) ;
#4373 = CARTESIAN_POINT ( 'NONE',  ( -2.789297432068007954, 24.03800715499016150, 0.4499999999996839861 ) ) ;
#4374 = CARTESIAN_POINT ( 'NONE',  ( -0.8556154790446244274, 24.44331273404127458, 0.04646806645580840028 ) ) ;
#4375 = B_SPLINE_CURVE_WITH_KNOTS ( 'NONE', 3,
 ( #7023, #8514, #4890, #6449, #7149, #8639, #7774, #7813, #3616, #9266, #4931, #8599, #3530, #2829, #6493, #9171, #1368, #704, #3487, #663, #2074, #5690, #5732, #8555, #7900, #617, #7191, #4241, #2158, #1322, #2114, #5, #50, #2911, #4195, #6363, #4287, #7108, #749, #3575, #6405, #4977, #7067 ),
 .UNSPECIFIED., .F., .F.,
 ( 4, 1, 1, 1, 1, 1, 2, 2, 1, 1, 2, 2, 1, 1, 1, 2, 2, 1, 1, 1, 1, 2, 2, 1, 1, 1, 1, 1, 2, 2, 4 ),
 ( 0.000000000000000000, 0.06250000000002703393, 0.09375000000003952394, 0.1093750000000461992, 0.1171875000000472261, 0.1210937500000463796, 0.1230468750000471845, 0.1250000000000479894, 0.1875000000000854594, 0.2187500000001056655, 0.2343750000001157685, 0.2500000000001258438, 0.3750000000002199907, 0.4375000000002645106, 0.4687500000002862710, 0.4843750000002930989, 0.5000000000002999823, 0.6250000000003806955, 0.6875000000004211076, 0.7187500000004412026, 0.7343750000004453105, 0.7421875000004474199, 0.7500000000004494183, 0.8125000000004021228, 0.8437500000003709255, 0.8593750000003553824, 0.8671875000003471667, 0.8710937500003430589, 0.8730468750003492762, 0.8750000000003556044, 1.000000000000000000 ),
 .UNSPECIFIED. ) ;
#4376 = EDGE_CURVE ( 'NONE', #1359, #5741, #6736, .T. ) ;
#4377 = CARTESIAN_POINT ( 'NONE',  ( -2.330846144646279150, 24.24275270129929538, 0.04606807752549083035 ) ) ;
#4378 = CARTESIAN_POINT ( 'NONE',  ( -0.9417716535432396618, 24.00571375831395926, 0.1897061450673025451 ) ) ;
#4379 = EDGE_CURVE ( 'NONE', #6026, #437, #6175, .T. ) ;
#4380 = VECTOR ( 'NONE', #5558, 39.37007874015748143 ) ;
#4381 = ORIENTED_EDGE ( 'NONE', *, *, #2707, .T. ) ;
#4382 = CARTESIAN_POINT ( 'NONE',  ( -2.455677170991409586, 23.52266114469902547, 0.3999999999996855515 ) ) ;
#4383 = CARTESIAN_POINT ( 'NONE',  ( -0.8958827057433087493, 23.52130165994455169, 0.4021151154017620355 ) ) ;
#4384 = VECTOR ( 'NONE', #4182, 39.37007874015748143 ) ;
#4385 = ORIENTED_EDGE ( 'NONE', *, *, #9264, .T. ) ;
#4386 = CARTESIAN_POINT ( 'NONE',  ( -0.5833420436408965903, 24.98880575824283667, 0.2857362628407306149 ) ) ;
#4387 = VERTEX_POINT ( 'NONE', #6947 ) ;
#4388 = CARTESIAN_POINT ( 'NONE',  ( -2.504635805272583671, 24.44529416773529817, 0.000000000000000000 ) ) ;
#4389 = VECTOR ( 'NONE', #8323, 39.37007874015748143 ) ;
#4390 = EDGE_CURVE ( 'NONE', #5924, #6207, #5599, .T. ) ;
#4391 = CARTESIAN_POINT ( 'NONE',  ( -2.714047852263953065, 23.89880852183449278, 0.3999999999996844413 ) ) ;
#4392 = CARTESIAN_POINT ( 'NONE',  ( -0.9323126563838810554, 23.92985879983564246, 0.1691407313148721725 ) ) ;
#4393 = CARTESIAN_POINT ( 'NONE',  ( -1.905319060760906513, 25.53075278596055497, 0.1059767677531610192 ) ) ;
#4394 = CARTESIAN_POINT ( 'NONE',  ( -2.875971663960505076, 24.27287782744587830, 0.4381353998082472279 ) ) ;
#4395 = B_SPLINE_CURVE_WITH_KNOTS ( 'NONE', 3,
 ( #9002, #5429, #2561, #6094, #8303, #5475, #6805, #8900, #6192, #7598 ),
 .UNSPECIFIED., .F., .F.,
 ( 4, 2, 2, 2, 4 ),
 ( 0.000000000000000000, 0.004002352730958274631, 0.006003529096437577178, 0.007004117279177393685, 0.008004705461917210191 ),
 .UNSPECIFIED. ) ;
#4396 = CARTESIAN_POINT ( 'NONE',  ( -1.958065002957998679, 25.57984384383321697, 0.1525836627100526088 ) ) ;
#4397 = DIRECTION ( 'NONE',  ( 0.4690175703803108886, 0.6745777134256079055, 0.5700591436193517270 ) ) ;
#4398 = FACE_OUTER_BOUND ( 'NONE', #3305, .T. ) ;
#4399 = CARTESIAN_POINT ( 'NONE',  ( -2.392802082007468023, 25.20999433179429516, 0.1481318741737413791 ) ) ;
#4400 = CARTESIAN_POINT ( 'NONE',  ( -2.351715307105741282, 25.16545432944810656, 0.04571512643353888017 ) ) ;
#4401 = CARTESIAN_POINT ( 'NONE',  ( -1.929029938192197369, 25.45606138038123945, 0.04999117654485030898 ) ) ;
#4402 = CARTESIAN_POINT ( 'NONE',  ( -2.913958659457419831, 24.99757121367021284, 0.4051507114420544453 ) ) ;
#4403 = CARTESIAN_POINT ( 'NONE',  ( -1.971969274952322548, 23.69182954836174915, 0.1652752639816731928 ) ) ;
#4404 = VECTOR ( 'NONE', #3781, 39.37007874015748143 ) ;
#4405 = CARTESIAN_POINT ( 'NONE',  ( -1.327784680975103715, 25.50143173902194604, 0.1044056829536390563 ) ) ;
#4406 = CARTESIAN_POINT ( 'NONE',  ( -1.419015465289656941, 25.45426050700434217, 0.04994688597695577659 ) ) ;
#4407 = CARTESIAN_POINT ( 'NONE',  ( -0.5915868169733079496, 25.30716916119163784, 0.3999999999996785571 ) ) ;
#4408 = CARTESIAN_POINT ( 'NONE',  ( -2.198456697008560390, 24.07308527321342950, 0.04999999999999996808 ) ) ;
#4409 = CARTESIAN_POINT ( 'NONE',  ( -1.904940136268426842, 25.37994765947660625, 0.05000000000000000278 ) ) ;
#4410 = VERTEX_POINT ( 'NONE', #4943 ) ;
#4411 = CARTESIAN_POINT ( 'NONE',  ( -2.424322209510160420, 24.23087766970753520, 0.04596315751995375121 ) ) ;
#4412 = EDGE_LOOP ( 'NONE', ( #6338, #5901 ) ) ;
#4413 = CARTESIAN_POINT ( 'NONE',  ( -1.290705389276995740, 25.30410259609976364, 0.04606796101003843985 ) ) ;
#4414 = CARTESIAN_POINT ( 'NONE',  ( -1.009633376460917331, 25.52929591241692009, 0.2239140821221607680 ) ) ;
#4415 = CARTESIAN_POINT ( 'NONE',  ( -0.6437639442373842558, 24.05355051739550731, 0.2828713181853791947 ) ) ;
#4416 = CARTESIAN_POINT ( 'NONE',  ( -0.8628569728946449136, 24.86973567389177120, 0.04605444780146331074 ) ) ;
#4417 = CARTESIAN_POINT ( 'NONE',  ( -2.561602580810169449, 24.01106015589336451, 0.2077187513832238763 ) ) ;
#4418 = CARTESIAN_POINT ( 'NONE',  ( -0.8321982687368817411, 24.67436645836700393, 0.05000240825804470879 ) ) ;
#4419 = DIRECTION ( 'NONE',  ( 1.000000000000000000, 0.000000000000000000, 0.000000000000000000 ) ) ;
#4420 = VECTOR ( 'NONE', #5580, 39.37007874015748143 ) ;
#4421 = ORIENTED_EDGE ( 'NONE', *, *, #3936, .T. ) ;
#4422 = CARTESIAN_POINT ( 'NONE',  ( -0.7169564536715904435, 25.51568070197848570, 0.3543157606552956307 ) ) ;
#4423 = CARTESIAN_POINT ( 'NONE',  ( -0.8627753674199762912, 24.88972659582283953, 0.05000000000000152933 ) ) ;
#4424 = CARTESIAN_POINT ( 'NONE',  ( -0.8667762438262054392, 24.40068667249441603, 0.04583655528864320761 ) ) ;
#4425 = CARTESIAN_POINT ( 'NONE',  ( -2.092958405100034280, 25.29285974873442910, 0.05000000000000000971 ) ) ;
#4426 = CARTESIAN_POINT ( 'NONE',  ( -1.084574294292541596, 23.91346826373576206, 0.1666048836060600447 ) ) ;
#4427 = EDGE_LOOP ( 'NONE', ( #1505, #4194 ) ) ;
#4428 = CARTESIAN_POINT ( 'NONE',  ( -2.148315638980024644, 23.44138625142030463, 0.4432038780669232403 ) ) ;
#4429 = CARTESIAN_POINT ( 'NONE',  ( -0.9257244214327396969, 23.82343261626775544, 0.2239141745847177400 ) ) ;
#4430 = VERTEX_POINT ( 'NONE', #4162 ) ;
#4431 = CARTESIAN_POINT ( 'NONE',  ( -0.5874311042988443754, 25.03103310678495319, 0.2852428281545483779 ) ) ;
#4432 = CARTESIAN_POINT ( 'NONE',  ( -2.011570432432062461, 25.42560034629598320, 0.04666638916175644414 ) ) ;
#4433 = ORIENTED_EDGE ( 'NONE', *, *, #7037, .F. ) ;
#4434 = CARTESIAN_POINT ( 'NONE',  ( -1.863936404000122060, 23.81439809878304814, 0.04994891093632337215 ) ) ;
#4435 = DIRECTION ( 'NONE',  ( -1.000000000000000000, -7.255119411852553569E-11, 0.000000000000000000 ) ) ;
#4436 = CARTESIAN_POINT ( 'NONE',  ( -1.067165354330504634, 23.86307086614182182, 0.1406228902936418612 ) ) ;
#4437 = CARTESIAN_POINT ( 'NONE',  ( -1.930831737780374979, 25.87804309373660061, 0.4057192889184800255 ) ) ;
#4438 = CARTESIAN_POINT ( 'NONE',  ( 0.000000000000000000, 0.000000000000000000, 0.000000000000000000 ) ) ;
#4439 = CARTESIAN_POINT ( 'NONE',  ( -0.7814635531621881848, 23.72996355830953163, 0.3410871974860278377 ) ) ;
#4440 = DIRECTION ( 'NONE',  ( 1.000000000000000000, 0.000000000000000000, 0.000000000000000000 ) ) ;
#4441 = CARTESIAN_POINT ( 'NONE',  ( -1.236897204679500595, 25.27616623882420299, 0.05000000000000000278 ) ) ;
#4442 = CARTESIAN_POINT ( 'NONE',  ( -0.9117052261137859048, 24.54493123800080312, 0.04999836550973254384 ) ) ;
#4443 = CARTESIAN_POINT ( 'NONE',  ( -2.554703828227734785, 25.32284232052970196, 0.2239141804568416938 ) ) ;
#4444 = DIRECTION ( 'NONE',  ( 6.123233995736998996E-17, 3.552713678800503296E-15, 1.000000000000000000 ) ) ;
#4445 = CARTESIAN_POINT ( 'NONE',  ( -2.579260739809546621, 24.50909167034876646, 0.1069842080284545971 ) ) ;
#4446 = CARTESIAN_POINT ( 'NONE',  ( -1.682998029080016167, 23.79713524154130866, 0.04787787063541501520 ) ) ;
#4447 = CARTESIAN_POINT ( 'NONE',  ( -1.261917141220925798, 25.56554757990016924, 0.1638848379182935300 ) ) ;
#4448 = CARTESIAN_POINT ( 'NONE',  ( -1.619778511096097384, 25.48655265112510548, 0.04999999999999998196 ) ) ;
#4449 = CARTESIAN_POINT ( 'NONE',  ( -2.136632721639979415, 25.78957495543517453, 0.4499999999996777134 ) ) ;
#4450 = CARTESIAN_POINT ( 'NONE',  ( -2.580052966091139321, 23.73995048841889499, 0.3999999999996846634 ) ) ;
#4451 = CARTESIAN_POINT ( 'NONE',  ( -1.495066773971272855, 25.84366553269692091, 0.4432038989961589737 ) ) ;
#4452 = ORIENTED_EDGE ( 'NONE', *, *, #4338, .T. ) ;
#4453 = CARTESIAN_POINT ( 'NONE',  ( -2.413113747433405010, 24.21128216806267375, 0.04586413064103428416 ) ) ;
#4454 = VERTEX_POINT ( 'NONE', #2794 ) ;
#4455 = CARTESIAN_POINT ( 'NONE',  ( -0.9346022625292159658, 25.75547942186132033, 0.4432038989961595843 ) ) ;
#4456 = CARTESIAN_POINT ( 'NONE',  ( -0.9503960101222357348, 25.69762095093316745, 0.3427133826518174442 ) ) ;
#4457 = CARTESIAN_POINT ( 'NONE',  ( -0.8019651509945256995, 24.35184896905672502, 0.1052205181229327741 ) ) ;
#4458 = EDGE_CURVE ( 'NONE', #4661, #6436, #1906, .T. ) ;
#4459 = CARTESIAN_POINT ( 'NONE',  ( -2.355339045969118583, 23.65911262668645421, 0.2825835271536702442 ) ) ;
#4460 = CARTESIAN_POINT ( 'NONE',  ( -2.511890344761124716, 23.94651598161303596, 0.2077114235502666717 ) ) ;
#4461 = CARTESIAN_POINT ( 'NONE',  ( -1.428687374298474921, 23.82837552160502170, 0.05000000000000009298 ) ) ;
#4462 = CYLINDRICAL_SURFACE ( 'NONE', #1673, 0.08858267716535331293 ) ;
#4463 = CARTESIAN_POINT ( 'NONE',  ( -0.7972521952390312361, 25.67311815822688459, 0.3940443981859077516 ) ) ;
#4464 = CARTESIAN_POINT ( 'NONE',  ( -2.798372036743532298, 24.06567990127638978, 0.4499999999996839306 ) ) ;
#4465 = CARTESIAN_POINT ( 'NONE',  ( -0.5788272180001330369, 24.88959902040569716, 0.2859041723793772638 ) ) ;
#4466 = CARTESIAN_POINT ( 'NONE',  ( -2.419829751724829059, 25.75600408841468436, 0.4431958260125117288 ) ) ;
#4467 = CARTESIAN_POINT ( 'NONE',  ( -1.134307632365492369, 23.95205576203933973, 0.1241479206606874719 ) ) ;
#4468 = DIRECTION ( 'NONE',  ( 0.000000000000000000, 0.000000000000000000, 1.000000000000000000 ) ) ;
#4469 = CARTESIAN_POINT ( 'NONE',  ( -2.078250558672342319, 23.49003708170997839, 0.3999999999996859956 ) ) ;
#4470 = CARTESIAN_POINT ( 'NONE',  ( -1.194456735880133458, 23.93923248474298759, 0.04571742533821494120 ) ) ;
#4471 = EDGE_LOOP ( 'NONE', ( #2775, #4766 ) ) ;
#4472 = CARTESIAN_POINT ( 'NONE',  ( -0.7228007774658812279, 24.92437033874695373, 0.1669009889965327731 ) ) ;
#4473 = CARTESIAN_POINT ( 'NONE',  ( -1.937615592306364043, 25.45077952300314550, 0.04767539713658511952 ) ) ;
#4474 = ORIENTED_EDGE ( 'NONE', *, *, #7566, .T. ) ;
#4475 = CARTESIAN_POINT ( 'NONE',  ( -0.6537795277017082185, 23.41149606299214625, 0.3999999999996858291 ) ) ;
#4476 = ADVANCED_FACE ( 'NONE', ( #5565 ), #3409, .F. ) ;
#4477 = CARTESIAN_POINT ( 'NONE',  ( -2.584132835389635119, 23.61974341353637286, 0.4017273081124200229 ) ) ;
#4478 = DIRECTION ( 'NONE',  ( -1.000000000000000000, 0.000000000000000000, 0.000000000000000000 ) ) ;
#4479 = EDGE_LOOP ( 'NONE', ( #6305, #3015, #7414, #1226, #3666, #1145, #3946, #8141, #6176, #10, #8977 ) ) ;
#4480 = CARTESIAN_POINT ( 'NONE',  ( -2.388031496062921644, 25.27251968503944468, 0.05000000000000000278 ) ) ;
#4481 = DIRECTION ( 'NONE',  ( 0.000000000000000000, 1.000000000000000000, -3.532293795293271822E-15 ) ) ;
#4482 = CARTESIAN_POINT ( 'NONE',  ( -0.5692737558774365603, 25.54193487212240754, 0.3999999999996785016 ) ) ;
#4483 = CARTESIAN_POINT ( 'NONE',  ( -2.459208554527339441, 23.63402850819820245, 0.4499999999996854294 ) ) ;
#4484 = CARTESIAN_POINT ( 'NONE',  ( -0.9424782846322304897, 25.25856226196858856, 0.1799229709015275069 ) ) ;
#4485 = CARTESIAN_POINT ( 'NONE',  ( -2.407732474267124001, 25.23882969553022093, 0.1687438217771470850 ) ) ;
#4486 = CARTESIAN_POINT ( 'NONE',  ( -2.512748013474579434, 25.23561274821354061, 0.1645144939859151112 ) ) ;
#4487 = EDGE_CURVE ( 'NONE', #3442, #7200, #1785, .T. ) ;
#4488 = DIRECTION ( 'NONE',  ( 6.123233995736998996E-17, 3.552713678800503296E-15, 1.000000000000000000 ) ) ;
#4489 = CARTESIAN_POINT ( 'NONE',  ( -2.510399821062323067, 24.77811824221135950, 0.04706331987365526548 ) ) ;
#4490 = CARTESIAN_POINT ( 'NONE',  ( -1.753812778583247800, 23.73468280795844976, 0.1074497569063504465 ) ) ;
#4491 = CARTESIAN_POINT ( 'NONE',  ( -1.334567742318621297, 25.87901316037766009, 0.4052248425405385879 ) ) ;
#4492 = CARTESIAN_POINT ( 'NONE',  ( -0.6495933589202411707, 25.43730821344680848, 0.3551861559837512505 ) ) ;
#4493 = LINE ( 'NONE', #4312, #491 ) ;
#4494 = CARTESIAN_POINT ( 'NONE',  ( -2.536228854759502660, 23.61562054610702788, 0.4431827809966975007 ) ) ;
#4495 = CARTESIAN_POINT ( 'NONE',  ( -1.858868911551426306, 25.83805630638040540, 0.4381354253312851887 ) ) ;
#4496 = VERTEX_POINT ( 'NONE', #8522 ) ;
#4497 = CARTESIAN_POINT ( 'NONE',  ( -2.453479475732098347, 24.29179857994313352, 0.04648632467748260028 ) ) ;
#4498 = VERTEX_POINT ( 'NONE', #5613 ) ;
#4499 = CARTESIAN_POINT ( 'NONE',  ( -1.236302622564794618, 25.26884816425686964, 0.04606796101003840516 ) ) ;
#4500 = CARTESIAN_POINT ( 'NONE',  ( -1.144678771924600991, 25.41562360558067724, 0.1051147777561515922 ) ) ;
#4501 = CARTESIAN_POINT ( 'NONE',  ( -0.5205308149439433762, 24.18862560361504066, 0.3439967570456661794 ) ) ;
#4502 = CARTESIAN_POINT ( 'NONE',  ( -2.663931275715243352, 25.31593295802188948, 0.2825864188399652144 ) ) ;
#4503 = CARTESIAN_POINT ( 'NONE',  ( -2.146590648376002886, 23.93388250962390984, 0.04350907647690838154 ) ) ;
#4504 = CARTESIAN_POINT ( 'NONE',  ( -2.771069451746411616, 23.82402187692300899, 0.4017331658241814485 ) ) ;
#4505 = CARTESIAN_POINT ( 'NONE',  ( -0.8344459047994111645, 24.71591058848114741, 0.05000053561022988619 ) ) ;
#4506 = FACE_OUTER_BOUND ( 'NONE', #6406, .T. ) ;
#4507 = ADVANCED_FACE ( 'NONE', ( #8484 ), #3874, .F. ) ;
#4508 = ORIENTED_EDGE ( 'NONE', *, *, #1465, .T. ) ;
#4509 = CARTESIAN_POINT ( 'NONE',  ( -0.6495933589064660785, 25.43730821345745952, 0.4499999999996789346 ) ) ;
#4510 = CARTESIAN_POINT ( 'NONE',  ( -2.772839871390627042, 23.99868562579560205, 0.4499999999996841527 ) ) ;
#4511 = CARTESIAN_POINT ( 'NONE',  ( -0.4429278890403595126, 24.77659763075837063, 0.4061905849532910229 ) ) ;
#4512 = CARTESIAN_POINT ( 'NONE',  ( -1.519566972546499084, 25.47694349289059090, 0.05000000000000000971 ) ) ;
#4513 = CARTESIAN_POINT ( 'NONE',  ( -1.897794352706480892, 25.38212921918958997, 0.05000000000000000278 ) ) ;
#4514 = LINE ( 'NONE', #7380, #6030 ) ;
#4515 = CIRCLE ( 'NONE', #8857, 1.276096834776232480 ) ;
#4516 = ADVANCED_FACE ( 'NONE', ( #6414 ), #2453, .T. ) ;
#4517 = DIRECTION ( 'NONE',  ( -6.123233995736998996E-17, -3.552713678800503296E-15, -1.000000000000000000 ) ) ;
#4518 = CARTESIAN_POINT ( 'NONE',  ( -0.9519782615322125441, 24.04668948080718138, 0.1051148084502116359 ) ) ;
#4519 = VERTEX_POINT ( 'NONE', #6004 ) ;
#4520 = CARTESIAN_POINT ( 'NONE',  ( -0.7989343081095336974, 24.93014321247277465, 0.1070384421028364591 ) ) ;
#4521 = CARTESIAN_POINT ( 'NONE',  ( -2.063705930560034485, 25.80705599529354899, 0.3450976922230734045 ) ) ;
#4522 = ORIENTED_EDGE ( 'NONE', *, *, #4372, .T. ) ;
#4523 = AXIS2_PLACEMENT_3D ( 'NONE', #8659, #8104, #6604 ) ;
#4524 = CARTESIAN_POINT ( 'NONE',  ( -2.492027648502584736, 24.39546979760396184, 0.05000000000000000971 ) ) ;
#4525 = CARTESIAN_POINT ( 'NONE',  ( -2.298922765784104261, 23.75121733469641327, 0.2077126801442881199 ) ) ;
#4526 = DIRECTION ( 'NONE',  ( -1.000000000000000000, 0.000000000000000000, 0.000000000000000000 ) ) ;
#4527 = VERTEX_POINT ( 'NONE', #4643 ) ;
#4528 = CARTESIAN_POINT ( 'NONE',  ( -2.237403224439401761, 23.93314463636063039, 0.1417112597129949469 ) ) ;
#4529 = DIRECTION ( 'NONE',  ( -6.123233995736998996E-17, -3.552713678800503296E-15, -1.000000000000000000 ) ) ;
#4530 = CARTESIAN_POINT ( 'NONE',  ( -2.830547261416685778, 25.00527216408189446, 0.4499999999996807110 ) ) ;
#4531 = CARTESIAN_POINT ( 'NONE',  ( -1.118944092928100709, 25.44609260304872222, 0.1326652286933552860 ) ) ;
#4532 = DIRECTION ( 'NONE',  ( -0.6745780389742532801, -0.4690171172825567947, 0.5700591311693999907 ) ) ;
#4533 = CARTESIAN_POINT ( 'NONE',  ( -2.207158365644608988, 25.23792089417038298, 0.06749622773299823741 ) ) ;
#4534 = CARTESIAN_POINT ( 'NONE',  ( -2.405868410375251454, 23.59485864866661586, 0.4499999999996855404 ) ) ;
#4535 = CARTESIAN_POINT ( 'NONE',  ( -1.947045581537883985, 25.45116135371853616, 0.04995142806659803869 ) ) ;
#4536 = CARTESIAN_POINT ( 'NONE',  ( -2.652341396165896370, 24.64911708944888602, 0.1674058543269835164 ) ) ;
#4537 = CARTESIAN_POINT ( 'NONE',  ( -2.023838155863482147, 23.47694347809218129, 0.3451541702987986349 ) ) ;
#4538 = B_SPLINE_CURVE_WITH_KNOTS ( 'NONE', 3,
 ( #5777, #3664, #1457, #2203, #7945, #1500 ),
 .UNSPECIFIED., .F., .F.,
 ( 4, 2, 4 ),
 ( 0.000000000000000000, 0.003450486944143008571, 0.006900973888286017141 ),
 .UNSPECIFIED. ) ;
#4539 = CARTESIAN_POINT ( 'NONE',  ( -1.307583610359174919, 25.80756381383018905, 0.3449098823067437425 ) ) ;
#4540 = FACE_OUTER_BOUND ( 'NONE', #8054, .T. ) ;
#4541 = CARTESIAN_POINT ( 'NONE',  ( 0.000000000000000000, 25.42212598425206238, 0.05000000000000000278 ) ) ;
#4542 = CARTESIAN_POINT ( 'NONE',  ( -2.456929133858062997, 24.10056023716152396, 0.1125083494696155623 ) ) ;
#4543 = CARTESIAN_POINT ( 'NONE',  ( -1.677401604028663007, 25.79585226188613234, 0.3999999999996781685 ) ) ;
#4544 = EDGE_LOOP ( 'NONE', ( #6619, #2187, #9272, #662 ) ) ;
#4545 = CARTESIAN_POINT ( 'NONE',  ( -1.325320769396233223, 23.48934458849233309, 0.3999999999996858291 ) ) ;
#4546 = CARTESIAN_POINT ( 'NONE',  ( -2.572344078930211442, 24.15103161632957551, 0.1647996100753848225 ) ) ;
#4547 = ORIENTED_EDGE ( 'NONE', *, *, #5823, .F. ) ;
#4548 = DIRECTION ( 'NONE',  ( 0.000000000000000000, 0.000000000000000000, -1.000000000000000000 ) ) ;
#4549 = CARTESIAN_POINT ( 'NONE',  ( -2.588091589544212479, 25.54015052088691462, 0.3409104834498507541 ) ) ;
#4550 = EDGE_CURVE ( 'NONE', #7045, #437, #8956, .T. ) ;
#4551 = CARTESIAN_POINT ( 'NONE',  ( -0.4558968276200506820, 24.09539574245411941, 0.4032522529904473685 ) ) ;
#4552 = CARTESIAN_POINT ( 'NONE',  ( -2.757345445154307573, 25.32847609314609727, 0.3424150130837573802 ) ) ;
#4553 = CARTESIAN_POINT ( 'NONE',  ( -2.420856272211056037, 23.49677454228361029, 0.4021612013705010424 ) ) ;
#4554 = CARTESIAN_POINT ( 'NONE',  ( -2.642553735378913249, 23.88569584120082112, 0.3047222565620617551 ) ) ;
#4555 = DIRECTION ( 'NONE',  ( -6.123233995736998996E-17, -3.552713678800503296E-15, -1.000000000000000000 ) ) ;
#4556 = DIRECTION ( 'NONE',  ( 1.000000000000000000, 0.000000000000000000, 0.000000000000000000 ) ) ;
#4557 = EDGE_LOOP ( 'NONE', ( #8842, #7661 ) ) ;
#4558 = CARTESIAN_POINT ( 'NONE',  ( -0.8069221731735335412, 25.62021044782401447, 0.3619577520482623600 ) ) ;
#4559 = CARTESIAN_POINT ( 'NONE',  ( -2.815899442314860224, 24.13331989012884549, 0.4499999999996836531 ) ) ;
#4560 = CARTESIAN_POINT ( 'NONE',  ( -0.7088462609136322312, 24.78554756734020970, 0.1668670958835416218 ) ) ;
#4561 = CARTESIAN_POINT ( 'NONE',  ( -2.410257587929640177, 24.04014496086280062, 0.1728177144611008631 ) ) ;
#4562 = CARTESIAN_POINT ( 'NONE',  ( -2.339268654310800333, 25.78971283946738779, 0.4382319632553172140 ) ) ;
#4563 = DIRECTION ( 'NONE',  ( 0.000000000000000000, -0.000000000000000000, 1.000000000000000000 ) ) ;
#4564 = ORIENTED_EDGE ( 'NONE', *, *, #6293, .F. ) ;
#4565 = ORIENTED_EDGE ( 'NONE', *, *, #885, .T. ) ;
#4566 = CARTESIAN_POINT ( 'NONE',  ( -0.5927733053699164589, 25.06472964292033723, 0.2848853847119226512 ) ) ;
#4567 = CARTESIAN_POINT ( 'NONE',  ( -1.987091285284785291, 25.59277663472616027, 0.1665766779243210149 ) ) ;
#4568 = ORIENTED_EDGE ( 'NONE', *, *, #1227, .F. ) ;
#4569 = CARTESIAN_POINT ( 'NONE',  ( -2.518491359104456428, 24.75013225049539045, 0.000000000000000000 ) ) ;
#4570 = CARTESIAN_POINT ( 'NONE',  ( -2.326839530416091151, 23.95296910818036906, 0.1107048972469464598 ) ) ;
#4571 = CARTESIAN_POINT ( 'NONE',  ( -0.8725757044436868171, 24.92607932487999278, 0.000000000000000000 ) ) ;
#4572 = ORIENTED_EDGE ( 'NONE', *, *, #4390, .F. ) ;
#4573 = DIRECTION ( 'NONE',  ( 0.000000000000000000, 1.000000000000000000, -3.469446951953654421E-15 ) ) ;
#4574 = CARTESIAN_POINT ( 'NONE',  ( -1.388499818764672211, 23.84328960430628186, 0.04724596716225332865 ) ) ;
#4575 = CARTESIAN_POINT ( 'NONE',  ( -2.830533735383918170, 25.00659699355144738, 0.3999999999996805555 ) ) ;
#4576 = CARTESIAN_POINT ( 'NONE',  ( -0.8663403141026394527, 24.90334835293453608, 0.04999288488803719371 ) ) ;
#4577 = CARTESIAN_POINT ( 'NONE',  ( -2.858503937755881630, 24.29148821507360978, 0.3580813358807153901 ) ) ;
#4578 = CARTESIAN_POINT ( 'NONE',  ( -0.9476414167082013451, 25.30804954105827775, 0.1998203189395328649 ) ) ;
#4579 = CARTESIAN_POINT ( 'NONE',  ( -2.738927953894488176, 23.93446384025034490, 0.3999999999996843303 ) ) ;
#4580 = CARTESIAN_POINT ( 'NONE',  ( -0.5692737558774365603, 25.54193487212240754, 0.3999999999996785016 ) ) ;
#4581 = AXIS2_PLACEMENT_3D ( 'NONE', #6728, #1034, #2291 ) ;
#4582 = CARTESIAN_POINT ( 'NONE',  ( -2.846200276124819073, 24.56071361608667658, 0.3464949174567380497 ) ) ;
#4583 = CARTESIAN_POINT ( 'NONE',  ( -2.032403529119650720, 23.40604193578755599, 0.4051504962510979468 ) ) ;
#4584 = CARTESIAN_POINT ( 'NONE',  ( -1.407914559405996746, 25.52264687205935445, 0.1054242873865619684 ) ) ;
#4585 = CARTESIAN_POINT ( 'NONE',  ( -1.868506461695090159, 25.46990421079217626, 0.05004498889011391866 ) ) ;
#4586 = DIRECTION ( 'NONE',  ( -0.000000000000000000, -0.000000000000000000, -1.000000000000000000 ) ) ;
#4587 = CARTESIAN_POINT ( 'NONE',  ( -0.8978740157478636297, 1.346189303162018005E-15, 0.000000000000000000 ) ) ;
#4588 = CARTESIAN_POINT ( 'NONE',  ( -0.6296623247416502922, 23.91413073072805417, 0.4499999999996843192 ) ) ;
#4589 = CARTESIAN_POINT ( 'NONE',  ( -0.9178812526649243742, 23.61644930901335826, 0.3999999999996853295 ) ) ;
#4590 = CARTESIAN_POINT ( 'NONE',  ( -2.831073066434291796, 24.16290734157271203, 0.3440947677336272936 ) ) ;
#4591 = ORIENTED_EDGE ( 'NONE', *, *, #2156, .T. ) ;
#4592 = CARTESIAN_POINT ( 'NONE',  ( -2.434252843487903384, 25.78029566055089106, 0.4021288337307716843 ) ) ;
#4593 = CARTESIAN_POINT ( 'NONE',  ( -1.001820345284526681, 23.56180779868622466, 0.3999999999996855515 ) ) ;
#4594 = CARTESIAN_POINT ( 'NONE',  ( -0.8819445902266049853, 24.35106029971213815, 0.04509713255963818113 ) ) ;
#4595 = CARTESIAN_POINT ( 'NONE',  ( -2.710993766691198292, 25.23162086627761980, 0.2828344543947947654 ) ) ;
#4596 = CARTESIAN_POINT ( 'NONE',  ( -2.163198971579922691, 23.94511557197791518, 0.04349214140470621798 ) ) ;
#4597 = CARTESIAN_POINT ( 'NONE',  ( -1.326288398323000717, 23.46149606299209367, 0.3580813416403665350 ) ) ;
#4598 = CARTESIAN_POINT ( 'NONE',  ( -2.623527975219424047, 23.76545957871561399, 0.3488965627298317163 ) ) ;
#4599 = CARTESIAN_POINT ( 'NONE',  ( -2.063288393211714755, 23.86307086614182538, 0.05885945287478641652 ) ) ;
#4600 = AXIS2_PLACEMENT_3D ( 'NONE', #3365, #3413, #8252 ) ;
#4601 = ORIENTED_EDGE ( 'NONE', *, *, #8250, .T. ) ;
#4602 = CARTESIAN_POINT ( 'NONE',  ( -0.7709672038951248529, 25.54394597144622026, 0.3406645128982260795 ) ) ;
#4603 = CARTESIAN_POINT ( 'NONE',  ( -0.6296623247416505142, 23.91413073072805417, 0.3999999999996843303 ) ) ;
#4604 = EDGE_CURVE ( 'NONE', #4454, #638, #5150, .T. ) ;
#4605 = AXIS2_PLACEMENT_3D ( 'NONE', #2282, #6572, #2944 ) ;
#4606 = CARTESIAN_POINT ( 'NONE',  ( -0.9853869017587482126, 23.57174616055265304, 0.4499999999996855404 ) ) ;
#4607 = CARTESIAN_POINT ( 'NONE',  ( -0.7064057580271503323, 24.74823854122367095, 0.1670980769258607057 ) ) ;
#4608 = CARTESIAN_POINT ( 'NONE',  ( -1.824225505437308215, 25.47867790927352516, 0.000000000000000000 ) ) ;
#4609 = CARTESIAN_POINT ( 'NONE',  ( -2.249199521501222598, 25.81980606987269411, 0.4382319632553167699 ) ) ;
#4610 = DIRECTION ( 'NONE',  ( 0.000000000000000000, 1.000000000000000000, -3.469446951953611428E-15 ) ) ;
#4611 = DIRECTION ( 'NONE',  ( 0.000000000000000000, -0.000000000000000000, -1.000000000000000000 ) ) ;
#4612 = EDGE_LOOP ( 'NONE', ( #7281, #2654, #1852, #8481 ) ) ;
#4614 = EDGE_CURVE ( 'NONE', #3039, #759, #212, .T. ) ;
#4613 = CARTESIAN_POINT ( 'NONE',  ( -0.5196349770691579550, 25.09282658420737278, 0.3443889163350458693 ) ) ;
#4615 = AXIS2_PLACEMENT_3D ( 'NONE', #1606, #251, #4526 ) ;
#4616 = CARTESIAN_POINT ( 'NONE',  ( -2.023608850827351979, 25.73665802349732701, 0.2857363914342253008 ) ) ;
#4617 = ORIENTED_EDGE ( 'NONE', *, *, #1871, .T. ) ;
#4618 = CARTESIAN_POINT ( 'NONE',  ( -2.425723957098288253, 23.93425945526317733, 0.1686609589815572796 ) ) ;
#4619 = B_SPLINE_CURVE_WITH_KNOTS ( 'NONE', 3,
 ( #4046, #476, #6219, #1834, #5504, #523, #6832, #3949, #1936, #4797, #8227 ),
 .UNSPECIFIED., .F., .F.,
 ( 4, 1, 1, 1, 1, 1, 1, 1, 4 ),
 ( 8.047397123476238626E-07, 0.04128309722953715788, 0.1384082857443409420, 0.2913762230413029508, 0.4999195854356429658, 0.6065205196039780144, 0.7254621645025688403, 0.8566513036652504409, 0.9999999999999998890 ),
 .UNSPECIFIED. ) ;
#4620 = CARTESIAN_POINT ( 'NONE',  ( -2.398591000870694767, 23.82909804004329146, 0.2077130354685664260 ) ) ;
#4621 = CARTESIAN_POINT ( 'NONE',  ( -0.8978740157478268813, 24.16258458075194326, 0.08929774710840120144 ) ) ;
#4622 = ORIENTED_EDGE ( 'NONE', *, *, #8286, .T. ) ;
#4623 = FACE_OUTER_BOUND ( 'NONE', #395, .T. ) ;
#4624 = CARTESIAN_POINT ( 'NONE',  ( -1.337543543194482210, 23.62178541462370518, 0.2260205236842304233 ) ) ;
#4625 = CARTESIAN_POINT ( 'NONE',  ( -2.825434856416686458, 25.08958756616768682, 0.4499999999996802114 ) ) ;
#4626 = CARTESIAN_POINT ( 'NONE',  ( -2.420609732480203391, 25.78510100647795511, 0.3999999999996597388 ) ) ;
#4627 = DIRECTION ( 'NONE',  ( 6.123233995736998996E-17, 3.552713678800503296E-15, 1.000000000000000000 ) ) ;
#4628 = ADVANCED_FACE ( 'NONE', ( #8771 ), #1631, .F. ) ;
#4629 = CARTESIAN_POINT ( 'NONE',  ( -2.758667028695071632, 23.96795008463099563, 0.4499999999996842637 ) ) ;
#4630 = CARTESIAN_POINT ( 'NONE',  ( -0.6537795279366294121, 25.82370078740159869, 0.6074803150392285023 ) ) ;
#4631 = B_SPLINE_SURFACE_WITH_KNOTS ( 'NONE', 3, 1, ( 
 ( #3591, #9103 ),
 ( #8532, #3459 ),
 ( #4953, #2052 ),
 ( #5575, #1961 ),
 ( #1343, #8493 ),
 ( #9238, #3419 ),
 ( #4171, #8452 ),
 ( #3548, #7126 ),
 ( #2092, #7876 ),
 ( #6335, #5533 ),
 ( #8404, #6424 ) ),
 .UNSPECIFIED., .F., .F., .F.,
 ( 4, 1, 1, 1, 1, 1, 1, 1, 4 ),
 ( 2, 2 ),
 ( 0.000000000000000000, 0.04138288360066033622, 0.1385322841714929920, 0.2914488271524486862, 0.4998652972170596342, 0.6065637465996820410, 0.7255470032204160979, 0.8567215811089381461, 1.000000000000000000 ),
 ( 0.000000000000000000, 1.000000000000000000 ),
 .UNSPECIFIED. ) ;
#4632 = CARTESIAN_POINT ( 'NONE',  ( -2.582406677243258120, 24.54388709345837327, 0.1072331534352280596 ) ) ;
#4633 = CARTESIAN_POINT ( 'NONE',  ( -2.003270912160875827, 23.54803147247307393, 0.2852260216112394442 ) ) ;
#4634 = CARTESIAN_POINT ( 'NONE',  ( -1.431668820439264023, 25.45203368887490925, 0.04566576554170424795 ) ) ;
#4635 = CARTESIAN_POINT ( 'NONE',  ( -1.067165354330504634, 23.86307086614182182, 0.05000000000000000278 ) ) ;
#4636 = CARTESIAN_POINT ( 'NONE',  ( -2.396369948756214008, 23.58858664358091417, 0.3999999999996855515 ) ) ;
#4637 = CARTESIAN_POINT ( 'NONE',  ( -0.6031972192645761455, 23.95665346453210631, 0.4499999999996840971 ) ) ;
#4638 = CARTESIAN_POINT ( 'NONE',  ( -0.4962992125984486136, 24.27165837229739509, 0.3582568727184360369 ) ) ;
#4639 = CARTESIAN_POINT ( 'NONE',  ( -0.4962992125984483915, 25.30605790861334370, 0.3999999999996795008 ) ) ;
#4640 = CARTESIAN_POINT ( 'NONE',  ( -2.691780031485550229, 24.01276555987439210, 0.2834002543011495123 ) ) ;
#4641 = ORIENTED_EDGE ( 'NONE', *, *, #3567, .F. ) ;
#4642 = CARTESIAN_POINT ( 'NONE',  ( -2.203223376888785889, 25.42031895856831980, 0.1051180096446106826 ) ) ;
#4643 = CARTESIAN_POINT ( 'NONE',  ( -1.067165354330505966, 25.42212598425206238, 0.1406219443759796350 ) ) ;
#4644 = CARTESIAN_POINT ( 'NONE',  ( -0.4486655185878040131, 24.14716455253040195, 0.4037257820980641454 ) ) ;
#4645 = CARTESIAN_POINT ( 'NONE',  ( -2.386134119696917910, 25.11176240981606611, 0.04350915851202173668 ) ) ;
#4646 = CARTESIAN_POINT ( 'NONE',  ( -2.293591799025602729, 23.72151299355869369, 0.2228207466939451931 ) ) ;
#4647 = CARTESIAN_POINT ( 'NONE',  ( -2.553244576879435179, 23.69363990591776314, 0.3497162796872310131 ) ) ;
#4648 = CARTESIAN_POINT ( 'NONE',  ( -0.7930803357666523778, 23.60435688492061246, 0.3999999999996853850 ) ) ;
#4649 = CYLINDRICAL_SURFACE ( 'NONE', #7384, 0.1135826771653553752 ) ;
#4650 = VERTEX_POINT ( 'NONE', #3700 ) ;
#4651 = CARTESIAN_POINT ( 'NONE',  ( -0.6931496062992357210, 23.65834645669293579, 0.1999999999996851796 ) ) ;
#4652 = CARTESIAN_POINT ( 'NONE',  ( -2.345626418840863980, 25.37132035891314175, 0.2005892346150802419 ) ) ;
#4653 = CARTESIAN_POINT ( 'NONE',  ( -1.033483810201483166, 23.54715288427446396, 0.4499999999996855404 ) ) ;
#4654 = CARTESIAN_POINT ( 'NONE',  ( -0.7705653045641696064, 24.70639891717121728, 0.1074635530403720285 ) ) ;
#4655 = CARTESIAN_POINT ( 'NONE',  ( -1.323325749849092015, 25.42212598425205883, 0.05000000000000000971 ) ) ;
#4656 = EDGE_CURVE ( 'NONE', #874, #441, #7734, .T. ) ;
#4657 = CARTESIAN_POINT ( 'NONE',  ( -2.625008457698338571, 25.59020531733931492, 0.4431958260125130611 ) ) ;
#4658 = CARTESIAN_POINT ( 'NONE',  ( -2.048325707720029420, 23.46149606299215407, 0.3582583144459243196 ) ) ;
#4659 = FACE_OUTER_BOUND ( 'NONE', #2333, .T. ) ;
#4660 = EDGE_CURVE ( 'NONE', #6665, #3358, #3886, .T. ) ;
#4661 = VERTEX_POINT ( 'NONE', #3789 ) ;
#4662 = CARTESIAN_POINT ( 'NONE',  ( -0.5836729792314453436, 25.30342623615006659, 0.3428618486399795939 ) ) ;
#4663 = CIRCLE ( 'NONE', #2721, 0.1057086614173214645 ) ;
#4664 = ORIENTED_EDGE ( 'NONE', *, *, #3246, .T. ) ;
#4665 = DIRECTION ( 'NONE',  ( 0.000000000000000000, 0.000000000000000000, 1.000000000000000000 ) ) ;
#4666 = VERTEX_POINT ( 'NONE', #1725 ) ;
#4667 = CARTESIAN_POINT ( 'NONE',  ( -0.7590932110137235123, 24.02202550882902443, 0.2228728735815196649 ) ) ;
#4668 = EDGE_CURVE ( 'NONE', #3063, #1974, #5959, .T. ) ;
#4669 = AXIS2_PLACEMENT_3D ( 'NONE', #1981, #2781, #8510 ) ;
#4670 = EDGE_CURVE ( 'NONE', #985, #5461, #7514, .T. ) ;
#4671 = CARTESIAN_POINT ( 'NONE',  ( -2.614507192700058713, 23.64743863212232000, 0.4017263085491473706 ) ) ;
#4672 = CARTESIAN_POINT ( 'NONE',  ( -2.076408408735295197, 23.49054043493148214, 0.4499999999996859290 ) ) ;
#4673 = ORIENTED_EDGE ( 'NONE', *, *, #7603, .F. ) ;
#4674 = CARTESIAN_POINT ( 'NONE',  ( -2.310163586723840368, 23.90676959898899412, 0.1879420915532118708 ) ) ;
#4675 = CARTESIAN_POINT ( 'NONE',  ( -1.218420528698749283, 23.40941558254805344, 0.4040717864493594269 ) ) ;
#4676 = CARTESIAN_POINT ( 'NONE',  ( -2.817187216598580513, 25.14399928157979147, 0.4499999999996799338 ) ) ;
#4677 = CARTESIAN_POINT ( 'NONE',  ( -0.6042608704835189526, 25.33060288264243098, 0.4499999999996792677 ) ) ;
#4678 = CIRCLE ( 'NONE', #2736, 0.08070866141732870036 ) ;
#4679 = CARTESIAN_POINT ( 'NONE',  ( -2.858503937007899509, 25.16070428622580479, 0.3702419050363655040 ) ) ;
#4680 = CARTESIAN_POINT ( 'NONE',  ( -2.732424317913296985, 25.36960409650514592, 0.3427135476888029664 ) ) ;
#4681 = FACE_OUTER_BOUND ( 'NONE', #6362, .T. ) ;
#4682 = EDGE_CURVE ( 'NONE', #5169, #4840, #7512, .T. ) ;
#4683 = CARTESIAN_POINT ( 'NONE',  ( -2.774961678980312207, 24.37435134904273326, 0.2857036227420257646 ) ) ;
#4684 = CARTESIAN_POINT ( 'NONE',  ( -1.515331980619558649, 23.54094265527655239, 0.2864128549861058026 ) ) ;
#4685 = CARTESIAN_POINT ( 'NONE',  ( -1.443249263841458907, 25.45517955049473358, 0.04584152341327604047 ) ) ;
#4686 = CARTESIAN_POINT ( 'NONE',  ( -2.728687766858826524, 25.37410213575948248, 0.3423536074745690549 ) ) ;
#4687 = CARTESIAN_POINT ( 'NONE',  ( -2.164494814424539282, 23.50020042706824341, 0.4499999999996857625 ) ) ;
#4688 = CARTESIAN_POINT ( 'NONE',  ( -0.5783716379236220062, 24.00712595025914098, 0.4499999999996838196 ) ) ;
#4689 = CARTESIAN_POINT ( 'NONE',  ( -0.4962992125984482805, 24.20827432639867993, 0.3610028542451732547 ) ) ;
#4690 = AXIS2_PLACEMENT_3D ( 'NONE', #6825, #425, #8175 ) ;
#4691 = CARTESIAN_POINT ( 'NONE',  ( -0.8576907750800090158, 23.66239650475506551, 0.3999999999996846634 ) ) ;
#4692 = CARTESIAN_POINT ( 'NONE',  ( -1.421768918021560024, 23.79735619812708691, 0.07563681086093157480 ) ) ;
#4693 = EDGE_LOOP ( 'NONE', ( #3848, #5148, #3884 ) ) ;
#4694 = CARTESIAN_POINT ( 'NONE',  ( -2.442785806361998713, 25.77494588856043123, 0.4021159574051922925 ) ) ;
#4695 = LINE ( 'NONE', #5444, #4420 ) ;
#4696 = CARTESIAN_POINT ( 'NONE',  ( -0.6550074094567246430, 24.32694727239528731, 0.2252471099553051137 ) ) ;
#4697 = CARTESIAN_POINT ( 'NONE',  ( -2.563252282056893261, 25.14760721309696478, 0.1632516272254705691 ) ) ;
#4698 = CARTESIAN_POINT ( 'NONE',  ( -2.093011000071879124, 23.80741430330011710, 0.1037500307467920935 ) ) ;
#4699 = CARTESIAN_POINT ( 'NONE',  ( -2.554301306796083804, 23.62020630784231656, 0.3882962287141636937 ) ) ;
#4700 = CARTESIAN_POINT ( 'NONE',  ( -0.5356692913878183804, 25.33578019156488992, 0.3999999999996792233 ) ) ;
#4701 = CARTESIAN_POINT ( 'NONE',  ( -1.866713452368579329, 23.89357895867070880, 0.05000000000000000278 ) ) ;
#4702 = CARTESIAN_POINT ( 'NONE',  ( -0.8504809813075568936, 24.03789040665726873, 0.1645144961448338217 ) ) ;
#4703 = EDGE_LOOP ( 'NONE', ( #4975, #1269, #8734, #5006 ) ) ;
#4704 = CARTESIAN_POINT ( 'NONE',  ( -2.504707210096017711, 24.45149305978636178, 0.05004499070472648997 ) ) ;
#4705 = CARTESIAN_POINT ( 'NONE',  ( -2.029481922932238280, 23.48940994823307804, 0.3999999999996067257 ) ) ;
#4706 = CARTESIAN_POINT ( 'NONE',  ( -2.031477255734310816, 23.86307086614182182, -0.7113766561454782922 ) ) ;
#4707 = CARTESIAN_POINT ( 'NONE',  ( -0.7013593625480161187, 25.33314368313936171, 0.2833151455709275179 ) ) ;
#4708 = CARTESIAN_POINT ( 'NONE',  ( -1.519566972546499084, 25.47694349289059090, 0.000000000000000000 ) ) ;
#4709 = CARTESIAN_POINT ( 'NONE',  ( -2.448019648599774278, 24.60259861694120787, 0.000000000000000000 ) ) ;
#4710 = CARTESIAN_POINT ( 'NONE',  ( -1.666071345776925394, 23.46149606299213275, 0.3575973108952500423 ) ) ;
#4711 = CARTESIAN_POINT ( 'NONE',  ( -0.6537795275590783106, 25.66622047244096905, 0.6074803150392285023 ) ) ;
#4712 = ORIENTED_EDGE ( 'NONE', *, *, #4753, .T. ) ;
#4713 = CARTESIAN_POINT ( 'NONE',  ( -0.8091843566223473339, 25.18491753269332278, 0.1645788757750973330 ) ) ;
#4714 = ORIENTED_EDGE ( 'NONE', *, *, #4095, .F. ) ;
#4715 = CARTESIAN_POINT ( 'NONE',  ( -2.444342221565677153, 24.53175107991833670, 0.000000000000000000 ) ) ;
#4716 = ORIENTED_EDGE ( 'NONE', *, *, #5002, .T. ) ;
#4717 = DIRECTION ( 'NONE',  ( 0.000000000000000000, 0.000000000000000000, 1.000000000000000000 ) ) ;
#4718 = CARTESIAN_POINT ( 'NONE',  ( -2.830679128280112700, 24.29184093116115761, 0.3999999999996830535 ) ) ;
#4719 = DIRECTION ( 'NONE',  ( -0.000000000000000000, 0.000000000000000000, 1.000000000000000000 ) ) ;
#4720 = ORIENTED_EDGE ( 'NONE', *, *, #6042, .F. ) ;
#4721 = CARTESIAN_POINT ( 'NONE',  ( -0.5810273249144913832, 23.99946932621664786, 0.3999999999996847189 ) ) ;
#4722 = CARTESIAN_POINT ( 'NONE',  ( -1.318102849193189430, 23.47688814774300425, 0.3453626226786576381 ) ) ;
#4723 = CARTESIAN_POINT ( 'NONE',  ( -2.784683045002272817, 25.25824762780586852, 0.4499999999996796007 ) ) ;
#4724 = CARTESIAN_POINT ( 'NONE',  ( -2.691400306773828355, 23.86814532499709784, 0.4499999999996846523 ) ) ;
#4725 = CARTESIAN_POINT ( 'NONE',  ( -2.858503937007895512, 25.26451233426403320, 0.3891706442040392400 ) ) ;
#4726 = VECTOR ( 'NONE', #8074, 39.37007874015748143 ) ;
#4727 = CARTESIAN_POINT ( 'NONE',  ( -2.728402694637729997, 23.91894136327369580, 0.3999999999996843858 ) ) ;
#4728 = FACE_OUTER_BOUND ( 'NONE', #7891, .T. ) ;
#4729 = CARTESIAN_POINT ( 'NONE',  ( -2.628880304714500848, 24.35202405021374616, 0.1653341099570678485 ) ) ;
#4730 = CARTESIAN_POINT ( 'NONE',  ( -1.534470202092398372, 23.67412554379429679, 0.1667927224750991311 ) ) ;
#4731 = CARTESIAN_POINT ( 'NONE',  ( -1.669449041773802600, 25.81180556501568546, 0.3466861758367495439 ) ) ;
#4732 = CARTESIAN_POINT ( 'NONE',  ( -2.048458120953531303, 25.79550875163707602, 0.3999999999996776689 ) ) ;
#4733 = CARTESIAN_POINT ( 'NONE',  ( -0.6307241534637864078, 25.51701555234923546, 0.3999999999996781130 ) ) ;
#4734 = FACE_OUTER_BOUND ( 'NONE', #6694, .T. ) ;
#4735 = CARTESIAN_POINT ( 'NONE',  ( -1.274571109023872939, 23.98437745449432157, 0.04999999999999998890 ) ) ;
#4736 = CARTESIAN_POINT ( 'NONE',  ( -2.539727373489973239, 24.09061444203226898, 0.1645567556468147119 ) ) ;
#4737 = ORIENTED_EDGE ( 'NONE', *, *, #6231, .F. ) ;
#4738 = CARTESIAN_POINT ( 'NONE',  ( -2.174761563946590481, 25.43836426766632997, 0.1051725935529885525 ) ) ;
#4739 = FACE_BOUND ( 'NONE', #1846, .T. ) ;
#4740 = AXIS2_PLACEMENT_3D ( 'NONE', #5329, #2795, #3496 ) ;
#4741 = CARTESIAN_POINT ( 'NONE',  ( -2.834250087967368881, 25.09656369332652659, 0.3439786034914007473 ) ) ;
#4742 = CARTESIAN_POINT ( 'NONE',  ( -2.330848692172951875, 23.54533968014868961, 0.3425267028207053532 ) ) ;
#4743 = CARTESIAN_POINT ( 'NONE',  ( -1.160760860573286424, 25.42308952264377453, 0.1032813016886826862 ) ) ;
#4744 = CARTESIAN_POINT ( 'NONE',  ( -2.456929133858064773, 24.28849821176436663, 0.000000000000000000 ) ) ;
#4745 = CARTESIAN_POINT ( 'NONE',  ( -0.5251480509706789590, 25.04996573233990986, 0.4499999999996802114 ) ) ;
#4746 = CARTESIAN_POINT ( 'NONE',  ( -0.9687473890109066232, 24.02627556452999968, 0.1051148060667127654 ) ) ;
#4747 = VERTEX_POINT ( 'NONE', #1077 ) ;
#4748 = CARTESIAN_POINT ( 'NONE',  ( -2.493800541942890359, 24.40254657139751515, 0.05000546342264985955 ) ) ;
#4749 = DIRECTION ( 'NONE',  ( 1.000000000000000000, 0.000000000000000000, 0.000000000000000000 ) ) ;
#4750 = CARTESIAN_POINT ( 'NONE',  ( -0.9566438836301144333, 23.58962060027753083, 0.4499999999996854849 ) ) ;
#4751 = CARTESIAN_POINT ( 'NONE',  ( -0.7950568810691498456, 25.45224778919667941, 0.2833137262870252804 ) ) ;
#4752 = CARTESIAN_POINT ( 'NONE',  ( -2.456929133858062553, 24.07773045281296831, 0.1216523629393825578 ) ) ;
#4753 = EDGE_CURVE ( 'NONE', #6260, #535, #9109, .T. ) ;
#4754 = CARTESIAN_POINT ( 'NONE',  ( -0.5286631682109114161, 23.91059627216083072, 0.3999999999996842193 ) ) ;
#4755 = CARTESIAN_POINT ( 'NONE',  ( -0.5721013044214767751, 25.32543419496209580, 0.3570581931600414483 ) ) ;
#4756 = DIRECTION ( 'NONE',  ( -0.000000000000000000, -0.000000000000000000, 1.000000000000000000 ) ) ;
#4757 = ORIENTED_EDGE ( 'NONE', *, *, #2617, .F. ) ;
#4758 = CARTESIAN_POINT ( 'NONE',  ( -0.9672777138884792736, 25.11547785479902473, 0.04572506374945876917 ) ) ;
#4759 = ORIENTED_EDGE ( 'NONE', *, *, #8486, .T. ) ;
#4760 = CARTESIAN_POINT ( 'NONE',  ( -2.820784356344947064, 23.90093269128099251, 0.3999999999994622302 ) ) ;
#4761 = EDGE_LOOP ( 'NONE', ( #6986, #4759, #5699, #1103 ) ) ;
#4762 = CARTESIAN_POINT ( 'NONE',  ( -2.390136776979376432, 23.89750615445638715, 0.1691366927236118423 ) ) ;
#4763 = B_SPLINE_CURVE_WITH_KNOTS ( 'NONE', 3,
 ( #7308, #258, #5988, #5841, #4533, #3026, #2220, #771, #7211, #8802, #5891, #5088, #1660, #162, #8756, #2320, #7964, #7400, #5184, #1615, #8849, #5283, #4399, #862, #3119, #4485, #2413, #1474, #4346, #961 ),
 .UNSPECIFIED., .F., .F.,
 ( 4, 2, 2, 2, 2, 2, 2, 2, 2, 2, 2, 2, 2, 2, 4 ),
 ( 0.009302272668353889912, 0.009886968066507028502, 0.01047166346466016709, 0.01105635886281330568, 0.01164105426096644601, 0.01222574965911958460, 0.01281044505727272319, 0.01339514045542586351, 0.01397983585357900210, 0.01514922664988529663, 0.01631861744619159116, 0.01690331284434474016, 0.01748800824249788916, 0.01807270364065103815, 0.01865739903880418715 ),
 .UNSPECIFIED. ) ;
#4764 = CARTESIAN_POINT ( 'NONE',  ( -2.825776998949386609, 25.08780008918418147, 0.3999999999996802225 ) ) ;
#4765 = CARTESIAN_POINT ( 'NONE',  ( -0.8978740157478272144, 24.28852276074498917, -0.7113766561454782922 ) ) ;
#4766 = ORIENTED_EDGE ( 'NONE', *, *, #4260, .T. ) ;
#4767 = CARTESIAN_POINT ( 'NONE',  ( -0.5994237761230268857, 23.96247195377984340, 0.3999999999996836642 ) ) ;
#4768 = CARTESIAN_POINT ( 'NONE',  ( -1.296537338205151269, 23.40591917361391694, 0.4048949556739315225 ) ) ;
#4769 = DIRECTION ( 'NONE',  ( 0.000000000000000000, 1.000000000000000000, -3.532293997372422381E-15 ) ) ;
#4770 = CARTESIAN_POINT ( 'NONE',  ( -0.8782938141463596526, 24.94352268498113290, 0.05000000160676962985 ) ) ;
#4771 = CARTESIAN_POINT ( 'NONE',  ( -2.456929133858097636, 3.299684630179368394E-15, 0.05000000000000000278 ) ) ;
#4772 = EDGE_CURVE ( 'NONE', #4410, #2331, #4867, .T. ) ;
#4773 = CARTESIAN_POINT ( 'NONE',  ( -0.5290040546030878588, 24.19759846666100600, 0.3999999999996832756 ) ) ;
#4774 = FACE_OUTER_BOUND ( 'NONE', #2791, .T. ) ;
#4775 = CARTESIAN_POINT ( 'NONE',  ( -2.495695559575628497, 24.43106487826625539, 0.04616678160648936963 ) ) ;
#4776 = CARTESIAN_POINT ( 'NONE',  ( -1.473707999187705564, 23.82251184008616818, 0.04627270303558098097 ) ) ;
#4777 = CARTESIAN_POINT ( 'NONE',  ( -0.6931496062990608609, 23.77192913385828632, 0.3655004906127243824 ) ) ;
#4778 = CARTESIAN_POINT ( 'NONE',  ( -1.574464691316201037, 25.87678827592166542, 0.4063282205876975750 ) ) ;
#4779 = CARTESIAN_POINT ( 'NONE',  ( -0.7024937174079864954, 23.77192913385829698, 0.3606445141405609789 ) ) ;
#4780 = CARTESIAN_POINT ( 'NONE',  ( -0.5901832594770423102, 23.98126578275161691, 0.4499999999996840971 ) ) ;
#4781 = DIRECTION ( 'NONE',  ( 0.000000000000000000, 0.000000000000000000, -1.000000000000000000 ) ) ;
#4782 = EDGE_CURVE ( 'NONE', #441, #874, #2779, .T. ) ;
#4783 = DIRECTION ( 'NONE',  ( -0.000000000000000000, 0.000000000000000000, -1.000000000000000000 ) ) ;
#4784 = CARTESIAN_POINT ( 'NONE',  ( -2.546808275118422671, 24.10240524740626356, 0.1645865952885107730 ) ) ;
#4785 = ORIENTED_EDGE ( 'NONE', *, *, #5657, .F. ) ;
#4786 = CARTESIAN_POINT ( 'NONE',  ( -2.271418060103395309, 25.85089220057965420, 0.4029066658294164216 ) ) ;
#4787 = DIRECTION ( 'NONE',  ( -0.000000000000000000, -0.000000000000000000, -1.000000000000000000 ) ) ;
#4788 = CARTESIAN_POINT ( 'NONE',  ( -2.512596566564750056, 25.05818224421511786, 0.1037502775784422265 ) ) ;
#4789 = CARTESIAN_POINT ( 'NONE',  ( -2.085009011565833070, 23.63566067524515191, 0.2241340578525093385 ) ) ;
#4790 = CARTESIAN_POINT ( 'NONE',  ( -1.138245283204215141, 25.50998166623674379, 0.1631137104837477869 ) ) ;
#4791 = CARTESIAN_POINT ( 'NONE',  ( -2.157429868236362402, 23.86307086614183248, 0.08930200949798533516 ) ) ;
#4792 = CARTESIAN_POINT ( 'NONE',  ( -1.495066735149461978, 23.44153132549230634, 0.4432038780669227962 ) ) ;
#4793 = CARTESIAN_POINT ( 'NONE',  ( -0.6759218883493990360, 23.84325810119915445, 0.3427135496529206127 ) ) ;
#4794 = VERTEX_POINT ( 'NONE', #6156 ) ;
#4795 = CARTESIAN_POINT ( 'NONE',  ( -0.4462992125984482361, 23.61897637814962536, 0.6074803150392285023 ) ) ;
#4796 = CARTESIAN_POINT ( 'NONE',  ( -2.232679662729977199, 25.34763465080641254, 0.1372787174606176219 ) ) ;
#4797 = CARTESIAN_POINT ( 'NONE',  ( -0.5244908780235879586, 25.01364433039249491, 0.3999999999996803335 ) ) ;
#4798 = CARTESIAN_POINT ( 'NONE',  ( -0.8673756556898101211, 25.52266928171428262, 0.2833137329771580615 ) ) ;
#4799 = EDGE_CURVE ( 'NONE', #8769, #4747, #1822, .T. ) ;
#4800 = CARTESIAN_POINT ( 'NONE',  ( -2.031505286397790488, 25.42212598425206238, -0.7113766561454782922 ) ) ;
#4801 = CARTESIAN_POINT ( 'NONE',  ( -2.436921827177521926, 25.66874759263202677, 0.3999999999996782241 ) ) ;
#4802 = CARTESIAN_POINT ( 'NONE',  ( -2.489639002957697578, 24.90048285832968489, 0.000000000000000000 ) ) ;
#4803 = CARTESIAN_POINT ( 'NONE',  ( -0.9281268231224109044, 24.83107440535511756, 0.05000000000000641431 ) ) ;
#4804 = ORIENTED_EDGE ( 'NONE', *, *, #4614, .T. ) ;
#4805 = CARTESIAN_POINT ( 'NONE',  ( -0.9706294792263108206, 25.12054122400518352, 0.04571837354979622209 ) ) ;
#4806 = CARTESIAN_POINT ( 'NONE',  ( -2.427803697000803229, 24.46274059197718387, 0.05030735097768035402 ) ) ;
#4807 = VERTEX_POINT ( 'NONE', #7709 ) ;
#4808 = FACE_OUTER_BOUND ( 'NONE', #3201, .T. ) ;
#4809 = EDGE_CURVE ( 'NONE', #520, #2073, #1924, .T. ) ;
#4810 = FACE_OUTER_BOUND ( 'NONE', #8335, .T. ) ;
#4811 = CARTESIAN_POINT ( 'NONE',  ( -2.405868410375251454, 23.59485864866661586, 0.4499999999996855404 ) ) ;
#4812 = ORIENTED_EDGE ( 'NONE', *, *, #3582, .T. ) ;
#4813 = AXIS2_PLACEMENT_3D ( 'NONE', #7600, #1712, #1010 ) ;
#4814 = CARTESIAN_POINT ( 'NONE',  ( -0.5477566258913041386, 24.09394085482684744, 0.3999999999996847189 ) ) ;
#4815 = CARTESIAN_POINT ( 'NONE',  ( -1.008255897618260732, 23.45870434020277173, 0.4024099336296944052 ) ) ;
#4816 = DIRECTION ( 'NONE',  ( -0.000000000000000000, -0.000000000000000000, -1.000000000000000000 ) ) ;
#4817 = CARTESIAN_POINT ( 'NONE',  ( -0.5256840571735599266, 25.04602932026089590, 0.4499999999996802114 ) ) ;
#4818 = CARTESIAN_POINT ( 'NONE',  ( -0.5290040546030878588, 24.19759846666100600, 0.3999999999996832756 ) ) ;
#4819 = VECTOR ( 'NONE', #4816, 39.37007874015748143 ) ;
#4820 = CARTESIAN_POINT ( 'NONE',  ( -0.6537795279366291901, 25.87370078740159585, 0.3999999999996772249 ) ) ;
#4821 = CARTESIAN_POINT ( 'NONE',  ( -1.509435343912369332, 23.74524071960019000, 0.1066470283599770391 ) ) ;
#4822 = CARTESIAN_POINT ( 'NONE',  ( -1.784959572070563327, 23.80151126911204074, 0.000000000000000000 ) ) ;
#4823 = CARTESIAN_POINT ( 'NONE',  ( -1.849193592147621468, 25.81082157034366276, 0.3462259008938504690 ) ) ;
#4824 = DIRECTION ( 'NONE',  ( 1.000000000000000000, 0.000000000000000000, 0.000000000000000000 ) ) ;
#4825 = CARTESIAN_POINT ( 'NONE',  ( -0.5415541120563330812, 24.12177250757091329, 0.4499999999996835420 ) ) ;
#4826 = CARTESIAN_POINT ( 'NONE',  ( -2.489670056020154121, 24.38645417048152098, 0.04998143693990888398 ) ) ;
#4827 = PLANE ( 'NONE',  #1217 ) ;
#4828 = CARTESIAN_POINT ( 'NONE',  ( -2.395638515991499240, 24.18225577581554475, 0.04575133052853957993 ) ) ;
#4829 = VERTEX_POINT ( 'NONE', #3937 ) ;
#4830 = CARTESIAN_POINT ( 'NONE',  ( -2.602996022278031507, 25.65130098060810582, 0.4021132276724822541 ) ) ;
#4831 = DIRECTION ( 'NONE',  ( -0.4690170142784739205, -0.6745781188304355025, 0.5700591214185565248 ) ) ;
#4832 = CARTESIAN_POINT ( 'NONE',  ( -2.898906910578103790, 25.18980234005454122, 0.4032528998578924218 ) ) ;
#4833 = CARTESIAN_POINT ( 'NONE',  ( -2.224449650030037251, 23.68289120665718883, 0.2230428455731066628 ) ) ;
#4834 = AXIS2_PLACEMENT_3D ( 'NONE', #8382, #5553, #7680 ) ;
#4835 = CARTESIAN_POINT ( 'NONE',  ( -1.198776683452571490, 25.44619241950590904, 0.1033843777343114306 ) ) ;
#4836 = CARTESIAN_POINT ( 'NONE',  ( -1.209311291992085646, 25.78800932164230630, 0.3999999999996776689 ) ) ;
#4837 = AXIS2_PLACEMENT_3D ( 'NONE', #2038, #4893, #3142 ) ;
#4838 = CARTESIAN_POINT ( 'NONE',  ( -0.4940203661532086565, 25.21739750529678048, 0.4431958362722960287 ) ) ;
#4839 = CARTESIAN_POINT ( 'NONE',  ( -0.7122677790839587741, 23.93682046050280121, 0.2833138661503334377 ) ) ;
#4840 = VERTEX_POINT ( 'NONE', #6914 ) ;
#4841 = DIRECTION ( 'NONE',  ( 0.000000000000000000, 1.000000000000000000, -3.532293997372059900E-15 ) ) ;
#4842 = CARTESIAN_POINT ( 'NONE',  ( -0.8978740157478246608, 24.28852276074500338, 0.05000000000000151545 ) ) ;
#4843 = CARTESIAN_POINT ( 'NONE',  ( -1.099373261066458385, 25.27060550530909566, 0.04571512808057818372 ) ) ;
#4844 = AXIS2_PLACEMENT_3D ( 'NONE', #4365, #7231, #5771 ) ;
#4845 = CARTESIAN_POINT ( 'NONE',  ( -2.661653543307109793, 23.54476377952758170, 0.3999999999996857181 ) ) ;
#4846 = DIRECTION ( 'NONE',  ( -1.000000000000000000, 1.499307563813103691E-15, 0.000000000000000000 ) ) ;
#4847 = CARTESIAN_POINT ( 'NONE',  ( -0.8340423030860808495, 24.57539537236998584, 0.05000021012522501418 ) ) ;
#4848 = FACE_OUTER_BOUND ( 'NONE', #6923, .T. ) ;
#4849 = VERTEX_POINT ( 'NONE', #3426 ) ;
#4850 = CARTESIAN_POINT ( 'NONE',  ( -1.677401506837687517, 24.64259837160525279, 0.3999999999996817768 ) ) ;
#4851 = ORIENTED_EDGE ( 'NONE', *, *, #5347, .T. ) ;
#4852 = CARTESIAN_POINT ( 'NONE',  ( -0.6817147153918508007, 23.98331465674073115, 0.2826367001321682393 ) ) ;
#4853 = AXIS2_PLACEMENT_3D ( 'NONE', #2080, #793, #1282 ) ;
#4854 = CARTESIAN_POINT ( 'NONE',  ( -2.384336205339262271, 24.33276735994522610, 0.04999999999999999584 ) ) ;
#4855 = CARTESIAN_POINT ( 'NONE',  ( -0.8978740157478277695, 24.13156794204565259, 0.1005217450272147678 ) ) ;
#4856 = ORIENTED_EDGE ( 'NONE', *, *, #9264, .F. ) ;
#4857 = CARTESIAN_POINT ( 'NONE',  ( -0.4727082206812243115, 24.25791921294068487, 0.4432038691916617146 ) ) ;
#4858 = CARTESIAN_POINT ( 'NONE',  ( -1.235271286025193538, 23.91319058571793121, 0.04581399697241827357 ) ) ;
#4859 = CARTESIAN_POINT ( 'NONE',  ( -2.751455948498777282, 25.32881203845356666, 0.4499999999996793787 ) ) ;
#4860 = CARTESIAN_POINT ( 'NONE',  ( -0.5256440122432367579, 25.04527237220792557, 0.4499999999996802669 ) ) ;
#4861 = CARTESIAN_POINT ( 'NONE',  ( -2.031505286397513377, 25.42212598425222936, 0.000000000000000000 ) ) ;
#4862 = EDGE_CURVE ( 'NONE', #896, #4008, #9063, .T. ) ;
#4863 = CARTESIAN_POINT ( 'NONE',  ( -0.6537795275590783106, 25.66622047244096905, 0.6074803150392285023 ) ) ;
#4864 = CARTESIAN_POINT ( 'NONE',  ( -1.617935140347492862, 23.80140039027189047, 0.04759509174219449246 ) ) ;
#4865 = CARTESIAN_POINT ( 'NONE',  ( -2.333841058930298473, 24.23499431568037821, 0.04999831976591619098 ) ) ;
#4866 = CARTESIAN_POINT ( 'NONE',  ( -1.478144215184457266, 25.46425498103220875, 0.04635614245776696618 ) ) ;
#4867 = CIRCLE ( 'NONE', #8478, 0.1135826771653553752 ) ;
#4868 = CARTESIAN_POINT ( 'NONE',  ( -0.7311755362933540781, 23.76583408935702835, 0.3487605940901415957 ) ) ;
#4869 = CARTESIAN_POINT ( 'NONE',  ( -2.034289962266035534, 23.95680186066026707, 0.000000000000000000 ) ) ;
#4870 = CARTESIAN_POINT ( 'NONE',  ( -0.6479399319759387987, 25.46326869552423489, 0.3672089763601216195 ) ) ;
#4871 = CARTESIAN_POINT ( 'NONE',  ( -1.041875083249186984, 24.20491131229190884, 0.05000000000000000278 ) ) ;
#4872 = CARTESIAN_POINT ( 'NONE',  ( -0.9742235169964716945, 25.80658371833168019, 0.3999999999996590172 ) ) ;
#4873 = CARTESIAN_POINT ( 'NONE',  ( -2.305408499869371131, 25.22062689895157206, 0.04571512612455005953 ) ) ;
#4874 = FACE_BOUND ( 'NONE', #5691, .T. ) ;
#4875 = CARTESIAN_POINT ( 'NONE',  ( -2.686670014319034738, 25.03999947135051940, 0.2242362165075971192 ) ) ;
#4876 = CARTESIAN_POINT ( 'NONE',  ( -2.114102660254707722, 23.56164916183119473, 0.2839976376419816595 ) ) ;
#4877 = CARTESIAN_POINT ( 'NONE',  ( -0.9069327126877493317, 25.77134005298949049, 0.4021304986903507239 ) ) ;
#4878 = DIRECTION ( 'NONE',  ( 1.000000000000000000, 0.000000000000000000, 0.000000000000000000 ) ) ;
#4879 = CARTESIAN_POINT ( 'NONE',  ( -0.5239938151587971715, 24.98617207946509922, 0.3999999999996803890 ) ) ;
#4880 = CARTESIAN_POINT ( 'NONE',  ( -2.727803098623375888, 23.91780816782062402, 0.3999999999996843858 ) ) ;
#4881 = CARTESIAN_POINT ( 'NONE',  ( -2.825546994810668178, 25.09281961974685871, 0.3999999999996798894 ) ) ;
#4882 = ORIENTED_EDGE ( 'NONE', *, *, #4085, .T. ) ;
#4883 = CARTESIAN_POINT ( 'NONE',  ( -2.630716994833905087, 24.35232597777743280, 0.1668143338501726358 ) ) ;
#4884 = CARTESIAN_POINT ( 'NONE',  ( -0.8370100337336603413, 25.22834708828447603, 0.1645162835838948345 ) ) ;
#4885 = CARTESIAN_POINT ( 'NONE',  ( -1.209311291992085646, 25.78800932164230630, 0.3999999999996776689 ) ) ;
#4886 = CARTESIAN_POINT ( 'NONE',  ( -2.031477255734317922, 23.86307086614183248, 0.05000000000000000971 ) ) ;
#4887 = CARTESIAN_POINT ( 'NONE',  ( -0.8757084147685205711, 24.34980522773199141, 0.05000047385054540161 ) ) ;
#4888 = CARTESIAN_POINT ( 'NONE',  ( -2.353058185976056205, 25.72335077777379198, 0.3999999999996779465 ) ) ;
#4889 = VERTEX_POINT ( 'NONE', #6252 ) ;
#4890 = CARTESIAN_POINT ( 'NONE',  ( -1.300590271164709266, 25.79549556081792616, 0.4499999999996777134 ) ) ;
#4891 = ORIENTED_EDGE ( 'NONE', *, *, #6344, .F. ) ;
#4892 = CARTESIAN_POINT ( 'NONE',  ( -2.810061943751973157, 25.17951231623816355, 0.3999999999996799449 ) ) ;
#4893 = DIRECTION ( 'NONE',  ( -0.000000000000000000, 0.000000000000000000, 1.000000000000000000 ) ) ;
#4894 = ORIENTED_EDGE ( 'NONE', *, *, #6448, .F. ) ;
#4895 = EDGE_CURVE ( 'NONE', #5831, #5560, #8020, .T. ) ;
#4896 = CARTESIAN_POINT ( 'NONE',  ( -0.5380597569376671663, 25.14839170618425612, 0.4499999999996798783 ) ) ;
#4897 = CARTESIAN_POINT ( 'NONE',  ( -1.263675876194899628, 23.80480632367373062, 0.1056541189379112122 ) ) ;
#4898 = CARTESIAN_POINT ( 'NONE',  ( -0.8725757044436868171, 24.92607932487999278, 0.05000000000000000971 ) ) ;
#4899 = LINE ( 'NONE', #5659, #7140 ) ;
#4900 = AXIS2_PLACEMENT_3D ( 'NONE', #4307, #7172, #820 ) ;
#4901 = CARTESIAN_POINT ( 'NONE',  ( -0.5829785921434430529, 23.82762816930895511, 0.3999999999996817213 ) ) ;
#4902 = EDGE_CURVE ( 'NONE', #5101, #9033, #6297, .T. ) ;
#4903 = DIRECTION ( 'NONE',  ( -0.7445891072172883263, -0.2273182056722338196, 0.6276252821415956307 ) ) ;
#4904 = CARTESIAN_POINT ( 'NONE',  ( -1.632827045414608325, 23.79665191355542930, 0.000000000000000000 ) ) ;
#4905 = CARTESIAN_POINT ( 'NONE',  ( -1.669931641047262216, 25.74704518307483880, 0.2869266424132962401 ) ) ;
#4906 = EDGE_CURVE ( 'NONE', #2499, #8769, #3466, .T. ) ;
#4907 = CARTESIAN_POINT ( 'NONE',  ( -1.124153770380678097, 24.08585181447010726, 0.05915550272337088272 ) ) ;
#4908 = DIRECTION ( 'NONE',  ( 0.000000000000000000, 0.000000000000000000, -1.000000000000000000 ) ) ;
#4909 = CARTESIAN_POINT ( 'NONE',  ( -2.456929133858064773, 24.28849821176436308, 0.05000000000000000278 ) ) ;
#4910 = CARTESIAN_POINT ( 'NONE',  ( -0.5734526638472621229, 23.88591779919074654, 0.4431958470681016671 ) ) ;
#4911 = CARTESIAN_POINT ( 'NONE',  ( -0.8978740157478251049, 25.08369748732850724, 0.07563488478601523846 ) ) ;
#4912 = CARTESIAN_POINT ( 'NONE',  ( -2.269070589163657115, 25.47887205882840078, 0.1645158962717537809 ) ) ;
#4913 = CIRCLE ( 'NONE', #5805, 0.1135826771653553752 ) ;
#4914 = CARTESIAN_POINT ( 'NONE',  ( -0.4462992125984484026, 25.48905511771360111, 0.6074803150392285023 ) ) ;
#4915 = CARTESIAN_POINT ( 'NONE',  ( -2.811732907166716089, 25.20488066153555096, 0.3430243666307428718 ) ) ;
#4916 = CARTESIAN_POINT ( 'NONE',  ( -1.967319885243532074, 23.69109354893604547, 0.1653350217395764543 ) ) ;
#4917 = CARTESIAN_POINT ( 'NONE',  ( -1.046274197534961647, 25.75000381809872962, 0.3426263731429534665 ) ) ;
#4918 = CARTESIAN_POINT ( 'NONE',  ( -2.369421027627767629, 25.71344871613124283, 0.4499999999996780464 ) ) ;
#4919 = CARTESIAN_POINT ( 'NONE',  ( -0.5240451228139542117, 24.98900781087215961, 0.3999999999996803890 ) ) ;
#4920 = CARTESIAN_POINT ( 'NONE',  ( -2.286420773102764148, 24.17759869662169336, 0.04606817219003304931 ) ) ;
#4921 = CARTESIAN_POINT ( 'NONE',  ( -2.776265990389937599, 25.40661229067272586, 0.4432038974321814151 ) ) ;
#4922 = ORIENTED_EDGE ( 'NONE', *, *, #9219, .T. ) ;
#4923 = CARTESIAN_POINT ( 'NONE',  ( -2.555798319214302339, 24.35476914270852689, 0.1070342878773771211 ) ) ;
#4924 = ORIENTED_EDGE ( 'NONE', *, *, #2986, .F. ) ;
#4925 = LENGTH_MEASURE_WITH_UNIT ( LENGTH_MEASURE( 0.02539999999999999897 ), #5639 );
#4926 = CARTESIAN_POINT ( 'NONE',  ( -0.8362705449214620224, 25.60974898458929516, 0.3427133789683243781 ) ) ;
#4927 = CARTESIAN_POINT ( 'NONE',  ( -0.5356692913887742824, 25.35291606815292198, 0.3884110403658362909 ) ) ;
#4928 = DIRECTION ( 'NONE',  ( -1.000000000000000000, 0.000000000000000000, 0.000000000000000000 ) ) ;
#4929 = CARTESIAN_POINT ( 'NONE',  ( -0.8715647163806085063, 24.36338602838938883, 0.05000000000000007910 ) ) ;
#4930 = ORIENTED_EDGE ( 'NONE', *, *, #6727, .T. ) ;
#4931 = CARTESIAN_POINT ( 'NONE',  ( -1.267416442146103162, 25.79403469812148941, 0.4499999999996777134 ) ) ;
#4932 = EDGE_LOOP ( 'NONE', ( #2067, #4969, #3192, #6318 ) ) ;
#4933 = CARTESIAN_POINT ( 'NONE',  ( -0.4406438667183729674, 24.26926190351139923, 0.4050164241344132443 ) ) ;
#4934 = EDGE_CURVE ( 'NONE', #7341, #2425, #4695, .T. ) ;
#4935 = CARTESIAN_POINT ( 'NONE',  ( -2.309158956806928398, 24.20941544952296454, 0.04606807752549081647 ) ) ;
#4936 = CARTESIAN_POINT ( 'NONE',  ( -2.565556294378688040, 24.41468325006941953, 0.1059767970078070581 ) ) ;
#4937 = EDGE_CURVE ( 'NONE', #9135, #4967, #1446, .T. ) ;
#4938 = EDGE_CURVE ( 'NONE', #5515, #5073, #1122, .T. ) ;
#4939 = B_SPLINE_CURVE_WITH_KNOTS ( 'NONE', 3,
 ( #2155, #4461, #7987, #3748, #3046, #8079, #2197, #8776, #702, #7938, #3572, #792, #5015 ),
 .UNSPECIFIED., .F., .F.,
 ( 4, 2, 1, 2, 2, 2, 4 ),
 ( 0.000000000000000000, 0.03124999999999904243, 0.06249999999999808487, 0.1250000000000127121, 0.2500000000000133227, 0.5000000000000088818, 1.000000000000000000 ),
 .UNSPECIFIED. ) ;
#4940 = EDGE_LOOP ( 'NONE', ( #5470, #4275 ) ) ;
#4941 = CARTESIAN_POINT ( 'NONE',  ( -0.6296623617799175232, 25.37106618896003596, 0.4499999999996791011 ) ) ;
#4942 = CARTESIAN_POINT ( 'NONE',  ( -0.9838676159482836470, 23.56607842490277704, 0.3427516954131153981 ) ) ;
#4943 = CARTESIAN_POINT ( 'NONE',  ( -0.6931496062992357210, 23.54476377952757815, 0.1999999999996855959 ) ) ;
#4944 = ORIENTED_EDGE ( 'NONE', *, *, #3296, .F. ) ;
#4945 = ADVANCED_FACE ( 'NONE', ( #4739, #513 ), #7617, .F. ) ;
#4946 = ADVANCED_FACE ( 'NONE', ( #6469 ), #7839, .F. ) ;
#4947 = CARTESIAN_POINT ( 'NONE',  ( -0.6255236604717806514, 25.48568496717076926, 0.3890680698597163700 ) ) ;
#4948 = CARTESIAN_POINT ( 'NONE',  ( -1.179984396974022465, 25.82370078740163422, 0.3668866176597760931 ) ) ;
#4949 = CARTESIAN_POINT ( 'NONE',  ( -2.310969813285924435, 24.20209462217187379, 0.05000007026372783187 ) ) ;
#4950 = CARTESIAN_POINT ( 'NONE',  ( -1.954854017788728582, 25.87829872886462113, 0.4055990743188274683 ) ) ;
#4951 = CARTESIAN_POINT ( 'NONE',  ( -0.9745801671022447099, 24.08949039860940289, 0.1351391975810450063 ) ) ;
#4952 = CARTESIAN_POINT ( 'NONE',  ( -1.323325749849092015, 25.42212598425205883, 0.05000000000000000278 ) ) ;
#4953 = CARTESIAN_POINT ( 'NONE',  ( -0.9686190354532321356, 23.58148407908524646, 0.3999999999996854405 ) ) ;
#4954 = VERTEX_POINT ( 'NONE', #75 ) ;
#4955 = DIRECTION ( 'NONE',  ( 0.000000000000000000, 1.000000000000000000, -3.552713678800503296E-15 ) ) ;
#4956 = CARTESIAN_POINT ( 'NONE',  ( -2.226614173228278926, 25.27251968503944468, 0.2999999999999999889 ) ) ;
#4957 = CARTESIAN_POINT ( 'NONE',  ( -2.349994171014010647, 25.29755313878229828, 0.1051148086323368813 ) ) ;
#4958 = ADVANCED_FACE ( 'NONE', ( #7089 ), #4997, .F. ) ;
#4959 = CARTESIAN_POINT ( 'NONE',  ( -1.677401759897740430, 24.64259857083205318, 0.3999999999996817768 ) ) ;
#4960 = CARTESIAN_POINT ( 'NONE',  ( -2.913933077590493248, 25.04750809736715311, 0.4046801308610969428 ) ) ;
#4961 = CARTESIAN_POINT ( 'NONE',  ( -2.058467629701129287, 23.55275567993160379, 0.2845763003803418734 ) ) ;
#4962 = CARTESIAN_POINT ( 'NONE',  ( -1.259500640801660465, 25.80404475629735472, 0.3443395930789146520 ) ) ;
#4963 = CARTESIAN_POINT ( 'NONE',  ( -2.327053534573292559, 25.73541740771493025, 0.4499999999996780464 ) ) ;
#4964 = CARTESIAN_POINT ( 'NONE',  ( -1.852341068903906596, 23.48934458844421158, 0.3999999999996852740 ) ) ;
#4965 = CARTESIAN_POINT ( 'NONE',  ( -0.8420549541934189142, 24.04958441876626196, 0.1645144950967006581 ) ) ;
#4966 = CARTESIAN_POINT ( 'NONE',  ( -2.830655411537204902, 24.64259858041681284, 0.3999999999996812772 ) ) ;
#4967 = VERTEX_POINT ( 'NONE', #7795 ) ;
#4968 = CARTESIAN_POINT ( 'NONE',  ( -2.700000560743536226, 24.31734214899231361, 0.2261896277215856843 ) ) ;
#4969 = ORIENTED_EDGE ( 'NONE', *, *, #7944, .T. ) ;
#4970 =( NAMED_UNIT ( * ) SI_UNIT ( $, .STERADIAN. ) SOLID_ANGLE_UNIT ( ) );
#4971 = CARTESIAN_POINT ( 'NONE',  ( -1.061134064060878401, 25.46090869506790000, 0.1645144308982018633 ) ) ;
#4972 = CARTESIAN_POINT ( 'NONE',  ( -2.159978125276756700, 25.82370078740160579, 0.3655813801549310793 ) ) ;
#4973 = CARTESIAN_POINT ( 'NONE',  ( -1.480093921943989699, 23.81536507537850866, 0.05000000000000000971 ) ) ;
#4974 = CARTESIAN_POINT ( 'NONE',  ( -2.523352690479880422, 24.59809506183793459, 0.000000000000000000 ) ) ;
#4975 = ORIENTED_EDGE ( 'NONE', *, *, #8678, .F. ) ;
#4976 = VECTOR ( 'NONE', #8183, 39.37007874015748143 ) ;
#4977 = CARTESIAN_POINT ( 'NONE',  ( -0.9664941383969379851, 25.70193383416113520, 0.4499999999996778799 ) ) ;
#4978 = ORIENTED_EDGE ( 'NONE', *, *, #3973, .T. ) ;
#4979 = CARTESIAN_POINT ( 'NONE',  ( -0.7937944463964891062, 24.38998243237146468, 0.1057503498403173509 ) ) ;
#4980 = CARTESIAN_POINT ( 'NONE',  ( -2.815963877316414621, 23.94571229413178415, 0.4431922474509188969 ) ) ;
#4981 = B_SPLINE_CURVE_WITH_KNOTS ( 'NONE', 3,
 ( #5702, #6420, #812, #5835, #8572, #5082, #8010, #2884 ),
 .UNSPECIFIED., .F., .F.,
 ( 4, 2, 2, 4 ),
 ( -0.002129053397327725951, 0.0009820205480819137363, 0.004093094493491553423, 0.01031524238431082499 ),
 .UNSPECIFIED. ) ;
#4982 = CARTESIAN_POINT ( 'NONE',  ( -2.567011214589406620, 24.42320601091773113, 0.1060806061853102472 ) ) ;
#4983 = ORIENTED_EDGE ( 'NONE', *, *, #7602, .F. ) ;
#4984 = CARTESIAN_POINT ( 'NONE',  ( -2.527442014435322459, 23.57584545486227512, 0.3999999999994734989 ) ) ;
#4985 = CARTESIAN_POINT ( 'NONE',  ( -1.299203113724534564, 23.87919604973784260, 0.04623497723773351692 ) ) ;
#4986 = CARTESIAN_POINT ( 'NONE',  ( -0.8842658731870007838, 24.96174124671223638, 0.05000000000000000971 ) ) ;
#4987 = VERTEX_POINT ( 'NONE', #1391 ) ;
#4988 = DIRECTION ( 'NONE',  ( -6.123233995736998996E-17, -3.552713678800503296E-15, -1.000000000000000000 ) ) ;
#4989 = CARTESIAN_POINT ( 'NONE',  ( -2.661653543307109793, 25.51326771653545578, 0.1999999999996786848 ) ) ;
#4990 = CARTESIAN_POINT ( 'NONE',  ( -0.4962992125984483915, 25.48905511771360111, 0.6074803150392285023 ) ) ;
#4991 = CARTESIAN_POINT ( 'NONE',  ( -2.030493421589558256, 25.80826548098787043, 0.3451100820924765666 ) ) ;
#4992 = CARTESIAN_POINT ( 'NONE',  ( -0.5356692911419438374, 25.52801544716570703, 0.4499999999996786015 ) ) ;
#4993 = CARTESIAN_POINT ( 'NONE',  ( -2.330178267685699911, 25.41705003109775518, 0.1564716464480562230 ) ) ;
#4994 = DIRECTION ( 'NONE',  ( 0.000000000000000000, 1.000000000000000000, -3.607743797525388930E-15 ) ) ;
#4995 = CARTESIAN_POINT ( 'NONE',  ( -0.9173857746683258263, 25.77457808602398970, 0.3999999999996793343 ) ) ;
#4996 = CARTESIAN_POINT ( 'NONE',  ( -2.255160984676456426, 25.27222798256413938, 0.04571511962351166442 ) ) ;
#4997 = PLANE ( 'NONE',  #3971 ) ;
#4998 = CARTESIAN_POINT ( 'NONE',  ( -2.842740523638289218, 25.00068378754145826, 0.3450345865366333253 ) ) ;
#4999 = CARTESIAN_POINT ( 'NONE',  ( -2.121163712941165347, 23.40813668679810533, 0.4042225539720410987 ) ) ;
#5000 = CARTESIAN_POINT ( 'NONE',  ( -1.336049475122862429, 25.58466537439144162, 0.1646786616319530494 ) ) ;
#5001 = CARTESIAN_POINT ( 'NONE',  ( -2.345728298520792343, 25.72642586117706287, 0.4499999999996779909 ) ) ;
#5002 = EDGE_CURVE ( 'NONE', #4967, #5576, #7050, .T. ) ;
#5003 = CARTESIAN_POINT ( 'NONE',  ( -1.035345968255409810, 25.07072443356093672, 0.04999999999999999584 ) ) ;
#5004 = CYLINDRICAL_SURFACE ( 'NONE', #9173, 0.1692913385826787520 ) ;
#5005 = CARTESIAN_POINT ( 'NONE',  ( -2.790282424308616616, 25.38539766119941277, 0.4432038974321819147 ) ) ;
#5006 = ORIENTED_EDGE ( 'NONE', *, *, #7740, .F. ) ;
#5007 = CARTESIAN_POINT ( 'NONE',  ( -2.489955068379846814, 24.39781228183871420, 0.04790961109070041718 ) ) ;
#5008 = ORIENTED_EDGE ( 'NONE', *, *, #7996, .F. ) ;
#5009 = DIRECTION ( 'NONE',  ( 0.000000000000000000, 1.000000000000000000, -3.469446951953654421E-15 ) ) ;
#5010 = VECTOR ( 'NONE', #2091, 39.37007874015748143 ) ;
#5011 = CARTESIAN_POINT ( 'NONE',  ( -1.022158447351866561, 25.53862538078955779, 0.2239140815742051149 ) ) ;
#5012 = CARTESIAN_POINT ( 'NONE',  ( -0.8827301133554545931, 24.14859738141817402, 0.1034271783730031091 ) ) ;
#5013 = CARTESIAN_POINT ( 'NONE',  ( -0.7922876217401559895, 24.88751043845032029, 0.1058499683386346230 ) ) ;
#5014 = CARTESIAN_POINT ( 'NONE',  ( -1.116761537987088548, 23.46149606299214341, 0.3762270144440982844 ) ) ;
#5015 = CARTESIAN_POINT ( 'NONE',  ( -1.323298078378674525, 23.86307086614182182, 0.05000000000000000278 ) ) ;
#5016 = EDGE_CURVE ( 'NONE', #7977, #7640, #4265, .T. ) ;
#5017 = ORIENTED_EDGE ( 'NONE', *, *, #6231, .T. ) ;
#5018 = DIRECTION ( 'NONE',  ( 0.000000000000000000, 1.000000000000000000, -3.532294194405971259E-15 ) ) ;
#5019 = CARTESIAN_POINT ( 'NONE',  ( -0.7929741810959525239, 24.39421510132685356, 0.1058065491879564002 ) ) ;
#5020 = ADVANCED_FACE ( 'NONE', ( #6342, #4874, #6428, #774, #8581, #2892 ), #5754, .F. ) ;
#5021 = AXIS2_PLACEMENT_3D ( 'NONE', #3750, #8877, #2389 ) ;
#5022 = CARTESIAN_POINT ( 'NONE',  ( -2.768038187788023574, 23.87921527393858057, 0.4382308758287544181 ) ) ;
#5023 = DIRECTION ( 'NONE',  ( -1.000000000000000000, 0.000000000000000000, -0.000000000000000000 ) ) ;
#5024 = ORIENTED_EDGE ( 'NONE', *, *, #3683, .T. ) ;
#5025 = CARTESIAN_POINT ( 'NONE',  ( -0.4728924110558300198, 25.01032717195899835, 0.4432038691916587725 ) ) ;
#5026 = CARTESIAN_POINT ( 'NONE',  ( -1.129786728818421127, 23.88004356127474637, 0.1051158802285571819 ) ) ;
#5027 = CARTESIAN_POINT ( 'NONE',  ( -0.4408538221350941644, 25.03307277521485474, 0.4048131028205839144 ) ) ;
#5028 = EDGE_LOOP ( 'NONE', ( #5816, #6595, #2147, #202, #4804, #7536, #652, #4785 ) ) ;
#5029 = CARTESIAN_POINT ( 'NONE',  ( -1.973384761007325627, 23.84189530828555093, 0.05000053806805025008 ) ) ;
#5030 = CARTESIAN_POINT ( 'NONE',  ( -1.324309793709266936, 23.47693138504482491, 0.3451100762856050830 ) ) ;
#5031 = DIRECTION ( 'NONE',  ( 0.000000000000000000, 0.000000000000000000, -1.000000000000000000 ) ) ;
#5032 = CARTESIAN_POINT ( 'NONE',  ( -1.991037568143074310, 25.87873294927894463, 0.4054006860011650226 ) ) ;
#5033 = CARTESIAN_POINT ( 'NONE',  ( -0.6931496062992357210, 23.65834645669293579, 0.1999999999996851796 ) ) ;
#5034 = AXIS2_PLACEMENT_3D ( 'NONE', #7038, #716, #7744 ) ;
#5035 = EDGE_CURVE ( 'NONE', #6436, #439, #9190, .T. ) ;
#5036 = CARTESIAN_POINT ( 'NONE',  ( -2.487393387315018689, 24.37724700325918903, 0.000000000000000000 ) ) ;
#5037 = CARTESIAN_POINT ( 'NONE',  ( -2.308948814539265371, 25.42112672825860997, 0.1492641500392446474 ) ) ;
#5038 = CARTESIAN_POINT ( 'NONE',  ( -0.9520470938230446434, 25.22658224890119172, 0.1607101815444946236 ) ) ;
#5039 = CIRCLE ( 'NONE', #1000, 1.276096907780512213 ) ;
#5040 = LINE ( 'NONE', #9150, #320 ) ;
#5041 = CARTESIAN_POINT ( 'NONE',  ( -2.632486417212035246, 25.36186744223951450, 0.2833138649892091299 ) ) ;
#5042 = CARTESIAN_POINT ( 'NONE',  ( -2.784499106140845281, 24.02243194539184046, 0.3999999999996840527 ) ) ;
#5043 = EDGE_CURVE ( 'NONE', #4496, #6726, #5706, .T. ) ;
#5044 = CARTESIAN_POINT ( 'NONE',  ( -2.914103458243206379, 25.00973145170128475, 0.4050745935483799354 ) ) ;
#5045 = CARTESIAN_POINT ( 'NONE',  ( -2.119403351810216218, 23.48405420509509511, 0.3440908816038069085 ) ) ;
#5046 = B_SPLINE_CURVE_WITH_KNOTS ( 'NONE', 3,
 ( #567, #4927, #8378, #8426 ),
 .UNSPECIFIED., .F., .F.,
 ( 4, 4 ),
 ( 0.000000000000000000, 0.001366759512979437300 ),
 .UNSPECIFIED. ) ;
#5047 = CARTESIAN_POINT ( 'NONE',  ( -1.326736600227863550, 25.58250546664904590, 0.1645726602930796534 ) ) ;
#5048 = CARTESIAN_POINT ( 'NONE',  ( -2.145374621920196567, 25.78787222026435089, 0.4499999999996777689 ) ) ;
#5049 = EDGE_CURVE ( 'NONE', #1276, #7868, #3595, .T. ) ;
#5050 = ADVANCED_FACE ( 'NONE', ( #8661 ), #1476, .F. ) ;
#5051 = B_SPLINE_CURVE_WITH_KNOTS ( 'NONE', 3,
 ( #7811, #7064, #9077, #4802, #4150, #2741, #527, #6267, #4974, #4192, #2030, #7769 ),
 .UNSPECIFIED., .F., .F.,
 ( 4, 2, 2, 2, 2, 4 ),
 ( 0.000000000000000000, 0.1250000000000000000, 0.2500000000000000000, 0.5000000000000000000, 0.7500000000000000000, 1.000000000000000000 ),
 .UNSPECIFIED. ) ;
#5052 = CARTESIAN_POINT ( 'NONE',  ( -2.701023621653566131, 23.46149606299214696, 0.4499999999996857625 ) ) ;
#5053 = CARTESIAN_POINT ( 'NONE',  ( -2.725141349756391662, 23.91413158618367873, 0.3999999999996843858 ) ) ;
#5054 = CARTESIAN_POINT ( 'NONE',  ( -1.852341392463455749, 25.79585226185954738, 0.3999999999996773359 ) ) ;
#5055 = EDGE_LOOP ( 'NONE', ( #8887, #3059, #1460, #8224, #3987 ) ) ;
#5056 = CARTESIAN_POINT ( 'NONE',  ( -2.769262182357195456, 24.27193364432628186, 0.2854594745289087410 ) ) ;
#5057 = VERTEX_POINT ( 'NONE', #3465 ) ;
#5058 = CARTESIAN_POINT ( 'NONE',  ( -1.240132299483880596, 25.27151327272298431, 0.04606796101003840516 ) ) ;
#5059 = CARTESIAN_POINT ( 'NONE',  ( -1.038289837709628793, 25.44332405599845970, 0.1645144288609872441 ) ) ;
#5060 = CARTESIAN_POINT ( 'NONE',  ( -0.9472514497235227093, 24.20733334317197460, 0.04371864903458712315 ) ) ;
#5061 = EDGE_CURVE ( 'NONE', #4650, #1003, #7391, .T. ) ;
#5062 = CARTESIAN_POINT ( 'NONE',  ( -2.041731551469598394, 25.82370078740160224, 0.3583008204593651214 ) ) ;
#5063 = DIRECTION ( 'NONE',  ( 0.000000000000000000, 0.000000000000000000, -1.000000000000000000 ) ) ;
#5064 = CARTESIAN_POINT ( 'NONE',  ( -0.8457243101652942574, 24.80877435790149832, 0.05000001351334251720 ) ) ;
#5065 = LINE ( 'NONE', #2749, #7228 ) ;
#5066 = VERTEX_POINT ( 'NONE', #5672 ) ;
#5067 = CARTESIAN_POINT ( 'NONE',  ( -0.5241477381242682920, 24.99467927368627329, 0.3999999999996803890 ) ) ;
#5068 = DIRECTION ( 'NONE',  ( -1.000000000000000000, 0.000000000000000000, 0.000000000000000000 ) ) ;
#5069 = CARTESIAN_POINT ( 'NONE',  ( -0.5821972308986407274, 24.32739920513986576, 0.2853559077572411784 ) ) ;
#5070 = ADVANCED_FACE ( 'NONE', ( #2136 ), #1431, .F. ) ;
#5071 = CARTESIAN_POINT ( 'NONE',  ( -2.774682260048666471, 23.87627473730431404, 0.4431922474509188414 ) ) ;
#5072 = CARTESIAN_POINT ( 'NONE',  ( -0.4462992125984484582, 25.39456692907831226, 0.6074803150392285023 ) ) ;
#5073 = VERTEX_POINT ( 'NONE', #1713 ) ;
#5074 = FACE_OUTER_BOUND ( 'NONE', #2248, .T. ) ;
#5075 = CARTESIAN_POINT ( 'NONE',  ( -0.9374169456604242168, 23.59667261359567902, 0.3427149723100196277 ) ) ;
#5076 = ORIENTED_EDGE ( 'NONE', *, *, #2851, .T. ) ;
#5077 = CARTESIAN_POINT ( 'NONE',  ( -0.5136196791732191569, 25.03807683900509318, 0.3449869713742880761 ) ) ;
#5078 = VERTEX_POINT ( 'NONE', #8107 ) ;
#5079 = B_SPLINE_CURVE_WITH_KNOTS ( 'NONE', 3,
 ( #2228, #5292, #8163, #7460, #3880, #2277, #7267, #3692, #5144, #8025, #1577, #368, #9056, #1116, #2667, #5484, #3983, #2623, #4825, #4130, #1071, #1865, #9010, #1769, #458, #3929, #6861, #4688, #3226, #6246, #1212, #7506, #4780, #2571, #7556, #8312, #414, #3274, #4637, #6814, #3327, #4077, #2521 ),
 .UNSPECIFIED., .F., .F.,
 ( 4, 1, 1, 1, 1, 1, 2, 2, 1, 1, 2, 2, 1, 1, 1, 2, 2, 1, 1, 1, 1, 2, 2, 1, 1, 1, 1, 1, 2, 2, 4 ),
 ( 0.000000000000000000, 0.06249999999876108825, 0.09374999999812512474, 0.1093749999978263221, 0.1171874999976978554, 0.1210937499976336290, 0.1230468749976238729, 0.1249999999976141030, 0.1874999999974986120, 0.2187499999974573117, 0.2343749999974531484, 0.2499999999974489850, 0.3749999999974154008, 0.4374999999973986364, 0.4687499999974065745, 0.4843749999974268916, 0.4999999999974471532, 0.6249999999977655651, 0.6874999999979092280, 0.7187499999979966026, 0.7343749999980402343, 0.7421874999980774268, 0.7499999999981146193, 0.8124999999986137755, 0.8437499999988635757, 0.8593749999990033528, 0.8671874999990581978, 0.8710937499990858424, 0.8730468749990996091, 0.8749999999991133759, 1.000000000000000000 ),
 .UNSPECIFIED. ) ;
#5080 = CARTESIAN_POINT ( 'NONE',  ( -1.735279996391464907, 23.79865936682275063, 0.04999999163137251734 ) ) ;
#5081 = CARTESIAN_POINT ( 'NONE',  ( -1.358482415202760363, 23.47634452163391217, 0.3453571627009222045 ) ) ;
#5082 = CARTESIAN_POINT ( 'NONE',  ( -0.6182333321832655937, 24.95838812681757801, 0.2553443137359904247 ) ) ;
#5083 = CARTESIAN_POINT ( 'NONE',  ( -1.862602526226298849, 25.53770488646440384, 0.1064784281730345311 ) ) ;
#5084 = FACE_BOUND ( 'NONE', #4152, .T. ) ;
#5085 = CARTESIAN_POINT ( 'NONE',  ( -1.924529543602361059, 25.45722472983784357, 0.05000000000000029421 ) ) ;
#5086 = CARTESIAN_POINT ( 'NONE',  ( -0.8991638395481702517, 25.76256063276396446, 0.3999999999996769473 ) ) ;
#5087 = CARTESIAN_POINT ( 'NONE',  ( -0.9659889029705979180, 25.20489071261835790, 0.1437661838423860416 ) ) ;
#5088 = CARTESIAN_POINT ( 'NONE',  ( -2.261568731451042868, 25.17692367506535689, 0.06386962920080045680 ) ) ;
#5089 = CARTESIAN_POINT ( 'NONE',  ( -2.564099135860644196, 25.31036675566323169, 0.2239141803146082466 ) ) ;
#5090 = DIRECTION ( 'NONE',  ( 0.000000000000000000, 0.000000000000000000, -1.000000000000000000 ) ) ;
#5091 = CARTESIAN_POINT ( 'NONE',  ( -2.772850221821800965, 24.95246094803491488, 0.2853645689219846404 ) ) ;
#5092 = CARTESIAN_POINT ( 'NONE',  ( -2.134095923227703473, 23.40934983633527011, 0.4040921117546830699 ) ) ;
#5093 = CARTESIAN_POINT ( 'NONE',  ( -1.307534754334698457, 25.73363766028339583, 0.2847140155244355375 ) ) ;
#5094 = CARTESIAN_POINT ( 'NONE',  ( -2.227948085815415702, 25.77111521048293241, 0.4499999999996778799 ) ) ;
#5095 = CARTESIAN_POINT ( 'NONE',  ( -0.9207209404609273395, 25.74654730363838695, 0.4431958362722945299 ) ) ;
#5096 = CARTESIAN_POINT ( 'NONE',  ( -2.172649878298558601, 24.05050600578118036, 0.05000000000000003053 ) ) ;
#5097 = STYLED_ITEM ( 'NONE', ( #3607 ), #2024 ) ;
#5098 = CARTESIAN_POINT ( 'NONE',  ( -1.292722440339301393, 25.84729150106663198, 0.4432038989961591402 ) ) ;
#5099 = VERTEX_POINT ( 'NONE', #3686 ) ;
#5100 = CARTESIAN_POINT ( 'NONE',  ( -2.683665179870864392, 24.22325082855229894, 0.2251203186480902341 ) ) ;
#5101 = VERTEX_POINT ( 'NONE', #5843 ) ;
#5102 = CARTESIAN_POINT ( 'NONE',  ( -1.234387784105251740, 25.26751561002381052, 0.04606796101003840516 ) ) ;
#5103 = CARTESIAN_POINT ( 'NONE',  ( -0.9581326888609563719, 25.59768312976594373, 0.2833137333461196450 ) ) ;
#5104 = CIRCLE ( 'NONE', #3912, 0.2074803149606297969 ) ;
#5105 = CARTESIAN_POINT ( 'NONE',  ( -0.5430476811767644962, 24.08030555382768512, 0.3430424683235065997 ) ) ;
#5106 = CARTESIAN_POINT ( 'NONE',  ( -0.6537795276673362688, 23.46149606299214696, 0.4499999999996859290 ) ) ;
#5107 = CARTESIAN_POINT ( 'NONE',  ( -2.447900648144952562, 24.09231608383210599, 0.1107115662152977908 ) ) ;
#5108 = CARTESIAN_POINT ( 'NONE',  ( -0.8617031585657537462, 24.88547617630501563, 0.05000304840921373367 ) ) ;
#5109 = CARTESIAN_POINT ( 'NONE',  ( -0.6931496062990608609, 23.77192913385828632, 0.3655004906127243824 ) ) ;
#5110 = AXIS2_PLACEMENT_3D ( 'NONE', #7087, #7837, #6383 ) ;
#5111 = ORIENTED_EDGE ( 'NONE', *, *, #1728, .T. ) ;
#5112 = CARTESIAN_POINT ( 'NONE',  ( -1.924529543602360393, 25.45722472983784002, 0.05000000000000000971 ) ) ;
#5113 = CARTESIAN_POINT ( 'NONE',  ( -2.830260315511525349, 24.26847819110658833, 0.4499999999996833755 ) ) ;
#5114 = CARTESIAN_POINT ( 'NONE',  ( -0.5819091412942276609, 24.33272522416323724, 0.2854015189070776559 ) ) ;
#5115 = CARTESIAN_POINT ( 'NONE',  ( -2.777377262033454031, 24.00793763864253094, 0.3999999999996838862 ) ) ;
#5116 = PLANE ( 'NONE',  #1380 ) ;
#5117 = AXIS2_PLACEMENT_3D ( 'NONE', #3349, #5598, #2646 ) ;
#5118 = VERTEX_POINT ( 'NONE', #8018 ) ;
#5119 = CARTESIAN_POINT ( 'NONE',  ( -2.302890648726263034, 23.47403634574720854, 0.4432038780669224631 ) ) ;
#5120 = CARTESIAN_POINT ( 'NONE',  ( -0.8723509519315153504, 23.53802238259360990, 0.4021140561496991950 ) ) ;
#5121 = AXIS2_PLACEMENT_3D ( 'NONE', #8809, #6049, #869 ) ;
#5122 = ORIENTED_EDGE ( 'NONE', *, *, #5868, .F. ) ;
#5123 = CARTESIAN_POINT ( 'NONE',  ( -0.5116916115763568973, 25.00189717203107875, 0.3453624350339902227 ) ) ;
#5124 = ORIENTED_EDGE ( 'NONE', *, *, #4934, .T. ) ;
#5125 = CARTESIAN_POINT ( 'NONE',  ( -2.077486013959885636, 25.87901508055719546, 0.4047316776082703904 ) ) ;
#5126 = EDGE_LOOP ( 'NONE', ( #7442, #4737 ) ) ;
#5127 = CARTESIAN_POINT ( 'NONE',  ( -0.4962992125984483915, 23.61897637814962536, 0.6074803150392285023 ) ) ;
#5128 = DIRECTION ( 'NONE',  ( 0.000000000000000000, 1.000000000000000000, -3.607743797525388930E-15 ) ) ;
#5129 = DIRECTION ( 'NONE',  ( 0.000000000000000000, -3.552713678800503296E-15, -1.000000000000000000 ) ) ;
#5130 = CARTESIAN_POINT ( 'NONE',  ( -1.875990284104673167, 25.60583117860646496, 0.1663224204137832840 ) ) ;
#5131 = CARTESIAN_POINT ( 'NONE',  ( -2.875897698806347158, 24.27670575968261701, 0.4381353998082472279 ) ) ;
#5132 = CARTESIAN_POINT ( 'NONE',  ( -2.701023621653566131, 23.41149606299214625, 0.3999999999996859401 ) ) ;
#5133 = DIRECTION ( 'NONE',  ( 6.123233995736998996E-17, 3.552713678800503296E-15, 1.000000000000000000 ) ) ;
#5134 = LINE ( 'NONE', #960, #5173 ) ;
#5135 = EDGE_CURVE ( 'NONE', #5560, #3093, #7451, .T. ) ;
#5136 = CARTESIAN_POINT ( 'NONE',  ( -1.130559811035159123, 25.33818381634950612, 0.1285053421654926142 ) ) ;
#5137 = CARTESIAN_POINT ( 'NONE',  ( -2.419378157160452236, 25.21791698057592868, 0.1051148111077790243 ) ) ;
#5138 = DIRECTION ( 'NONE',  ( 0.000000000000000000, 1.000000000000000000, -3.469446965952425452E-15 ) ) ;
#5139 = CARTESIAN_POINT ( 'NONE',  ( -2.701271880396359570, 24.94319673526745973, 0.2253604439358222744 ) ) ;
#5140 = CARTESIAN_POINT ( 'NONE',  ( -1.987289270381277229, 23.54715171634124005, 0.2853643354459752812 ) ) ;
#5141 = CARTESIAN_POINT ( 'NONE',  ( -1.274056892503174110, 25.72929779360158165, 0.2843306523484573911 ) ) ;
#5142 = CARTESIAN_POINT ( 'NONE',  ( -2.136962735064619423, 25.78903337607742685, 0.4499999999996777689 ) ) ;
#5143 = CARTESIAN_POINT ( 'NONE',  ( -2.183205563455227427, 25.78193736730369068, 0.3999999999996777245 ) ) ;
#5144 = CARTESIAN_POINT ( 'NONE',  ( -0.5254684601983086178, 24.24131128627504950, 0.4499999999996833755 ) ) ;
#5145 = CARTESIAN_POINT ( 'NONE',  ( -1.495934324692050010, 25.83805630970012857, 0.4381354253312851887 ) ) ;
#5146 = ORIENTED_EDGE ( 'NONE', *, *, #6744, .T. ) ;
#5147 = CARTESIAN_POINT ( 'NONE',  ( -2.536076178890489974, 24.28317488321395246, 0.1061488442038157481 ) ) ;
#5148 = ORIENTED_EDGE ( 'NONE', *, *, #1039, .F. ) ;
#5149 = CARTESIAN_POINT ( 'NONE',  ( -0.9143374640221544336, 25.73334581164733237, 0.4381354253312858549 ) ) ;
#5150 = LINE ( 'NONE', #274, #4726 ) ;
#5151 = CARTESIAN_POINT ( 'NONE',  ( -0.5173826024370961063, 24.21265631990748446, 0.3442335950137264122 ) ) ;
#5152 = B_SPLINE_CURVE_WITH_KNOTS ( 'NONE', 3,
 ( #4382, #2082, #5825, #4984, #7158, #710 ),
 .UNSPECIFIED., .F., .F.,
 ( 4, 2, 4 ),
 ( 9.159602786276758231E-16, 0.001698851711816219603, 0.003397703423631523272 ),
 .UNSPECIFIED. ) ;
#5153 = CARTESIAN_POINT ( 'NONE',  ( 0.000000000000000000, 0.000000000000000000, 0.000000000000000000 ) ) ;
#5154 = CARTESIAN_POINT ( 'NONE',  ( -0.5807974149577038725, 24.93212300878941079, 0.2855732857071036079 ) ) ;
#5155 = CARTESIAN_POINT ( 'NONE',  ( -2.664603411420864543, 23.91511583598430590, 0.3047269033968677543 ) ) ;
#5156 = CARTESIAN_POINT ( 'NONE',  ( -0.8465676520563644170, 24.81368805251373999, 0.05000000032954805135 ) ) ;
#5157 = CYLINDRICAL_SURFACE ( 'NONE', #933, 0.7716554965814560463 ) ;
#5158 = AXIS2_PLACEMENT_3D ( 'NONE', #374, #4084, #2629 ) ;
#5159 = ORIENTED_EDGE ( 'NONE', *, *, #4668, .F. ) ;
#5160 = CARTESIAN_POINT ( 'NONE',  ( -1.902716570364180626, 25.38062649920829017, 0.05000000000000000278 ) ) ;
#5161 = CARTESIAN_POINT ( 'NONE',  ( -2.829206411251570241, 24.24076154732492228, 0.4499999999996833755 ) ) ;
#5162 = CARTESIAN_POINT ( 'NONE',  ( -0.7847754070168692087, 24.84497052107643356, 0.1063814291411171870 ) ) ;
#5163 = B_SPLINE_CURVE_WITH_KNOTS ( 'NONE', 3,
 ( #450, #406, #3317, #4577 ),
 .UNSPECIFIED., .F., .F.,
 ( 4, 4 ),
 ( 0.1002434495166698858, 0.8922741725277552050 ),
 .UNSPECIFIED. ) ;
#5164 = CARTESIAN_POINT ( 'NONE',  ( -2.177635416195685458, 25.78309108181792553, 0.3999999999996767253 ) ) ;
#5165 = CARTESIAN_POINT ( 'NONE',  ( -1.143746768031642214, 23.96854488468551736, 0.1111081712141462341 ) ) ;
#5166 = DIRECTION ( 'NONE',  ( -1.000000000000000000, -1.298960937187735125E-11, 0.000000000000000000 ) ) ;
#5167 = CARTESIAN_POINT ( 'NONE',  ( -2.121723061048516268, 24.01168466433969684, 0.05000000000000000278 ) ) ;
#5168 = CARTESIAN_POINT ( 'NONE',  ( -1.066143513429585354, 24.04737000317078710, 0.04571512405108643651 ) ) ;
#5169 = VERTEX_POINT ( 'NONE', #4580 ) ;
#5170 = CARTESIAN_POINT ( 'NONE',  ( -0.8692206099508096306, 24.90281279237611400, 0.04767539088843612133 ) ) ;
#5171 = CARTESIAN_POINT ( 'NONE',  ( -2.163883905444846434, 25.79511236518741413, 0.3440325470608629477 ) ) ;
#5172 = VERTEX_POINT ( 'NONE', #7402 ) ;
#5173 = VECTOR ( 'NONE', #909, 39.37007874015748143 ) ;
#5174 = CARTESIAN_POINT ( 'NONE',  ( -2.495849663112702288, 24.87545705982971356, 0.000000000000000000 ) ) ;
#5175 = ADVANCED_FACE ( 'NONE', ( #3121 ), #5236, .T. ) ;
#5176 = CARTESIAN_POINT ( 'NONE',  ( -2.283985236907821292, 23.91555322196432343, 0.1107055035701591389 ) ) ;
#5177 = CARTESIAN_POINT ( 'NONE',  ( -2.405868410385259892, 23.59485864867303206, 0.4499999999996857070 ) ) ;
#5178 = ORIENTED_EDGE ( 'NONE', *, *, #7992, .T. ) ;
#5179 = CARTESIAN_POINT ( 'NONE',  ( -1.051125374261185463, 24.20153762922456764, 0.04606796130808337580 ) ) ;
#5180 = FACE_OUTER_BOUND ( 'NONE', #2992, .T. ) ;
#5181 = CARTESIAN_POINT ( 'NONE',  ( -2.830298448458142158, 25.01941419922694365, 0.4499999999996803779 ) ) ;
#5182 = LINE ( 'NONE', #5231, #7262 ) ;
#5183 = LINE ( 'NONE', #6603, #3534 ) ;
#5184 = CARTESIAN_POINT ( 'NONE',  ( -2.342773764384372903, 25.17212340739164844, 0.1046071617261972175 ) ) ;
#5185 = CARTESIAN_POINT ( 'NONE',  ( -2.647452133017753173, 25.34155270183502395, 0.2833138638746628968 ) ) ;
#5186 = DIRECTION ( 'NONE',  ( -0.000000000000000000, -0.000000000000000000, 1.000000000000000000 ) ) ;
#5187 = EDGE_CURVE ( 'NONE', #2205, #2716, #6965, .T. ) ;
#5188 = AXIS2_PLACEMENT_3D ( 'NONE', #1955, #1911, #6096 ) ;
#5189 = CARTESIAN_POINT ( 'NONE',  ( -2.843492147443033247, 24.96621031693366533, 0.3453205855079471420 ) ) ;
#5190 = CARTESIAN_POINT ( 'NONE',  ( -1.958104272645073030, 23.68972625035198831, 0.1654480090790800828 ) ) ;
#5191 = CARTESIAN_POINT ( 'NONE',  ( -1.392136886173506172, 25.59480417623392867, 0.1653941060392890017 ) ) ;
#5192 = CARTESIAN_POINT ( 'NONE',  ( -0.6931496062992357210, 23.65834645669293579, 0.1999999999996851796 ) ) ;
#5193 = CARTESIAN_POINT ( 'NONE',  ( -2.298170788442885026, 25.74950690220523697, 0.4499999999996778799 ) ) ;
#5194 = CARTESIAN_POINT ( 'NONE',  ( -2.116399004228586289, 24.00798298324162872, 0.05000000000000000278 ) ) ;
#5195 = CARTESIAN_POINT ( 'NONE',  ( -1.562369940277656299, 25.40851118475918113, 0.04999999999999993339 ) ) ;
#5196 = ORIENTED_EDGE ( 'NONE', *, *, #6357, .T. ) ;
#5197 = CARTESIAN_POINT ( 'NONE',  ( -2.480553073172656386, 24.15802707087997803, 0.1052185061853883746 ) ) ;
#5198 = ORIENTED_EDGE ( 'NONE', *, *, #3562, .T. ) ;
#5199 = CARTESIAN_POINT ( 'NONE',  ( -0.9458404643118134558, 25.68829489711431791, 0.3999999999996779465 ) ) ;
#5200 = CARTESIAN_POINT ( 'NONE',  ( -2.548847205190321485, 25.61033840198377121, 0.3572941524569301919 ) ) ;
#5201 = CARTESIAN_POINT ( 'NONE',  ( -0.7443761315184519445, 24.26407598808111743, 0.1643453000552241583 ) ) ;
#5202 = CARTESIAN_POINT ( 'NONE',  ( -2.598509113488993716, 25.25875483215799377, 0.2228208000465405070 ) ) ;
#5203 = CARTESIAN_POINT ( 'NONE',  ( -2.201496855406804620, 23.86700206085130915, 0.1032731895048397963 ) ) ;
#5204 = CARTESIAN_POINT ( 'NONE',  ( -2.547276353224782852, 23.99146988416906012, 0.2077187907347454732 ) ) ;
#5205 = CARTESIAN_POINT ( 'NONE',  ( -0.8466389751735748925, 24.81409823102239542, 0.05000000006712107536 ) ) ;
#5206 = PLANE ( 'NONE',  #3625 ) ;
#5207 = AXIS2_PLACEMENT_3D ( 'NONE', #8009, #2405, #4478 ) ;
#5208 = ORIENTED_EDGE ( 'NONE', *, *, #5356, .F. ) ;
#5209 = CARTESIAN_POINT ( 'NONE',  ( -0.7930803415195095685, 25.68083995482501436, 0.3999999999996780020 ) ) ;
#5210 = CARTESIAN_POINT ( 'NONE',  ( -1.677401574321454536, 24.64259847944031634, 0.05000000000000000278 ) ) ;
#5211 = CARTESIAN_POINT ( 'NONE',  ( -0.5797989370753052762, 24.91085852189835137, 0.2857405122702101896 ) ) ;
#5212 = CARTESIAN_POINT ( 'NONE',  ( -2.097354765244522135, 25.84727893019966416, 0.4431958260125113402 ) ) ;
#5213 = CARTESIAN_POINT ( 'NONE',  ( -2.701023621871493585, 25.82370078740159869, 0.4499999999996775468 ) ) ;
#5214 = DIRECTION ( 'NONE',  ( 6.123233995736998996E-17, 3.552713678800503296E-15, 1.000000000000000000 ) ) ;
#5215 = CARTESIAN_POINT ( 'NONE',  ( -1.199458660716969938, 23.93582652109080300, 0.04571838113363899114 ) ) ;
#5216 = VERTEX_POINT ( 'NONE', #121 ) ;
#5217 = CARTESIAN_POINT ( 'NONE',  ( -0.5114054942794625802, 24.99308062336314862, 0.3454229883840920223 ) ) ;
#5218 = CARTESIAN_POINT ( 'NONE',  ( -1.943355654580416481, 25.44909800741054795, 0.04758733594095609226 ) ) ;
#5219 = VERTEX_POINT ( 'NONE', #2271 ) ;
#5220 = EDGE_CURVE ( 'NONE', #5066, #6080, #210, .T. ) ;
#5221 = CARTESIAN_POINT ( 'NONE',  ( -2.511746653609252089, 24.80043273653051017, 0.05000000000000000971 ) ) ;
#5222 = AXIS2_PLACEMENT_3D ( 'NONE', #7335, #1190, #483 ) ;
#5223 = ADVANCED_FACE ( 'NONE', ( #6044 ), #7258, .F. ) ;
#5224 = EDGE_CURVE ( 'NONE', #2525, #7100, #5990, .T. ) ;
#5225 = CARTESIAN_POINT ( 'NONE',  ( -2.463070298854316942, 23.52480504774680625, 0.4017273215474654324 ) ) ;
#5226 = CARTESIAN_POINT ( 'NONE',  ( -2.405868410385259892, 23.59485864867303206, 0.3999999999996855515 ) ) ;
#5227 = EDGE_LOOP ( 'NONE', ( #4882, #7814 ) ) ;
#5228 = CARTESIAN_POINT ( 'NONE',  ( -2.371827235202644157, 23.92858211396277568, 0.2056446678169948639 ) ) ;
#5229 = DIRECTION ( 'NONE',  ( -1.298960937187735125E-11, 1.000000000000000000, -3.552713678799707730E-15 ) ) ;
#5230 = CARTESIAN_POINT ( 'NONE',  ( -2.830304612581105328, 25.02903880236052814, 0.4499999999996803779 ) ) ;
#5231 = CARTESIAN_POINT ( 'NONE',  ( -2.701023621815684894, 25.87370078740159585, 0.6074803150392285023 ) ) ;
#5232 = EDGE_CURVE ( 'NONE', #7640, #59, #1305, .T. ) ;
#5233 = CARTESIAN_POINT ( 'NONE',  ( -0.4462992125984482361, 23.61897637814962536, 0.6074803150392285023 ) ) ;
#5234 = CARTESIAN_POINT ( 'NONE',  ( -0.9057460777399982677, 24.64259847943977277, 0.04999873685005196827 ) ) ;
#5235 = CARTESIAN_POINT ( 'NONE',  ( -2.468978041404997548, 25.29284808402691453, 0.1645144924999754621 ) ) ;
#5236 = CYLINDRICAL_SURFACE ( 'NONE', #8792, 1.299212598546505282 ) ;
#5237 = CARTESIAN_POINT ( 'NONE',  ( -2.706365641432016744, 24.88865384413621840, 0.2258983240382228252 ) ) ;
#5238 = CARTESIAN_POINT ( 'NONE',  ( -1.683930402898715650, 23.66765856232695953, 0.1674058421694084864 ) ) ;
#5239 = CARTESIAN_POINT ( 'NONE',  ( -1.427813114698176955, 25.45095049659871123, 0.04560583060007043082 ) ) ;
#5240 = CARTESIAN_POINT ( 'NONE',  ( -1.920988488395184657, 25.45811929353438785, 0.05000269868597585765 ) ) ;
#5241 = CARTESIAN_POINT ( 'NONE',  ( -2.029482066541362872, 23.48934458842807871, 0.3999999999996858846 ) ) ;
#5242 = CARTESIAN_POINT ( 'NONE',  ( -2.701023622047267203, 23.61897637795277660, 0.3999999999996853850 ) ) ;
#5243 = CARTESIAN_POINT ( 'NONE',  ( -1.488089349973173992, 25.39161791376453792, 0.05000000000000000278 ) ) ;
#5244 = ADVANCED_FACE ( 'NONE', ( #7966 ), #2322, .F. ) ;
#5245 = VERTEX_POINT ( 'NONE', #1568 ) ;
#5246 = CARTESIAN_POINT ( 'NONE',  ( -1.328156501330322703, 23.48929330422630812, 0.3999999999996858291 ) ) ;
#5247 = CARTESIAN_POINT ( 'NONE',  ( -2.444057405250289250, 24.27136641353519408, 0.04629786241894498500 ) ) ;
#5248 = ORIENTED_EDGE ( 'NONE', *, *, #4259, .F. ) ;
#5249 = CARTESIAN_POINT ( 'NONE',  ( -1.234969273168490034, 25.27482579458222034, 0.05000000000000000278 ) ) ;
#5250 = CARTESIAN_POINT ( 'NONE',  ( -2.661653543307281655, 25.51326771653545933, 0.3655004883381910985 ) ) ;
#5251 = CARTESIAN_POINT ( 'NONE',  ( -0.5875117133307183881, 24.26154670530795698, 0.2846135694689964080 ) ) ;
#5252 = CARTESIAN_POINT ( 'NONE',  ( -2.529618987009585318, 25.20676337835661585, 0.1630541673886652110 ) ) ;
#5253 = CARTESIAN_POINT ( 'NONE',  ( -2.346201346935270937, 23.65307043360975214, 0.2825892712346717017 ) ) ;
#5254 = CARTESIAN_POINT ( 'NONE',  ( -2.789040646181510485, 23.84859573897816887, 0.4017331532134320593 ) ) ;
#5255 = VECTOR ( 'NONE', #5486, 39.37007874015748143 ) ;
#5256 = CARTESIAN_POINT ( 'NONE',  ( -2.456929133858065217, 25.23015335838357132, 0.1309214073899211406 ) ) ;
#5257 = DIRECTION ( 'NONE',  ( 0.000000000000000000, -1.000000000000000000, 3.854941057726282076E-15 ) ) ;
#5258 = EDGE_LOOP ( 'NONE', ( #6277, #4421, #2163, #1736 ) ) ;
#5259 = CARTESIAN_POINT ( 'NONE',  ( -0.6234273969058331533, 23.92357259982737006, 0.3999999999996842193 ) ) ;
#5260 = DIRECTION ( 'NONE',  ( -6.123233995736998996E-17, -3.552713678800503296E-15, -1.000000000000000000 ) ) ;
#5261 = CARTESIAN_POINT ( 'NONE',  ( -0.8360813160648918885, 24.70208080165527065, 0.04770695869773079051 ) ) ;
#5262 = CARTESIAN_POINT ( 'NONE',  ( -1.325320731423226928, 25.79585226193939462, 0.4499999999996777134 ) ) ;
#5263 = CARTESIAN_POINT ( 'NONE',  ( -2.040363381778236285, 25.84121133352344302, 0.4382319632553156041 ) ) ;
#5264 = CARTESIAN_POINT ( 'NONE',  ( -2.257954503867487084, 23.46149606299213630, 0.3803588021939179886 ) ) ;
#5265 = VECTOR ( 'NONE', #4120, 39.37007874015748143 ) ;
#5266 = LINE ( 'NONE', #8139, #5685 ) ;
#5267 = EDGE_LOOP ( 'NONE', ( #5680, #5017, #5270, #5008 ) ) ;
#5268 = CARTESIAN_POINT ( 'NONE',  ( -0.6643472792414636396, 25.27494072417002258, 0.2833912003921115197 ) ) ;
#5269 = CARTESIAN_POINT ( 'NONE',  ( -1.980060421207707089, 25.59393361690736413, 0.1666630773326845949 ) ) ;
#5270 = ORIENTED_EDGE ( 'NONE', *, *, #8412, .T. ) ;
#5271 = CARTESIAN_POINT ( 'NONE',  ( -1.885996244524811516, 23.81900702730808916, 0.05000186886456439717 ) ) ;
#5272 = AXIS2_PLACEMENT_3D ( 'NONE', #9036, #4665, #7639 ) ;
#5273 = CARTESIAN_POINT ( 'NONE',  ( -2.328688443596059088, 23.77268965114159371, 0.2077126476663500032 ) ) ;
#5274 = AXIS2_PLACEMENT_3D ( 'NONE', #6446, #48, #7279 ) ;
#5275 = CARTESIAN_POINT ( 'NONE',  ( -2.858503937007897289, 25.66622047220959146, 0.6074803150392285023 ) ) ;
#5276 = ORIENTED_EDGE ( 'NONE', *, *, #7826, .T. ) ;
#5277 = DIRECTION ( 'NONE',  ( -0.000000000000000000, -0.000000000000000000, -1.000000000000000000 ) ) ;
#5278 = CARTESIAN_POINT ( 'NONE',  ( -1.257736353059500045, 23.40685836873497294, 0.4045134402947608843 ) ) ;
#5279 = B_SPLINE_CURVE_WITH_KNOTS ( 'NONE', 3,
 ( #304, #1761, #1061, #3921, #4773, #1907, #1206, #5477, #8350, #7650, #8374, #8327, #1229, #4603 ),
 .UNSPECIFIED., .F., .F.,
 ( 4, 1, 1, 1, 1, 1, 1, 1, 1, 1, 1, 4 ),
 ( 9.494248545542070065E-07, 0.08982510668532195375, 0.1692028225672795871, 0.2380812503703902960, 0.2964448316422924057, 0.3442928050468733181, 0.3816273807429398923, 0.4084489384656281308, 0.6186210270960337265, 0.7873089379734229398, 0.9144831631955716578, 0.9999999999999998890 ),
 .UNSPECIFIED. ) ;
#5280 = CARTESIAN_POINT ( 'NONE',  ( -2.825776998949386609, 25.08780008918418147, 0.4499999999996801003 ) ) ;
#5281 = CARTESIAN_POINT ( 'NONE',  ( -2.307322834645600285, 25.27251968503944468, 0.000000000000000000 ) ) ;
#5282 = CARTESIAN_POINT ( 'NONE',  ( -1.674171776322302962, 25.41480290895049166, 0.04999860694527092503 ) ) ;
#5283 = CARTESIAN_POINT ( 'NONE',  ( -2.388884018249610275, 25.20497670005930857, 0.1438407517274618574 ) ) ;
#5284 = CARTESIAN_POINT ( 'NONE',  ( -2.388031496062928749, 24.01267716535440400, 0.05000000000000000278 ) ) ;
#5285 = CIRCLE ( 'NONE', #7704, 0.1692913385826787520 ) ;
#5286 = CARTESIAN_POINT ( 'NONE',  ( -2.503371220551167120, 24.06825427994015243, 0.1517607771392997518 ) ) ;
#5287 = CARTESIAN_POINT ( 'NONE',  ( -2.913249889098675105, 24.93691285488302256, 0.4055184958562298436 ) ) ;
#5288 = CARTESIAN_POINT ( 'NONE',  ( -1.923478253712881170, 23.61363611041216615, 0.2258981183128485892 ) ) ;
#5289 = CARTESIAN_POINT ( 'NONE',  ( -1.401306936164860018, 25.59614478023585704, 0.1655024649566008144 ) ) ;
#5290 = DIRECTION ( 'NONE',  ( 0.000000000000000000, -1.000000000000000000, 3.607743797525388930E-15 ) ) ;
#5291 = CARTESIAN_POINT ( 'NONE',  ( -1.721904436162267960, 25.48854961227302240, 0.000000000000000000 ) ) ;
#5292 = CARTESIAN_POINT ( 'NONE',  ( -0.5242555100338074370, 24.27993068936560661, 0.4499999999996828759 ) ) ;
#5293 = FACE_OUTER_BOUND ( 'NONE', #5423, .T. ) ;
#5294 = CARTESIAN_POINT ( 'NONE',  ( -0.9805279318149590084, 23.50401185839400497, 0.4431958470681026663 ) ) ;
#5295 = CARTESIAN_POINT ( 'NONE',  ( -2.879713245142156097, 24.02512319559873433, 0.4027250580332939478 ) ) ;
#5296 = ORIENTED_EDGE ( 'NONE', *, *, #5912, .T. ) ;
#5297 = CARTESIAN_POINT ( 'NONE',  ( -2.278523104300294033, 25.57530818001775685, 0.2239455173140809385 ) ) ;
#5298 = CARTESIAN_POINT ( 'NONE',  ( -0.9534616470374677188, 23.59178277206937580, 0.3999999999996854405 ) ) ;
#5299 = CARTESIAN_POINT ( 'NONE',  ( -0.8040851077223544197, 24.34334954193397138, 0.1051071979613470708 ) ) ;
#5300 = CARTESIAN_POINT ( 'NONE',  ( -2.544784668343059497, 25.18175506911907036, 0.1631137068274090829 ) ) ;
#5301 = CARTESIAN_POINT ( 'NONE',  ( -2.149953424187820428, 23.93609621929959985, 0.04350432705776751535 ) ) ;
#5302 = EDGE_CURVE ( 'NONE', #4369, #5741, #2980, .T. ) ;
#5303 = CARTESIAN_POINT ( 'NONE',  ( -2.777107432249934060, 23.83222969882267961, 0.4017340073976696235 ) ) ;
#5304 = CARTESIAN_POINT ( 'NONE',  ( -2.614127163039484447, 23.76163257884935831, 0.3459427035417521612 ) ) ;
#5305 = CARTESIAN_POINT ( 'NONE',  ( -0.9064143863821645386, 23.51769959275947386, 0.3999999999996867173 ) ) ;
#5306 = B_SPLINE_SURFACE_WITH_KNOTS ( 'NONE', 3, 1, ( 
 ( #691, #6351, #4880, #2018 ),
 ( #6434, #2063, #9294, #7178 ),
 ( #7762, #4273, #37, #5760 ),
 ( #1355, #8624, #5053, #1311 ),
 ( #7928, #1482, #4354, #7220 ),
 ( #4920, #782, #3648, #7802 ),
 ( #4184, #6521, #81, #4225 ),
 ( #6763, #8113, #2423, #5849 ),
 ( #3738, #1529, #4450, #2939 ),
 ( #8765, #4408, #3783, #8068 ),
 ( #7316, #5096, #5952, #4494 ),
 ( #172, #5802, #267, #3128 ),
 ( #1019, #2373, #1719, #6661 ),
 ( #872, #1624, #6615, #3035 ),
 ( #6566, #3080, #2329, #5899 ),
 ( #7359, #5194, #923, #217 ),
 ( #8671, #8811, #127, #6711 ) ),
 .UNSPECIFIED., .F., .F., .F.,
 ( 4, 3, 1, 1, 1, 1, 1, 1, 1, 3, 4 ),
 ( 2, 1, 1, 2 ),
 ( -0.01000000000000000021, 0.000000000000000000, 0.1250000000000000000, 0.2500000000000000000, 0.3750000000000000000, 0.5000000000000000000, 0.6250000000000000000, 0.7500000000000000000, 0.8750000000000000000, 1.000000000000000000, 1.010000000000000009 ),
 ( -0.01123379374277288373, 0.000000000000000000, 1.000000000000000000, 1.123379374277288401 ),
 .UNSPECIFIED. ) ;
#5307 = ORIENTED_EDGE ( 'NONE', *, *, #1284, .F. ) ;
#5308 = CARTESIAN_POINT ( 'NONE',  ( -1.153188976377882424, 24.01267716535440400, 0.2999999999999999889 ) ) ;
#5309 = CARTESIAN_POINT ( 'NONE',  ( -2.247257015016693060, 25.35973538552515905, 0.1501376486746800187 ) ) ;
#5310 = CARTESIAN_POINT ( 'NONE',  ( -1.121731739321191412, 23.51546716606255316, 0.4499999999996857625 ) ) ;
#5311 = CARTESIAN_POINT ( 'NONE',  ( -0.5084443856952054475, 24.54507377947485480, 0.3465705350062014967 ) ) ;
#5312 = CARTESIAN_POINT ( 'NONE',  ( -2.413031496062929993, 24.02687166128118790, 0.1801433312339318082 ) ) ;
#5313 = CARTESIAN_POINT ( 'NONE',  ( -2.042144286882834781, 25.84709388233400418, 0.4431958260125117288 ) ) ;
#5314 = CARTESIAN_POINT ( 'NONE',  ( -2.456929133858065217, 24.03236220472450313, 0.000000000000000000 ) ) ;
#5315 = AXIS2_PLACEMENT_3D ( 'NONE', #3086, #2431, #2478 ) ;
#5316 = ORIENTED_EDGE ( 'NONE', *, *, #1699, .T. ) ;
#5317 = ORIENTED_EDGE ( 'NONE', *, *, #7607, .F. ) ;
#5318 = CARTESIAN_POINT ( 'NONE',  ( -0.4585278361926364843, 25.19866231435924320, 0.4031837999502373981 ) ) ;
#5319 = CARTESIAN_POINT ( 'NONE',  ( -2.116758578138040026, 25.87744539837159508, 0.4042807356502337579 ) ) ;
#5320 = VERTEX_POINT ( 'NONE', #7310 ) ;
#5321 = CARTESIAN_POINT ( 'NONE',  ( -0.5553848289684588657, 23.86191200960650960, 0.4021253132866589586 ) ) ;
#5322 = CARTESIAN_POINT ( 'NONE',  ( -2.393893306835352064, 23.64717613949460429, 0.3047204409769832534 ) ) ;
#5323 = DIRECTION ( 'NONE',  ( 0.000000000000000000, -1.000000000000000000, 3.469446917292650046E-15 ) ) ;
#5324 = ORIENTED_EDGE ( 'NONE', *, *, #3981, .F. ) ;
#5325 = CARTESIAN_POINT ( 'NONE',  ( -2.247365920499296621, 23.92538831437339653, 0.1502217877762949683 ) ) ;
#5326 = CARTESIAN_POINT ( 'NONE',  ( -1.305971656964796779, 23.40588901456971271, 0.4049482681391167738 ) ) ;
#5327 = CARTESIAN_POINT ( 'NONE',  ( -2.826554938430084096, 25.07937094644116982, 0.4499999999996803779 ) ) ;
#5328 = CARTESIAN_POINT ( 'NONE',  ( -0.8740259781477566214, 24.93008563751074647, 0.05000204569634200680 ) ) ;
#5329 = CARTESIAN_POINT ( 'NONE',  ( -1.677401506837687517, 24.64259837160525279, 0.3999999999996817768 ) ) ;
#5330 = CARTESIAN_POINT ( 'NONE',  ( -2.802923718759271487, 25.41817478331311975, 0.4021132323624885263 ) ) ;
#5331 = PLANE ( 'NONE',  #3699 ) ;
#5332 = AXIS2_PLACEMENT_3D ( 'NONE', #9119, #429, #4841 ) ;
#5333 = CARTESIAN_POINT ( 'NONE',  ( -2.846608706711277748, 24.65055314502356865, 0.3466861718663406533 ) ) ;
#5334 = CARTESIAN_POINT ( 'NONE',  ( -1.930009147816976522, 23.75910591629725133, 0.1056567835080914480 ) ) ;
#5335 = CARTESIAN_POINT ( 'NONE',  ( -1.424814756706375585, 25.52609533005513498, 0.1056570641264733962 ) ) ;
#5336 = CARTESIAN_POINT ( 'NONE',  ( -0.8978740157478272144, 24.28852276074498917, 0.000000000000000000 ) ) ;
#5337 = CARTESIAN_POINT ( 'NONE',  ( -2.084792295112908533, 25.79485100536688336, 0.3999999999996776689 ) ) ;
#5338 = CARTESIAN_POINT ( 'NONE',  ( -2.399219655983285016, 25.38027719416525940, 0.1698254078570070325 ) ) ;
#5339 = CARTESIAN_POINT ( 'NONE',  ( -0.4962992125984483915, 23.97957799942566481, 0.3999999999996842193 ) ) ;
#5340 = CARTESIAN_POINT ( 'NONE',  ( -0.6537795279366294121, 25.87370078740159585, 0.3999999999996777245 ) ) ;
#5341 = CARTESIAN_POINT ( 'NONE',  ( -2.383237264031880187, 24.16327735732734538, 0.04571811613681343173 ) ) ;
#5342 = VERTEX_POINT ( 'NONE', #864 ) ;
#5343 = CARTESIAN_POINT ( 'NONE',  ( -2.264732430208932445, 25.58323455281249892, 0.2239851221329152153 ) ) ;
#5344 = CARTESIAN_POINT ( 'NONE',  ( -0.9431609103126676885, 25.69259056097074279, 0.3427133826476621570 ) ) ;
#5345 = EDGE_CURVE ( 'NONE', #8769, #5342, #6268, .T. ) ;
#5346 = CARTESIAN_POINT ( 'NONE',  ( -0.6050112198013791742, 24.16149036742843137, 0.2836065893829231022 ) ) ;
#5347 = EDGE_CURVE ( 'NONE', #5954, #5929, #998, .T. ) ;
#5348 = CARTESIAN_POINT ( 'NONE',  ( -2.741525827709510033, 25.35457036066322800, 0.3423653520320319998 ) ) ;
#5349 = CARTESIAN_POINT ( 'NONE',  ( -2.289659676183643189, 25.82370078740158803, 0.3865473022359363631 ) ) ;
#5350 = CARTESIAN_POINT ( 'NONE',  ( -2.582860388790588768, 23.81529804967680874, 0.3047194186000957150 ) ) ;
#5351 = CARTESIAN_POINT ( 'NONE',  ( -2.561719275022814379, 23.60436343552394689, 0.3999999999996855515 ) ) ;
#5352 = CARTESIAN_POINT ( 'NONE',  ( -0.4962992125984483360, 25.66622047223044589, 0.6074803150392285023 ) ) ;
#5353 = CARTESIAN_POINT ( 'NONE',  ( -2.252177742621900070, 23.45922087295070924, 0.4432038780669232403 ) ) ;
#5354 = VECTOR ( 'NONE', #5568, 39.37007874015748143 ) ;
#5355 = ORIENTED_EDGE ( 'NONE', *, *, #6329, .T. ) ;
#5356 = EDGE_CURVE ( 'NONE', #4498, #219, #3911, .T. ) ;
#5357 = CARTESIAN_POINT ( 'NONE',  ( -2.511237500486265262, 24.79752723760790190, 0.05000345631430089255 ) ) ;
#5358 = CARTESIAN_POINT ( 'NONE',  ( -2.413031496062921999, 25.27251968503944468, 0.1865635972340143889 ) ) ;
#5359 = ADVANCED_FACE ( 'NONE', ( #4728 ), #8305, .T. ) ;
#5360 = CARTESIAN_POINT ( 'NONE',  ( -0.9882032467794926722, 23.57013364041556969, 0.4499999999996854849 ) ) ;
#5361 = CARTESIAN_POINT ( 'NONE',  ( -0.7722939598226288282, 24.74132259796877165, 0.1073262739569189883 ) ) ;
#5362 = CARTESIAN_POINT ( 'NONE',  ( -2.201614173228272353, 24.02631448335473863, 0.07593199033118989971 ) ) ;
#5363 = CARTESIAN_POINT ( 'NONE',  ( -2.312068323455421126, 25.74258055491333863, 0.3999999999996791122 ) ) ;
#5364 = CARTESIAN_POINT ( 'NONE',  ( -0.5503064211230059843, 25.31609515211149741, 0.3678234948942389893 ) ) ;
#5365 = DIRECTION ( 'NONE',  ( -1.000000000000000000, 0.000000000000000000, 0.000000000000000000 ) ) ;
#5366 = ORIENTED_EDGE ( 'NONE', *, *, #2689, .T. ) ;
#5367 = CARTESIAN_POINT ( 'NONE',  ( -0.8816359791550666403, 25.13995850889280703, 0.1051725732013948922 ) ) ;
#5368 = ORIENTED_EDGE ( 'NONE', *, *, #7026, .F. ) ;
#5369 = ADVANCED_FACE ( 'NONE', ( #1762, #7696 ), #542, .T. ) ;
#5370 = AXIS2_PLACEMENT_3D ( 'NONE', #3543, #7249, #4435 ) ;
#5371 = CARTESIAN_POINT ( 'NONE',  ( -2.411272721137433628, 24.39376160258791160, 0.000000000000000000 ) ) ;
#5372 = ORIENTED_EDGE ( 'NONE', *, *, #8682, .T. ) ;
#5373 = CARTESIAN_POINT ( 'NONE',  ( -0.9114049451696398796, 24.10413474414718138, 0.1033540240150796485 ) ) ;
#5374 = CARTESIAN_POINT ( 'NONE',  ( -2.305821923307619148, 23.93377683614009399, 0.1107058991347064647 ) ) ;
#5375 = CARTESIAN_POINT ( 'NONE',  ( -2.293048223955806986, 23.53531453818871100, 0.4499999999996857070 ) ) ;
#5376 = ORIENTED_EDGE ( 'NONE', *, *, #1840, .F. ) ;
#5377 = FACE_OUTER_BOUND ( 'NONE', #6894, .T. ) ;
#5378 = CARTESIAN_POINT ( 'NONE',  ( -1.325056481305711964, 23.70090006189665743, 0.1660408317538763778 ) ) ;
#5379 = CARTESIAN_POINT ( 'NONE',  ( -2.830304612581105328, 25.02903880236052814, 0.3999999999996805000 ) ) ;
#5380 = CARTESIAN_POINT ( 'NONE',  ( -0.6065502271943151724, 25.33461531848984905, 0.4499999999996793232 ) ) ;
#5381 = CARTESIAN_POINT ( 'NONE',  ( -1.586684630732259516, 25.40944916428055933, 0.04999793832249058850 ) ) ;
#5382 = CARTESIAN_POINT ( 'NONE',  ( -2.738927953894488176, 23.93446384025034490, 0.4499999999996843192 ) ) ;
#5383 = CARTESIAN_POINT ( 'NONE',  ( -2.752009756223564807, 23.89532132474154125, 0.3618978245245456082 ) ) ;
#5384 = B_SPLINE_SURFACE_WITH_KNOTS ( 'NONE', 3, 1, ( 
 ( #4370, #3661 ),
 ( #3364, #6535 ),
 ( #9140, #5817 ),
 ( #2241, #1954 ),
 ( #4818, #1999 ),
 ( #6326, #9181 ),
 ( #7695, #2755 ),
 ( #4122, #6991 ),
 ( #541, #5566 ),
 ( #5914, #3707 ),
 ( #6584, #2491 ),
 ( #5968, #141 ),
 ( #5259, #3003 ),
 ( #5865, #8780 ) ),
 .UNSPECIFIED., .F., .F., .F.,
 ( 4, 1, 1, 1, 1, 1, 1, 1, 1, 1, 1, 4 ),
 ( 2, 2 ),
 ( 0.000000000000000000, 0.08982510668532195375, 0.1692028225672795871, 0.2380812503703902960, 0.2964448316422924057, 0.3442928050468733181, 0.3816273807429398923, 0.4084489384656281308, 0.6186210270960337265, 0.7873089379734229398, 0.9144831631955716578, 0.9999999999999998890 ),
 ( 0.000000000000000000, 1.000000000000000000 ),
 .UNSPECIFIED. ) ;
#5385 = CARTESIAN_POINT ( 'NONE',  ( -2.587594287171881557, 24.64864642597284572, 0.1076450218221455812 ) ) ;
#5386 = CARTESIAN_POINT ( 'NONE',  ( -1.430413704348524107, 23.54406622617259259, 0.2858672874714668910 ) ) ;
#5387 = CARTESIAN_POINT ( 'NONE',  ( -1.342399597466600092, 25.80847703815667060, 0.3452385712461316092 ) ) ;
#5388 = CARTESIAN_POINT ( 'NONE',  ( -0.8798142987851370611, 24.33589030433403266, 4.097771990496394828E-16 ) ) ;
#5389 = CARTESIAN_POINT ( 'NONE',  ( -2.123103822314575950, 23.49427836172300488, 0.3999999999996858846 ) ) ;
#5390 = CARTESIAN_POINT ( 'NONE',  ( -2.029482476633844179, 25.79585226186692637, 0.3999999999996776689 ) ) ;
#5391 = DIRECTION ( 'NONE',  ( 6.123233995736998996E-17, 3.552713678800503296E-15, 1.000000000000000000 ) ) ;
#5392 = CARTESIAN_POINT ( 'NONE',  ( -1.241004596698891183, 24.00617494810817121, 0.04999999999999999584 ) ) ;
#5393 = CARTESIAN_POINT ( 'NONE',  ( -2.587566104296567637, 24.00715126438567637, 0.2239134639989191211 ) ) ;
#5394 = VERTEX_POINT ( 'NONE', #7549 ) ;
#5395 = CARTESIAN_POINT ( 'NONE',  ( -2.126983889855552423, 25.55459088814820490, 0.1651050489554881651 ) ) ;
#5396 = DIRECTION ( 'NONE',  ( 0.000000000000000000, 1.000000000000000000, -3.854941057726282076E-15 ) ) ;
#5397 = CARTESIAN_POINT ( 'NONE',  ( -0.5834753522508351331, 24.30586679838837583, 0.2851442028743271795 ) ) ;
#5398 = CARTESIAN_POINT ( 'NONE',  ( -2.415268790573902091, 25.06399481476331559, 0.04367945582859864700 ) ) ;
#5399 = CARTESIAN_POINT ( 'NONE',  ( -2.306473490309234098, 23.73003743062139037, 0.2228114741079685879 ) ) ;
#5400 = FACE_OUTER_BOUND ( 'NONE', #3108, .T. ) ;
#5401 = CARTESIAN_POINT ( 'NONE',  ( -1.067165354330504634, 25.42212598425206238, 0.000000000000000000 ) ) ;
#5402 = CARTESIAN_POINT ( 'NONE',  ( -2.447824978283566377, 23.54794994372416994, 0.4432038780669226852 ) ) ;
#5403 = CARTESIAN_POINT ( 'NONE',  ( -1.018131637922898403, 24.10102986294083038, 0.04571512344786313187 ) ) ;
#5404 = VERTEX_POINT ( 'NONE', #4023 ) ;
#5405 = CARTESIAN_POINT ( 'NONE',  ( -2.495138073135792833, 24.87703423014315973, 0.04998498750348352726 ) ) ;
#5406 = CARTESIAN_POINT ( 'NONE',  ( -2.407205166832953935, 25.30791915317131213, 0.1997818321480751003 ) ) ;
#5407 = CARTESIAN_POINT ( 'NONE',  ( -1.286752782935588257, 23.49022442492249141, 0.4499999999996859290 ) ) ;
#5408 = CARTESIAN_POINT ( 'NONE',  ( -0.8495535580542596943, 25.24597196193557735, 0.1645152411152101257 ) ) ;
#5409 = CARTESIAN_POINT ( 'NONE',  ( -1.419516952137943155, 25.45483584738352789, 0.05000000000000000971 ) ) ;
#5410 = CARTESIAN_POINT ( 'NONE',  ( -2.430185305070796442, 25.74042403724093475, 0.4382319632553161037 ) ) ;
#5411 = DIRECTION ( 'NONE',  ( -0.000000000000000000, -0.000000000000000000, -1.000000000000000000 ) ) ;
#5412 = B_SPLINE_SURFACE_WITH_KNOTS ( 'NONE', 3, 1, ( 
 ( #5241, #3079 ),
 ( #8910, #6051 ),
 ( #2520, #5951 ),
 ( #9009, #1018 ),
 ( #5389, #1669 ),
 ( #8207, #7459 ),
 ( #8810, #4687 ),
 ( #3127, #8257 ),
 ( #2471, #7610 ),
 ( #3832, #1718 ),
 ( #2372, #367 ),
 ( #1768, #3782 ),
 ( #4636, #8112 ),
 ( #3982, #7505 ) ),
 .UNSPECIFIED., .F., .F., .F.,
 ( 4, 1, 1, 1, 1, 1, 1, 1, 1, 1, 1, 4 ),
 ( 2, 2 ),
 ( 0.000000000000000000, 0.09089017882389771597, 0.1709096210194376297, 0.2400044276878642302, 0.2981587907971411378, 0.3453720812908585014, 0.3816465450781972857, 0.4069825289266019164, 0.6173800217252105593, 0.7863895160987580679, 0.9139721637392553832, 1.000000000000000000 ),
 ( 0.000000000000000000, 1.000000000000000000 ),
 .UNSPECIFIED. ) ;
#5413 = CARTESIAN_POINT ( 'NONE',  ( -2.661653543307109793, 23.65834645669293579, 0.3999999999996853295 ) ) ;
#5414 = ORIENTED_EDGE ( 'NONE', *, *, #8558, .T. ) ;
#5415 = CARTESIAN_POINT ( 'NONE',  ( -0.9139990591662322528, 25.02079676330139080, 0.04623497818276007393 ) ) ;
#5416 = AXIS2_PLACEMENT_3D ( 'NONE', #1405, #5687, #4928 ) ;
#5417 = ORIENTED_EDGE ( 'NONE', *, *, #7381, .T. ) ;
#5418 = CARTESIAN_POINT ( 'NONE',  ( -2.226614173228270932, 24.01267716535440400, 0.2999999999999999889 ) ) ;
#5419 = EDGE_LOOP ( 'NONE', ( #529, #802 ) ) ;
#5420 = CARTESIAN_POINT ( 'NONE',  ( -2.308821095178164029, 23.86405517618583971, 0.1492150739758918154 ) ) ;
#5421 = CARTESIAN_POINT ( 'NONE',  ( -2.876012412899982440, 24.27943858798700916, 0.4382308758287529749 ) ) ;
#5422 = CARTESIAN_POINT ( 'NONE',  ( -2.315676984444195341, 23.54479243083594042, 0.4499999999996857625 ) ) ;
#5423 = EDGE_LOOP ( 'NONE', ( #2279, #6165, #1486, #2020, #3376 ) ) ;
#5424 = CARTESIAN_POINT ( 'NONE',  ( -1.048486653454680395, 24.20532938878657347, 0.04606796130808337580 ) ) ;
#5425 = CARTESIAN_POINT ( 'NONE',  ( -1.245300068263198279, 23.48220530006714313, 0.3445673153518464260 ) ) ;
#5426 = CARTESIAN_POINT ( 'NONE',  ( -2.773993710186393624, 25.28361714522706549, 0.4499999999996797673 ) ) ;
#5427 = CARTESIAN_POINT ( 'NONE',  ( -2.528158566932882323, 25.70942851849620325, 0.3999999999996676214 ) ) ;
#5428 = VECTOR ( 'NONE', #1389, 39.37007874015748143 ) ;
#5429 = CARTESIAN_POINT ( 'NONE',  ( -0.4962992125983979874, 25.25485570625989595, 0.3865472440501359075 ) ) ;
#5430 = CARTESIAN_POINT ( 'NONE',  ( -2.797549701935717170, 25.42590411384044913, 0.4021132323337902603 ) ) ;
#5431 = DIRECTION ( 'NONE',  ( -1.000000000000000000, 0.000000000000000000, 6.123233995736998996E-17 ) ) ;
#5432 = CARTESIAN_POINT ( 'NONE',  ( -2.914186233617661603, 24.28050846643451521, 0.4051136529151529442 ) ) ;
#5433 = CARTESIAN_POINT ( 'NONE',  ( -1.543898163860695005, 23.74073894897713188, 0.1069842102678623397 ) ) ;
#5434 = CARTESIAN_POINT ( 'NONE',  ( -1.509807094094874680, 25.47076957374372697, 0.04675724749028734029 ) ) ;
#5435 = CARTESIAN_POINT ( 'NONE',  ( -2.448122266906116007, 25.17392562462200090, 0.1032674174528281225 ) ) ;
#5436 = LINE ( 'NONE', #3175, #1242 ) ;
#5437 = FACE_OUTER_BOUND ( 'NONE', #6482, .T. ) ;
#5438 = CARTESIAN_POINT ( 'NONE',  ( -0.5356692913910998666, 25.39456692905514146, 0.3999999999996790012 ) ) ;
#5439 = AXIS2_PLACEMENT_3D ( 'NONE', #3892, #7518, #4556 ) ;
#5440 = CARTESIAN_POINT ( 'NONE',  ( -1.128719372162184209, 23.51294007389797613, 0.3999999999996858291 ) ) ;
#5441 = CARTESIAN_POINT ( 'NONE',  ( -2.467715450275726141, 24.13648391252627690, 0.1051526028197716095 ) ) ;
#5442 = EDGE_LOOP ( 'NONE', ( #839, #2399, #1842, #7240, #9070 ) ) ;
#5443 = CARTESIAN_POINT ( 'NONE',  ( -2.163093411868572957, 25.44498329473303144, 0.1052179729851059620 ) ) ;
#5444 = CARTESIAN_POINT ( 'NONE',  ( -2.701023621871493585, 25.82370078740159869, 0.4499999999996776023 ) ) ;
#5445 = CARTESIAN_POINT ( 'NONE',  ( -2.694356357404974034, 24.99910882998747752, 0.2246842728689846247 ) ) ;
#5446 = CARTESIAN_POINT ( 'NONE',  ( -2.112609445889892523, 23.91259981004790447, 0.04360651794902276751 ) ) ;
#5447 = CARTESIAN_POINT ( 'NONE',  ( -0.9017355028922229288, 25.76793470341531389, 0.4021276579117932792 ) ) ;
#5448 = CARTESIAN_POINT ( 'NONE',  ( -1.232284191390984329, 25.79098308980933751, 0.3999999999996776134 ) ) ;
#5449 = CARTESIAN_POINT ( 'NONE',  ( -1.970054261989204969, 23.48934458843350370, 0.3999999999996858846 ) ) ;
#5450 = CARTESIAN_POINT ( 'NONE',  ( -0.6647735453157380681, 23.85742933308364044, 0.3427135518083215815 ) ) ;
#5451 = ORIENTED_EDGE ( 'NONE', *, *, #4902, .F. ) ;
#5452 = CARTESIAN_POINT ( 'NONE',  ( -2.506831685951625310, 24.82362845540768959, 0.04999999999999973910 ) ) ;
#5453 = FACE_OUTER_BOUND ( 'NONE', #2733, .T. ) ;
#5454 = CARTESIAN_POINT ( 'NONE',  ( -0.6931496062992357210, 25.62685039370080986, 0.3999999999996782241 ) ) ;
#5455 = CARTESIAN_POINT ( 'NONE',  ( -1.016206469377580524, 25.18395425738087212, 0.04571388857466410216 ) ) ;
#5456 = CARTESIAN_POINT ( 'NONE',  ( -2.213071553201647390, 24.06111768678967522, 0.06313030664274184300 ) ) ;
#5457 = DIRECTION ( 'NONE',  ( -1.499307563813103691E-15, -1.000000000000000000, 0.000000000000000000 ) ) ;
#5458 = CARTESIAN_POINT ( 'NONE',  ( -2.005854391236740142, 23.46149606299215407, 0.3581134240366093957 ) ) ;
#5459 = ADVANCED_FACE ( 'NONE', ( #4681 ), #2514, .F. ) ;
#5460 = CARTESIAN_POINT ( 'NONE',  ( -1.166370803204489492, 25.42212598425208725, 0.1005217722259456603 ) ) ;
#5461 = VERTEX_POINT ( 'NONE', #452 ) ;
#5462 = CARTESIAN_POINT ( 'NONE',  ( -0.7446923481096514585, 25.24372009160524399, 0.2239454260433551558 ) ) ;
#5463 = ORIENTED_EDGE ( 'NONE', *, *, #643, .F. ) ;
#5464 = CARTESIAN_POINT ( 'NONE',  ( -2.382422427821621724, 24.32891424085911325, 0.05030735097768035402 ) ) ;
#5465 = VERTEX_POINT ( 'NONE', #5478 ) ;
#5466 = CARTESIAN_POINT ( 'NONE',  ( -2.456929133858064329, 24.02176464562910496, 0.1451670357689343882 ) ) ;
#5467 = CARTESIAN_POINT ( 'NONE',  ( -2.829817969830819013, 24.24090339397298166, 0.3999999999996838307 ) ) ;
#5468 = EDGE_CURVE ( 'NONE', #102, #441, #3321, .T. ) ;
#5469 = CARTESIAN_POINT ( 'NONE',  ( -2.327285252925780590, 23.54996525879528946, 0.4499999999996857070 ) ) ;
#5470 = ORIENTED_EDGE ( 'NONE', *, *, #4100, .T. ) ;
#5471 = CARTESIAN_POINT ( 'NONE',  ( -1.035174873566196529, 24.21472557905141443, 0.05000000000000000278 ) ) ;
#5472 = CARTESIAN_POINT ( 'NONE',  ( -1.417187148728158874, 23.83441753734803470, 0.04767538371579290585 ) ) ;
#5473 = CARTESIAN_POINT ( 'NONE',  ( -2.736737889148684655, 25.35350426786613554, 0.4499999999996791011 ) ) ;
#5474 = CARTESIAN_POINT ( 'NONE',  ( -2.361723578207345131, 25.81541202401011859, 0.3999999999996816658 ) ) ;
#5475 = CARTESIAN_POINT ( 'NONE',  ( -0.4962992125984490022, 25.05968144383281881, 0.3600301124760582061 ) ) ;
#5476 = AXIS2_PLACEMENT_3D ( 'NONE', #977, #6573, #8120 ) ;
#5477 = CARTESIAN_POINT ( 'NONE',  ( -0.5375968456607752577, 24.14129530628300202, 0.3999999999996834976 ) ) ;
#5478 = CARTESIAN_POINT ( 'NONE',  ( -2.388031496062921644, 25.27251968503944468, 0.2999999999999999889 ) ) ;
#5479 = CARTESIAN_POINT ( 'NONE',  ( -2.491814635769709518, 24.41549675192580082, 0.04594253934672296036 ) ) ;
#5480 = CARTESIAN_POINT ( 'NONE',  ( -1.564755676019999653, 23.60578666122792768, 0.2268150767627865327 ) ) ;
#5481 = CARTESIAN_POINT ( 'NONE',  ( -0.6692666957911626024, 23.76948678059063269, 0.3790846645486279920 ) ) ;
#5482 = CARTESIAN_POINT ( 'NONE',  ( -1.431347459810976330, 25.67156262984531878, 0.2258983374166011748 ) ) ;
#5483 = DIRECTION ( 'NONE',  ( -0.000000000000000000, -0.000000000000000000, -1.000000000000000000 ) ) ;
#5484 = CARTESIAN_POINT ( 'NONE',  ( -0.5295971130922063619, 24.19363686098782651, 0.4499999999996832090 ) ) ;
#5485 = LINE ( 'NONE', #2522, #9111 ) ;
#5486 = DIRECTION ( 'NONE',  ( 1.000000000000000000, -0.000000000000000000, -1.365923996832131215E-15 ) ) ;
#5487 = CARTESIAN_POINT ( 'NONE',  ( -2.666567777045452114, 23.97107040662258370, 0.2833158400103543140 ) ) ;
#5488 = VERTEX_POINT ( 'NONE', #9004 ) ;
#5489 = CARTESIAN_POINT ( 'NONE',  ( -2.091126840912980178, 25.48039084682538657, 0.1056541196436218411 ) ) ;
#5490 = ADVANCED_FACE ( 'NONE', ( #6855 ), #5331, .F. ) ;
#5491 = CARTESIAN_POINT ( 'NONE',  ( -1.115633677247896305, 23.51613009870719040, 0.3999999999996857181 ) ) ;
#5492 = AXIS2_PLACEMENT_3D ( 'NONE', #5707, #8577, #4994 ) ;
#5493 = CARTESIAN_POINT ( 'NONE',  ( -2.835949198310292907, 25.08456654911204353, 0.3440913131862081697 ) ) ;
#5494 = CARTESIAN_POINT ( 'NONE',  ( -2.202885066312365137, 23.58298007473925040, 0.2832051266950016966 ) ) ;
#5495 = CARTESIAN_POINT ( 'NONE',  ( -1.004067092026245112, 25.62912821273402741, 0.2825864169168479378 ) ) ;
#5496 = CARTESIAN_POINT ( 'NONE',  ( -2.364612560404725450, 25.71618673753087947, 0.4499999999996781574 ) ) ;
#5497 = B_SPLINE_CURVE_WITH_KNOTS ( 'NONE', 3,
 ( #3347, #2644, #568, #8985, #4754, #2690, #434, #6222 ),
 .UNSPECIFIED., .F., .F.,
 ( 4, 2, 2, 4 ),
 ( 0.0001744409184353527711, 0.001002689337257635415, 0.001830937756079918221, 0.003487434593724483400 ),
 .UNSPECIFIED. ) ;
#5498 = CARTESIAN_POINT ( 'NONE',  ( -1.309672871786778492, 23.43808924254991055, 0.4432038780669230738 ) ) ;
#5499 = CARTESIAN_POINT ( 'NONE',  ( -0.7860061971497924738, 23.98106813938322901, 0.2239141816364611515 ) ) ;
#5500 = VERTEX_POINT ( 'NONE', #6241 ) ;
#5501 = CARTESIAN_POINT ( 'NONE',  ( -2.499064527010878223, 24.86007709090667817, 0.04999819563640372361 ) ) ;
#5502 = CARTESIAN_POINT ( 'NONE',  ( -2.202251444598250618, 25.28583289164182091, 0.09061040182129265208 ) ) ;
#5503 = EDGE_CURVE ( 'NONE', #7899, #6229, #1335, .T. ) ;
#5504 = CARTESIAN_POINT ( 'NONE',  ( -0.5704869917047384886, 25.26334654384968204, 0.3999999999996794453 ) ) ;
#5505 = CARTESIAN_POINT ( 'NONE',  ( -0.6420071008898193821, 25.39722894456138746, 0.3427141996287416670 ) ) ;
#5506 = DIRECTION ( 'NONE',  ( 0.000000000000000000, -0.000000000000000000, -1.000000000000000000 ) ) ;
#5507 = CARTESIAN_POINT ( 'NONE',  ( -1.677401574321454536, 24.64259847944031634, 0.000000000000000000 ) ) ;
#5508 = CARTESIAN_POINT ( 'NONE',  ( -0.8800839895774240640, 24.33630615723031099, 0.05000177697073034111 ) ) ;
#5509 = AXIS2_PLACEMENT_3D ( 'NONE', #2840, #8445, #1421 ) ;
#5510 = CARTESIAN_POINT ( 'NONE',  ( -2.029482476634099086, 25.79585226183276347, 0.3999999999996776689 ) ) ;
#5511 = AXIS2_PLACEMENT_3D ( 'NONE', #1117, #507, #3984 ) ;
#5512 = ORIENTED_EDGE ( 'NONE', *, *, #5641, .T. ) ;
#5513 = CARTESIAN_POINT ( 'NONE',  ( -0.6868928827573220763, 25.31213937851644502, 0.2833166573466028293 ) ) ;
#5514 = CARTESIAN_POINT ( 'NONE',  ( -2.172889204810154684, 24.04679762391634412, 0.05030735097768035402 ) ) ;
#5515 = VERTEX_POINT ( 'NONE', #4630 ) ;
#5516 = CARTESIAN_POINT ( 'NONE',  ( -2.407440926800431757, 23.91234804228038158, 0.1701463130972624971 ) ) ;
#5517 = CARTESIAN_POINT ( 'NONE',  ( -2.415429647174468730, 24.41728365727976779, 0.05000000000000000278 ) ) ;
#5518 = CARTESIAN_POINT ( 'NONE',  ( -2.078800909908129491, 23.49067021115468634, 0.4499999999996858735 ) ) ;
#5519 = B_SPLINE_CURVE_WITH_KNOTS ( 'NONE', 3,
 ( #7357, #919, #215, #1813, #8763, #2371 ),
 .UNSPECIFIED., .F., .F.,
 ( 4, 2, 4 ),
 ( 0.000000000000000000, 0.5000000000000000000, 1.000000000000000000 ),
 .UNSPECIFIED. ) ;
#5520 = ORIENTED_EDGE ( 'NONE', *, *, #5043, .T. ) ;
#5521 = CARTESIAN_POINT ( 'NONE',  ( -0.5243122840048639599, 24.27435357296687002, 0.3999999999996829980 ) ) ;
#5522 = CARTESIAN_POINT ( 'NONE',  ( -1.154943888003609809, 23.49775980786926510, 0.3437197306201173475 ) ) ;
#5523 = VECTOR ( 'NONE', #4322, 39.37007874015748143 ) ;
#5524 = CARTESIAN_POINT ( 'NONE',  ( -0.6537795279366294121, 25.87370078740159585, 0.6074803150392285023 ) ) ;
#5525 = CARTESIAN_POINT ( 'NONE',  ( -2.689031149161936529, 23.86501033523181903, 0.4499999999996845967 ) ) ;
#5526 = DIRECTION ( 'NONE',  ( 0.000000000000000000, 0.000000000000000000, -1.000000000000000000 ) ) ;
#5527 = CARTESIAN_POINT ( 'NONE',  ( -0.5241477380996235613, 24.99467927368610276, 0.4499999999996804334 ) ) ;
#5528 = CARTESIAN_POINT ( 'NONE',  ( -1.363768154662750920, 23.40646390997024540, 0.4054007000552264373 ) ) ;
#5529 = CARTESIAN_POINT ( 'NONE',  ( -0.6391600396564208753, 23.75827718893159002, 0.3999999999996770583 ) ) ;
#5530 = CARTESIAN_POINT ( 'NONE',  ( -1.750173057490431949, 25.68037053809103654, 0.2269321194058061542 ) ) ;
#5531 = LINE ( 'NONE', #4169, #2434 ) ;
#5532 = CARTESIAN_POINT ( 'NONE',  ( -2.407647446121166990, 25.37264231922157265, 0.1701504740318808828 ) ) ;
#5533 = CARTESIAN_POINT ( 'NONE',  ( -1.306365009082786521, 23.48968740377854303, 0.4499999999996858735 ) ) ;
#5534 = FACE_OUTER_BOUND ( 'NONE', #3386, .T. ) ;
#5535 = CARTESIAN_POINT ( 'NONE',  ( -2.386381655057453255, 24.16799750843339822, 0.04572324018862857636 ) ) ;
#5536 = EDGE_LOOP ( 'NONE', ( #8864, #8767, #1942, #7707, #7689 ) ) ;
#5537 = CARTESIAN_POINT ( 'NONE',  ( -2.179940772551948847, 25.33207949640659962, 0.04571593167995746665 ) ) ;
#5538 = DIRECTION ( 'NONE',  ( -1.000000000000000000, 0.000000000000000000, -0.000000000000000000 ) ) ;
#5539 = CARTESIAN_POINT ( 'NONE',  ( -2.543822061887055508, 24.96716480314982434, 0.1046933684792710345 ) ) ;
#5540 = CARTESIAN_POINT ( 'NONE',  ( -2.285619226712524377, 23.52623158734275322, 0.3427588128514935106 ) ) ;
#5541 = CARTESIAN_POINT ( 'NONE',  ( -1.067769220566828992, 25.66650062489127748, 0.2827410663507166078 ) ) ;
#5542 = DIRECTION ( 'NONE',  ( 0.000000000000000000, 0.000000000000000000, -1.000000000000000000 ) ) ;
#5543 = CARTESIAN_POINT ( 'NONE',  ( -0.5477431914728818629, 25.19128067926793690, 0.3999999999996793898 ) ) ;
#5544 = CARTESIAN_POINT ( 'NONE',  ( -1.010511669132687418, 24.11030599964930587, 0.04571512463951366012 ) ) ;
#5545 = ORIENTED_EDGE ( 'NONE', *, *, #3967, .F. ) ;
#5546 = LINE ( 'NONE', #8420, #2643 ) ;
#5547 = CARTESIAN_POINT ( 'NONE',  ( -0.8798142987851370611, 24.33589030433403266, 4.097771990496394828E-16 ) ) ;
#5548 = CARTESIAN_POINT ( 'NONE',  ( -0.8978740157478206640, 24.10077759762090821, 0.1124226149789541301 ) ) ;
#5549 = CARTESIAN_POINT ( 'NONE',  ( -0.9110133656565425619, 25.18483042894931501, 0.1051161820341541958 ) ) ;
#5550 = DIRECTION ( 'NONE',  ( -0.000000000000000000, -0.000000000000000000, -1.000000000000000000 ) ) ;
#5551 = CARTESIAN_POINT ( 'NONE',  ( -2.311958337245352268, 25.08168038765051477, 0.05000000000000000278 ) ) ;
#5552 = CARTESIAN_POINT ( 'NONE',  ( -0.8740781235475223454, 24.35506639933390005, 0.05000013022114792316 ) ) ;
#5553 = DIRECTION ( 'NONE',  ( -6.123233995736998996E-17, -3.552713678800503296E-15, -1.000000000000000000 ) ) ;
#5554 = ORIENTED_EDGE ( 'NONE', *, *, #7297, .T. ) ;
#5555 = CARTESIAN_POINT ( 'NONE',  ( -2.273230260151201332, 24.14714431551231755, 0.05030735097768035402 ) ) ;
#5556 = ORIENTED_EDGE ( 'NONE', *, *, #8561, .F. ) ;
#5557 = CARTESIAN_POINT ( 'NONE',  ( -0.6177260276110603243, 24.11712782923387266, 0.2832422872191020513 ) ) ;
#5558 = DIRECTION ( 'NONE',  ( -0.000000000000000000, -0.000000000000000000, 1.000000000000000000 ) ) ;
#5559 = CARTESIAN_POINT ( 'NONE',  ( -0.8978740157478269923, 24.22513384927454538, 0.06839313959319739955 ) ) ;
#5560 = VERTEX_POINT ( 'NONE', #6992 ) ;
#5561 = AXIS2_PLACEMENT_3D ( 'NONE', #7752, #4132, #7086 ) ;
#5562 = CARTESIAN_POINT ( 'NONE',  ( -0.9534393500902202945, 24.38984031051505852, 0.04606796130808338274 ) ) ;
#5563 = CARTESIAN_POINT ( 'NONE',  ( -0.9726821792465102368, 23.47609883843475487, 0.4022724949707949804 ) ) ;
#5564 = CARTESIAN_POINT ( 'NONE',  ( -2.776431786649442124, 25.27807111084790037, 0.4499999999996797673 ) ) ;
#5565 = FACE_OUTER_BOUND ( 'NONE', #2476, .T. ) ;
#5566 = CARTESIAN_POINT ( 'NONE',  ( -0.5447313742067375619, 24.10572019904738639, 0.4499999999996836531 ) ) ;
#5567 = VECTOR ( 'NONE', #1514, 39.37007874015748143 ) ;
#5568 = DIRECTION ( 'NONE',  ( -1.000000000000000000, -9.124765174042323714E-11, 9.698942574449749218E-17 ) ) ;
#5569 = CARTESIAN_POINT ( 'NONE',  ( -1.505616915760371821, 23.47437521953322559, 0.3462259292188033521 ) ) ;
#5570 = CARTESIAN_POINT ( 'NONE',  ( -2.415435088919711593, 24.41728199645812580, 0.05000458680884144191 ) ) ;
#5571 = CARTESIAN_POINT ( 'NONE',  ( -1.849589706120044585, 25.46945919832010929, 0.04667927447375357780 ) ) ;
#5572 = VECTOR ( 'NONE', #1255, 39.37007874015748143 ) ;
#5573 = CARTESIAN_POINT ( 'NONE',  ( -1.138199695600024430, 24.06748210315891612, 0.06155895232393100019 ) ) ;
#5574 = CARTESIAN_POINT ( 'NONE',  ( -2.286619419149169552, 24.16663205505353673, -0.000000000000000000 ) ) ;
#5575 = CARTESIAN_POINT ( 'NONE',  ( -1.001820345284526681, 23.56180779868622466, 0.3999999999996855515 ) ) ;
#5576 = VERTEX_POINT ( 'NONE', #3268 ) ;
#5577 = CYLINDRICAL_SURFACE ( 'NONE', #1965, 0.7716554965814560463 ) ;
#5578 = DIRECTION ( 'NONE',  ( -1.000000000000000000, 0.000000000000000000, 0.000000000000000000 ) ) ;
#5579 = CARTESIAN_POINT ( 'NONE',  ( -2.533998685671778439, 25.47673078900725585, 0.2833138626567581753 ) ) ;
#5580 = DIRECTION ( 'NONE',  ( 1.000000000000000000, 0.000000000000000000, -6.672013370944864515E-17 ) ) ;
#5581 = CARTESIAN_POINT ( 'NONE',  ( -2.437527857930083641, 25.02201613989249651, 0.04396038286183990423 ) ) ;
#5582 = CARTESIAN_POINT ( 'NONE',  ( -2.308567868347357166, 23.53520823767951242, 0.3426261860307174834 ) ) ;
#5583 = CARTESIAN_POINT ( 'NONE',  ( -1.190028215725622784, 25.53651835257646496, 0.1633577165447891999 ) ) ;
#5584 = CARTESIAN_POINT ( 'NONE',  ( -2.456929133858063441, 25.25283464566938108, 0.000000000000000000 ) ) ;
#5585 = CIRCLE ( 'NONE', #6798, 0.08858267716535331293 ) ;
#5586 = CARTESIAN_POINT ( 'NONE',  ( 0.000000000000000000, 25.42212598425206238, 0.000000000000000000 ) ) ;
#5587 = DIRECTION ( 'NONE',  ( -1.000000000000000000, 0.000000000000000000, 0.000000000000000000 ) ) ;
#5588 = CARTESIAN_POINT ( 'NONE',  ( -2.871664248989513446, 25.16565135254149155, 0.4432038974321826919 ) ) ;
#5589 = ORIENTED_EDGE ( 'NONE', *, *, #1043, .T. ) ;
#5590 = CARTESIAN_POINT ( 'NONE',  ( -2.549958618896214890, 24.33072483823993792, 0.1067085692832316635 ) ) ;
#5591 = CARTESIAN_POINT ( 'NONE',  ( -0.6931496062992357210, 25.62685039370080986, 0.1999999999996782130 ) ) ;
#5592 = CARTESIAN_POINT ( 'NONE',  ( -0.8171517441646730662, 25.34693049316564739, 0.2239128330009318435 ) ) ;
#5593 = CIRCLE ( 'NONE', #6807, 0.7716554965814558242 ) ;
#5594 = ADVANCED_FACE ( 'NONE', ( #4774 ), #7499, .F. ) ;
#5595 = CARTESIAN_POINT ( 'NONE',  ( -1.088548675707155855, 25.76117567159943889, 0.3999999999996777245 ) ) ;
#5596 = CARTESIAN_POINT ( 'NONE',  ( -2.310969241273704178, 25.08310298202463429, 0.05000000000000000278 ) ) ;
#5597 = CARTESIAN_POINT ( 'NONE',  ( -0.8732753171491299815, 24.35769900229387019, 0.05000003404334864288 ) ) ;
#5598 = DIRECTION ( 'NONE',  ( 6.123233995736998996E-17, 3.552713678800503296E-15, 1.000000000000000000 ) ) ;
#5599 = B_SPLINE_CURVE_WITH_KNOTS ( 'NONE', 3,
 ( #1059, #6093, #3919, #8950, #5380, #1805, #4677, #3969, #6851, #8302, #2613, #7116, #8443, #2044, #1998, #4203, #7867, #3583, #1332, #6456, #540, #6371, #2838, #2084, #13, #1289, #1419, #2703, #9139, #9228, #3495, #6990, #5698, #3540, #4817, #4860, #7034, #9180, #7075, #625, #8566 ),
 .UNSPECIFIED., .F., .F.,
 ( 4, 1, 1, 1, 1, 2, 2, 1, 1, 2, 2, 1, 1, 1, 1, 2, 2, 1, 1, 2, 2, 1, 1, 1, 1, 1, 2, 2, 4 ),
 ( 0.000000000000000000, 0.06250000000028775593, 0.09375000000041761039, 0.1093750000004824058, 0.1171875000005149492, 0.1210937500005310752, 0.1250000000005472012, 0.1875000000006323553, 0.2187500000006896983, 0.2343750000007332468, 0.2500000000007767675, 0.3750000000010942358, 0.4375000000012373436, 0.4687500000013088974, 0.4843750000013447021, 0.4921875000013470336, 0.5000000000013493651, 0.6250000000012219115, 0.6875000000011745049, 0.7187500000011346479, 0.7500000000010946799, 0.8125000000009829915, 0.8437500000009271472, 0.8593750000009159340, 0.8671875000009102719, 0.8710937500009242607, 0.8730468750009312551, 0.8750000000009382495, 1.000000000000000000 ),
 .UNSPECIFIED. ) ;
#5600 = EDGE_LOOP ( 'NONE', ( #5854, #3475, #7717, #1095 ) ) ;
#5601 = CARTESIAN_POINT ( 'NONE',  ( -0.9558035506557374106, 25.38046985570280611, 0.1698141730367632996 ) ) ;
#5602 = EDGE_LOOP ( 'NONE', ( #927, #4622, #6273, #1329 ) ) ;
#5603 = EDGE_CURVE ( 'NONE', #6316, #9118, #1751, .T. ) ;
#5604 = EDGE_CURVE ( 'NONE', #6207, #1899, #9097, .T. ) ;
#5605 = AXIS2_PLACEMENT_3D ( 'NONE', #7634, #1189, #482 ) ;
#5606 = CARTESIAN_POINT ( 'NONE',  ( -2.725140777349642995, 25.37106619593519596, 0.3999999999996792233 ) ) ;
#5607 = DIRECTION ( 'NONE',  ( 6.123233995736998996E-17, 3.552713678800503296E-15, 1.000000000000000000 ) ) ;
#5608 = ORIENTED_EDGE ( 'NONE', *, *, #6704, .T. ) ;
#5609 = CARTESIAN_POINT ( 'NONE',  ( -0.5738943942760155181, 23.88564284686387751, 0.4432038691916630468 ) ) ;
#5610 = CARTESIAN_POINT ( 'NONE',  ( -1.045059311928360879, 23.62954422326760451, 0.2833913481765961140 ) ) ;
#5611 = B_SPLINE_CURVE_WITH_KNOTS ( 'NONE', 3,
 ( #7731, #1277, #1454, #4326, #4153, #573, #3443, #6317, #2745, #5601, #8476, #9217, #2035, #2785, #798, #7283, #3097, #3050, #8084, #8736, #235 ),
 .UNSPECIFIED., .F., .F.,
 ( 4, 2, 2, 2, 2, 1, 2, 2, 2, 2, 4 ),
 ( 4.772854504744018845E-17, 0.0008663684846338587158, 0.001732736969267670160, 0.002599105453901481930, 0.003032289696218297068, 0.003465473938535112639, 0.003898658180851928209, 0.004331842423168743780, 0.005198210907802367983, 0.006064579392435993054, 0.006930947877069617256 ),
 .UNSPECIFIED. ) ;
#5612 = CARTESIAN_POINT ( 'NONE',  ( -2.774382857181274531, 25.28273993064444269, 0.4499999999996796562 ) ) ;
#5613 = CARTESIAN_POINT ( 'NONE',  ( -2.456929133858062997, 24.10056023716152396, 0.1125083494696155623 ) ) ;
#5614 = CARTESIAN_POINT ( 'NONE',  ( -1.996567761722717327, 25.43572589060687861, 0.05000000000000000971 ) ) ;
#5616 = CARTESIAN_POINT ( 'NONE',  ( -0.4462992125984484026, 25.48905511771334176, 0.3999999999996788347 ) ) ;
#5615 = B_SPLINE_CURVE_WITH_KNOTS ( 'NONE', 3,
 ( #7643, #6276, #3963, #8389, #4115, #4672, #1199, #6184, #348, #5518, #6233, #7491, #1800, #400, #2554, #9041, #9134, #6846, #1102, #4062, #6893, #2506, #8996, #8297, #3260, #5375, #492, #6942, #5422, #1054, #8242, #5469, #3311, #8342, #7590, #3914, #1243, #3357, #2698, #9088, #2653, #8945, #4811 ),
 .UNSPECIFIED., .F., .F.,
 ( 4, 1, 1, 1, 1, 1, 2, 2, 1, 1, 2, 2, 1, 1, 1, 2, 2, 1, 1, 1, 1, 2, 2, 1, 1, 1, 1, 1, 2, 2, 4 ),
 ( 0.000000000000000000, 0.06250000000000377476, 0.09375000000000668909, 0.1093750000000073830, 0.1171875000000090483, 0.1210937500000112549, 0.1230468750000109635, 0.1250000000000106581, 0.1875000000000547062, 0.2187500000000767164, 0.2343750000000860145, 0.2500000000000953126, 0.3750000000001788569, 0.4375000000002237099, 0.4687500000002461364, 0.4843750000002563505, 0.5000000000002665645, 0.6250000000003871348, 0.6875000000004529710, 0.7187500000004858336, 0.7343750000005088152, 0.7421875000005145884, 0.7500000000005203615, 0.8125000000005850875, 0.8437500000006100676, 0.8593750000006226131, 0.8671875000006360468, 0.8710937500006428191, 0.8730468750006461498, 0.8750000000006494805, 1.000000000000000000 ),
 .UNSPECIFIED. ) ;
#5617 = CARTESIAN_POINT ( 'NONE',  ( -1.688667033015128327, 25.82370078740160579, 0.3575972899880699996 ) ) ;
#5618 = CARTESIAN_POINT ( 'NONE',  ( -1.910196570974366237, 23.82413587754852458, 0.000000000000000000 ) ) ;
#5619 = CARTESIAN_POINT ( 'NONE',  ( -1.399338829953435059, 25.80952458318504128, 0.3456457960289575637 ) ) ;
#5620 = VECTOR ( 'NONE', #3232, 39.37007874015748143 ) ;
#5621 = CARTESIAN_POINT ( 'NONE',  ( -1.112767224371095764, 24.09616948535381908, 0.05975043791804356824 ) ) ;
#5622 = LINE ( 'NONE', #7125, #7967 ) ;
#5623 = CARTESIAN_POINT ( 'NONE',  ( -2.784011305052076501, 23.84594507151371445, 0.3999999999996851074 ) ) ;
#5624 = CARTESIAN_POINT ( 'NONE',  ( -1.945777765209554033, 25.52524024472069542, 0.1073018495173218428 ) ) ;
#5625 = CYLINDRICAL_SURFACE ( 'NONE', #5725, 0.1574803149606300579 ) ;
#5626 = CARTESIAN_POINT ( 'NONE',  ( -2.175088722894012783, 25.33561521940135819, 0.04571618663700812574 ) ) ;
#5627 = DIRECTION ( 'NONE',  ( -6.123233995736998996E-17, -3.552713678800503296E-15, -1.000000000000000000 ) ) ;
#5628 = CARTESIAN_POINT ( 'NONE',  ( -2.645497067053205420, 25.17020089738258903, 0.2231579110723178327 ) ) ;
#5629 = CARTESIAN_POINT ( 'NONE',  ( -2.014146839140904532, 23.54871888457727280, 0.2851071086200434035 ) ) ;
#5630 = CARTESIAN_POINT ( 'NONE',  ( -1.129788535863371024, 25.50514276289118598, 0.1630854601866665310 ) ) ;
#5631 = CARTESIAN_POINT ( 'NONE',  ( -2.661653543307109793, 25.74043307086616394, 0.1999999999996778521 ) ) ;
#5632 = CARTESIAN_POINT ( 'NONE',  ( -0.9704538231067618703, 24.95240076513290006, 0.05000000000000000278 ) ) ;
#5633 = FACE_OUTER_BOUND ( 'NONE', #693, .T. ) ;
#5634 = CARTESIAN_POINT ( 'NONE',  ( -2.384210585734898746, 24.95271022880875478, 0.05000000000000000971 ) ) ;
#5635 = VERTEX_POINT ( 'NONE', #359 ) ;
#5636 = EDGE_CURVE ( 'NONE', #1547, #6131, #8397, .T. ) ;
#5637 = CARTESIAN_POINT ( 'NONE',  ( -2.702355733710948726, 24.33866985373363079, 0.2264049729367703656 ) ) ;
#5638 = ORIENTED_EDGE ( 'NONE', *, *, #7729, .T. ) ;
#5639 =( LENGTH_UNIT ( ) NAMED_UNIT ( * ) SI_UNIT ( $, .METRE. ) );
#5640 = CARTESIAN_POINT ( 'NONE',  ( -0.8922324640971153187, 25.65522614302861726, 0.3427133846846936449 ) ) ;
#5641 = EDGE_CURVE ( 'NONE', #5461, #7271, #2705, .T. ) ;
#5642 = EDGE_CURVE ( 'NONE', #759, #9060, #247, .T. ) ;
#5643 = DIRECTION ( 'NONE',  ( -0.000000000000000000, -0.000000000000000000, -1.000000000000000000 ) ) ;
#5644 = CARTESIAN_POINT ( 'NONE',  ( -2.028515094893428294, 25.82370078740159869, 0.3580813404998119398 ) ) ;
#5645 = CARTESIAN_POINT ( 'NONE',  ( -0.8623361753236903349, 24.39726687394492899, 0.05000000000000010686 ) ) ;
#5646 = ADVANCED_FACE ( 'NONE', ( #8608 ), #8525, .T. ) ;
#5647 = EDGE_CURVE ( 'NONE', #4840, #2503, #1575, .T. ) ;
#5648 = ORIENTED_EDGE ( 'NONE', *, *, #5135, .F. ) ;
#5649 = CARTESIAN_POINT ( 'NONE',  ( -2.850482853237349179, 23.95897690687805337, 0.3999999999994290345 ) ) ;
#5650 = VERTEX_POINT ( 'NONE', #5616 ) ;
#5651 = CARTESIAN_POINT ( 'NONE',  ( -2.327686825685712613, 24.22707896828665142, 0.05000000000000000971 ) ) ;
#5652 = CARTESIAN_POINT ( 'NONE',  ( -2.632796315615676175, 24.37946312759827094, 0.1656501698222841990 ) ) ;
#5653 = LINE ( 'NONE', #4157, #3561 ) ;
#5654 = VERTEX_POINT ( 'NONE', #7201 ) ;
#5655 = FACE_OUTER_BOUND ( 'NONE', #9265, .T. ) ;
#5656 = CARTESIAN_POINT ( 'NONE',  ( -1.221772231433621902, 23.64600521892082341, 0.2247845782187450903 ) ) ;
#5657 = EDGE_CURVE ( 'NONE', #1507, #5394, #7019, .T. ) ;
#5658 = DIRECTION ( 'NONE',  ( 0.000000000000000000, -1.000000000000000000, 3.854941057726282076E-15 ) ) ;
#5659 = CARTESIAN_POINT ( 'NONE',  ( -0.5241477381242682920, 24.99467927368627329, 0.3999999999996803890 ) ) ;
#5660 = EDGE_LOOP ( 'NONE', ( #7291, #174, #1321, #3420 ) ) ;
#5661 = DIRECTION ( 'NONE',  ( 1.000000000000000000, 0.000000000000000000, 0.000000000000000000 ) ) ;
#5662 = CARTESIAN_POINT ( 'NONE',  ( -1.335707206634765054, 23.47673108346986837, 0.3451927324196041313 ) ) ;
#5663 = DIRECTION ( 'NONE',  ( 6.123233995736998996E-17, 3.552713678800503296E-15, 1.000000000000000000 ) ) ;
#5664 = CARTESIAN_POINT ( 'NONE',  ( -2.039495004529655819, 25.87938312858535639, 0.4051136349416595284 ) ) ;
#5665 = CARTESIAN_POINT ( 'NONE',  ( -1.874705218301544019, 25.46983288587973249, 0.000000000000000000 ) ) ;
#5666 = CARTESIAN_POINT ( 'NONE',  ( -2.661653543307109793, 25.53826771653545791, 0.3999999999996786126 ) ) ;
#5667 = CARTESIAN_POINT ( 'NONE',  ( -2.456929133858064773, 24.28849821176436308, -0.7113766561454782922 ) ) ;
#5668 = ORIENTED_EDGE ( 'NONE', *, *, #5503, .T. ) ;
#5669 = CARTESIAN_POINT ( 'NONE',  ( -0.6248051934879317315, 23.92111663686705469, 0.3999999999996843303 ) ) ;
#5670 = CARTESIAN_POINT ( 'NONE',  ( -2.201614173228271021, 24.01267716535440400, 0.2999999999999999889 ) ) ;
#5671 = CARTESIAN_POINT ( 'NONE',  ( -2.474670650800619764, 25.75283329920770115, 0.4021143068348647653 ) ) ;
#5672 = CARTESIAN_POINT ( 'NONE',  ( -2.830655411561412649, 24.29051793536090997, 0.4499999999996830979 ) ) ;
#5673 = CARTESIAN_POINT ( 'NONE',  ( -2.842927358806860205, 24.99481700820020080, 0.3450969267417828279 ) ) ;
#5674 = CARTESIAN_POINT ( 'NONE',  ( -2.009409178817720409, 23.69853845632123779, 0.1647915559491495152 ) ) ;
#5675 = CARTESIAN_POINT ( 'NONE',  ( -1.204875013830793318, 25.34911764576498072, 0.04350437979044983333 ) ) ;
#5676 = CARTESIAN_POINT ( 'NONE',  ( -1.787606101044530549, 25.48252759169177040, 0.05008330288336870773 ) ) ;
#5677 = DIRECTION ( 'NONE',  ( -1.000000000000000000, 0.000000000000000000, 0.000000000000000000 ) ) ;
#5678 = CARTESIAN_POINT ( 'NONE',  ( -0.5518793643439077190, 23.86702215266935667, 0.4021132347704250432 ) ) ;
#5679 = CARTESIAN_POINT ( 'NONE',  ( -2.880553989676789328, 24.94800777993543761, 0.4432038974321830804 ) ) ;
#5680 = ORIENTED_EDGE ( 'NONE', *, *, #3412, .F. ) ;
#5681 = CARTESIAN_POINT ( 'NONE',  ( -2.631687149189157360, 24.35874300568006490, 0.1668793823623302697 ) ) ;
#5682 = ORIENTED_EDGE ( 'NONE', *, *, #6170, .F. ) ;
#5683 = CARTESIAN_POINT ( 'NONE',  ( -2.405868410375251454, 23.59485864866661586, 0.3999999999996855515 ) ) ;
#5684 = CARTESIAN_POINT ( 'NONE',  ( -0.9138317617629595491, 25.67149244307323031, 0.3427133845128661482 ) ) ;
#5685 = VECTOR ( 'NONE', #5166, 39.37007874015748143 ) ;
#5686 = CARTESIAN_POINT ( 'NONE',  ( -2.054949952071611463, 25.82370078740162000, 0.3585058920897601920 ) ) ;
#5687 = DIRECTION ( 'NONE',  ( 0.000000000000000000, 0.000000000000000000, -1.000000000000000000 ) ) ;
#5688 = CARTESIAN_POINT ( 'NONE',  ( -0.8538046755978320190, 24.43403997682302276, 0.05000000009036492665 ) ) ;
#5689 = VERTEX_POINT ( 'NONE', #6416 ) ;
#5690 = CARTESIAN_POINT ( 'NONE',  ( -1.132851291618019562, 25.77268432071436166, 0.4499999999996777689 ) ) ;
#5691 = EDGE_LOOP ( 'NONE', ( #4978, #3717, #3460, #654, #1773, #4522, #6393, #9251, #6544, #3261, #2868, #1151, #7190, #9129, #9277, #7269 ) ) ;
#5692 = CARTESIAN_POINT ( 'NONE',  ( -0.4407724981410069964, 24.28154709454343063, 0.4051120142031144900 ) ) ;
#5693 = CARTESIAN_POINT ( 'NONE',  ( -2.310044722042914334, 24.20076425859898706, 0.05000000000000000278 ) ) ;
#5694 = CARTESIAN_POINT ( 'NONE',  ( -2.844833010206054613, 24.40306710669825208, 0.3458698658214684474 ) ) ;
#5695 = ORIENTED_EDGE ( 'NONE', *, *, #3296, .T. ) ;
#5696 = CARTESIAN_POINT ( 'NONE',  ( -0.4727248194669909642, 25.01802493889532641, 0.4432038691916587725 ) ) ;
#5697 = CARTESIAN_POINT ( 'NONE',  ( -1.320999155944484027, 23.86888418091431419, 0.04642633362757866977 ) ) ;
#5698 = CARTESIAN_POINT ( 'NONE',  ( -0.5259862715300639424, 25.05134007867832224, 0.4499999999996802114 ) ) ;
#5699 = ORIENTED_EDGE ( 'NONE', *, *, #234, .T. ) ;
#5700 = DIRECTION ( 'NONE',  ( 6.123233995736998996E-17, 3.552713678800503296E-15, 1.000000000000000000 ) ) ;
#5701 = CARTESIAN_POINT ( 'NONE',  ( -1.221860500986254872, 25.82370078740161645, 0.3621875084121765065 ) ) ;
#5702 = CARTESIAN_POINT ( 'NONE',  ( -0.8627753674199762912, 24.88972659582283953, 0.05000000000000152933 ) ) ;
#5703 = CARTESIAN_POINT ( 'NONE',  ( -2.027352275926941783, 25.87920945062144895, 0.4051878464953351244 ) ) ;
#5704 = CARTESIAN_POINT ( 'NONE',  ( -0.8059559450255977531, 23.67485844442542842, 0.3572941562844577645 ) ) ;
#5705 = CARTESIAN_POINT ( 'NONE',  ( -1.764647702518378658, 23.87443278191523177, -0.000000000000000000 ) ) ;
#5706 = B_SPLINE_CURVE_WITH_KNOTS ( 'NONE', 3,
 ( #2767, #9288, #727, #642, #5042, #7756, #3552, #7130, #9197, #4218, #4176 ),
 .UNSPECIFIED., .F., .F.,
 ( 4, 1, 1, 1, 1, 1, 1, 1, 4 ),
 ( 0.000000000000000000, 0.04393067005686746018, 0.1417763865609629192, 0.2935377060715032016, 0.4989506926670741471, 0.6074496830724288587, 0.7271868125331678590, 0.8580636477221973424, 1.000000000000000000 ),
 .UNSPECIFIED. ) ;
#5707 = CARTESIAN_POINT ( 'NONE',  ( -2.661653543307109793, 25.62685039370080986, 0.3999999999996782796 ) ) ;
#5708 = CARTESIAN_POINT ( 'NONE',  ( -1.021371591616496932, 24.23440105205453321, 0.05000000000000270894 ) ) ;
#5709 = CARTESIAN_POINT ( 'NONE',  ( -2.451015366691223996, 25.76938341567649715, 0.4021155507657389605 ) ) ;
#5710 = CARTESIAN_POINT ( 'NONE',  ( -2.671407195763519038, 23.77192913385828987, 0.3705387036725454331 ) ) ;
#5711 =( GEOMETRIC_REPRESENTATION_CONTEXT ( 3 ) GLOBAL_UNCERTAINTY_ASSIGNED_CONTEXT ( ( #1550 ) ) GLOBAL_UNIT_ASSIGNED_CONTEXT ( ( #2948, #880, #4282 ) ) REPRESENTATION_CONTEXT ( 'NONE', 'WORKASPACE' ) );
#5712 = ADVANCED_FACE ( 'NONE', ( #6285 ), #3542, .F. ) ;
#5713 = CARTESIAN_POINT ( 'NONE',  ( -2.843169035401835298, 24.98330442852838118, 0.3451964812796290416 ) ) ;
#5714 = CARTESIAN_POINT ( 'NONE',  ( -2.029648116615579756, 23.47707429894832742, 0.3450967223387326754 ) ) ;
#5715 = CARTESIAN_POINT ( 'NONE',  ( -1.297984396927314599, 25.40272499306775700, 0.04396038327477388985 ) ) ;
#5716 = CARTESIAN_POINT ( 'NONE',  ( -2.356650269585308877, 25.72063892187041034, 0.4499999999996779909 ) ) ;
#5717 = CARTESIAN_POINT ( 'NONE',  ( -1.218114626886486862, 25.26310716587041583, 0.04999999999999999584 ) ) ;
#5718 = CARTESIAN_POINT ( 'NONE',  ( -0.7024339947102412607, 23.95046824674009045, 0.2833138651023867083 ) ) ;
#5719 = CARTESIAN_POINT ( 'NONE',  ( -2.330680329840003395, 25.05352291047765334, 0.04999999999999998890 ) ) ;
#5720 = VERTEX_POINT ( 'NONE', #8487 ) ;
#5721 = ADVANCED_FACE ( 'NONE', ( #2000 ), #4251, .T. ) ;
#5722 = CARTESIAN_POINT ( 'NONE',  ( -2.483819078003541403, 24.37638294724684940, 0.04758365437108745544 ) ) ;
#5723 = ORIENTED_EDGE ( 'NONE', *, *, #1051, .T. ) ;
#5724 = CARTESIAN_POINT ( 'NONE',  ( -2.396369948756214008, 23.58858664358091417, 0.3999999999996855515 ) ) ;
#5725 = AXIS2_PLACEMENT_3D ( 'NONE', #3506, #2094, #1302 ) ;
#5726 = CARTESIAN_POINT ( 'NONE',  ( -1.117910540792754759, 25.39649467754213319, 0.1051147796169598359 ) ) ;
#5727 = CARTESIAN_POINT ( 'NONE',  ( -0.5974359261372871321, 23.95670725219399699, 0.3424331150990178041 ) ) ;
#5728 = CARTESIAN_POINT ( 'NONE',  ( -0.6544285696557609056, 24.95394052179251076, 0.2253112734679688922 ) ) ;
#5729 = LINE ( 'NONE', #3526, #7956 ) ;
#5730 = DIRECTION ( 'NONE',  ( 0.000000000000000000, 1.000000000000000000, -3.469446965952425452E-15 ) ) ;
#5731 = ORIENTED_EDGE ( 'NONE', *, *, #8306, .F. ) ;
#5732 = CARTESIAN_POINT ( 'NONE',  ( -1.130971374493883852, 25.77219580759843964, 0.4499999999996776023 ) ) ;
#5733 = CARTESIAN_POINT ( 'NONE',  ( -0.7693835508656053923, 24.56619330746100616, 0.1075429555562725653 ) ) ;
#5734 = EDGE_CURVE ( 'NONE', #7389, #3093, #3453, .T. ) ;
#5735 = CARTESIAN_POINT ( 'NONE',  ( -2.846212525995864162, 24.01773608745790867, 0.4431922474509185084 ) ) ;
#5736 = CARTESIAN_POINT ( 'NONE',  ( -2.560791860660677877, 24.38924817253996480, 0.1056447856096861815 ) ) ;
#5737 = VERTEX_POINT ( 'NONE', #4298 ) ;
#5738 = CARTESIAN_POINT ( 'NONE',  ( -0.6537795279366294121, 25.82370078740159869, 0.6074803150392285023 ) ) ;
#5739 = CARTESIAN_POINT ( 'NONE',  ( -0.8879770119501652070, 23.52678945776176533, 0.4021146604969269012 ) ) ;
#5740 = CARTESIAN_POINT ( 'NONE',  ( -0.6538051926818212456, 24.95935590425248307, 0.2262848650830645014 ) ) ;
#5741 = VERTEX_POINT ( 'NONE', #8570 ) ;
#5742 = CARTESIAN_POINT ( 'NONE',  ( -1.325320769396233223, 23.48934458849233309, 0.3999999999996858291 ) ) ;
#5743 = EDGE_CURVE ( 'NONE', #6229, #7321, #6755, .T. ) ;
#5744 = CARTESIAN_POINT ( 'NONE',  ( -1.339566722757552064, 23.40614904556204579, 0.4052597067024636956 ) ) ;
#5745 = LINE ( 'NONE', #8610, #8879 ) ;
#5746 = CARTESIAN_POINT ( 'NONE',  ( -1.924392898375143490, 25.74113052491054532, 0.2858672735397403408 ) ) ;
#5747 = FACE_BOUND ( 'NONE', #5227, .T. ) ;
#5748 = CARTESIAN_POINT ( 'NONE',  ( -2.482246819820535855, 24.35919014797937976, 0.05000000000000000971 ) ) ;
#5749 = CARTESIAN_POINT ( 'NONE',  ( -2.287637795275386576, 25.42212598425206238, 0.1406228465077922207 ) ) ;
#5750 = CARTESIAN_POINT ( 'NONE',  ( -1.358258873701580383, 23.84946276270040499, 0.05000000000000000971 ) ) ;
#5751 = ADVANCED_FACE ( 'NONE', ( #7162 ), #9183, .F. ) ;
#5752 = CARTESIAN_POINT ( 'NONE',  ( -1.326288398323000717, 23.46149606299209367, 0.3580813416403665350 ) ) ;
#5753 = CARTESIAN_POINT ( 'NONE',  ( -2.545045185781714014, 25.33511983741575690, 0.2239141783335576175 ) ) ;
#5754 = PLANE ( 'NONE',  #4164 ) ;
#5755 = CARTESIAN_POINT ( 'NONE',  ( -2.556529308017981617, 24.91633060368377173, 0.1053647486988230492 ) ) ;
#5756 = CARTESIAN_POINT ( 'NONE',  ( -2.001990508618749498, 23.77618412448446961, 0.1046930219293709663 ) ) ;
#5757 = CARTESIAN_POINT ( 'NONE',  ( -1.296365286763038194, 25.73244361221770049, 0.2845766544530674569 ) ) ;
#5758 = CARTESIAN_POINT ( 'NONE',  ( -2.093257475511804522, 25.79355219588616066, 0.4499999999996777689 ) ) ;
#5759 = DIRECTION ( 'NONE',  ( 6.123233995736998996E-17, 3.552713678800503296E-15, 1.000000000000000000 ) ) ;
#5760 = CARTESIAN_POINT ( 'NONE',  ( -2.777173692805181116, 23.87988668431299288, 0.4431827809966963905 ) ) ;
#5761 = CARTESIAN_POINT ( 'NONE',  ( -2.755379755120342722, 25.32272519018090762, 0.3999999999996792233 ) ) ;
#5762 = EDGE_CURVE ( 'NONE', #5216, #1629, #8633, .T. ) ;
#5763 = EDGE_LOOP ( 'NONE', ( #243, #3669, #8433, #8006 ) ) ;
#5764 = CARTESIAN_POINT ( 'NONE',  ( -2.625095719916216819, 24.31932463352047336, 0.1664003277126862856 ) ) ;
#5765 = ORIENTED_EDGE ( 'NONE', *, *, #1728, .F. ) ;
#5766 = CARTESIAN_POINT ( 'NONE',  ( -2.858503937007897289, 25.66622047220959146, 0.4499999999996778799 ) ) ;
#5767 = CARTESIAN_POINT ( 'NONE',  ( -1.090355660360218248, 25.48212342250317519, 0.1645144289748048105 ) ) ;
#5768 = CARTESIAN_POINT ( 'NONE',  ( -0.4962127648133822788, 23.96931512577335610, 0.4024160745421045404 ) ) ;
#5769 = CARTESIAN_POINT ( 'NONE',  ( -1.047480314960560932, 24.01267716535440400, 0.05000000000000000278 ) ) ;
#5770 = CARTESIAN_POINT ( 'NONE',  ( -1.935224341246342572, 23.83034408023717532, 0.000000000000000000 ) ) ;
#5771 = DIRECTION ( 'NONE',  ( 1.000000000000000000, 0.000000000000000000, 0.000000000000000000 ) ) ;
#5772 = ADVANCED_FACE ( 'NONE', ( #3060 ), #6827, .F. ) ;
#5773 = ORIENTED_EDGE ( 'NONE', *, *, #5187, .F. ) ;
#5774 = DIRECTION ( 'NONE',  ( -6.123233995736998996E-17, -3.552713678800503296E-15, -1.000000000000000000 ) ) ;
#5775 = CARTESIAN_POINT ( 'NONE',  ( -0.7864120586916578670, 24.42807645296997521, 0.1062561439690688225 ) ) ;
#5776 = VECTOR ( 'NONE', #1132, 39.37007874015748143 ) ;
#5777 = CARTESIAN_POINT ( 'NONE',  ( -1.067165354330504634, 23.86307086614182182, 0.1406228902936418612 ) ) ;
#5778 = CARTESIAN_POINT ( 'NONE',  ( -1.117548331406724937, 23.93327185161363602, 0.1415809611374442556 ) ) ;
#5779 = ORIENTED_EDGE ( 'NONE', *, *, #1915, .F. ) ;
#5780 = CARTESIAN_POINT ( 'NONE',  ( -0.6296623617799175232, 25.37106618896003596, 0.3999999999996791122 ) ) ;
#5781 = CARTESIAN_POINT ( 'NONE',  ( -1.062606490976486295, 23.71864134342533248, 0.2239266507099789694 ) ) ;
#5782 = CARTESIAN_POINT ( 'NONE',  ( -0.4409849334918356512, 25.04268286596897397, 0.4047314770381783000 ) ) ;
#5783 = ORIENTED_EDGE ( 'NONE', *, *, #4233, .T. ) ;
#5784 = CARTESIAN_POINT ( 'NONE',  ( -2.474980529065419876, 24.94932954319923368, 0.000000000000000000 ) ) ;
#5785 = CARTESIAN_POINT ( 'NONE',  ( -1.366608689140473620, 23.54711518746286458, 0.2853592289602872589 ) ) ;
#5786 = CARTESIAN_POINT ( 'NONE',  ( -2.287637795275386576, 25.42212598425206238, 0.1406228465077922207 ) ) ;
#5787 = CARTESIAN_POINT ( 'NONE',  ( -1.930754192048592888, 25.52598829726821705, 0.1056447532579069537 ) ) ;
#5788 = CARTESIAN_POINT ( 'NONE',  ( -2.661653543307109793, 25.62685039370080986, 0.3999999999996782796 ) ) ;
#5789 = VECTOR ( 'NONE', #5186, 39.37007874015748143 ) ;
#5790 = CARTESIAN_POINT ( 'NONE',  ( -0.7667115618059247018, 23.74504632803261117, 0.3409104885294687026 ) ) ;
#5791 = CARTESIAN_POINT ( 'NONE',  ( -2.029482066541362872, 23.48934458842807871, 0.3999999999996858846 ) ) ;
#5792 = CARTESIAN_POINT ( 'NONE',  ( -1.153188976377882202, 25.27251968503944468, 0.08320441844100680273 ) ) ;
#5793 = CIRCLE ( 'NONE', #699, 0.08070866141732145616 ) ;
#5794 = CARTESIAN_POINT ( 'NONE',  ( -1.134300328130633195, 25.33315144843711053, 0.1241562485417986861 ) ) ;
#5795 = CARTESIAN_POINT ( 'NONE',  ( -2.582558520705697358, 25.28517077786199252, 0.2239141786606806128 ) ) ;
#5796 = DIRECTION ( 'NONE',  ( 6.123233995736998996E-17, 3.552713678800503296E-15, 1.000000000000000000 ) ) ;
#5797 = CARTESIAN_POINT ( 'NONE',  ( -2.702226307202759248, 24.93328291384918316, 0.2254602041798091649 ) ) ;
#5798 = CARTESIAN_POINT ( 'NONE',  ( -2.069646400815845055, 23.55421566310743131, 0.2844478756058365088 ) ) ;
#5799 = CARTESIAN_POINT ( 'NONE',  ( -1.233675062013634971, 25.87706111428574829, 0.4042229671597711849 ) ) ;
#5800 = CARTESIAN_POINT ( 'NONE',  ( -1.342836328138837576, 25.43017918157754664, 0.04995457954652905708 ) ) ;
#5801 = CARTESIAN_POINT ( 'NONE',  ( -0.8576908304457282473, 25.62280038882689581, 0.3999999999996786126 ) ) ;
#5802 = CARTESIAN_POINT ( 'NONE',  ( -2.145839207523090764, 24.02907458716427058, 0.05000000000000000971 ) ) ;
#5803 = CARTESIAN_POINT ( 'NONE',  ( -1.907914369993469528, 25.37390228983852225, 0.04606796101003841903 ) ) ;
#5804 = ORIENTED_EDGE ( 'NONE', *, *, #6472, .F. ) ;
#5805 = AXIS2_PLACEMENT_3D ( 'NONE', #1653, #7393, #5128 ) ;
#5806 = CARTESIAN_POINT ( 'NONE',  ( -2.469665498338031284, 24.33371857440002017, 0.04698538679031041138 ) ) ;
#5807 = ORIENTED_EDGE ( 'NONE', *, *, #8678, .T. ) ;
#5808 = CARTESIAN_POINT ( 'NONE',  ( -0.9036760142681957708, 25.73507451354283404, 0.4432038989961596398 ) ) ;
#5809 = CARTESIAN_POINT ( 'NONE',  ( -0.9848803069414415745, 25.51024197293403262, 0.2239140800849928614 ) ) ;
#5810 = CARTESIAN_POINT ( 'NONE',  ( -0.7176113974917818217, 24.09554424570515252, 0.2230986644376485861 ) ) ;
#5811 = PRODUCT_CONTEXT ( 'NONE', #3258, 'mechanical' ) ;
#5812 = CARTESIAN_POINT ( 'NONE',  ( -0.4407913321372508575, 24.99254869624770947, 0.4051871721221196321 ) ) ;
#5813 = CARTESIAN_POINT ( 'NONE',  ( -2.653634179645298907, 23.90039720822768032, 0.3047247408165972282 ) ) ;
#5814 = CARTESIAN_POINT ( 'NONE',  ( -0.8552881067713539176, 24.85824518537040717, 0.05001246404873829765 ) ) ;
#5815 = DIRECTION ( 'NONE',  ( -0.000000000000000000, -0.000000000000000000, -1.000000000000000000 ) ) ;
#5816 = ORIENTED_EDGE ( 'NONE', *, *, #8691, .F. ) ;
#5817 = CARTESIAN_POINT ( 'NONE',  ( -0.5244965435652628738, 24.25625307732077829, 0.4499999999996830979 ) ) ;
#5818 = CARTESIAN_POINT ( 'NONE',  ( -2.770211259798946557, 23.99294943643362643, 0.4499999999996841527 ) ) ;
#5819 = CARTESIAN_POINT ( 'NONE',  ( -0.5115013956886591551, 24.30759039894487472, 0.3452567068520255855 ) ) ;
#5820 = CARTESIAN_POINT ( 'NONE',  ( -2.830620769156334315, 23.97720371720743060, 0.4431922474509183973 ) ) ;
#5821 = LINE ( 'NONE', #8043, #181 ) ;
#5822 = VECTOR ( 'NONE', #7412, 39.37007874015748143 ) ;
#5823 = EDGE_CURVE ( 'NONE', #3230, #4430, #3017, .T. ) ;
#5824 = VERTEX_POINT ( 'NONE', #3721 ) ;
#5825 = CARTESIAN_POINT ( 'NONE',  ( -2.492080557830191001, 23.54862826100623607, 0.3999999999994774957 ) ) ;
#5826 = CARTESIAN_POINT ( 'NONE',  ( -0.9037883995364524026, 23.51581386212734159, 0.4021155703065971143 ) ) ;
#5827 = VERTEX_POINT ( 'NONE', #5127 ) ;
#5828 = CARTESIAN_POINT ( 'NONE',  ( -0.8087225946710090430, 24.96867367555432438, 0.1065329780125060105 ) ) ;
#5829 = VERTEX_POINT ( 'NONE', #8839 ) ;
#5830 = CARTESIAN_POINT ( 'NONE',  ( -2.155852165568717282, 25.87345965591517327, 0.4038855155986175172 ) ) ;
#5831 = VERTEX_POINT ( 'NONE', #4475 ) ;
#5832 = CARTESIAN_POINT ( 'NONE',  ( -2.456929133858065661, 24.99667416960728161, 0.000000000000000000 ) ) ;
#5833 = B_SPLINE_CURVE_WITH_KNOTS ( 'NONE', 3,
 ( #6532, #93, #8685, #2238, #1539, #1779 ),
 .UNSPECIFIED., .F., .F.,
 ( 4, 2, 4 ),
 ( 5.119887270856140637E-15, 0.0003957721642122067306, 0.0007915443284192936416 ),
 .UNSPECIFIED. ) ;
#5834 = CARTESIAN_POINT ( 'NONE',  ( -2.725141349756391662, 23.91413158618367873, 0.4499999999996845412 ) ) ;
#5835 = CARTESIAN_POINT ( 'NONE',  ( -0.7403703308178618547, 24.92369993804626205, 0.1526318753246211912 ) ) ;
#5836 = CARTESIAN_POINT ( 'NONE',  ( -1.929290277196746395, 25.67086209648083539, 0.2258278075879144309 ) ) ;
#5837 = CARTESIAN_POINT ( 'NONE',  ( -2.830655411549235279, 24.46765890827987633, 0.3999999999996829980 ) ) ;
#5838 = LINE ( 'NONE', #2264, #7210 ) ;
#5839 = CARTESIAN_POINT ( 'NONE',  ( -2.307322834645600285, 24.01267716535440400, 0.2999999999999999889 ) ) ;
#5840 = CARTESIAN_POINT ( 'NONE',  ( -1.051412769726749463, 25.16665694447167212, 0.08103058564336207414 ) ) ;
#5841 = CARTESIAN_POINT ( 'NONE',  ( -2.205059761924163642, 25.24482801116414876, 0.07013124969500497685 ) ) ;
#5842 = CARTESIAN_POINT ( 'NONE',  ( -2.435215349398784035, 25.19677184657082947, 0.1051148103899260944 ) ) ;
#5843 = CARTESIAN_POINT ( 'NONE',  ( -2.701023621653566131, 23.46149606299214696, 0.6074803150392285023 ) ) ;
#5844 = CARTESIAN_POINT ( 'NONE',  ( -2.914154566724968198, 25.02220878165367068, 0.4049534981562400437 ) ) ;
#5845 = CARTESIAN_POINT ( 'NONE',  ( -1.764294173076089267, 23.60417000963633782, 0.2270009310728681451 ) ) ;
#5846 = CARTESIAN_POINT ( 'NONE',  ( -1.290175073403458272, 25.65397849188093105, 0.2243398486463310249 ) ) ;
#5847 = CARTESIAN_POINT ( 'NONE',  ( -2.086143778710549679, 25.79401352792325852, 0.4499999999996777134 ) ) ;
#5848 = CARTESIAN_POINT ( 'NONE',  ( -1.084679729577994856, 25.13828458743187610, 0.04999999999999998196 ) ) ;
#5849 = CARTESIAN_POINT ( 'NONE',  ( -2.665184655989394802, 23.73897038130278503, 0.4431827809966971676 ) ) ;
#5850 = VECTOR ( 'NONE', #7768, 39.37007874015748143 ) ;
#5851 = CARTESIAN_POINT ( 'NONE',  ( -1.258475093200848383, 25.84747599052468914, 0.4432038989961596398 ) ) ;
#5852 = ORIENTED_EDGE ( 'NONE', *, *, #8682, .F. ) ;
#5853 = CARTESIAN_POINT ( 'NONE',  ( -2.633003040970934183, 24.08411132563538715, 0.2241020680090680395 ) ) ;
#5854 = ORIENTED_EDGE ( 'NONE', *, *, #4066, .T. ) ;
#5855 = CARTESIAN_POINT ( 'NONE',  ( -0.9396537149352330864, 25.68420939228239774, 0.3999999999996779465 ) ) ;
#5856 = CARTESIAN_POINT ( 'NONE',  ( -2.559414647227193917, 25.57710178714425808, 0.3453193959892194576 ) ) ;
#5857 = PRODUCT_DEFINITION_FORMATION_WITH_SPECIFIED_SOURCE ( 'ANY', '', #465, .NOT_KNOWN. ) ;
#5858 = CARTESIAN_POINT ( 'NONE',  ( -0.5315528960819236870, 23.89919120562176147, 0.4021607704046286647 ) ) ;
#5859 = CARTESIAN_POINT ( 'NONE',  ( -0.5109390999102840780, 24.95014961047421664, 0.3454552391869770700 ) ) ;
#5860 = CARTESIAN_POINT ( 'NONE',  ( -1.299853588091915757, 23.46149606299216117, 0.3585056008048208565 ) ) ;
#5861 = CARTESIAN_POINT ( 'NONE',  ( -0.8353639810773149099, 24.72710818328338789, 0.05000014952501872362 ) ) ;
#5862 = LINE ( 'NONE', #4366, #854 ) ;
#5863 = VECTOR ( 'NONE', #3422, 39.37007874015748143 ) ;
#5864 = ORIENTED_EDGE ( 'NONE', *, *, #2725, .T. ) ;
#5865 = CARTESIAN_POINT ( 'NONE',  ( -0.6296623247416409663, 23.91413073072804707, 0.3999999999996843303 ) ) ;
#5866 = CARTESIAN_POINT ( 'NONE',  ( -2.823836234872770135, 24.18303610978375673, 0.4499999999996834865 ) ) ;
#5867 = CARTESIAN_POINT ( 'NONE',  ( -0.7244370618105721027, 24.36189428806925861, 0.1655227989650573384 ) ) ;
#5868 = EDGE_CURVE ( 'NONE', #1650, #8238, #8202, .T. ) ;
#5869 = CARTESIAN_POINT ( 'NONE',  ( -2.363894837168730501, 25.71679232012142080, 0.3999999999996787237 ) ) ;
#5870 = CARTESIAN_POINT ( 'NONE',  ( -0.9453657275515924274, 23.98441641423258375, 0.1976093382556701195 ) ) ;
#5871 = CARTESIAN_POINT ( 'NONE',  ( -2.797363826577122126, 25.42083610383100378, 0.3999999999996797784 ) ) ;
#5872 = DIRECTION ( 'NONE',  ( 1.000000000000000000, 0.000000000000000000, 0.000000000000000000 ) ) ;
#5873 = CARTESIAN_POINT ( 'NONE',  ( -0.9799962096848959803, 23.67143433727600055, 0.2833149421318531536 ) ) ;
#5874 = AXIS2_PLACEMENT_3D ( 'NONE', #1041, #6021, #4563 ) ;
#5875 = ORIENTED_EDGE ( 'NONE', *, *, #4367, .F. ) ;
#5876 = CARTESIAN_POINT ( 'NONE',  ( -0.8861217792867689402, 24.95418323396455662, 0.04695053051308666764 ) ) ;
#5877 = EDGE_CURVE ( 'NONE', #5073, #6260, #2191, .T. ) ;
#5878 = CARTESIAN_POINT ( 'NONE',  ( -1.977800465552941089, 25.51798418028522875, 0.1068631621470552684 ) ) ;
#5879 = ORIENTED_EDGE ( 'NONE', *, *, #63, .T. ) ;
#5880 = EDGE_CURVE ( 'NONE', #6665, #5515, #261, .T. ) ;
#5881 = CARTESIAN_POINT ( 'NONE',  ( -1.737538371248817715, 23.79879305662904798, 0.04999990711816791611 ) ) ;
#5882 = B_SPLINE_CURVE_WITH_KNOTS ( 'NONE', 3,
 ( #9032, #570, #6979, #4888, #8284, #1141, #3302, #8334, #3954, #2692, #5510 ),
 .UNSPECIFIED., .F., .F.,
 ( 4, 1, 1, 1, 1, 1, 1, 1, 4 ),
 ( 0.000000000000000000, 0.04116832334593967940, 0.1382656208159931677, 0.2912925868200093027, 0.4999817761123142579, 0.6064714692144805852, 0.7253656002627996147, 0.8565712636143991698, 1.000000000000000000 ),
 .UNSPECIFIED. ) ;
#5883 = CARTESIAN_POINT ( 'NONE',  ( -2.405061759221724493, 23.65527059653461706, 0.3047202297497205725 ) ) ;
#5884 = CARTESIAN_POINT ( 'NONE',  ( -2.701023621653566131, 23.41149606299214625, 0.6074803150392285023 ) ) ;
#5885 = CARTESIAN_POINT ( 'NONE',  ( -2.456929133858051451, 25.18441973250004651, 0.1124227741546727222 ) ) ;
#5886 = CARTESIAN_POINT ( 'NONE',  ( -2.661653543307109793, 23.65834645669293579, 0.1999999999996853184 ) ) ;
#5887 = CARTESIAN_POINT ( 'NONE',  ( -0.6296623247416505142, 23.91413073072805417, 0.3999999999996843303 ) ) ;
#5888 = FACE_OUTER_BOUND ( 'NONE', #2157, .T. ) ;
#5889 = DIRECTION ( 'NONE',  ( -0.000000000000000000, 0.000000000000000000, 1.000000000000000000 ) ) ;
#5890 = CARTESIAN_POINT ( 'NONE',  ( -1.412003807960302781, 23.83261723161870904, 0.05000000000000000971 ) ) ;
#5891 = CARTESIAN_POINT ( 'NONE',  ( -2.248369123648448653, 25.18444871909852978, 0.06072772816381613592 ) ) ;
#5892 = CARTESIAN_POINT ( 'NONE',  ( -2.508534997090353880, 25.24145975446194612, 0.1645144945252342006 ) ) ;
#5893 = CARTESIAN_POINT ( 'NONE',  ( 0.000000000000000000, 23.86307086614182182, 0.05000000000000000278 ) ) ;
#5894 = CARTESIAN_POINT ( 'NONE',  ( -2.568283237028691435, 24.85709740937454626, 0.1061628902162164989 ) ) ;
#5895 = CARTESIAN_POINT ( 'NONE',  ( -2.020265361636680801, 23.40618422182233971, 0.4052246217124170213 ) ) ;
#5896 = CARTESIAN_POINT ( 'NONE',  ( -1.361233503772431241, 25.51141545141699041, 0.1047941453003938400 ) ) ;
#5897 = DIRECTION ( 'NONE',  ( -0.000000000000000000, -0.000000000000000000, -1.000000000000000000 ) ) ;
#5898 = CARTESIAN_POINT ( 'NONE',  ( -2.405869298378916721, 25.69033766491435244, 0.3999999999996781130 ) ) ;
#5899 = CARTESIAN_POINT ( 'NONE',  ( -2.440097593348892868, 23.54284850508959792, 0.4431827809966977227 ) ) ;
#5900 = CARTESIAN_POINT ( 'NONE',  ( -1.422997975068563736, 25.37132216894297443, 0.05000000000000000971 ) ) ;
#5901 = ORIENTED_EDGE ( 'NONE', *, *, #3424, .F. ) ;
#5902 = CARTESIAN_POINT ( 'NONE',  ( -2.767589661819418900, 24.25606814159309366, 0.2852653906764202052 ) ) ;
#5903 = EDGE_LOOP ( 'NONE', ( #7487, #9131 ) ) ;
#5904 = CARTESIAN_POINT ( 'NONE',  ( -0.9640447033957112444, 25.77300113054284125, 0.4432038989961595843 ) ) ;
#5905 = CARTESIAN_POINT ( 'NONE',  ( -2.567133513620714957, 25.56364970983011986, 0.3422667260429179126 ) ) ;
#5906 = CARTESIAN_POINT ( 'NONE',  ( -0.6621073160659506351, 24.27579162898490495, 0.2246191709108412149 ) ) ;
#5907 = CARTESIAN_POINT ( 'NONE',  ( -2.744741926689373557, 25.34942043054611460, 0.3423727391949144550 ) ) ;
#5908 = CARTESIAN_POINT ( 'NONE',  ( -2.153298192798924315, 23.93833732793324032, 0.04350142069259485544 ) ) ;
#5909 = CARTESIAN_POINT ( 'NONE',  ( -2.800820097655085217, 23.86485868837004531, 0.4017286918129600037 ) ) ;
#5910 = CARTESIAN_POINT ( 'NONE',  ( -0.8375719694299552653, 24.75054572836893030, 0.05000000000000000278 ) ) ;
#5911 = DIRECTION ( 'NONE',  ( -6.123233995736998996E-17, -3.552713678800503296E-15, -1.000000000000000000 ) ) ;
#5912 = EDGE_CURVE ( 'NONE', #4967, #6541, #4172, .T. ) ;
#5913 = VECTOR ( 'NONE', #9189, 39.37007874015748143 ) ;
#5914 = CARTESIAN_POINT ( 'NONE',  ( -0.5588209162047442780, 24.05375664750344455, 0.3999999999996837752 ) ) ;
#5915 = PRODUCT_DEFINITION ( 'UNKNOWN', '', #5857, #2304 ) ;
#5916 = ADVANCED_FACE ( 'NONE', ( #4808 ), #6068, .T. ) ;
#5917 = EDGE_CURVE ( 'NONE', #4519, #8343, #6569, .T. ) ;
#5918 = PLANE ( 'NONE',  #3171 ) ;
#5919 = CARTESIAN_POINT ( 'NONE',  ( -0.7754388585845579662, 24.77612199427553819, 0.1070773503328846382 ) ) ;
#5920 = EDGE_CURVE ( 'NONE', #6002, #8778, #6530, .T. ) ;
#5921 = CARTESIAN_POINT ( 'NONE',  ( -2.079113660484649184, 25.79500947437308156, 0.3999999999996773359 ) ) ;
#5922 = CARTESIAN_POINT ( 'NONE',  ( -1.051571010755482316, 23.90682301421757927, 0.1847896715355297759 ) ) ;
#5923 = EDGE_CURVE ( 'NONE', #7591, #1494, #790, .T. ) ;
#5924 = VERTEX_POINT ( 'NONE', #7186 ) ;
#5925 = CARTESIAN_POINT ( 'NONE',  ( -0.9120177574502831286, 23.51025167147711770, 0.4021159820745270341 ) ) ;
#5926 = EDGE_LOOP ( 'NONE', ( #7644, #7148 ) ) ;
#5927 = CARTESIAN_POINT ( 'NONE',  ( -0.8004254968362847222, 24.93655823173330077, 0.1069496762623846214 ) ) ;
#5928 = CARTESIAN_POINT ( 'NONE',  ( -2.040343323904485473, 25.73528387396223138, 0.2855557762477017869 ) ) ;
#5929 = VERTEX_POINT ( 'NONE', #6401 ) ;
#5930 = AXIS2_PLACEMENT_3D ( 'NONE', #2977, #2889, #2176 ) ;
#5931 = CARTESIAN_POINT ( 'NONE',  ( -2.511746653609252089, 24.80043273653051017, 0.000000000000000000 ) ) ;
#5932 = CARTESIAN_POINT ( 'NONE',  ( -2.361005547905595581, 23.79772582108939361, 0.2077124447537467278 ) ) ;
#5933 = B_SPLINE_CURVE_WITH_KNOTS ( 'NONE', 3,
 ( #526, #2740, #6266, #4049 ),
 .UNSPECIFIED., .F., .F.,
 ( 4, 4 ),
 ( 0.02566306707794309069, 0.02907778094053961940 ),
 .UNSPECIFIED. ) ;
#5934 = ADVANCED_FACE ( 'NONE', ( #2907 ), #742, .F. ) ;
#5935 = DIRECTION ( 'NONE',  ( -0.000000000000000000, -0.000000000000000000, -1.000000000000000000 ) ) ;
#5936 = VERTEX_POINT ( 'NONE', #5106 ) ;
#5937 = PLANE ( 'NONE',  #6043 ) ;
#5938 = DIRECTION ( 'NONE',  ( 0.000000000000000000, 1.000000000000000000, -3.620864940369048981E-15 ) ) ;
#5939 = CARTESIAN_POINT ( 'NONE',  ( -2.819834938174508476, 25.12949266622081623, 0.3999999999996800559 ) ) ;
#5940 = CARTESIAN_POINT ( 'NONE',  ( -1.135580449629421951, 25.42212598425210501, 0.1124226954918717686 ) ) ;
#5941 = CARTESIAN_POINT ( 'NONE',  ( -1.106217501775729417, 25.18430256758702512, 0.06076685751698517740 ) ) ;
#5942 = CARTESIAN_POINT ( 'NONE',  ( -0.9664391869681187019, 25.34082126560237214, 0.2059751507093956491 ) ) ;
#5943 = CARTESIAN_POINT ( 'NONE',  ( -2.706295797211377696, 25.40616836444804960, 0.3427135495927708941 ) ) ;
#5944 = DIRECTION ( 'NONE',  ( -6.123233995736998996E-17, -3.552713678800503296E-15, -1.000000000000000000 ) ) ;
#5945 = VECTOR ( 'NONE', #5090, 39.37007874015748143 ) ;
#5946 = CARTESIAN_POINT ( 'NONE',  ( -2.712465725411434381, 24.49009395476534934, 0.2266027775858170945 ) ) ;
#5947 = CARTESIAN_POINT ( 'NONE',  ( -1.911572755021498482, 23.83002247680411045, 0.04584123572140373637 ) ) ;
#5948 = CARTESIAN_POINT ( 'NONE',  ( -1.386687011141098491, 25.51792211805945954, 0.1051272203274720152 ) ) ;
#5949 = CARTESIAN_POINT ( 'NONE',  ( -0.6029159005376647507, 25.37305209996107891, 0.3552561331532464450 ) ) ;
#5950 = VECTOR ( 'NONE', #1167, 39.37007874015748143 ) ;
#5951 = CARTESIAN_POINT ( 'NONE',  ( -2.064113242694821881, 23.48970083252200070, 0.4499999999996858180 ) ) ;
#5952 = CARTESIAN_POINT ( 'NONE',  ( -2.496297423185029452, 23.66338348098502209, 0.3999999999996853850 ) ) ;
#5953 = CARTESIAN_POINT ( 'NONE',  ( -1.902716570364181514, 25.38062649920829017, 0.05000000000000000278 ) ) ;
#5954 = VERTEX_POINT ( 'NONE', #2285 ) ;
#5955 = CARTESIAN_POINT ( 'NONE',  ( -0.4962992125984483915, 25.30605790861334370, 0.3999999999996795008 ) ) ;
#5956 = CARTESIAN_POINT ( 'NONE',  ( -2.509041797232977267, 24.21370001313037079, 0.1055245737978857679 ) ) ;
#5957 = ORIENTED_EDGE ( 'NONE', *, *, #8936, .F. ) ;
#5958 = CARTESIAN_POINT ( 'NONE',  ( -1.128188976377882513, 25.27251968503944468, 0.000000000000000000 ) ) ;
#5959 = LINE ( 'NONE', #8818, #8919 ) ;
#5960 = CARTESIAN_POINT ( 'NONE',  ( -0.5304321206341208184, 24.12849566637144605, 0.3434323272356962220 ) ) ;
#5961 = CARTESIAN_POINT ( 'NONE',  ( -2.829776917703162198, 25.37461908172922520, 0.4021912883578142583 ) ) ;
#5962 = CARTESIAN_POINT ( 'NONE',  ( -2.384264238462428409, 23.57528311418525746, 0.3423726352909370885 ) ) ;
#5963 = CARTESIAN_POINT ( 'NONE',  ( -2.570918225477214047, 24.02408767017542601, 0.2077124414685562748 ) ) ;
#5964 = CARTESIAN_POINT ( 'NONE',  ( -2.557548104275365386, 23.61208517631407489, 0.3940447860413232584 ) ) ;
#5965 = LINE ( 'NONE', #983, #8134 ) ;
#5966 = VECTOR ( 'NONE', #3446, 39.37007874015748143 ) ;
#5967 = ORIENTED_EDGE ( 'NONE', *, *, #1814, .F. ) ;
#5968 = CARTESIAN_POINT ( 'NONE',  ( -0.6079203520640109604, 23.94705570843256126, 0.3999999999996841638 ) ) ;
#5969 = CARTESIAN_POINT ( 'NONE',  ( -2.804532448446744652, 24.08693071988689027, 0.4499999999996837641 ) ) ;
#5970 = CARTESIAN_POINT ( 'NONE',  ( -0.8318172959073373285, 24.63701167841356465, 0.04798974696269918405 ) ) ;
#5971 = CARTESIAN_POINT ( 'NONE',  ( -1.924529543602370829, 25.45722472983784712, 0.05000000000000000971 ) ) ;
#5972 = CARTESIAN_POINT ( 'NONE',  ( -2.128568377260910527, 25.79062339998730025, 0.3999999999996784461 ) ) ;
#5973 = CARTESIAN_POINT ( 'NONE',  ( -2.299319776356802958, 23.46149606299214696, 0.3891711003731261331 ) ) ;
#5974 = CYLINDRICAL_SURFACE ( 'NONE', #7788, 0.1574803149606300579 ) ;
#5975 = EDGE_LOOP ( 'NONE', ( #1323, #7615 ) ) ;
#5976 = CARTESIAN_POINT ( 'NONE',  ( -0.8247026651341089476, 25.21005927614854514, 0.1645258430298192909 ) ) ;
#5977 = CARTESIAN_POINT ( 'NONE',  ( -2.048831844215515119, 25.87930764156317309, 0.4049481829300428104 ) ) ;
#5978 = ORIENTED_EDGE ( 'NONE', *, *, #238, .F. ) ;
#5979 = CARTESIAN_POINT ( 'NONE',  ( -1.567206414972368567, 23.80266825564173772, 0.05008331513627337778 ) ) ;
#5980 = CARTESIAN_POINT ( 'NONE',  ( -2.448942071583989577, 23.68900847300777102, 0.3047195837305112232 ) ) ;
#5981 = CARTESIAN_POINT ( 'NONE',  ( -0.5574392570877733100, 23.86436083771645400, 0.3999999999996844413 ) ) ;
#5982 = ORIENTED_EDGE ( 'NONE', *, *, #1292, .F. ) ;
#5983 = CARTESIAN_POINT ( 'NONE',  ( -2.413031496062929548, 24.00564478341100383, 0.1897231522018211491 ) ) ;
#5984 = CARTESIAN_POINT ( 'NONE',  ( -1.309137549952897661, 23.47727364384761017, 0.3452798068464919545 ) ) ;
#5985 = CARTESIAN_POINT ( 'NONE',  ( -2.825776998949386609, 25.08780008918418147, 0.3999999999996802225 ) ) ;
#5986 = CARTESIAN_POINT ( 'NONE',  ( -2.645663548099129070, 23.81132476922474339, 0.4499999999996845967 ) ) ;
#5987 = CARTESIAN_POINT ( 'NONE',  ( -1.445105028261477020, 25.38078783978237496, 0.05000116307030055135 ) ) ;
#5988 = CARTESIAN_POINT ( 'NONE',  ( -2.202278167601441794, 25.25872900811527089, 0.07616816846199056523 ) ) ;
#5989 = CARTESIAN_POINT ( 'NONE',  ( -2.816799328515540601, 24.13702217999323096, 0.3999999999996836086 ) ) ;
#5990 = LINE ( 'NONE', #3873, #5945 ) ;
#5991 = EDGE_CURVE ( 'NONE', #893, #6026, #9210, .T. ) ;
#5992 = CARTESIAN_POINT ( 'NONE',  ( -2.845996060831589514, 24.51579385161822700, 0.3463992902519367201 ) ) ;
#5993 = CARTESIAN_POINT ( 'NONE',  ( -2.044564413642581346, 23.40589733491252034, 0.4050743640117971389 ) ) ;
#5994 = CARTESIAN_POINT ( 'NONE',  ( -1.356886989806470378, 25.73746344396335672, 0.2852726284182416361 ) ) ;
#5995 = FACE_OUTER_BOUND ( 'NONE', #8129, .T. ) ;
#5996 = CARTESIAN_POINT ( 'NONE',  ( -1.519566972546499084, 25.47694349289059090, 0.000000000000000000 ) ) ;
#5997 = LINE ( 'NONE', #4587, #7830 ) ;
#5998 = CARTESIAN_POINT ( 'NONE',  ( -2.036823076386094389, 25.79585226183164792, 0.3999999999996776134 ) ) ;
#5999 = ORIENTED_EDGE ( 'NONE', *, *, #604, .T. ) ;
#6000 = CARTESIAN_POINT ( 'NONE',  ( -1.052539021112230522, 23.47377834027182075, 0.4431958470681030549 ) ) ;
#6001 = CARTESIAN_POINT ( 'NONE',  ( -2.434635334768480153, 24.25093424712725110, 0.04610940016040736972 ) ) ;
#6002 = VERTEX_POINT ( 'NONE', #6721 ) ;
#6003 = CARTESIAN_POINT ( 'NONE',  ( -2.140153974373041557, 25.35942605035658204, 0.04573843283808877447 ) ) ;
#6004 = CARTESIAN_POINT ( 'NONE',  ( -0.9667716535432394620, 24.01267716535440400, 0.2999999999999999889 ) ) ;
#6005 = CARTESIAN_POINT ( 'NONE',  ( -0.7332464092203946349, 24.31058546367089335, 0.1648664105359045895 ) ) ;
#6006 = EDGE_CURVE ( 'NONE', #4286, #4954, #3139, .T. ) ;
#6007 = CARTESIAN_POINT ( 'NONE',  ( -2.751174124649101493, 25.33912057031189136, 0.3423875135206792542 ) ) ;
#6008 = CARTESIAN_POINT ( 'NONE',  ( -2.261447312791660114, 23.80356965651722589, 0.1630363963996046828 ) ) ;
#6009 = CARTESIAN_POINT ( 'NONE',  ( -2.479634334090293990, 23.90959943761321682, 0.2077122788930301778 ) ) ;
#6010 = VECTOR ( 'NONE', #9058, 39.37007874015748143 ) ;
#6011 = CARTESIAN_POINT ( 'NONE',  ( -2.628271887670408535, 23.76702551309545441, 0.3505764095883522891 ) ) ;
#6012 = CARTESIAN_POINT ( 'NONE',  ( -2.830590541900624313, 24.99467908381546621, 0.3999999999995554889 ) ) ;
#6013 = ADVANCED_FACE ( 'NONE', ( #7420 ), #1032, .T. ) ;
#6014 = ORIENTED_EDGE ( 'NONE', *, *, #4367, .T. ) ;
#6015 = CARTESIAN_POINT ( 'NONE',  ( -0.7783000184011192868, 25.55149703250278037, 0.3407811066922373788 ) ) ;
#6016 = CARTESIAN_POINT ( 'NONE',  ( -2.829162855743214244, 24.23992642853330892, 0.4499999999996833755 ) ) ;
#6017 = CARTESIAN_POINT ( 'NONE',  ( -0.4419576614899064504, 24.89602823463488335, 0.4057186154654462418 ) ) ;
#6018 = CARTESIAN_POINT ( 'NONE',  ( -2.204280206305349932, 24.04057709603164383, 0.06960061496267881676 ) ) ;
#6019 = CARTESIAN_POINT ( 'NONE',  ( -2.671454201025277975, 25.51359060759683572, 0.3707505727743262147 ) ) ;
#6020 = AXIS2_PLACEMENT_3D ( 'NONE', #8752, #6600, #2316 ) ;
#6021 = DIRECTION ( 'NONE',  ( 0.000000000000000000, 1.000000000000000000, 0.000000000000000000 ) ) ;
#6022 = DIRECTION ( 'NONE',  ( 1.000000000000000000, 0.000000000000000000, 0.000000000000000000 ) ) ;
#6023 = ORIENTED_EDGE ( 'NONE', *, *, #3306, .F. ) ;
#6024 = CARTESIAN_POINT ( 'NONE',  ( -0.4511840714280468401, 25.15998874436451516, 0.4035127301634220953 ) ) ;
#6025 = CARTESIAN_POINT ( 'NONE',  ( -2.001305498271007011, 25.59017652269359644, 0.1663929007684192274 ) ) ;
#6026 = VERTEX_POINT ( 'NONE', #7913 ) ;
#6027 = CARTESIAN_POINT ( 'NONE',  ( -0.7675373255614356127, 24.00937947779732795, 0.2228644061703175805 ) ) ;
#6028 = AXIS2_PLACEMENT_3D ( 'NONE', #187, #5260, #841 ) ;
#6029 = CARTESIAN_POINT ( 'NONE',  ( -2.230562862598604923, 23.87412478519802050, 0.1107061662900186566 ) ) ;
#6030 = VECTOR ( 'NONE', #3804, 39.37007874015748143 ) ;
#6031 = DIRECTION ( 'NONE',  ( 6.123233995736998996E-17, 3.552713678800503296E-15, 1.000000000000000000 ) ) ;
#6032 = ORIENTED_EDGE ( 'NONE', *, *, #2258, .T. ) ;
#6033 = LINE ( 'NONE', #8843, #1527 ) ;
#6034 = CARTESIAN_POINT ( 'NONE',  ( -1.351326170489562717, 23.77391951582923824, 0.1065330079790993700 ) ) ;
#6035 = ADVANCED_FACE ( 'NONE', ( #1467 ), #585, .T. ) ;
#6036 = CARTESIAN_POINT ( 'NONE',  ( -2.746887054904683989, 25.33813501713749616, 0.3999999999996793343 ) ) ;
#6037 = CARTESIAN_POINT ( 'NONE',  ( -0.8841965186083127204, 24.96152967426890967, 0.05000000000000021788 ) ) ;
#6038 = FACE_OUTER_BOUND ( 'NONE', #9035, .T. ) ;
#6039 = CARTESIAN_POINT ( 'NONE',  ( -2.763910436391070924, 25.41210328882912606, 0.4381353998082430645 ) ) ;
#6040 = CARTESIAN_POINT ( 'NONE',  ( -2.816799328515540601, 24.13702217999323096, 0.4499999999996836531 ) ) ;
#6041 = ADVANCED_FACE ( 'NONE', ( #4339 ), #762, .F. ) ;
#6042 = EDGE_CURVE ( 'NONE', #1600, #893, #2039, .T. ) ;
#6043 = AXIS2_PLACEMENT_3D ( 'NONE', #2458, #1608, #8149 ) ;
#6044 = FACE_OUTER_BOUND ( 'NONE', #4143, .T. ) ;
#6045 = CARTESIAN_POINT ( 'NONE',  ( -2.777153010841005187, 24.86205601106031438, 0.2860765776356172796 ) ) ;
#6046 = CARTESIAN_POINT ( 'NONE',  ( -2.012432187161505404, 23.47672128974031480, 0.3452383265057771267 ) ) ;
#6047 = EDGE_CURVE ( 'NONE', #8439, #7045, #2047, .T. ) ;
#6048 = CARTESIAN_POINT ( 'NONE',  ( -1.325184201339260293, 25.80812440051998990, 0.3450969318203603864 ) ) ;
#6049 = DIRECTION ( 'NONE',  ( -1.000000000000000000, 1.499307563813103691E-15, 0.000000000000000000 ) ) ;
#6050 = EDGE_CURVE ( 'NONE', #8816, #6726, #1381, .T. ) ;
#6051 = CARTESIAN_POINT ( 'NONE',  ( -2.041505123072931305, 23.48946826724456827, 0.4499999999996858180 ) ) ;
#6052 = CARTESIAN_POINT ( 'NONE',  ( -2.425906388925533008, 25.35067923618668218, 0.1686303756650832930 ) ) ;
#6053 = CARTESIAN_POINT ( 'NONE',  ( -0.4962992125984484471, 24.33536807288390236, 0.3580528576596079815 ) ) ;
#6054 = CARTESIAN_POINT ( 'NONE',  ( -2.226614173228278482, 25.27251968503944468, 0.000000000000000000 ) ) ;
#6055 = CARTESIAN_POINT ( 'NONE',  ( -2.401683371170006520, 24.19180655385678236, 0.04577725361029773288 ) ) ;
#6056 = ORIENTED_EDGE ( 'NONE', *, *, #2880, .F. ) ;
#6057 = CARTESIAN_POINT ( 'NONE',  ( -2.155344141808479108, 25.34937072339765152, 0.04571836125401156081 ) ) ;
#6058 = CARTESIAN_POINT ( 'NONE',  ( -1.677401574321454536, 24.64259847944031634, 0.05000000000000000278 ) ) ;
#6059 = CARTESIAN_POINT ( 'NONE',  ( -0.5188318429172030788, 24.20062305590858998, 0.3441094718574511657 ) ) ;
#6060 = CARTESIAN_POINT ( 'NONE',  ( -2.521695858255343037, 25.21883305661561181, 0.1630423555969542637 ) ) ;
#6061 = CARTESIAN_POINT ( 'NONE',  ( -2.442713039719073720, 23.51047782892053206, 0.4021333260511094077 ) ) ;
#6062 = CARTESIAN_POINT ( 'NONE',  ( -2.672244387713014646, 23.70587369268699618, 0.4017269881774710449 ) ) ;
#6063 = CARTESIAN_POINT ( 'NONE',  ( -2.573126319272811990, 23.72969956853778584, 0.3411056470324872469 ) ) ;
#6064 = CARTESIAN_POINT ( 'NONE',  ( -2.456929133858066550, 25.15362933789340261, 0.1005218291877294501 ) ) ;
#6065 = B_SPLINE_CURVE_WITH_KNOTS ( 'NONE', 3,
 ( #3907, #8237, #2694, #1796, #440, #1098 ),
 .UNSPECIFIED., .F., .F.,
 ( 4, 2, 4 ),
 ( 0.006355776231033501839, 0.007182570006817439942, 0.008009363782601378046 ),
 .UNSPECIFIED. ) ;
#6066 = ADVANCED_FACE ( 'NONE', ( #7785 ), #1338, .T. ) ;
#6067 = CARTESIAN_POINT ( 'NONE',  ( -2.105274090604717596, 24.00037152285388586, 0.04999999999999999584 ) ) ;
#6068 = B_SPLINE_SURFACE_WITH_KNOTS ( 'NONE', 3, 3, ( 
 ( #7489, #5373, #3156, #1148, #1050, #3909, #8943 ),
 ( #6182, #999, #6939, #6027, #9038, #8240, #5321 ),
 ( #6844, #2604, #3355, #6230, #9085, #6794, #8340 ),
 ( #8994, #3862, #2552, #8387, #1896, #346, #2651 ),
 ( #2504, #1946, #1798, #4667, #7537, #1100, #3961 ),
 ( #398, #3257, #3655, #7275, #2235, #8727, #134 ),
 ( #2152, #7983, #8594, #7185, #4852, #1279, #6528 ),
 ( #1447, #7733, #3610, #833, #2996, #741, #5858 ),
 ( #3566, #2864, #4155, #9132, #3701, #5727, #6486 ),
 ( #2947, #5012, #8681, #7025, #45, #90, #2193 ),
 ( #5060, #2284, #7686, #575, #4321, #6574, #2905 ),
 ( #8434, #6442, #1240, #5810, #4415, #4113, #5768 ),
 ( #1489, #9301, #7894, #6983, #8632, #7935, #4362 ),
 ( #1990, #532, #7227, #789, #5557, #5105, #1536 ),
 ( #3399, #6274, #2696, #8819, #5346, #5960, #4551 ),
 ( #8075, #3887, #5201, #8122, #1632, #978, #4644 ),
 ( #7417, #375, #6623, #931, #224, #4501, #179 ),
 ( #3087, #3841, #8216, #321, #2381, #6059, #7367 ),
 ( #6770, #8867, #6719, #2432, #8968, #5151, #3790 ),
 ( #4594, #275, #1079, #5906, #6668, #3233, #3184 ),
 ( #8032, #3136, #6005, #8170, #5251, #1679, #6821 ),
 ( #1584, #5299, #1727, #3938, #7467, #1026, #8918 ),
 ( #2479, #4457, #3745, #1776, #7513, #6109, #7324 ),
 ( #879, #3042, #8772, #2336, #7565, #6868, #3991 ),
 ( #421, #3282, #1123, #4696, #5397, #6157, #8265 ),
 ( #1824, #2528, #6, #7943, #98, #2870, #4933 ),
 ( #8557, #7901, #1497, #2243, #1544, #842, #4243 ),
 ( #4424, #750, #5867, #3617, #143, #51, #5692 ),
 ( #3709, #7151, #7237, #2958, #5069, #5819, #1370 ),
 ( #2116, #4979, #8690, #799, #5114, #7861, #7110 ),
 ( #2912, #5019, #1411, #7193, #7284, #6586, #4327 ),
 ( #4374, #5775, #7995, #3663, #3005, #4289, #2076 ),
 ( #6537, #8600, #7815, #705, #6494, #665, #8640 ),
 ( #2201, #3532, #6407, #3576, #1455, #9268, #2831 ),
 ( #6450, #5733, #2159, #6783, #387, #5311, #988 ),
 ( #5970, #6679, #8180, #6833, #8228, #1788, #8737 ),
 ( #5261, #4654, #1741, #285, #3098, #236, #3800 ),
 ( #7332, #5361, #4607, #8830, #7525, #7478, #4511 ),
 ( #2296, #5919, #4560, #1037, #3897, #3245, #334 ),
 ( #1690, #2391, #889, #3197, #3753, #6633, #7377 ),
 ( #8133, #6074, #8931, #2494, #3146, #1089, #6017 ),
 ( #3950, #5162, #8041, #1591, #4465, #188, #3051 ),
 ( #8782, #3852, #2346, #6730, #5211, #8085, #1641 ),
 ( #941, #7428, #2443, #8880, #2195, #4363, #8034 ),
 ( #6444, #91, #3702, #7985, #5154, #5859, #8730 ),
 ( #4416, #5013, #3611, #1404, #7145, #2949, #4283 ),
 ( #659, #4236, #3525, #8595, #1, #6488, #5812 ),
 ( #3570, #8683, #700, #835, #3656, #2865, #6575 ),
 ( #7229, #7104, #8634, #5728, #2236, #136, #1537 ) ),
 .UNSPECIFIED., .F., .F., .F.,
 ( 4, 3, 3, 3, 3, 3, 3, 3, 3, 3, 3, 3, 3, 3, 3, 3, 4 ),
 ( 4, 3, 4 ),
 ( -0.006321816691766696077, 0.009500061318984976202, 0.02532193932973664935, 0.05696569535123999217, 0.1202532073942466778, 0.2468282314802600630, 0.2784719875017633850, 0.3101157435232667625, 0.3417594995447700845, 0.3575813775555217733, 0.3734032555662734065, 0.4999782796522868056, 0.7531283278243134927, 0.8797033519103268917, 0.9429908639533335357, 0.9746346199748369132, 1.006278375996340291 ),
 ( 0.09909957998792957856, 0.6112662527538940127, 1.123432925519858516 ),
 .UNSPECIFIED. ) ;
#6069 = ORIENTED_EDGE ( 'NONE', *, *, #3513, .T. ) ;
#6070 = CARTESIAN_POINT ( 'NONE',  ( -0.7453545109991539519, 25.52584295669797498, 0.3446681083250520694 ) ) ;
#6071 = PLANE ( 'NONE',  #3602 ) ;
#6072 = DIRECTION ( 'NONE',  ( -6.123233995736998996E-17, -3.552713678800503296E-15, -1.000000000000000000 ) ) ;
#6073 = B_SPLINE_CURVE_WITH_KNOTS ( 'NONE', 3,
 ( #534, #3404, #5559, #1754, #4621, #4855, #8480, #7071 ),
 .UNSPECIFIED., .F., .F.,
 ( 4, 2, 2, 4 ),
 ( 0.000000000000000000, 0.002512698195570619870, 0.003769047293356087448, 0.005025396391141555459 ),
 .UNSPECIFIED. ) ;
#6074 = CARTESIAN_POINT ( 'NONE',  ( -0.7821890271523442850, 24.82782022876351036, 0.1065716394484186175 ) ) ;
#6075 = CARTESIAN_POINT ( 'NONE',  ( -1.671035109228218074, 25.48949430709293651, 0.000000000000000000 ) ) ;
#6076 = CARTESIAN_POINT ( 'NONE',  ( -2.062526974509013566, 25.84712223945184206, 0.4431958260125117288 ) ) ;
#6077 = CARTESIAN_POINT ( 'NONE',  ( -1.920908396034999077, 23.46149606299215407, 0.3579024204185672908 ) ) ;
#6078 = VECTOR ( 'NONE', #553, 39.37007874015748143 ) ;
#6079 = LINE ( 'NONE', #2664, #7538 ) ;
#6080 = VERTEX_POINT ( 'NONE', #3815 ) ;
#6081 = CARTESIAN_POINT ( 'NONE',  ( -0.7293028789697373337, 25.21578910632526771, 0.2240397927636548492 ) ) ;
#6082 = ORIENTED_EDGE ( 'NONE', *, *, #1612, .F. ) ;
#6083 = CARTESIAN_POINT ( 'NONE',  ( -2.353589738079251426, 24.26410644702247055, 0.000000000000000000 ) ) ;
#6084 = EDGE_LOOP ( 'NONE', ( #1097, #709, #1531, #7385, #4716 ) ) ;
#6085 = CARTESIAN_POINT ( 'NONE',  ( -2.415075960161420010, 23.92077534251318127, 0.1698232776027216173 ) ) ;
#6086 = CARTESIAN_POINT ( 'NONE',  ( -2.390160016968138734, 23.64449952791860099, 0.3047204379942331509 ) ) ;
#6087 = ADVANCED_BREP_SHAPE_REPRESENTATION ( '40mm to 60mm', ( #2024, #615 ), #5711 ) ;
#6088 = CARTESIAN_POINT ( 'NONE',  ( -1.717401473116739963, 23.87198040704599222, 0.000000000000000000 ) ) ;
#6089 = ORIENTED_EDGE ( 'NONE', *, *, #7295, .T. ) ;
#6090 = CARTESIAN_POINT ( 'NONE',  ( -0.5553543307090469394, 25.31609515211159334, 0.3646287946875634844 ) ) ;
#6091 = CARTESIAN_POINT ( 'NONE',  ( -1.377002219824919660, 23.76721281530176100, 0.1068631436132744389 ) ) ;
#6092 = CARTESIAN_POINT ( 'NONE',  ( -2.829856637998546365, 25.03285533788426065, 0.4499999999996804334 ) ) ;
#6093 = CARTESIAN_POINT ( 'NONE',  ( -0.6244251899622732527, 25.36335886374915916, 0.4499999999996791011 ) ) ;
#6094 = CARTESIAN_POINT ( 'NONE',  ( -0.4962992125984494463, 25.12517451414134584, 0.3655812747030202092 ) ) ;
#6095 = DIRECTION ( 'NONE',  ( -0.000000000000000000, -0.000000000000000000, -1.000000000000000000 ) ) ;
#6096 = DIRECTION ( 'NONE',  ( 0.000000000000000000, -1.000000000000000000, 3.607743797525527770E-15 ) ) ;
#6097 = CARTESIAN_POINT ( 'NONE',  ( -2.911372136932138588, 24.65103938444611487, 0.4064462260267783789 ) ) ;
#6098 = CARTESIAN_POINT ( 'NONE',  ( -1.415245637068645479, 23.47546968404666501, 0.3457354559785237313 ) ) ;
#6099 = CARTESIAN_POINT ( 'NONE',  ( -1.297792394011560324, 25.87935155647552321, 0.4049534911723936537 ) ) ;
#6100 = CARTESIAN_POINT ( 'NONE',  ( -0.5721013044214767751, 25.32543419496209580, 0.3570581931600414483 ) ) ;
#6101 = LINE ( 'NONE', #1115, #35 ) ;
#6102 = LINE ( 'NONE', #8960, #6786 ) ;
#6103 = DIRECTION ( 'NONE',  ( 6.123233995736998996E-17, 3.552713678800503296E-15, 1.000000000000000000 ) ) ;
#6104 = CARTESIAN_POINT ( 'NONE',  ( -1.205365495684525667, 23.44155872219111103, 0.4431958470681031659 ) ) ;
#6105 = CARTESIAN_POINT ( 'NONE',  ( -2.447132288402243727, 24.10512374581204398, 0.1051140046698817165 ) ) ;
#6106 = EDGE_LOOP ( 'NONE', ( #1701, #6250 ) ) ;
#6107 = CARTESIAN_POINT ( 'NONE',  ( -2.055599590855788694, 25.40600112699640079, 0.04623497610249400341 ) ) ;
#6108 = CARTESIAN_POINT ( 'NONE',  ( -2.284035157106738545, 24.16512495809115890, 0.05000511297865877641 ) ) ;
#6109 = CARTESIAN_POINT ( 'NONE',  ( -0.5129751831964017850, 24.26086533558799729, 0.3447881866947282159 ) ) ;
#6110 = CARTESIAN_POINT ( 'NONE',  ( -2.407413784484268682, 25.07778272033426958, 0.04360676863753055327 ) ) ;
#6111 = CARTESIAN_POINT ( 'NONE',  ( -2.463196417413084482, 23.52394444589914002, 0.4021237492854854434 ) ) ;
#6112 = CARTESIAN_POINT ( 'NONE',  ( -2.656972191206143030, 23.77192913385827922, 0.3630458664076127162 ) ) ;
#6113 = CARTESIAN_POINT ( 'NONE',  ( -1.325320872660492810, 25.79578747166878117, 0.3999999999996326494 ) ) ;
#6114 = DIRECTION ( 'NONE',  ( 6.123233995736998996E-17, 3.552713678800503296E-15, 1.000000000000000000 ) ) ;
#6115 = CARTESIAN_POINT ( 'NONE',  ( -0.8462679677504879594, 24.04373741271176357, 0.1645144956207672260 ) ) ;
#6116 = VECTOR ( 'NONE', #5431, 39.37007874015748143 ) ;
#6117 = ORIENTED_EDGE ( 'NONE', *, *, #3939, .F. ) ;
#6118 = CARTESIAN_POINT ( 'NONE',  ( -2.492922210682507078, 24.39901083834499218, 0.05000269817193834371 ) ) ;
#6119 = CARTESIAN_POINT ( 'NONE',  ( -2.213920980851986631, 25.32241922817471647, 0.1154811967855431248 ) ) ;
#6120 = LINE ( 'NONE', #4706, #54 ) ;
#6121 = CARTESIAN_POINT ( 'NONE',  ( -0.9187364655471025321, 25.19555400374370180, 0.1051155882710062828 ) ) ;
#6122 = CARTESIAN_POINT ( 'NONE',  ( -1.291001326904778868, 25.79550230174490721, 0.3999999999996776134 ) ) ;
#6123 = CARTESIAN_POINT ( 'NONE',  ( -2.779686396243203017, 25.40167241771751350, 0.4431958260125134497 ) ) ;
#6124 = CARTESIAN_POINT ( 'NONE',  ( -2.174627848744338010, 23.46149606299215051, 0.3674055658594656548 ) ) ;
#6125 = DIRECTION ( 'NONE',  ( -6.123233995736998996E-17, -3.552713678800503296E-15, -1.000000000000000000 ) ) ;
#6126 = EDGE_LOOP ( 'NONE', ( #571, #5248, #8188, #6582 ) ) ;
#6127 = CARTESIAN_POINT ( 'NONE',  ( -0.6912839803164151364, 25.12818907455046258, 0.2245551752253788502 ) ) ;
#6128 = ORIENTED_EDGE ( 'NONE', *, *, #3236, .F. ) ;
#6129 = VECTOR ( 'NONE', #4903, 39.37007874015748143 ) ;
#6130 = CARTESIAN_POINT ( 'NONE',  ( -1.857259497128594061, 23.89219636523229084, 0.05030735097768035402 ) ) ;
#6131 = VERTEX_POINT ( 'NONE', #2260 ) ;
#6132 = DIRECTION ( 'NONE',  ( 0.000000000000000000, 0.000000000000000000, 1.000000000000000000 ) ) ;
#6133 = ADVANCED_FACE ( 'NONE', ( #296 ), #1782, .T. ) ;
#6134 = CARTESIAN_POINT ( 'NONE',  ( -2.795983519796574779, 25.23143604400513240, 0.3999999999996797229 ) ) ;
#6135 = CARTESIAN_POINT ( 'NONE',  ( -2.561719275022814379, 23.60436343552394689, 0.3999999999996855515 ) ) ;
#6136 = ORIENTED_EDGE ( 'NONE', *, *, #1569, .T. ) ;
#6137 = CARTESIAN_POINT ( 'NONE',  ( -0.4763344974965172396, 24.46026352841596818, 0.4432038691916607154 ) ) ;
#6138 = CARTESIAN_POINT ( 'NONE',  ( -1.388766718682389989, 23.68903471478045830, 0.1668313926574508110 ) ) ;
#6139 = CARTESIAN_POINT ( 'NONE',  ( -2.828378577579977460, 25.06055430341586288, 0.3999999999996803335 ) ) ;
#6140 = CARTESIAN_POINT ( 'NONE',  ( -2.699172896160636270, 23.87846535251918212, 0.4499999999996846523 ) ) ;
#6141 = CARTESIAN_POINT ( 'NONE',  ( -2.858503937007897289, 25.30561980102896413, 0.3999999999996796118 ) ) ;
#6142 = AXIS2_PLACEMENT_3D ( 'NONE', #6788, #7432, #3102 ) ;
#6143 = CARTESIAN_POINT ( 'NONE',  ( -0.8367480064890979730, 24.05811251137888362, 0.2249999999998421596 ) ) ;
#6144 = CARTESIAN_POINT ( 'NONE',  ( -2.661841627056202864, 23.95803168754179069, 0.2856934909917137055 ) ) ;
#6145 = CARTESIAN_POINT ( 'NONE',  ( -2.913689264293658709, 24.31687957165767600, 0.4053315641671281777 ) ) ;
#6146 = CARTESIAN_POINT ( 'NONE',  ( -1.571777615033087105, 23.67168419858849049, 0.1670237239506695004 ) ) ;
#6147 = CARTESIAN_POINT ( 'NONE',  ( -1.497211761858515011, 25.53876802266212920, 0.1065547476757445350 ) ) ;
#6148 = CARTESIAN_POINT ( 'NONE',  ( -2.587199879888267606, 25.27577189194926532, 0.2228088107553886643 ) ) ;
#6149 = FACE_OUTER_BOUND ( 'NONE', #6126, .T. ) ;
#6150 = DIRECTION ( 'NONE',  ( 1.000000000000000000, 1.029173539585701576E-10, 0.000000000000000000 ) ) ;
#6151 = DIRECTION ( 'NONE',  ( -6.123233995736998996E-17, -3.552713678800503296E-15, -1.000000000000000000 ) ) ;
#6152 = CARTESIAN_POINT ( 'NONE',  ( -1.455367816823252891, 23.90356871842095288, 0.05000000000000000278 ) ) ;
#6153 = CARTESIAN_POINT ( 'NONE',  ( -1.396300155050495873, 23.70556721315291782, 0.1526318738726807345 ) ) ;
#6154 = ORIENTED_EDGE ( 'NONE', *, *, #2032, .T. ) ;
#6155 = CARTESIAN_POINT ( 'NONE',  ( -2.192953656682160801, 25.61824081108614237, 0.2243259604436212695 ) ) ;
#6156 = CARTESIAN_POINT ( 'NONE',  ( -2.858503937007897289, 23.61897637812343476, 0.4499999999996818767 ) ) ;
#6157 = CARTESIAN_POINT ( 'NONE',  ( -0.5120406906167512817, 24.28450742390129946, 0.3450526832514379527 ) ) ;
#6158 = EDGE_CURVE ( 'NONE', #8827, #2965, #112, .T. ) ;
#6159 = CARTESIAN_POINT ( 'NONE',  ( -2.467455926112906539, 24.94904226417410698, 0.04478677261368887996 ) ) ;
#6160 = CARTESIAN_POINT ( 'NONE',  ( -2.010388345989766012, 23.77858083660416000, 0.1045922635642757281 ) ) ;
#6161 = CARTESIAN_POINT ( 'NONE',  ( -1.097224256559869993, 25.48425444153745545, 0.1630394523088072034 ) ) ;
#6162 = CARTESIAN_POINT ( 'NONE',  ( -1.259515634777474302, 25.79358043642830012, 0.3999999999996776134 ) ) ;
#6163 = CARTESIAN_POINT ( 'NONE',  ( -2.127622535291217254, 23.49445157716371568, 0.3999999999996859401 ) ) ;
#6164 = CARTESIAN_POINT ( 'NONE',  ( -0.9233623925609005800, 23.94857146505329126, 0.1645144962943314859 ) ) ;
#6165 = ORIENTED_EDGE ( 'NONE', *, *, #1748, .T. ) ;
#6166 = CARTESIAN_POINT ( 'NONE',  ( -2.031477255734317922, 23.86307086614182182, 0.000000000000000000 ) ) ;
#6167 = CARTESIAN_POINT ( 'NONE',  ( -2.303206719312067552, 25.37836952768526189, 0.1847760498609748447 ) ) ;
#6168 = CARTESIAN_POINT ( 'NONE',  ( -1.273970838608456280, 23.49088072271258554, 0.4499999999996859290 ) ) ;
#6169 = CARTESIAN_POINT ( 'NONE',  ( -0.7062375035371620813, 25.34000369377275774, 0.2833148050376845806 ) ) ;
#6170 = EDGE_CURVE ( 'NONE', #6972, #7542, #2313, .T. ) ;
#6171 = FACE_OUTER_BOUND ( 'NONE', #7534, .T. ) ;
#6172 = CARTESIAN_POINT ( 'NONE',  ( -2.730046480376667972, 25.36401043102812736, 0.3999999999996792233 ) ) ;
#6173 = LINE ( 'NONE', #9031, #2744 ) ;
#6174 = CARTESIAN_POINT ( 'NONE',  ( -0.9197666661201102656, 24.79387022042420341, 0.04999846986074692884 ) ) ;
#6175 = B_SPLINE_CURVE_WITH_KNOTS ( 'NONE', 3,
 ( #2461, #5474, #9046, #1759, #4626, #3216, #2511, #2560, #5427, #8347 ),
 .UNSPECIFIED., .F., .F.,
 ( 4, 2, 2, 2, 4 ),
 ( 0.000000000000000000, 0.001669863690259623060, 0.002504795535389434374, 0.003339727380519246121, 0.006679454761038663979 ),
 .UNSPECIFIED. ) ;
#6176 = ORIENTED_EDGE ( 'NONE', *, *, #4060, .F. ) ;
#6178 = EDGE_CURVE ( 'NONE', #8439, #6962, #4913, .T. ) ;
#6177 = CARTESIAN_POINT ( 'NONE',  ( -0.6276760039439009953, 25.19684550272051737, 0.2837601660137161752 ) ) ;
#6179 = ORIENTED_EDGE ( 'NONE', *, *, #3281, .F. ) ;
#6180 = CARTESIAN_POINT ( 'NONE',  ( -2.273230260151201332, 24.14714431551231755, 0.000000000000000000 ) ) ;
#6181 = ORIENTED_EDGE ( 'NONE', *, *, #5734, .T. ) ;
#6182 = CARTESIAN_POINT ( 'NONE',  ( -0.9797692456141873230, 24.15673359818694266, 0.04360405986579713594 ) ) ;
#6183 = CARTESIAN_POINT ( 'NONE',  ( -2.412501827810586974, 24.40769346315908450, 0.04999999999999999584 ) ) ;
#6184 = CARTESIAN_POINT ( 'NONE',  ( -2.078315521869229077, 23.49064311121287574, 0.4499999999996858735 ) ) ;
#6185 = ORIENTED_EDGE ( 'NONE', *, *, #5345, .T. ) ;
#6186 = CARTESIAN_POINT ( 'NONE',  ( -0.4773980797131961440, 24.64259837755653493, 0.4432038691916603823 ) ) ;
#6187 = CARTESIAN_POINT ( 'NONE',  ( -1.300172250712605893, 23.47765913995221609, 0.3451969910143262155 ) ) ;
#6188 = ADVANCED_FACE ( 'NONE', ( #3675 ), #155, .F. ) ;
#6189 = CARTESIAN_POINT ( 'NONE',  ( -2.794791130772062537, 25.23127538761455924, 0.4499999999996797673 ) ) ;
#6190 = CARTESIAN_POINT ( 'NONE',  ( -2.686477327570239826, 23.86165163144863754, 0.4499999999996846523 ) ) ;
#6191 = CIRCLE ( 'NONE', #6948, 0.2074803149606297969 ) ;
#6192 = CARTESIAN_POINT ( 'NONE',  ( -0.4962992125984490022, 25.00692825452789947, 0.3583007192038993871 ) ) ;
#6193 = CARTESIAN_POINT ( 'NONE',  ( -2.824454148585428648, 24.18393108635127575, 0.3999999999996834976 ) ) ;
#6194 = CARTESIAN_POINT ( 'NONE',  ( -0.8978740157478206640, 24.10077759762090821, 0.1124226149789541301 ) ) ;
#6195 = CARTESIAN_POINT ( 'NONE',  ( -2.638626952756127686, 24.42551200812188128, 0.1661454363902840903 ) ) ;
#6196 = CARTESIAN_POINT ( 'NONE',  ( -1.437871974850004619, 23.47516697426381427, 0.3458698737197937190 ) ) ;
#6197 = FACE_OUTER_BOUND ( 'NONE', #4932, .T. ) ;
#6198 = CARTESIAN_POINT ( 'NONE',  ( -1.670884765723652965, 25.61753829090791967, 0.1674058559646416089 ) ) ;
#6199 = ADVANCED_FACE ( 'NONE', ( #3112 ), #8749, .F. ) ;
#6200 = CARTESIAN_POINT ( 'NONE',  ( -0.9417716535432394398, 24.01267716535439689, 0.1865636280395873980 ) ) ;
#6201 = DIRECTION ( 'NONE',  ( 6.123233995736998996E-17, 3.552713678800503296E-15, 1.000000000000000000 ) ) ;
#6202 = CARTESIAN_POINT ( 'NONE',  ( -2.307322834645600285, 25.27251968503944468, 0.2999999999999999889 ) ) ;
#6203 = AXIS2_PLACEMENT_3D ( 'NONE', #5738, #6454, #11 ) ;
#6204 = EDGE_CURVE ( 'NONE', #8785, #1793, #1317, .T. ) ;
#6205 = DIRECTION ( 'NONE',  ( -1.000000000000000000, 0.000000000000000000, 0.000000000000000000 ) ) ;
#6206 = CARTESIAN_POINT ( 'NONE',  ( -2.457557477884895647, 24.12051774082539168, 0.1051230036568637782 ) ) ;
#6207 = VERTEX_POINT ( 'NONE', #954 ) ;
#6208 = CARTESIAN_POINT ( 'NONE',  ( -2.199858798923086223, 25.78743710374929776, 0.3437197618737983240 ) ) ;
#6209 = CARTESIAN_POINT ( 'NONE',  ( -2.190727827015115370, 24.06463281474981741, 0.05000092169689981936 ) ) ;
#6210 = CARTESIAN_POINT ( 'NONE',  ( -2.612830763047609306, 25.01183634351134799, 0.1643673171332562521 ) ) ;
#6211 = CARTESIAN_POINT ( 'NONE',  ( -2.055915362876958419, 23.70967218865910908, 0.1642704780630369898 ) ) ;
#6212 = CARTESIAN_POINT ( 'NONE',  ( -1.018147008083637672, 25.63824123659203025, 0.2825998530315588231 ) ) ;
#6213 = CARTESIAN_POINT ( 'NONE',  ( -0.9583736678721678226, 25.69657137003870773, 0.3999999999996779465 ) ) ;
#6214 = CARTESIAN_POINT ( 'NONE',  ( -2.040922282819435551, 23.96171598660386692, 0.04999999999999999584 ) ) ;
#6215 = CARTESIAN_POINT ( 'NONE',  ( -0.8858248977188855067, 23.99234908336228500, 0.1645144934528089409 ) ) ;
#6216 = ORIENTED_EDGE ( 'NONE', *, *, #6579, .F. ) ;
#6217 = CARTESIAN_POINT ( 'NONE',  ( -2.501000625827574986, 24.85114639878830545, 0.04999998958303348423 ) ) ;
#6218 = CARTESIAN_POINT ( 'NONE',  ( -2.289596306044112239, 25.37695579841657789, 0.1779429101867894547 ) ) ;
#6219 = CARTESIAN_POINT ( 'NONE',  ( -0.6163031052795592268, 25.35140593376717177, 0.3999999999996791678 ) ) ;
#6220 = CARTESIAN_POINT ( 'NONE',  ( -0.7238176363777403255, 25.62186499664472095, 0.4021130331954237969 ) ) ;
#6221 = LINE ( 'NONE', #4800, #16 ) ;
#6222 = CARTESIAN_POINT ( 'NONE',  ( -0.4962992125984483915, 23.97957799942566481, 0.3999999999996842193 ) ) ;
#6223 = CARTESIAN_POINT ( 'NONE',  ( -0.8676137485193833321, 24.37722519188166714, 0.04999769089971470293 ) ) ;
#6224 = CARTESIAN_POINT ( 'NONE',  ( -2.797094578466718051, 23.86396724336218611, 0.3999999999996845523 ) ) ;
#6225 = ORIENTED_EDGE ( 'NONE', *, *, #4338, .F. ) ;
#6226 = CARTESIAN_POINT ( 'NONE',  ( -0.5397049996722389498, 25.39944938743527914, 0.4021286444007811656 ) ) ;
#6227 = EDGE_LOOP ( 'NONE', ( #8000, #9298, #7233, #7930, #4057 ) ) ;
#6228 = CARTESIAN_POINT ( 'NONE',  ( -2.055931587228095214, 23.96643157642020938, 0.000000000000000000 ) ) ;
#6229 = VERTEX_POINT ( 'NONE', #5981 ) ;
#6230 = CARTESIAN_POINT ( 'NONE',  ( -0.7647533907397751074, 24.01351245048947547, 0.2228670937204398073 ) ) ;
#6231 = EDGE_CURVE ( 'NONE', #1793, #8785, #9269, .T. ) ;
#6232 = CARTESIAN_POINT ( 'NONE',  ( -2.881894675748830625, 24.27626581393120730, 0.4431922474509173426 ) ) ;
#6233 = CARTESIAN_POINT ( 'NONE',  ( -2.087374502277129729, 23.49115959310384838, 0.4499999999996859290 ) ) ;
#6234 = ORIENTED_EDGE ( 'NONE', *, *, #7028, .F. ) ;
#6235 = CARTESIAN_POINT ( 'NONE',  ( -0.9705924402525305528, 24.33248701008895054, 0.05000000000000000971 ) ) ;
#6236 = CARTESIAN_POINT ( 'NONE',  ( -1.200544107478934031, 23.74104001852690615, 0.1648916281064772560 ) ) ;
#6237 = CARTESIAN_POINT ( 'NONE',  ( -2.808490747860278969, 25.18321786337060431, 0.4499999999996799893 ) ) ;
#6238 = CARTESIAN_POINT ( 'NONE',  ( -2.691218137625851270, 23.86790364075262261, 0.4499999999996846523 ) ) ;
#6239 = DIRECTION ( 'NONE',  ( 0.000000000000000000, 0.000000000000000000, -1.000000000000000000 ) ) ;
#6240 = AXIS2_PLACEMENT_3D ( 'NONE', #5281, #2318, #3728 ) ;
#6241 = CARTESIAN_POINT ( 'NONE',  ( -0.9417716535432394398, 24.01267716535440400, 0.2999999999999999889 ) ) ;
#6242 = CARTESIAN_POINT ( 'NONE',  ( -1.398524480591525343, 23.54552443658952399, 0.2856217738224227642 ) ) ;
#6243 = CARTESIAN_POINT ( 'NONE',  ( -2.498357870675199432, 23.66486578149553921, 0.3999999999996852740 ) ) ;
#6244 = CARTESIAN_POINT ( 'NONE',  ( -1.741195053845036700, 25.54933267760210569, 0.1073704350931142110 ) ) ;
#6245 = CARTESIAN_POINT ( 'NONE',  ( -1.024843680232716547, 24.11613781656549804, 0.09633946626631421928 ) ) ;
#6246 = CARTESIAN_POINT ( 'NONE',  ( -0.5804205814207545888, 24.00245712064318937, 0.4499999999996840416 ) ) ;
#6247 = CARTESIAN_POINT ( 'NONE',  ( -1.924529543602361059, 25.45722472983784357, 0.05000000000000029421 ) ) ;
#6248 = CARTESIAN_POINT ( 'NONE',  ( -0.6971995806260287143, 23.82288772137142274, 0.3999999999996842193 ) ) ;
#6249 = CARTESIAN_POINT ( 'NONE',  ( -2.742112517634453184, 23.93037951632961935, 0.3427238214097560465 ) ) ;
#6250 = ORIENTED_EDGE ( 'NONE', *, *, #7996, .T. ) ;
#6251 = CARTESIAN_POINT ( 'NONE',  ( -2.280775076123824352, 25.47044665465093516, 0.1645153032067232235 ) ) ;
#6252 = CARTESIAN_POINT ( 'NONE',  ( -0.6931496062992357210, 23.56976377952758028, 0.4499999999996855404 ) ) ;
#6253 = AXIS2_PLACEMENT_3D ( 'NONE', #797, #6239, #2956 ) ;
#6254 = CARTESIAN_POINT ( 'NONE',  ( -2.548484192197130405, 24.95030999629417678, 0.1049005776212275504 ) ) ;
#6255 = CARTESIAN_POINT ( 'NONE',  ( -2.179014024385375503, 23.85257502630984661, 0.1033086901312059852 ) ) ;
#6256 = CARTESIAN_POINT ( 'NONE',  ( -1.155158777885903598, 25.51965947292785586, 0.1631702110779103265 ) ) ;
#6257 = CARTESIAN_POINT ( 'NONE',  ( -1.190574520037036343, 25.78504330037629799, 0.3999999999996776689 ) ) ;
#6258 = CARTESIAN_POINT ( 'NONE',  ( -0.4729019409872202151, 25.01032426253659580, 0.4431958362722971945 ) ) ;
#6259 = CARTESIAN_POINT ( 'NONE',  ( -0.8208042797987614714, 23.80846627522949532, 0.2833138640625906812 ) ) ;
#6260 = VERTEX_POINT ( 'NONE', #5275 ) ;
#6261 = CARTESIAN_POINT ( 'NONE',  ( -2.516198385773857016, 24.75971677075580502, 0.05000348989487328477 ) ) ;
#6262 = CARTESIAN_POINT ( 'NONE',  ( -2.201614173228279014, 25.27925625742060234, 0.08679717968462380417 ) ) ;
#6263 = DIRECTION ( 'NONE',  ( -0.000000000000000000, -0.000000000000000000, 1.000000000000000000 ) ) ;
#6264 = CARTESIAN_POINT ( 'NONE',  ( -1.047772194560160797, 25.22035802611429034, 0.04571512139032990474 ) ) ;
#6265 = CARTESIAN_POINT ( 'NONE',  ( -2.456929133858064329, 24.05498417087191854, 0.1309989713880686246 ) ) ;
#6266 = CARTESIAN_POINT ( 'NONE',  ( -2.744455652152455460, 25.49309244772215877, 0.3999999999994325872 ) ) ;
#6267 = CARTESIAN_POINT ( 'NONE',  ( -2.524297413595603334, 24.64896445042894868, 0.000000000000000000 ) ) ;
#6268 = CIRCLE ( 'NONE', #2342, 0.7716554965814558242 ) ;
#6269 = CARTESIAN_POINT ( 'NONE',  ( -0.4962992125984483915, 25.39456692907831226, 0.4499999999996821543 ) ) ;
#6270 = CIRCLE ( 'NONE', #4605, 0.08070866141732173371 ) ;
#6271 = EDGE_LOOP ( 'NONE', ( #4564, #6089, #5076, #2818 ) ) ;
#6272 = CARTESIAN_POINT ( 'NONE',  ( -1.926279671873952548, 23.90874131079636555, 0.000000000000000000 ) ) ;
#6273 = ORIENTED_EDGE ( 'NONE', *, *, #7999, .F. ) ;
#6274 = CARTESIAN_POINT ( 'NONE',  ( -0.8291199348311987238, 24.25967236452869713, 0.1041329237209047825 ) ) ;
#6275 = CARTESIAN_POINT ( 'NONE',  ( -2.876011690286872202, 24.27805488371100751, 0.4382308758287529749 ) ) ;
#6276 = CARTESIAN_POINT ( 'NONE',  ( -2.040092579748002066, 23.48945373668937009, 0.4499999999996860955 ) ) ;
#6277 = ORIENTED_EDGE ( 'NONE', *, *, #6924, .T. ) ;
#6278 = CARTESIAN_POINT ( 'NONE',  ( -0.6337073150918920428, 23.90800519561347315, 0.3999999999996843303 ) ) ;
#6279 = CARTESIAN_POINT ( 'NONE',  ( -1.282887414141870686, 23.71151515733892268, 0.1655811971418617023 ) ) ;
#6280 = AXIS2_PLACEMENT_3D ( 'NONE', #6693, #3062, #3158 ) ;
#6281 = CARTESIAN_POINT ( 'NONE',  ( -2.446557474983110936, 23.51666157529596290, 0.3999999999996858291 ) ) ;
#6282 = CARTESIAN_POINT ( 'NONE',  ( -0.8674203549891030818, 24.90799623894182346, 0.05000000000000151545 ) ) ;
#6283 = CARTESIAN_POINT ( 'NONE',  ( -1.996567761722717327, 25.43572589060687861, 0.000000000000000000 ) ) ;
#6284 = EDGE_CURVE ( 'NONE', #2637, #4369, #4052, .T. ) ;
#6285 = FACE_OUTER_BOUND ( 'NONE', #6818, .T. ) ;
#6286 = CARTESIAN_POINT ( 'NONE',  ( -1.440988175155942796, 23.75597955185352106, 0.1058686062450776150 ) ) ;
#6287 = CARTESIAN_POINT ( 'NONE',  ( -2.583257285520938584, 23.74331277429409326, 0.3999999999996849964 ) ) ;
#6288 = CARTESIAN_POINT ( 'NONE',  ( -1.801761553754707812, 25.47778315535886406, 0.04719749760369910258 ) ) ;
#6289 = CARTESIAN_POINT ( 'NONE',  ( -2.287637795275386576, 25.25283464566938108, 0.000000000000000000 ) ) ;
#6290 = FACE_OUTER_BOUND ( 'NONE', #5763, .T. ) ;
#6291 = CARTESIAN_POINT ( 'NONE',  ( -2.310969813285924435, 24.20209462217187379, 0.05000007026372783187 ) ) ;
#6292 = ORIENTED_EDGE ( 'NONE', *, *, #4809, .T. ) ;
#6293 = EDGE_CURVE ( 'NONE', #2449, #5635, #1898, .T. ) ;
#6294 = CARTESIAN_POINT ( 'NONE',  ( -1.042854385742866041, 24.20350280216081273, 0.05000000000000000278 ) ) ;
#6295 = CARTESIAN_POINT ( 'NONE',  ( -0.6931496062992357210, 25.62685039370080986, 0.1999999999996782130 ) ) ;
#6296 = CARTESIAN_POINT ( 'NONE',  ( -2.312092040644687874, 25.55321716420193567, 0.2239160309205187327 ) ) ;
#6297 = LINE ( 'NONE', #6820, #5620 ) ;
#6298 = CARTESIAN_POINT ( 'NONE',  ( -2.749745676436833985, 25.12368699048360554, 0.2835696875166466291 ) ) ;
#6299 = CARTESIAN_POINT ( 'NONE',  ( -2.125719221195455422, 23.64496085257150781, 0.2237269461682387384 ) ) ;
#6300 = CARTESIAN_POINT ( 'NONE',  ( -1.269998528370477553, 25.38788558881795154, 0.04377309769289120661 ) ) ;
#6301 = DIRECTION ( 'NONE',  ( 6.123233995736998996E-17, 3.552713678800503296E-15, 1.000000000000000000 ) ) ;
#6302 = CARTESIAN_POINT ( 'NONE',  ( -1.859736114695556886, 23.44153133334250327, 0.4432038780669224631 ) ) ;
#6303 = CARTESIAN_POINT ( 'NONE',  ( -0.7594694741694817397, 23.74874034039090631, 0.3427135490654661942 ) ) ;
#6304 = CARTESIAN_POINT ( 'NONE',  ( -2.308288352057104920, 25.08695884437417334, 0.05000000000000000278 ) ) ;
#6305 = ORIENTED_EDGE ( 'NONE', *, *, #775, .T. ) ;
#6306 = CARTESIAN_POINT ( 'NONE',  ( -2.459061279332432459, 24.99147490523636250, 0.05000000000000000278 ) ) ;
#6307 = CARTESIAN_POINT ( 'NONE',  ( -0.8305058419064993425, 24.63620977498122855, 0.05000000000000151545 ) ) ;
#6308 = EDGE_CURVE ( 'NONE', #4987, #1687, #5615, .T. ) ;
#6309 = CARTESIAN_POINT ( 'NONE',  ( -0.8411281682877438381, 25.23426743380590054, 0.1645158365914099474 ) ) ;
#6310 = B_SPLINE_CURVE_WITH_KNOTS ( 'NONE', 3,
 ( #3408, #6281, #9138, #2702, #8442, #4161, #7033, #1997 ),
 .UNSPECIFIED., .F., .F.,
 ( 4, 2, 2, 4 ),
 ( 0.0001744491569009430263, 0.001002953282703871601, 0.001831457408506800312, 0.003488465660112519823 ),
 .UNSPECIFIED. ) ;
#6311 = B_SPLINE_CURVE_WITH_KNOTS ( 'NONE', 3,
 ( #6787, #8332, #338, #1888, #3855, #4755 ),
 .UNSPECIFIED., .F., .F.,
 ( 4, 2, 4 ),
 ( 0.0009136800717492776823, 0.001187086423269673608, 0.001460492774790069642 ),
 .UNSPECIFIED. ) ;
#6312 = DIRECTION ( 'NONE',  ( -0.000000000000000000, -0.000000000000000000, 1.000000000000000000 ) ) ;
#6313 = CARTESIAN_POINT ( 'NONE',  ( -2.473975634472608931, 25.71881035881358457, 0.4431958260125122839 ) ) ;
#6314 = CARTESIAN_POINT ( 'NONE',  ( -0.8978740157478255490, 24.28852276074500338, 0.05000000000000000278 ) ) ;
#6315 = CARTESIAN_POINT ( 'NONE',  ( -1.323325749849092015, 25.42212598425206238, 0.000000000000000000 ) ) ;
#6316 = VERTEX_POINT ( 'NONE', #6135 ) ;
#6317 = CARTESIAN_POINT ( 'NONE',  ( -0.9693207649274259152, 25.39110324010571773, 0.1686303750659174372 ) ) ;
#6318 = ORIENTED_EDGE ( 'NONE', *, *, #4656, .F. ) ;
#6319 = DIRECTION ( 'NONE',  ( 0.000000000000000000, -1.000000000000000000, 3.469446965119653393E-15 ) ) ;
#6320 = DIRECTION ( 'NONE',  ( -0.000000000000000000, -0.000000000000000000, -1.000000000000000000 ) ) ;
#6321 = ORIENTED_EDGE ( 'NONE', *, *, #9257, .F. ) ;
#6322 = CARTESIAN_POINT ( 'NONE',  ( -0.5624253551715402422, 24.04589348198070553, 0.3999999999996827205 ) ) ;
#6323 = CARTESIAN_POINT ( 'NONE',  ( -1.180041436464175808, 23.84683297571021399, 0.1051726153580928996 ) ) ;
#6324 = CARTESIAN_POINT ( 'NONE',  ( -2.745478961650456462, 25.33947422659349868, 0.4499999999996793787 ) ) ;
#6325 = DIRECTION ( 'NONE',  ( 6.123233995736998996E-17, 3.552713678800503296E-15, 1.000000000000000000 ) ) ;
#6326 = CARTESIAN_POINT ( 'NONE',  ( -0.5319737865760126860, 24.17462662498267889, 0.3999999999996833311 ) ) ;
#6327 = CARTESIAN_POINT ( 'NONE',  ( -1.983940119886521414, 23.84539046763959291, 0.04999998100491612890 ) ) ;
#6328 = CARTESIAN_POINT ( 'NONE',  ( -1.375903432295702000, 23.61874444106594950, 0.2253479245531663233 ) ) ;
#6329 = EDGE_CURVE ( 'NONE', #4410, #8233, #1851, .T. ) ;
#6330 = CARTESIAN_POINT ( 'NONE',  ( -1.412003807960302781, 23.83261723161870904, 0.000000000000000000 ) ) ;
#6331 = CARTESIAN_POINT ( 'NONE',  ( -1.790055484542919073, 25.67940993864086607, 0.2268150545142247898 ) ) ;
#6332 = VECTOR ( 'NONE', #680, 39.37007874015748143 ) ;
#6333 = CYLINDRICAL_SURFACE ( 'NONE', #2724, 0.08070866141732870036 ) ;
#6334 = CARTESIAN_POINT ( 'NONE',  ( -2.448019648599774278, 24.60259861694120787, 0.000000000000000000 ) ) ;
#6335 = CARTESIAN_POINT ( 'NONE',  ( -1.306365009082786521, 23.48968740377854303, 0.3999999999996858291 ) ) ;
#6336 = EDGE_CURVE ( 'NONE', #2425, #3358, #2202, .T. ) ;
#6337 = EDGE_CURVE ( 'NONE', #5342, #87, #1459, .T. ) ;
#6338 = ORIENTED_EDGE ( 'NONE', *, *, #18, .F. ) ;
#6339 = CARTESIAN_POINT ( 'NONE',  ( -1.979052091249182466, 25.66779296384542874, 0.2264252864350702332 ) ) ;
#6340 = CARTESIAN_POINT ( 'NONE',  ( -0.9359557222942297416, 25.78594712646691889, 0.3999999999996792233 ) ) ;
#6341 = CARTESIAN_POINT ( 'NONE',  ( -2.371105984104421083, 25.39858566271440665, 0.1645144889732362004 ) ) ;
#6342 = FACE_OUTER_BOUND ( 'NONE', #9193, .T. ) ;
#6343 = EDGE_CURVE ( 'NONE', #1410, #7932, #1173, .T. ) ;
#6344 = EDGE_CURVE ( 'NONE', #5635, #7899, #6073, .T. ) ;
#6345 = CARTESIAN_POINT ( 'NONE',  ( -2.793782168750709616, 25.25077770733110682, 0.3427590354486749757 ) ) ;
#6346 = CARTESIAN_POINT ( 'NONE',  ( -1.983865605452910241, 23.85255143259457355, 0.04478643207891399441 ) ) ;
#6347 = CARTESIAN_POINT ( 'NONE',  ( -0.9705798602687961685, 25.70993902607238724, 0.3423727413874564918 ) ) ;
#6348 = CARTESIAN_POINT ( 'NONE',  ( -2.387131210112787727, 25.70278623899335813, 0.4499999999996779909 ) ) ;
#6349 = CIRCLE ( 'NONE', #7844, 0.08070866141732924159 ) ;
#6350 = CARTESIAN_POINT ( 'NONE',  ( -0.9378708939276113599, 24.86299145698254165, 0.05000000000000000278 ) ) ;
#6351 = CARTESIAN_POINT ( 'NONE',  ( -2.312540741891289109, 24.20435423601603375, 0.05000000000000000278 ) ) ;
#6352 = CARTESIAN_POINT ( 'NONE',  ( -2.780908798703388474, 25.39955407794442266, 0.4432038974321814151 ) ) ;
#6353 = ORIENTED_EDGE ( 'NONE', *, *, #4266, .T. ) ;
#6354 = CARTESIAN_POINT ( 'NONE',  ( -2.628609084778160021, 24.33917852595134690, 0.1666529823652493636 ) ) ;
#6355 = SURFACE_STYLE_FILL_AREA ( #607 ) ;
#6356 = CARTESIAN_POINT ( 'NONE',  ( -1.102083158245749317, 25.38457506666217611, 0.1051147797889725871 ) ) ;
#6357 = EDGE_CURVE ( 'NONE', #4430, #8827, #2959, .T. ) ;
#6358 = CARTESIAN_POINT ( 'NONE',  ( -1.232284191390984329, 25.79098308980933751, 0.3999999999996776134 ) ) ;
#6359 = DIRECTION ( 'NONE',  ( 0.000000000000000000, 0.000000000000000000, -1.000000000000000000 ) ) ;
#6360 = CARTESIAN_POINT ( 'NONE',  ( -0.8929881918353272940, 24.30043690638112608, 0.04999999999999996114 ) ) ;
#6361 = FACE_BOUND ( 'NONE', #5419, .T. ) ;
#6362 = EDGE_LOOP ( 'NONE', ( #4474, #2355, #1195, #2308 ) ) ;
#6363 = CARTESIAN_POINT ( 'NONE',  ( -0.9940627204266013761, 25.71825195025374811, 0.4499999999996778799 ) ) ;
#6364 = ORIENTED_EDGE ( 'NONE', *, *, #466, .T. ) ;
#6365 = CARTESIAN_POINT ( 'NONE',  ( -2.809903180097380382, 23.94942329426314132, 0.4382308758287544737 ) ) ;
#6366 = CARTESIAN_POINT ( 'NONE',  ( -2.843655515366657838, 24.32368098813674706, 0.3453571774269164618 ) ) ;
#6367 = CARTESIAN_POINT ( 'NONE',  ( -2.661653543307109793, 25.62685039370080986, 0.1999999999996782685 ) ) ;
#6368 = ORIENTED_EDGE ( 'NONE', *, *, #5061, .T. ) ;
#6369 = CARTESIAN_POINT ( 'NONE',  ( -0.9407312957288829214, 24.87236080515247139, 0.05000000000000000278 ) ) ;
#6370 = CARTESIAN_POINT ( 'NONE',  ( -1.227818850485127067, 23.73060626890747571, 0.1651050444515668736 ) ) ;
#6371 = CARTESIAN_POINT ( 'NONE',  ( -0.5488848134657958733, 25.19314492334746802, 0.4499999999996797673 ) ) ;
#6372 = CARTESIAN_POINT ( 'NONE',  ( -0.8627753674199762912, 24.88972659582283953, -0.7113766561454768489 ) ) ;
#6373 = ORIENTED_EDGE ( 'NONE', *, *, #6472, .T. ) ;
#6374 = CARTESIAN_POINT ( 'NONE',  ( -1.890707246373635186, 23.82000569723740568, 0.05001218210443522660 ) ) ;
#6375 = CARTESIAN_POINT ( 'NONE',  ( -1.407298073477100564, 23.76263781148719190, 0.1054182539398294538 ) ) ;
#6376 = CARTESIAN_POINT ( 'NONE',  ( -2.008051482346986827, 23.85346430814631447, 0.000000000000000000 ) ) ;
#6377 = CARTESIAN_POINT ( 'NONE',  ( -2.007696964823702857, 25.80866486840664109, 0.3452771981346925978 ) ) ;
#6378 = VECTOR ( 'NONE', #4397, 39.37007874015748143 ) ;
#6379 = CARTESIAN_POINT ( 'NONE',  ( -0.8978740157478332096, 24.03236220472450668, 0.1406219779715311979 ) ) ;
#6380 = CARTESIAN_POINT ( 'NONE',  ( -2.416783046425222903, 24.41675459905100354, -0.000000000000000000 ) ) ;
#6381 = CARTESIAN_POINT ( 'NONE',  ( -1.067165354330505966, 25.42212598425206238, 0.1406219443759796350 ) ) ;
#6382 = CARTESIAN_POINT ( 'NONE',  ( -0.6340205072047475632, 25.44934927074805486, 0.3999999999996788347 ) ) ;
#6383 = DIRECTION ( 'NONE',  ( 0.000000000000000000, 1.000000000000000000, -3.854941057726282076E-15 ) ) ;
#6384 = CARTESIAN_POINT ( 'NONE',  ( -2.482452355329348048, 25.74717464872094652, 0.4021140482425037965 ) ) ;
#6385 = CARTESIAN_POINT ( 'NONE',  ( -2.661653543307104020, 23.77192913385829343, 0.3654758351224070556 ) ) ;
#6386 = CARTESIAN_POINT ( 'NONE',  ( -2.623278141899356708, 24.96518823657216402, 0.1649125702977561891 ) ) ;
#6387 = CARTESIAN_POINT ( 'NONE',  ( -1.990620080620392640, 23.69491350610361380, 0.1650329870138579624 ) ) ;
#6388 = CARTESIAN_POINT ( 'NONE',  ( -1.230144338487862532, 25.46228143457800641, 0.1035564246934685823 ) ) ;
#6389 = CARTESIAN_POINT ( 'NONE',  ( -2.226857314443317915, 25.77140550719568068, 0.4499999999996777134 ) ) ;
#6390 = CARTESIAN_POINT ( 'NONE',  ( -0.9485109558028581578, 24.89650975298273750, 0.04999999999999998890 ) ) ;
#6391 = CARTESIAN_POINT ( 'NONE',  ( -0.9748756056349997534, 24.15844661739665966, 0.04571512474157965467 ) ) ;
#6392 = CARTESIAN_POINT ( 'NONE',  ( -2.882279386439525748, 25.06152486800758439, 0.4432038974321829139 ) ) ;
#6393 = ORIENTED_EDGE ( 'NONE', *, *, #1348, .T. ) ;
#6394 = VECTOR ( 'NONE', #8848, 39.37007874015748143 ) ;
#6395 = FACE_OUTER_BOUND ( 'NONE', #8626, .T. ) ;
#6396 = ORIENTED_EDGE ( 'NONE', *, *, #5468, .F. ) ;
#6397 = CARTESIAN_POINT ( 'NONE',  ( -0.8627753674199776235, 24.88972659582283953, 0.05000000000000151545 ) ) ;
#6398 = CARTESIAN_POINT ( 'NONE',  ( -1.015871155762300138, 25.53399356362733030, 0.2239140820648622965 ) ) ;
#6399 = B_SPLINE_CURVE_WITH_KNOTS ( 'NONE', 3,
 ( #4149, #3393, #1838, #4709 ),
 .UNSPECIFIED., .F., .F.,
 ( 4, 4 ),
 ( 0.000000000000000000, 1.000000000000000000 ),
 .UNSPECIFIED. ) ;
#6400 = CARTESIAN_POINT ( 'NONE',  ( -1.176036910597967333, 25.78239117896366039, 0.3999999999996776689 ) ) ;
#6401 = CARTESIAN_POINT ( 'NONE',  ( -2.661653543307109793, 25.71543307086616181, 0.1999999999996779632 ) ) ;
#6402 = CARTESIAN_POINT ( 'NONE',  ( -1.935224341246342572, 23.83034408023717532, 0.05000000000000000971 ) ) ;
#6403 = CARTESIAN_POINT ( 'NONE',  ( -0.8559405253799713398, 24.42419403698520597, 0.05000001259299428902 ) ) ;
#6404 = ORIENTED_EDGE ( 'NONE', *, *, #1197, .T. ) ;
#6405 = CARTESIAN_POINT ( 'NONE',  ( -0.9805241927032922744, 25.71067487383603023, 0.4499999999996778799 ) ) ;
#6406 = EDGE_LOOP ( 'NONE', ( #6216, #673, #4200, #3856 ) ) ;
#6407 = CARTESIAN_POINT ( 'NONE',  ( -0.7102221690657408715, 24.48661853811021771, 0.1667451536066129891 ) ) ;
#6408 = VECTOR ( 'NONE', #6559, 39.37007874015748143 ) ;
#6409 = CARTESIAN_POINT ( 'NONE',  ( -2.305398346662856923, 24.20400915381193485, 0.04606807752549081647 ) ) ;
#6410 = CARTESIAN_POINT ( 'NONE',  ( -2.562406296881630574, 24.39771715681379405, 0.1057567162965052238 ) ) ;
#6411 = ORIENTED_EDGE ( 'NONE', *, *, #7387, .T. ) ;
#6412 = CARTESIAN_POINT ( 'NONE',  ( -0.5241477381090400289, 24.81753819587106946, 0.3999999999996808886 ) ) ;
#6413 = CARTESIAN_POINT ( 'NONE',  ( -1.255093593491320325, 23.72017251928804171, 0.1653184607966564912 ) ) ;
#6414 = FACE_OUTER_BOUND ( 'NONE', #473, .T. ) ;
#6415 = ORIENTED_EDGE ( 'NONE', *, *, #4895, .F. ) ;
#6416 = CARTESIAN_POINT ( 'NONE',  ( -2.388031496062921644, 25.27251968503944468, 0.000000000000000000 ) ) ;
#6417 = VECTOR ( 'NONE', #7939, 39.37007874015748143 ) ;
#6418 = ADVANCED_FACE ( 'NONE', ( #7280 ), #3001, .T. ) ;
#6419 = CARTESIAN_POINT ( 'NONE',  ( -1.315308760819966061, 23.40581370600427391, 0.4051136381234751727 ) ) ;
#6420 = CARTESIAN_POINT ( 'NONE',  ( -0.8321591598823431246, 24.89823059494395352, 0.07563682249987802031 ) ) ;
#6421 = CARTESIAN_POINT ( 'NONE',  ( -1.939257313447296349, 25.52425587077407698, 0.1055224636791943366 ) ) ;
#6422 = CARTESIAN_POINT ( 'NONE',  ( -2.464070462822219199, 24.30589015335833736, 0.000000000000000000 ) ) ;
#6423 = CARTESIAN_POINT ( 'NONE',  ( -2.298231390846620759, 25.42212598425204462, 0.1451529365427516871 ) ) ;
#6424 = CARTESIAN_POINT ( 'NONE',  ( -1.325320769396233223, 23.48934458849233309, 0.4499999999996858735 ) ) ;
#6425 = CARTESIAN_POINT ( 'NONE',  ( -2.015566127625129322, 25.58745195960788266, 0.1662080811508200584 ) ) ;
#6426 = DIRECTION ( 'NONE',  ( 6.123233995736998996E-17, 3.552713678800503296E-15, 1.000000000000000000 ) ) ;
#6427 = CARTESIAN_POINT ( 'NONE',  ( -2.424738576749436714, 25.68329821466243246, 0.3427146199782008518 ) ) ;
#6428 = FACE_BOUND ( 'NONE', #7150, .T. ) ;
#6429 = CARTESIAN_POINT ( 'NONE',  ( -2.914144377068913716, 25.03475386775077283, 0.4048262804438650386 ) ) ;
#6430 = CARTESIAN_POINT ( 'NONE',  ( -2.095335634275454773, 23.48115405674170475, 0.3443391909018773123 ) ) ;
#6431 = CARTESIAN_POINT ( 'NONE',  ( -1.251838408595292496, 25.72570623362427966, 0.2841051371480474153 ) ) ;
#6432 = CARTESIAN_POINT ( 'NONE',  ( -2.229999499065838720, 25.77056365369239899, 0.4499999999996777134 ) ) ;
#6433 = CARTESIAN_POINT ( 'NONE',  ( -0.9559197449373647570, 25.69519478100304966, 0.3999999999996780020 ) ) ;
#6434 = CARTESIAN_POINT ( 'NONE',  ( -2.307356184012731681, 24.20682535628748155, 0.04606817219003304237 ) ) ;
#6435 = CARTESIAN_POINT ( 'NONE',  ( -2.770268197685635592, 25.40244217391418857, 0.4381353998082430645 ) ) ;
#6436 = VERTEX_POINT ( 'NONE', #3491 ) ;
#6437 = CARTESIAN_POINT ( 'NONE',  ( -2.482186630204231914, 24.37101713080512866, 0.04750166914096731058 ) ) ;
#6438 = ORIENTED_EDGE ( 'NONE', *, *, #4379, .T. ) ;
#6439 = LINE ( 'NONE', #8468, #2719 ) ;
#6440 = EDGE_CURVE ( 'NONE', #6260, #2036, #94, .T. ) ;
#6441 = CARTESIAN_POINT ( 'NONE',  ( -0.8628120600553811359, 25.74024187931110319, 0.4021130357369168684 ) ) ;
#6442 = CARTESIAN_POINT ( 'NONE',  ( -0.8653595785311979371, 24.17943909303762595, 0.1035526419084124017 ) ) ;
#6443 = SHAPE_DEFINITION_REPRESENTATION ( #4070, #6087 ) ;
#6444 = CARTESIAN_POINT ( 'NONE',  ( -0.8608686972014728545, 24.86197024493035812, 0.04616841700808369670 ) ) ;
#6445 = DIRECTION ( 'NONE',  ( 0.000000000000000000, -1.000000000000000000, 3.607743797525527770E-15 ) ) ;
#6446 = CARTESIAN_POINT ( 'NONE',  ( -2.307322834645600285, 24.01267716535440400, 0.2999999999999999889 ) ) ;
#6447 = EDGE_LOOP ( 'NONE', ( #9148, #1783, #109, #948 ) ) ;
#6448 = EDGE_CURVE ( 'NONE', #8233, #8592, #2353, .T. ) ;
#6449 = CARTESIAN_POINT ( 'NONE',  ( -1.287148014744796010, 25.79505363559725950, 0.4499999999996778244 ) ) ;
#6450 = CARTESIAN_POINT ( 'NONE',  ( -0.8346263360693921829, 24.57122252718996691, 0.04778735774180471046 ) ) ;
#6451 = CARTESIAN_POINT ( 'NONE',  ( -2.781112091263387320, 23.88577440451702572, 0.4431922474509188414 ) ) ;
#6452 = CARTESIAN_POINT ( 'NONE',  ( -2.701255850267635150, 24.34110271985490570, 0.2253479629195379863 ) ) ;
#6453 = EDGE_LOOP ( 'NONE', ( #3374, #3671, #7732, #795 ) ) ;
#6454 = DIRECTION ( 'NONE',  ( 0.000000000000000000, -1.000000000000000000, 0.000000000000000000 ) ) ;
#6455 = CARTESIAN_POINT ( 'NONE',  ( -0.9679169725555324399, 23.57613884715838992, 0.3427281571590330422 ) ) ;
#6456 = CARTESIAN_POINT ( 'NONE',  ( -0.5502702904983057808, 25.19826831728872207, 0.4499999999996798228 ) ) ;
#6457 = ORIENTED_EDGE ( 'NONE', *, *, #885, .F. ) ;
#6458 = CARTESIAN_POINT ( 'NONE',  ( -2.020247610167789531, 23.85846575707583739, 0.05000000000000007910 ) ) ;
#6459 = VECTOR ( 'NONE', #407, 39.37007874015748143 ) ;
#6460 = EDGE_CURVE ( 'NONE', #3358, #638, #5653, .T. ) ;
#6461 = CARTESIAN_POINT ( 'NONE',  ( -1.395756982230418108, 23.61689009950703166, 0.2255489652421548974 ) ) ;
#6462 = CARTESIAN_POINT ( 'NONE',  ( -2.031505286397790488, 25.42212598425206238, 0.05000000000000000278 ) ) ;
#6463 = CARTESIAN_POINT ( 'NONE',  ( -1.988724405063694523, 25.66550503147686157, 0.2252555402350222558 ) ) ;
#6464 = CARTESIAN_POINT ( 'NONE',  ( -1.430273438971648492, 23.82797227290685882, -0.7113766561454782922 ) ) ;
#6465 = LINE ( 'NONE', #5666, #5010 ) ;
#6466 = FACE_OUTER_BOUND ( 'NONE', #4703, .T. ) ;
#6467 = CARTESIAN_POINT ( 'NONE',  ( -0.8978740157478227735, 25.04042243936442702, 0.06218812973685833301 ) ) ;
#6468 = CARTESIAN_POINT ( 'NONE',  ( -2.690029488789456469, 25.42776767412026118, 0.3427135498060613905 ) ) ;
#6469 = FACE_OUTER_BOUND ( 'NONE', #8649, .T. ) ;
#6470 = B_SPLINE_SURFACE_WITH_KNOTS ( 'NONE', 3, 1, ( 
 ( #148, #3191, #1781 ),
 ( #5167, #4041, #5402 ),
 ( #6826, #1084, #6921 ),
 ( #3945, #471, #3010 ),
 ( #328, #2302, #8741 ),
 ( #6067, #8926, #382 ),
 ( #9021, #3290, #8045 ),
 ( #6874, #3338, #1595 ),
 ( #6214, #8271, #5119 ),
 ( #2488, #426, #5353 ),
 ( #8001, #1548, #2583 ),
 ( #8223, #6163, #4428 ),
 ( #7289, #4469, #894 ),
 ( #7571, #3757, #1829 ),
 ( #4701, #5449, #7801 ),
 ( #518, #4964, #6302 ),
 ( #1354, #6970, #2635 ),
 ( #3431, #1224, #4792 ),
 ( #3472, #8417, #4224 ),
 ( #7761, #3557, #5498 ),
 ( #7009, #7845, #7668 ),
 ( #4140, #9157, #7095 ),
 ( #2730, #8502, #3514 ) ),
 .UNSPECIFIED., .F., .F., .F.,
 ( 4, 3, 1, 1, 1, 1, 1, 1, 1, 1, 2, 1, 1, 1, 3, 4 ),
 ( 2, 1, 2 ),
 ( -0.01000000000000000021, 0.000000000000000000, 0.02202113592489102212, 0.04404227184978204424, 0.08808454369956407459, 0.1321268155493461327, 0.1761690873991281492, 0.2202113592489102212, 0.2642536310986922654, 0.3082959029484743652, 0.3523381747982563539, 0.5142536310986923764, 0.6761690873991281769, 0.8380845436995640885, 1.000000000000000000, 1.010000000000000009 ),
 ( 0.000000000000000000, 1.000000000000000000, 1.123439651620788737 ),
 .UNSPECIFIED. ) ;
#6471 = VECTOR ( 'NONE', #6601, 39.37007874015748143 ) ;
#6472 = EDGE_CURVE ( 'NONE', #830, #975, #2239, .T. ) ;
#6473 = CARTESIAN_POINT ( 'NONE',  ( -2.486836527857746670, 24.88833213796242916, 0.04566576012541034846 ) ) ;
#6474 = CARTESIAN_POINT ( 'NONE',  ( -2.023655744441441584, 23.62414368601930192, 0.2248130230634377280 ) ) ;
#6475 = CARTESIAN_POINT ( 'NONE',  ( -1.235434551796907643, 25.80114607871254151, 0.3440913395433819466 ) ) ;
#6476 = CARTESIAN_POINT ( 'NONE',  ( -1.459922920640188027, 25.46426142778168611, 0.04999819566034165164 ) ) ;
#6477 = CARTESIAN_POINT ( 'NONE',  ( -1.236897204679500595, 25.27616623882420299, 0.05000000000000000278 ) ) ;
#6478 = CARTESIAN_POINT ( 'NONE',  ( -0.8378763785677125764, 24.05555270527459300, 0.1645144947937481894 ) ) ;
#6479 = CARTESIAN_POINT ( 'NONE',  ( -2.807804527718831267, 25.35595544069778384, 0.4432038974321814151 ) ) ;
#6480 = VERTEX_POINT ( 'NONE', #2790 ) ;
#6481 = CARTESIAN_POINT ( 'NONE',  ( -2.914145888287081210, 24.27775084311604559, 0.4049861436343747956 ) ) ;
#6482 = EDGE_LOOP ( 'NONE', ( #7113, #198, #3787, #2627 ) ) ;
#6483 = CARTESIAN_POINT ( 'NONE',  ( -2.213932763370368928, 23.50984717185824735, 0.3999999999996858291 ) ) ;
#6484 = CARTESIAN_POINT ( 'NONE',  ( -0.9357132747135161743, 25.68737617156189756, 0.3427133829708222668 ) ) ;
#6485 = CIRCLE ( 'NONE', #8876, 0.1692913385826795569 ) ;
#6486 = CARTESIAN_POINT ( 'NONE',  ( -0.5250272552083957711, 23.91057873015334323, 0.4021906355464792138 ) ) ;
#6487 = VECTOR ( 'NONE', #6301, 39.37007874015748143 ) ;
#6488 = CARTESIAN_POINT ( 'NONE',  ( -0.5113137943489423076, 24.97289961406485048, 0.3452953228402467767 ) ) ;
#6489 = CARTESIAN_POINT ( 'NONE',  ( -2.701023621653566131, 23.46149606299214696, 0.3999999999996859401 ) ) ;
#6490 = CARTESIAN_POINT ( 'NONE',  ( -0.8462133120328453328, 24.81163868831113462, 0.05000000356616498415 ) ) ;
#6491 = ORIENTED_EDGE ( 'NONE', *, *, #7504, .F. ) ;
#6492 = AXIS2_PLACEMENT_3D ( 'NONE', #756, #8695, #2916 ) ;
#6493 = CARTESIAN_POINT ( 'NONE',  ( -1.230411725212525065, 25.79063152462365949, 0.4499999999996777689 ) ) ;
#6494 = CARTESIAN_POINT ( 'NONE',  ( -0.5776082788635256149, 24.42313403410364714, 0.2861134779368357250 ) ) ;
#6495 = CARTESIAN_POINT ( 'NONE',  ( -2.776252787141016753, 23.87859509132725222, 0.4431922474509188414 ) ) ;
#6496 = LINE ( 'NONE', #8643, #773 ) ;
#6497 = ORIENTED_EDGE ( 'NONE', *, *, #5002, .F. ) ;
#6498 = LINE ( 'NONE', #4201, #1681 ) ;
#6499 = CARTESIAN_POINT ( 'NONE',  ( -0.9227709199100329052, 23.60720387880302695, 0.3427143695908494991 ) ) ;
#6500 = CARTESIAN_POINT ( 'NONE',  ( -0.7238379363666779254, 24.93123332544992365, 0.1668313177428900895 ) ) ;
#6501 = VERTEX_POINT ( 'NONE', #5109 ) ;
#6502 = CARTESIAN_POINT ( 'NONE',  ( -2.518491359104456428, 24.75013225049539045, 0.05000000000000000971 ) ) ;
#6503 = CARTESIAN_POINT ( 'NONE',  ( -1.096775017275768427, 25.82370078740163422, 0.3803745088773868854 ) ) ;
#6504 = CARTESIAN_POINT ( 'NONE',  ( -2.674365721828180220, 23.84582561830988467, 0.3999999999996846634 ) ) ;
#6505 = CARTESIAN_POINT ( 'NONE',  ( -1.916935821167729870, 25.81002983018347763, 0.3458698525959755798 ) ) ;
#6506 = DIRECTION ( 'NONE',  ( 0.000000000000000000, 1.000000000000000000, -3.607743797525388930E-15 ) ) ;
#6507 = CARTESIAN_POINT ( 'NONE',  ( -2.470559703946815233, 24.32352795613309127, 0.05000000000000000971 ) ) ;
#6508 = DIRECTION ( 'NONE',  ( -1.000000000000000000, 0.000000000000000000, -0.000000000000000000 ) ) ;
#6509 = CARTESIAN_POINT ( 'NONE',  ( -1.065205315305586486, 25.16807731622402500, 0.07436775920637456183 ) ) ;
#6510 = B_SPLINE_CURVE_WITH_KNOTS ( 'NONE', 3,
 ( #5351, #5964, #4699, #8269, #3845, #326, #8972, #4647, #3189, #7517, #1876, #6063, #3237, #6824, #3795, #1030, #8825, #8126, #5304, #4598, #6011, #2386, #6872, #8174, #6112, #2437 ),
 .UNSPECIFIED., .F., .F.,
 ( 4, 2, 2, 2, 2, 2, 2, 2, 2, 2, 2, 2, 4 ),
 ( 5.204170427930421283E-18, 0.0007944331320527991307, 0.001588866264105593057, 0.002383299396158387092, 0.003177732528211180910, 0.003574949094237719199, 0.003972165660264258789, 0.004369382226290796645, 0.004766598792317336235, 0.005163815358343874090, 0.005561031924370413680, 0.005958248490396952403, 0.006355465056423491126 ),
 .UNSPECIFIED. ) ;
#6511 = AXIS2_PLACEMENT_3D ( 'NONE', #5210, #940, #987 ) ;
#6512 = CARTESIAN_POINT ( 'NONE',  ( -1.153188976377882202, 25.27251968503944468, 0.08320441844100680273 ) ) ;
#6513 = CARTESIAN_POINT ( 'NONE',  ( -2.376615037689399745, 25.13151463438158473, 0.04571512427798114786 ) ) ;
#6514 = DIRECTION ( 'NONE',  ( 6.123233995736998996E-17, 3.552713678800503296E-15, 1.000000000000000000 ) ) ;
#6515 = CARTESIAN_POINT ( 'NONE',  ( -2.843280025578619696, 24.97760173810456763, 0.3452385531742352964 ) ) ;
#6516 = AXIS2_PLACEMENT_3D ( 'NONE', #4344, #5889, #2411 ) ;
#6517 = CARTESIAN_POINT ( 'NONE',  ( -1.946909803763626323, 23.76255485017570379, 0.1054240069743277580 ) ) ;
#6518 = CARTESIAN_POINT ( 'NONE',  ( -1.344438588768463783, 25.50662285101600091, 0.1045926178330217754 ) ) ;
#6519 = CARTESIAN_POINT ( 'NONE',  ( -1.618996350539254836, 25.48650696872120136, 0.05000000414065828430 ) ) ;
#6520 = CARTESIAN_POINT ( 'NONE',  ( -0.9512624743125071003, 25.69195669335455889, 0.3999999999996780020 ) ) ;
#6521 = CARTESIAN_POINT ( 'NONE',  ( -2.269494048866572466, 24.14735017652246540, 0.05000000000000005829 ) ) ;
#6522 = CARTESIAN_POINT ( 'NONE',  ( -2.029482476634099086, 25.79585226183275637, 0.3999999999996776134 ) ) ;
#6523 = ORIENTED_EDGE ( 'NONE', *, *, #1456, .F. ) ;
#6524 = CARTESIAN_POINT ( 'NONE',  ( -2.558459336978624155, 24.36671397829445240, 0.1071980844052504434 ) ) ;
#6525 = ORIENTED_EDGE ( 'NONE', *, *, #7718, .F. ) ;
#6526 = CARTESIAN_POINT ( 'NONE',  ( -1.287856523496512473, 25.30893382627496990, 0.05000000000000003747 ) ) ;
#6527 = CARTESIAN_POINT ( 'NONE',  ( -1.081492408262415550, 25.36802156879379666, 0.1051147764490819453 ) ) ;
#6528 = CARTESIAN_POINT ( 'NONE',  ( -0.5383720119466234300, 23.88819834058885050, 0.4021448764443629198 ) ) ;
#6529 = ADVANCED_FACE ( 'NONE', ( #6533 ), #2952, .T. ) ;
#6530 = LINE ( 'NONE', #7895, #8974 ) ;
#6531 = DIRECTION ( 'NONE',  ( -0.000000000000000000, 0.000000000000000000, 1.000000000000000000 ) ) ;
#6532 = CARTESIAN_POINT ( 'NONE',  ( -0.6495933589202411707, 25.43730821344680848, 0.3551861559837512505 ) ) ;
#6533 = FACE_OUTER_BOUND ( 'NONE', #5258, .T. ) ;
#6534 = ORIENTED_EDGE ( 'NONE', *, *, #5823, .T. ) ;
#6535 = CARTESIAN_POINT ( 'NONE',  ( -0.5242686960294554721, 24.27863538042043245, 0.4499999999996830424 ) ) ;
#6536 = CARTESIAN_POINT ( 'NONE',  ( -2.755433224241707446, 23.96335198734407612, 0.4499999999996842637 ) ) ;
#6537 = CARTESIAN_POINT ( 'NONE',  ( -0.8491031897160655761, 24.47498055855488275, 0.04686915482683667866 ) ) ;
#6538 = AXIS2_PLACEMENT_3D ( 'NONE', #6973, #3387, #2683 ) ;
#6539 = CARTESIAN_POINT ( 'NONE',  ( -2.707549842559125786, 25.52254711298276746, 0.3937578953852240993 ) ) ;
#6540 = CARTESIAN_POINT ( 'NONE',  ( -0.9424787055039842709, 23.99850956050385165, 0.1926156401767908366 ) ) ;
#6541 = VERTEX_POINT ( 'NONE', #139 ) ;
#6542 = PLANE ( 'NONE',  #6203 ) ;
#6543 = CARTESIAN_POINT ( 'NONE',  ( -1.099641829838919671, 24.01296927317000751, 0.04571511957605256526 ) ) ;
#6544 = ORIENTED_EDGE ( 'NONE', *, *, #8967, .T. ) ;
#6545 = CARTESIAN_POINT ( 'NONE',  ( -0.8659172499304378379, 24.89126174045186346, 0.04785207858824427896 ) ) ;
#6546 = ORIENTED_EDGE ( 'NONE', *, *, #5912, .F. ) ;
#6547 = CARTESIAN_POINT ( 'NONE',  ( -1.769657970673376379, 23.80124949859465389, 0.04998889129883345855 ) ) ;
#6548 = CARTESIAN_POINT ( 'NONE',  ( -2.714047852263953065, 23.89880852183449278, 0.4499999999996845967 ) ) ;
#6549 = CARTESIAN_POINT ( 'NONE',  ( -1.013946510042876170, 23.87126589004421007, 0.1596202202315817054 ) ) ;
#6550 = CARTESIAN_POINT ( 'NONE',  ( -1.958941566893801944, 25.59539831623926887, 0.1654318890044428336 ) ) ;
#6551 = CARTESIAN_POINT ( 'NONE',  ( -2.882078349657020144, 24.26717224582899846, 0.4432038974321856895 ) ) ;
#6552 = AXIS2_PLACEMENT_3D ( 'NONE', #3072, #5944, #8804 ) ;
#6553 = CARTESIAN_POINT ( 'NONE',  ( -0.7779971147504121110, 23.73404127103919237, 0.3407605166137590014 ) ) ;
#6554 = CARTESIAN_POINT ( 'NONE',  ( -2.566330395862624680, 23.72684163948665415, 0.4499999999996851519 ) ) ;
#6555 = B_SPLINE_CURVE_WITH_KNOTS ( 'NONE', 3,
 ( #4542, #2988, #7409, #970, #8720, #8859 ),
 .UNSPECIFIED., .F., .F.,
 ( 4, 2, 4 ),
 ( 6.215978115145103129E-05, 0.002578283639325989508, 0.005094407497500528202 ),
 .UNSPECIFIED. ) ;
#6556 = CARTESIAN_POINT ( 'NONE',  ( -1.044629813388795680, 25.16663636008103211, 0.08464273938456022550 ) ) ;
#6557 = CARTESIAN_POINT ( 'NONE',  ( -1.071975518628268897, 25.37556575859663610, 0.1742049152581524596 ) ) ;
#6558 = CARTESIAN_POINT ( 'NONE',  ( -2.577993565054053526, 25.29150622814848504, 0.2239141791999485764 ) ) ;
#6559 = DIRECTION ( 'NONE',  ( 0.000000000000000000, 1.000000000000000000, -3.552713678800503296E-15 ) ) ;
#6560 = CARTESIAN_POINT ( 'NONE',  ( -2.487893144792138855, 24.88447550297519228, 0.04572461112707289221 ) ) ;
#6561 = CARTESIAN_POINT ( 'NONE',  ( -1.968914173486138619, 23.84728600488993777, 0.04498482965676511847 ) ) ;
#6562 = CARTESIAN_POINT ( 'NONE',  ( -1.298915058023743851, 25.57553177605983663, 0.1642708328109852012 ) ) ;
#6563 = CARTESIAN_POINT ( 'NONE',  ( -1.572661721584753147, 25.48277405255116079, 0.05000277751354259559 ) ) ;
#6564 = EDGE_CURVE ( 'NONE', #7424, #2962, #7736, .T. ) ;
#6565 = CARTESIAN_POINT ( 'NONE',  ( -0.8177007852153148626, 25.67062188836091252, 0.4431958362722952516 ) ) ;
#6566 = CARTESIAN_POINT ( 'NONE',  ( -2.113922735537458131, 24.01316323531616348, 0.04606817219003302155 ) ) ;
#6567 = CARTESIAN_POINT ( 'NONE',  ( -1.792433009092312179, 25.40851121468778118, 0.05000000000000002359 ) ) ;
#6568 = ORIENTED_EDGE ( 'NONE', *, *, #4799, .T. ) ;
#6569 = CIRCLE ( 'NONE', #3106, 0.08070866141732145616 ) ;
#6570 = CARTESIAN_POINT ( 'NONE',  ( -2.527876332818661087, 24.25975862961544038, 0.1059129131456006262 ) ) ;
#6571 = ORIENTED_EDGE ( 'NONE', *, *, #7602, .T. ) ;
#6572 = DIRECTION ( 'NONE',  ( -0.000000000000000000, 0.000000000000000000, 1.000000000000000000 ) ) ;
#6573 = DIRECTION ( 'NONE',  ( -6.123233995736998996E-17, -3.552713678800503296E-15, -1.000000000000000000 ) ) ;
#6574 = CARTESIAN_POINT ( 'NONE',  ( -0.5801068354450599207, 23.98917654511453534, 0.3425449876999998589 ) ) ;
#6575 = CARTESIAN_POINT ( 'NONE',  ( -0.4406176582280500464, 25.00469141424411035, 0.4051129604698448516 ) ) ;
#6576 = CARTESIAN_POINT ( 'NONE',  ( -2.452030507360096756, 24.09812344020654962, 0.1107085380732210772 ) ) ;
#6577 = CARTESIAN_POINT ( 'NONE',  ( -0.8591883112458903460, 24.87521365195901168, 0.05000878770339375889 ) ) ;
#6578 = DIRECTION ( 'NONE',  ( 0.000000000000000000, -1.000000000000000000, 3.854941053676122672E-15 ) ) ;
#6579 = EDGE_CURVE ( 'NONE', #3205, #9218, #5862, .T. ) ;
#6580 = B_SPLINE_SURFACE_WITH_KNOTS ( 'NONE', 3, 1, ( 
 ( #743, #7896 ),
 ( #1451, #4973 ),
 ( #8472, #4284 ),
 ( #612, #3657 ),
 ( #7146, #7810 ),
 ( #7937, #4191 ),
 ( #3481, #8596 ),
 ( #2110, #2866 ),
 ( #5770, #6402 ),
 ( #4323, #1364 ),
 ( #8635, #7854 ),
 ( #1491, #4886 ) ),
 .UNSPECIFIED., .F., .F., .F.,
 ( 4, 2, 2, 2, 2, 4 ),
 ( 2, 2 ),
 ( 0.000000000000000000, 0.2499999999999996669, 0.4999999999999993339, 0.7499999999999990008, 0.8749999999999995559, 1.000000000000000000 ),
 ( 0.000000000000000000, 1.000000000000000000 ),
 .UNSPECIFIED. ) ;
#6581 = ADVANCED_FACE ( 'NONE', ( #884 ), #4199, .T. ) ;
#6582 = ORIENTED_EDGE ( 'NONE', *, *, #1407, .T. ) ;
#6583 = PRESENTATION_LAYER_ASSIGNMENT (  '', '', ( #5097 ) ) ;
#6584 = CARTESIAN_POINT ( 'NONE',  ( -0.5842327686801205289, 23.99170418217869738, 0.3999999999996839417 ) ) ;
#6585 = CARTESIAN_POINT ( 'NONE',  ( -2.780254464527168068, 24.01525992049997527, 0.4499999999996840416 ) ) ;
#6586 = CARTESIAN_POINT ( 'NONE',  ( -0.5112894404625043521, 24.31898205362315224, 0.3453387351053728849 ) ) ;
#6587 = CARTESIAN_POINT ( 'NONE',  ( -2.201137864158011936, 25.83659772259536425, 0.4431958260125105631 ) ) ;
#6588 = LINE ( 'NONE', #7904, #356 ) ;
#6589 = FACE_OUTER_BOUND ( 'NONE', #7361, .T. ) ;
#6590 = FACE_OUTER_BOUND ( 'NONE', #8029, .T. ) ;
#6591 = CARTESIAN_POINT ( 'NONE',  ( -1.041669367447523920, 23.94979037998404081, 0.1051148045789755403 ) ) ;
#6592 = ORIENTED_EDGE ( 'NONE', *, *, #4066, .F. ) ;
#6593 = CARTESIAN_POINT ( 'NONE',  ( -0.5170085682478960942, 25.07469963949293756, 0.3445671649831659189 ) ) ;
#6594 = CARTESIAN_POINT ( 'NONE',  ( -1.971361065151566283, 25.51957462268536858, 0.1069497190151775107 ) ) ;
#6595 = ORIENTED_EDGE ( 'NONE', *, *, #352, .T. ) ;
#6596 = CARTESIAN_POINT ( 'NONE',  ( -1.789969210241045383, 23.80329275399379441, 0.04997620427903855939 ) ) ;
#6597 = CARTESIAN_POINT ( 'NONE',  ( -2.583257285520938584, 23.74331277429409326, 0.4499999999996851519 ) ) ;
#6598 = CARTESIAN_POINT ( 'NONE',  ( -0.9932461368903785504, 23.87965261994372312, 0.1647265346956196252 ) ) ;
#6599 = CYLINDRICAL_SURFACE ( 'NONE', #780, 0.08070866141732870036 ) ;
#6600 = DIRECTION ( 'NONE',  ( 6.123233995736998996E-17, 3.552713678800503296E-15, 1.000000000000000000 ) ) ;
#6601 = DIRECTION ( 'NONE',  ( 0.000000000000000000, 1.000000000000000000, 0.000000000000000000 ) ) ;
#6602 = CARTESIAN_POINT ( 'NONE',  ( -0.8978740157478274364, 24.99670207428481206, 0.000000000000000000 ) ) ;
#6603 = CARTESIAN_POINT ( 'NONE',  ( -1.323325749849092015, 25.42212598425206238, -0.7113766561454782922 ) ) ;
#6604 = DIRECTION ( 'NONE',  ( 0.000000000000000000, 1.000000000000000000, -3.469446917292650046E-15 ) ) ;
#6605 = CARTESIAN_POINT ( 'NONE',  ( -2.450679713848153085, 25.31512364005873295, 0.1645144901821045114 ) ) ;
#6606 = CARTESIAN_POINT ( 'NONE',  ( -1.926712155299329376, 25.45666649547035476, 0.04999741052472495006 ) ) ;
#6607 = ADVANCED_FACE ( 'NONE', ( #7029 ), #5157, .F. ) ;
#6608 = CARTESIAN_POINT ( 'NONE',  ( -2.779057237076124842, 24.48052452079968688, 0.2864128393911019033 ) ) ;
#6609 = CARTESIAN_POINT ( 'NONE',  ( -2.001040184828369206, 23.47650898666408636, 0.3453203709854743564 ) ) ;
#6610 = CARTESIAN_POINT ( 'NONE',  ( -1.163308861367172931, 25.78954530886843699, 0.3434142180481495887 ) ) ;
#6611 = CARTESIAN_POINT ( 'NONE',  ( -0.8589389203378130500, 24.40980333363874166, 0.000000000000000000 ) ) ;
#6612 = EDGE_CURVE ( 'NONE', #5500, #3063, #1521, .T. ) ;
#6613 = ADVANCED_FACE ( 'NONE', ( #3047 ), #4462, .F. ) ;
#6614 = CARTESIAN_POINT ( 'NONE',  ( -0.6157780104469267046, 25.35049765593985427, 0.3999999999996787237 ) ) ;
#6615 = CARTESIAN_POINT ( 'NONE',  ( -2.405868410385259892, 23.59485864867303206, 0.3999999999996855515 ) ) ;
#6616 = CARTESIAN_POINT ( 'NONE',  ( -1.424643203887240750, 25.36656063072715739, 0.04606796101003841903 ) ) ;
#6617 = EDGE_LOOP ( 'NONE', ( #1989, #3604 ) ) ;
#6618 = CARTESIAN_POINT ( 'NONE',  ( -2.912375495707839601, 24.20547295983736902, 0.4043060873916147213 ) ) ;
#6619 = ORIENTED_EDGE ( 'NONE', *, *, #2841, .F. ) ;
#6620 = CARTESIAN_POINT ( 'NONE',  ( -2.661653543307109793, 23.54476377952758170, 0.1999999999996857070 ) ) ;
#6621 = CARTESIAN_POINT ( 'NONE',  ( -2.548291552348884714, 25.63854911815990789, 0.3716871698373658828 ) ) ;
#6622 = EDGE_CURVE ( 'NONE', #5929, #2008, #6629, .T. ) ;
#6623 = CARTESIAN_POINT ( 'NONE',  ( -0.7418803073156357009, 24.27332663048121120, 0.1644418063709375266 ) ) ;
#6624 = EDGE_CURVE ( 'NONE', #997, #3740, #5065, .T. ) ;
#6625 = DIRECTION ( 'NONE',  ( 0.000000000000000000, 0.000000000000000000, 1.000000000000000000 ) ) ;
#6626 = CARTESIAN_POINT ( 'NONE',  ( -2.336694164894238757, 23.64697933814790076, 0.2825997545772699904 ) ) ;
#6627 = CARTESIAN_POINT ( 'NONE',  ( -2.726670827811742637, 23.76742700542348885, 0.4017257106969852609 ) ) ;
#6628 = CARTESIAN_POINT ( 'NONE',  ( -0.8415724804507628276, 24.78209219564638133, 0.05000021539636377577 ) ) ;
#6629 = LINE ( 'NONE', #8437, #335 ) ;
#6630 = AXIS2_PLACEMENT_3D ( 'NONE', #640, #2054, #9195 ) ;
#6631 = DIRECTION ( 'NONE',  ( 0.000000000000000000, 3.552713678800503296E-15, 1.000000000000000000 ) ) ;
#6632 = CARTESIAN_POINT ( 'NONE',  ( -2.405868410375251454, 23.59485864866661586, 0.3999999999996855515 ) ) ;
#6633 = CARTESIAN_POINT ( 'NONE',  ( -0.5096858308479685906, 24.85955558360655004, 0.3460066379414623028 ) ) ;
#6634 = EDGE_CURVE ( 'NONE', #5320, #2073, #8881, .T. ) ;
#6635 = CARTESIAN_POINT ( 'NONE',  ( -2.298968903125951257, 25.80525686647804662, 0.4382319632553146049 ) ) ;
#6636 = DIRECTION ( 'NONE',  ( 6.123233995736998996E-17, 3.552713678800503296E-15, 1.000000000000000000 ) ) ;
#6637 = EDGE_LOOP ( 'NONE', ( #5414, #9084, #7098, #4094 ) ) ;
#6638 = CARTESIAN_POINT ( 'NONE',  ( -1.023609191512916627, 23.74556808416260978, 0.2239149963118469144 ) ) ;
#6639 = CIRCLE ( 'NONE', #8729, 0.1057086614173214645 ) ;
#6640 = ORIENTED_EDGE ( 'NONE', *, *, #4906, .F. ) ;
#6641 = CARTESIAN_POINT ( 'NONE',  ( -0.5839832039607140146, 24.99712627487508954, 0.2856522074530203348 ) ) ;
#6642 = CARTESIAN_POINT ( 'NONE',  ( -2.025073176260021590, 25.66227772903143389, 0.2259222080349406470 ) ) ;
#6643 = EDGE_LOOP ( 'NONE', ( #695, #7474, #4673, #3660 ) ) ;
#6644 = CARTESIAN_POINT ( 'NONE',  ( -2.701023622047267203, 25.66622047244096905, 0.6074803150392285023 ) ) ;
#6645 = CARTESIAN_POINT ( 'NONE',  ( -2.386417633557874396, 23.64184294161208655, 0.3047203079144443771 ) ) ;
#6646 = CARTESIAN_POINT ( 'NONE',  ( -2.498357870675199432, 23.66486578149553921, 0.3999999999996852740 ) ) ;
#6647 = EDGE_LOOP ( 'NONE', ( #1047, #107, #3130, #3797, #297 ) ) ;
#6648 = CARTESIAN_POINT ( 'NONE',  ( -2.289473592332305962, 23.90826228522224639, 0.1778781058339888865 ) ) ;
#6649 = CARTESIAN_POINT ( 'NONE',  ( -2.413393129609122667, 24.41061295927743302, 0.05000000000000000278 ) ) ;
#6650 = CARTESIAN_POINT ( 'NONE',  ( -2.795983519796574779, 25.23143604400513240, 0.3999999999996797229 ) ) ;
#6651 = FACE_BOUND ( 'NONE', #5926, .T. ) ;
#6652 = LINE ( 'NONE', #1517, #9234 ) ;
#6653 = CARTESIAN_POINT ( 'NONE',  ( -1.090810103257324748, 25.36915389094640716, 0.1624956424152869394 ) ) ;
#6654 = CARTESIAN_POINT ( 'NONE',  ( -2.431297775306923370, 25.20208959124561687, 0.1051148108943065484 ) ) ;
#6655 = DIRECTION ( 'NONE',  ( 0.000000000000000000, 0.000000000000000000, 1.000000000000000000 ) ) ;
#6656 = CARTESIAN_POINT ( 'NONE',  ( -2.642381096372325544, 24.46256253512732570, 0.1664791996656539430 ) ) ;
#6657 = CARTESIAN_POINT ( 'NONE',  ( -1.833386482358126734, 23.67550388868697553, 0.1666705914954672019 ) ) ;
#6658 = CARTESIAN_POINT ( 'NONE',  ( -1.423969642067118846, 25.44984190786114198, 0.04554654272504043283 ) ) ;
#6659 = CARTESIAN_POINT ( 'NONE',  ( -0.5965799493358557859, 25.36364394699812053, 0.3553520177228576271 ) ) ;
#6660 = CARTESIAN_POINT ( 'NONE',  ( -2.029482476634099086, 25.79585226183276347, 0.4499999999996777134 ) ) ;
#6661 = CARTESIAN_POINT ( 'NONE',  ( -2.457641061601191446, 23.55513217381277258, 0.4431827809966977227 ) ) ;
#6662 = CARTESIAN_POINT ( 'NONE',  ( -1.154348622341233588, 25.83686108398557479, 0.4432038989961595843 ) ) ;
#6663 = VERTEX_POINT ( 'NONE', #6012 ) ;
#6664 = CARTESIAN_POINT ( 'NONE',  ( -2.706228039623693071, 24.04160392310376793, 0.2835179347942820005 ) ) ;
#6665 = VERTEX_POINT ( 'NONE', #5352 ) ;
#6666 = CARTESIAN_POINT ( 'NONE',  ( -1.241100694450486541, 25.27908882379548672, 0.05000000000000000278 ) ) ;
#6667 = CARTESIAN_POINT ( 'NONE',  ( -2.549638919723514086, 25.64766229307141643, 0.3770745084751108145 ) ) ;
#6668 = CARTESIAN_POINT ( 'NONE',  ( -0.5889709815520401959, 24.25036833622928611, 0.2844851881725872778 ) ) ;
#6669 = CARTESIAN_POINT ( 'NONE',  ( -2.823251080552490411, 25.38600667911671493, 0.4021614246312890661 ) ) ;
#6670 = CARTESIAN_POINT ( 'NONE',  ( -2.257607934649350057, 23.80096223455632298, 0.1630394210622669315 ) ) ;
#6671 = CARTESIAN_POINT ( 'NONE',  ( -2.595283086820834306, 23.82887422518037113, 0.3047189844303175854 ) ) ;
#6672 = CARTESIAN_POINT ( 'NONE',  ( -0.9506202110098840308, 25.69702327182024248, 0.3423556140552494464 ) ) ;
#6673 = CARTESIAN_POINT ( 'NONE',  ( -2.715643107284629210, 25.52691966002209512, 0.3999999999996786126 ) ) ;
#6674 = EDGE_LOOP ( 'NONE', ( #8298, #486, #6793, #4033 ) ) ;
#6675 = VECTOR ( 'NONE', #929, 39.37007874015748143 ) ;
#6676 = DIRECTION ( 'NONE',  ( 0.000000000000000000, 1.000000000000000000, -3.607743797525527770E-15 ) ) ;
#6677 = B_SPLINE_CURVE_WITH_KNOTS ( 'NONE', 3,
 ( #2037, #8295, #4197, #533, #4764, #7687, #7642, #399, #4892, #6134, #1991, #3445, #3401, #5606 ),
 .UNSPECIFIED., .F., .F.,
 ( 4, 1, 1, 1, 1, 1, 1, 1, 1, 1, 1, 4 ),
 ( 1.311812317010499165E-06, 0.09009426659620012323, 0.1696524292461004668, 0.2386222122558496750, 0.2969880457214919556, 0.3447492223195816052, 0.3819079636594380212, 0.4084646245743117632, 0.6186033341258323492, 0.7872778211016143723, 0.9144575613719382323, 1.000000000000000000 ),
 .UNSPECIFIED. ) ;
#6678 = CARTESIAN_POINT ( 'NONE',  ( -2.767572567606608747, 23.98730247914008018, 0.4499999999996841527 ) ) ;
#6679 = CARTESIAN_POINT ( 'NONE',  ( -0.7671079940472512737, 24.63655155557610854, 0.1077381112072781366 ) ) ;
#6680 = CARTESIAN_POINT ( 'NONE',  ( -2.268657108336626926, 24.11133113341053757, 0.06609365425650749748 ) ) ;
#6681 = CARTESIAN_POINT ( 'NONE',  ( -2.661653543307281655, 25.51326771653545933, 0.3655004883381910985 ) ) ;
#6682 = CARTESIAN_POINT ( 'NONE',  ( -1.030403181739058205, 23.90811574158822594, 0.1937206527873359951 ) ) ;
#6683 = CARTESIAN_POINT ( 'NONE',  ( 0.000000000000000000, 25.42212598425206238, 0.05000000000000000278 ) ) ;
#6684 = CARTESIAN_POINT ( 'NONE',  ( -0.8677619553959632359, 24.01481752048736595, 0.1645144968002656971 ) ) ;
#6685 = VERTEX_POINT ( 'NONE', #3190 ) ;
#6687 = EDGE_CURVE ( 'NONE', #329, #1627, #8871, .T. ) ;
#6686 = CARTESIAN_POINT ( 'NONE',  ( -0.4425547528551629917, 25.08195571582251304, 0.4042804890616001345 ) ) ;
#6688 = CARTESIAN_POINT ( 'NONE',  ( -2.133088333997736008, 25.72136458362225397, 0.2845462622488983961 ) ) ;
#6689 = ORIENTED_EDGE ( 'NONE', *, *, #7816, .F. ) ;
#6690 = AXIS2_PLACEMENT_3D ( 'NONE', #8735, #3049, #2441 ) ;
#6691 = CARTESIAN_POINT ( 'NONE',  ( -1.486300246226952337, 23.81529203624248936, 0.05004499341950287977 ) ) ;
#6692 = CARTESIAN_POINT ( 'NONE',  ( -2.373534032227295310, 23.80818322740735837, 0.2077126416586866364 ) ) ;
#6693 = CARTESIAN_POINT ( 'NONE',  ( -1.047480314960560932, 25.27251968503944468, 0.05000000000000000278 ) ) ;
#6694 = EDGE_LOOP ( 'NONE', ( #2113, #4250, #3241, #4641 ) ) ;
#6695 = LINE ( 'NONE', #4480, #3941 ) ;
#6696 = CARTESIAN_POINT ( 'NONE',  ( -1.422927228522525622, 23.83273601796319952, 0.04776344766441519007 ) ) ;
#6697 = CARTESIAN_POINT ( 'NONE',  ( -2.830533735383918170, 25.00659699355144738, 0.4499999999996804334 ) ) ;
#6698 = LINE ( 'NONE', #5791, #3521 ) ;
#6699 = CARTESIAN_POINT ( 'NONE',  ( -2.858503937007898177, 24.63126884975480024, 0.3575973113585442786 ) ) ;
#6700 = ADVANCED_FACE ( 'NONE', ( #4506 ), #1031, .F. ) ;
#6701 = CARTESIAN_POINT ( 'NONE',  ( -1.009553249432020960, 25.37146233035549159, 0.2004855481862807542 ) ) ;
#6702 = CARTESIAN_POINT ( 'NONE',  ( -2.450426713863180339, 25.17532135023754591, 0.1051148089964107080 ) ) ;
#6703 = DIRECTION ( 'NONE',  ( 1.749285781892509402E-10, 1.000000000000000000, -3.588608788391494442E-15 ) ) ;
#6704 = EDGE_CURVE ( 'NONE', #3354, #8592, #1927, .T. ) ;
#6705 = CARTESIAN_POINT ( 'NONE',  ( -2.715173716569615259, 24.56982912945235142, 0.2269321243660058218 ) ) ;
#6706 = CARTESIAN_POINT ( 'NONE',  ( -2.006733936814486974, 23.47661351603644420, 0.3452797154817122682 ) ) ;
#6707 = CARTESIAN_POINT ( 'NONE',  ( -1.382856961966935749, 25.59337140202843841, 0.1652755102206771853 ) ) ;
#6708 = CARTESIAN_POINT ( 'NONE',  ( -2.443288089085584147, 25.18098541028458826, 0.1032609204152584170 ) ) ;
#6709 = CIRCLE ( 'NONE', #3850, 0.08858267716535331293 ) ;
#6710 = DIRECTION ( 'NONE',  ( 0.000000000000000000, 0.000000000000000000, -1.000000000000000000 ) ) ;
#6711 = CARTESIAN_POINT ( 'NONE',  ( -2.437498561015218446, 23.54102870231579914, 0.4431827809966977227 ) ) ;
#6712 = CARTESIAN_POINT ( 'NONE',  ( -1.367289909563590200, 25.34940752778589257, 0.04999999999999999584 ) ) ;
#6713 = EDGE_LOOP ( 'NONE', ( #4154, #6789, #8289, #6225 ) ) ;
#6714 = CARTESIAN_POINT ( 'NONE',  ( -1.226234903337108495, 23.49457376137057096, 0.3999999999996856626 ) ) ;
#6715 = CARTESIAN_POINT ( 'NONE',  ( -2.473493485096836420, 24.34427831938292641, 0.04711980272752858828 ) ) ;
#6716 = ORIENTED_EDGE ( 'NONE', *, *, #8306, .T. ) ;
#6717 = CARTESIAN_POINT ( 'NONE',  ( -2.119531483846186504, 25.37200665480822792, 0.04581397625877554891 ) ) ;
#6718 = CARTESIAN_POINT ( 'NONE',  ( -2.552239005041885722, 25.59596826006839976, 0.3515123944896292318 ) ) ;
#6719 = CARTESIAN_POINT ( 'NONE',  ( -0.7374032486715839108, 24.29190094123469024, 0.1646471469565967127 ) ) ;
#6720 = CARTESIAN_POINT ( 'NONE',  ( -2.774674398395336361, 25.29600739506293650, 0.3425268887745939184 ) ) ;
#6721 = CARTESIAN_POINT ( 'NONE',  ( -0.5356692913910998666, 25.39456692905514146, 0.3999999999996790012 ) ) ;
#6722 = FACE_OUTER_BOUND ( 'NONE', #549, .T. ) ;
#6723 = CARTESIAN_POINT ( 'NONE',  ( -1.040094504093528549, 25.54962135434508497, 0.2228060941787060600 ) ) ;
#6724 = CARTESIAN_POINT ( 'NONE',  ( -0.8614107537532518233, 23.54894826496440174, 0.3999999999996867728 ) ) ;
#6725 = AXIS2_PLACEMENT_3D ( 'NONE', #294, #4717, #8190 ) ;
#6726 = VERTEX_POINT ( 'NONE', #7570 ) ;
#6727 = EDGE_CURVE ( 'NONE', #5824, #6791, #3028, .T. ) ;
#6728 = CARTESIAN_POINT ( 'NONE',  ( -0.6931496062992357210, 23.65834645669293579, 0.1999999999996851796 ) ) ;
#6729 = CARTESIAN_POINT ( 'NONE',  ( -2.824391302911676060, 24.18731528935965969, 0.4499999999996834865 ) ) ;
#6730 = CARTESIAN_POINT ( 'NONE',  ( -0.6490734842778349556, 24.89450232139064312, 0.2258834984155226600 ) ) ;
#6731 = CARTESIAN_POINT ( 'NONE',  ( -2.375808277640287347, 24.09420390656628186, 0.1307230914040652392 ) ) ;
#6732 = ADVANCED_FACE ( 'NONE', ( #3944, #3995 ), #5206, .F. ) ;
#6733 = CARTESIAN_POINT ( 'NONE',  ( -2.095258582605469488, 25.84127236824528850, 0.4382319632553152156 ) ) ;
#6734 = LINE ( 'NONE', #569, #7984 ) ;
#6735 = CARTESIAN_POINT ( 'NONE',  ( -0.6931496062992357210, 23.56976377952758028, 0.3999999999996855515 ) ) ;
#6736 = B_SPLINE_CURVE_WITH_KNOTS ( 'NONE', 3,
 ( #8198, #7546, #7596, #9094, #4576, #8248, #1155, #449, #1204, #405, #1007, #3265, #2658, #9001, #5328, #3363, #3869, #6804, #6898, #1856, #6751, #4770, #301, #6037, #4020, #8898 ),
 .UNSPECIFIED., .F., .F.,
 ( 4, 2, 1, 1, 1, 1, 1, 2, 2, 2, 2, 1, 1, 1, 2, 2, 4 ),
 ( 0.000000000000000000, 0.06250000000122357680, 0.1250000000024471536, 0.1875000000036707304, 0.2187500000042820192, 0.2343750000046428417, 0.2421875000048232529, 0.2460937500049134585, 0.2500000000050036641, 0.3750000000041721626, 0.4375000000038126169, 0.4687500000036328163, 0.4843750000035005332, 0.4921875000034752201, 0.4960937500034224845, 0.5000000000033697489, 1.000000000000000000 ),
 .UNSPECIFIED. ) ;
#6737 = EDGE_CURVE ( 'NONE', #535, #5101, #2270, .T. ) ;
#6738 = EDGE_CURVE ( 'NONE', #2962, #7030, #2426, .T. ) ;
#6739 = ORIENTED_EDGE ( 'NONE', *, *, #7298, .T. ) ;
#6740 = CARTESIAN_POINT ( 'NONE',  ( -0.7143770010454012498, 25.18750906211245777, 0.2241493021237557226 ) ) ;
#6741 = CARTESIAN_POINT ( 'NONE',  ( -2.071667680750203910, 25.65399277908862885, 0.2253865708384152344 ) ) ;
#6742 = VERTEX_POINT ( 'NONE', #6113 ) ;
#6743 = CARTESIAN_POINT ( 'NONE',  ( -2.456929133858066105, 24.03236220472450313, 0.1406471969558845958 ) ) ;
#6744 = EDGE_CURVE ( 'NONE', #5118, #6685, #6777, .T. ) ;
#6745 = CARTESIAN_POINT ( 'NONE',  ( -2.412465509566030342, 23.66075306334201045, 0.3047197901885456139 ) ) ;
#6746 = CARTESIAN_POINT ( 'NONE',  ( -2.619262747931558444, 23.78096294039533376, 0.3999999999996848299 ) ) ;
#6747 = VERTEX_POINT ( 'NONE', #937 ) ;
#6748 = CARTESIAN_POINT ( 'NONE',  ( -2.206511744044572954, 23.98023657109841977, 0.1027949665430567122 ) ) ;
#6749 = CARTESIAN_POINT ( 'NONE',  ( -1.335717675790020653, 23.47630541931317083, 0.3454806152425048404 ) ) ;
#6750 = CARTESIAN_POINT ( 'NONE',  ( -1.325320731423226928, 25.79585226193939462, 0.3999999999996776134 ) ) ;
#6751 = CARTESIAN_POINT ( 'NONE',  ( -0.8781679018481666210, 24.94313757864485837, 0.05000000788287321807 ) ) ;
#6752 = CARTESIAN_POINT ( 'NONE',  ( -0.4962992125984483915, 25.48905511771360111, 0.3999999999996787237 ) ) ;
#6753 = FACE_OUTER_BOUND ( 'NONE', #3906, .T. ) ;
#6754 = DIRECTION ( 'NONE',  ( 6.875386480848732865E-11, 1.000000000000000000, -3.588608788390180988E-15 ) ) ;
#6756 = CARTESIAN_POINT ( 'NONE',  ( -1.677401574803172757, 24.64259842519687282, 0.3999999999996817768 ) ) ;
#6755 = B_SPLINE_CURVE_WITH_KNOTS ( 'NONE', 3,
 ( #2126, #4901, #1291, #4165 ),
 .UNSPECIFIED., .F., .F.,
 ( 4, 4 ),
 ( 0.08404791234258328358, 0.08745818057133493417 ),
 .UNSPECIFIED. ) ;
#6757 = EDGE_CURVE ( 'NONE', #8563, #59, #8973, .T. ) ;
#6758 = CARTESIAN_POINT ( 'NONE',  ( -2.846339011495907290, 24.74012321824331906, 0.3465524419981578230 ) ) ;
#6759 = CARTESIAN_POINT ( 'NONE',  ( -1.978023693882233092, 23.61873100437734507, 0.2253601889498993982 ) ) ;
#6760 = CARTESIAN_POINT ( 'NONE',  ( -1.340683297025862863, 25.73648048038148062, 0.2851072881849578411 ) ) ;
#6761 = LINE ( 'NONE', #4635, #1836 ) ;
#6762 = CARTESIAN_POINT ( 'NONE',  ( -2.287637795275386576, 25.25283464566938108, 0.05000000000000000278 ) ) ;
#6763 = CARTESIAN_POINT ( 'NONE',  ( -2.242732082735397370, 24.12536908753675391, 0.04606817219003302155 ) ) ;
#6764 = CARTESIAN_POINT ( 'NONE',  ( -0.4962992125984480030, 24.65392132975884465, 0.3575973078704097752 ) ) ;
#6765 = CARTESIAN_POINT ( 'NONE',  ( -1.318625422412509351, 23.43811139039643621, 0.4431958470681033879 ) ) ;
#6766 = CARTESIAN_POINT ( 'NONE',  ( -2.599846311088056972, 24.02546551322158663, 0.2239234066761126851 ) ) ;
#6767 = VERTEX_POINT ( 'NONE', #6673 ) ;
#6768 = CARTESIAN_POINT ( 'NONE',  ( -2.305065451872999827, 25.75291028016988903, 0.3429904801603304021 ) ) ;
#6769 = CARTESIAN_POINT ( 'NONE',  ( -2.561722810156853658, 25.68083995865647040, 0.3999999999996983746 ) ) ;
#6770 = CARTESIAN_POINT ( 'NONE',  ( -0.8845765432728951438, 24.34358310469022868, 0.04499792254711890149 ) ) ;
#6771 = CARTESIAN_POINT ( 'NONE',  ( -2.690367028209915468, 25.27231527376978804, 0.2826726130360787681 ) ) ;
#6772 = CARTESIAN_POINT ( 'NONE',  ( -2.310606048603085494, 23.73282099291657943, 0.2228087806073487109 ) ) ;
#6773 = CARTESIAN_POINT ( 'NONE',  ( -2.659174401778491958, 23.90774789174111348, 0.3047259829438649925 ) ) ;
#6774 = AXIS2_PLACEMENT_3D ( 'NONE', #6830, #8980, #2539 ) ;
#6775 = VECTOR ( 'NONE', #8552, 39.37007874015748143 ) ;
#6776 = CARTESIAN_POINT ( 'NONE',  ( -0.9411403085586279582, 25.69073382154502028, 0.3423512456525908410 ) ) ;
#6777 = LINE ( 'NONE', #8080, #3202 ) ;
#6778 = CARTESIAN_POINT ( 'NONE',  ( -0.5241477381242682920, 24.99467927368627329, 0.4499999999996804334 ) ) ;
#6779 = ORIENTED_EDGE ( 'NONE', *, *, #4862, .F. ) ;
#6780 = CARTESIAN_POINT ( 'NONE',  ( -2.701023621653566131, 23.41149606299214625, 0.3999999999996861622 ) ) ;
#6781 = CARTESIAN_POINT ( 'NONE',  ( -2.858503937007897289, 23.61897637812343476, 0.3999999999996854405 ) ) ;
#6782 = DIRECTION ( 'NONE',  ( 6.123233995736998996E-17, 3.552713678800503296E-15, 1.000000000000000000 ) ) ;
#6783 = CARTESIAN_POINT ( 'NONE',  ( -0.6389120574667299657, 24.55571694002586725, 0.2270565931705674223 ) ) ;
#6784 = CARTESIAN_POINT ( 'NONE',  ( -1.346742511349053206, 25.43172887069323451, 0.05000000000000000971 ) ) ;
#6785 = CARTESIAN_POINT ( 'NONE',  ( -2.043329646550052114, 25.84120910783124003, 0.4382319632553156041 ) ) ;
#6786 = VECTOR ( 'NONE', #6201, 39.37007874015748143 ) ;
#6787 = CARTESIAN_POINT ( 'NONE',  ( -0.5553543307090469394, 25.31609515211159334, 0.3646287946875634844 ) ) ;
#6788 = CARTESIAN_POINT ( 'NONE',  ( -1.047480314960560932, 25.27251968503944468, 0.2999999999999999889 ) ) ;
#6789 = ORIENTED_EDGE ( 'NONE', *, *, #8936, .T. ) ;
#6790 = CARTESIAN_POINT ( 'NONE',  ( -0.8202461113544351479, 25.00672731187005482, 0.1060978083706751313 ) ) ;
#6791 = VERTEX_POINT ( 'NONE', #5401 ) ;
#6792 = DIRECTION ( 'NONE',  ( -0.000000000000000000, 0.000000000000000000, 1.000000000000000000 ) ) ;
#6793 = ORIENTED_EDGE ( 'NONE', *, *, #5923, .T. ) ;
#6794 = CARTESIAN_POINT ( 'NONE',  ( -0.6229552005058806019, 23.91580246687233569, 0.3423737023347651620 ) ) ;
#6795 = CIRCLE ( 'NONE', #768, 1.276096763594763983 ) ;
#6796 = AXIS2_PLACEMENT_3D ( 'NONE', #436, #6125, #1941 ) ;
#6797 = CARTESIAN_POINT ( 'NONE',  ( -2.348224708181704923, 23.78752867138121374, 0.2077119179488465806 ) ) ;
#6798 = AXIS2_PLACEMENT_3D ( 'NONE', #2394, #1693, #3301 ) ;
#6799 = DIRECTION ( 'NONE',  ( 0.000000000000000000, 1.000000000000000000, -3.469446951953611428E-15 ) ) ;
#6800 = ORIENTED_EDGE ( 'NONE', *, *, #3996, .F. ) ;
#6801 = DIRECTION ( 'NONE',  ( -0.000000000000000000, -0.000000000000000000, -1.000000000000000000 ) ) ;
#6802 = CARTESIAN_POINT ( 'NONE',  ( -1.374742491171468517, 23.69126323765522102, 0.1666630731966635970 ) ) ;
#6803 = CARTESIAN_POINT ( 'NONE',  ( -2.795983519796574779, 25.23143604400513240, 0.4499999999996796007 ) ) ;
#6804 = CARTESIAN_POINT ( 'NONE',  ( -0.8767168241587380839, 24.93865874028443841, 0.05000032120310946016 ) ) ;
#6805 = CARTESIAN_POINT ( 'NONE',  ( -0.4962992125984483915, 25.04652524877292663, 0.3593551144628720495 ) ) ;
#6806 = CARTESIAN_POINT ( 'NONE',  ( -2.830655411561412649, 24.29051793536090997, 0.3999999999996830535 ) ) ;
#6807 = AXIS2_PLACEMENT_3D ( 'NONE', #2534, #3239, #5872 ) ;
#6808 = DIRECTION ( 'NONE',  ( -6.123233995736998996E-17, -3.552713678800503296E-15, -1.000000000000000000 ) ) ;
#6809 = CARTESIAN_POINT ( 'NONE',  ( -2.577486585320610146, 24.78819204556620903, 0.1068531031435328155 ) ) ;
#6810 = CARTESIAN_POINT ( 'NONE',  ( -1.812935527512811840, 23.80960240074232814, 0.04706314725977262664 ) ) ;
#6811 = CARTESIAN_POINT ( 'NONE',  ( -1.367540329221437201, 25.73804725261130955, 0.2853645843306316654 ) ) ;
#6812 = CARTESIAN_POINT ( 'NONE',  ( -1.854758613302071923, 25.47248382854717619, 0.05005512990727094269 ) ) ;
#6813 = PLANE ( 'NONE',  #6958 ) ;
#6814 = CARTESIAN_POINT ( 'NONE',  ( -0.6033474631027702095, 23.95638505546748576, 0.4499999999996841527 ) ) ;
#6815 = CARTESIAN_POINT ( 'NONE',  ( -0.4962992125984488356, 24.12447822336328684, 0.3702440429695600943 ) ) ;
#6816 = CARTESIAN_POINT ( 'NONE',  ( -0.8808274571872514169, 23.56638648297780492, 0.4431958470681028328 ) ) ;
#6817 = CARTESIAN_POINT ( 'NONE',  ( -2.751365543328975871, 23.94530854461273606, 0.3427499569031867699 ) ) ;
#6818 = EDGE_LOOP ( 'NONE', ( #6938, #1893, #2879, #899 ) ) ;
#6819 = CARTESIAN_POINT ( 'NONE',  ( -2.206809249028208963, 25.51786073259821919, 0.1646290400840364487 ) ) ;
#6820 = CARTESIAN_POINT ( 'NONE',  ( -2.701023621653566131, 23.46149606299214696, 0.6074803150392285023 ) ) ;
#6821 = CARTESIAN_POINT ( 'NONE',  ( -0.4420202392777407008, 24.21183828727922460, 0.4043673495626622372 ) ) ;
#6822 = CARTESIAN_POINT ( 'NONE',  ( -2.471959444935112771, 25.13652953172417881, 0.1033340521001332307 ) ) ;
#6823 = CARTESIAN_POINT ( 'NONE',  ( -2.437341001351787995, 23.50700470448417789, 0.4021375399945805729 ) ) ;
#6824 = CARTESIAN_POINT ( 'NONE',  ( -2.583832955562154421, 23.74124805142039563, 0.3406570415875089242 ) ) ;
#6825 = CARTESIAN_POINT ( 'NONE',  ( -2.701023622047267203, 23.61897637795277660, 0.6074803150392285023 ) ) ;
#6826 = CARTESIAN_POINT ( 'NONE',  ( -2.119814217985160010, 24.01035749437780709, 0.05000000000000000278 ) ) ;
#6827 = B_SPLINE_SURFACE_WITH_KNOTS ( 'NONE', 3, 1, ( 
 ( #1509, #4524 ),
 ( #4388, #2259 ),
 ( #3628, #3813 ),
 ( #199, #7296 ),
 ( #810, #154 ),
 ( #4569, #6502 ),
 ( #5931, #5221 ),
 ( #5174, #7439 ),
 ( #2920, #1602 ),
 ( #5784, #2400 ),
 ( #952, #248 ),
 ( #5832, #7246 ) ),
 .UNSPECIFIED., .F., .F., .F.,
 ( 4, 2, 2, 2, 2, 4 ),
 ( 2, 2 ),
 ( 0.000000000000000000, 0.2500000000000000000, 0.5000000000000000000, 0.7500000000000000000, 0.8750000000000000000, 1.000000000000000000 ),
 ( 0.000000000000000000, 1.000000000000000000 ),
 .UNSPECIFIED. ) ;
#6828 = VERTEX_POINT ( 'NONE', #8270 ) ;
#6829 = CARTESIAN_POINT ( 'NONE',  ( -2.521090370808889425, 24.70465109123801639, 0.05000005528435175206 ) ) ;
#6830 = CARTESIAN_POINT ( 'NONE',  ( -0.6931496062992357210, 25.62685039370080986, 0.3999999999996782241 ) ) ;
#6831 = ADVANCED_FACE ( 'NONE', ( #280 ), #1828, .F. ) ;
#6832 = CARTESIAN_POINT ( 'NONE',  ( -0.5380597569376671663, 25.14839170618425612, 0.3999999999996798894 ) ) ;
#6833 = CARTESIAN_POINT ( 'NONE',  ( -0.6376480559519722702, 24.63560460459281387, 0.2272218328285661726 ) ) ;
#6834 = DIRECTION ( 'NONE',  ( 1.000000000000000000, 1.029173539585701576E-10, -9.698936402911088572E-17 ) ) ;
#6835 = CARTESIAN_POINT ( 'NONE',  ( -2.728411246034338156, 25.36636235266382400, 0.3999999999996792233 ) ) ;
#6836 = CARTESIAN_POINT ( 'NONE',  ( -1.496179712525132821, 23.46149606299214696, 0.3578021483996427499 ) ) ;
#6837 = AXIS2_PLACEMENT_3D ( 'NONE', #4914, #685, #4348 ) ;
#6838 = CARTESIAN_POINT ( 'NONE',  ( -0.9393736150989117073, 24.86791367380186202, 0.05000000000000021788 ) ) ;
#6839 = ORIENTED_EDGE ( 'NONE', *, *, #9121, .T. ) ;
#6840 = CARTESIAN_POINT ( 'NONE',  ( -0.7758430710136642316, 25.11945573514492125, 0.1648915596622757829 ) ) ;
#6841 = ORIENTED_EDGE ( 'NONE', *, *, #5603, .F. ) ;
#6842 = DIRECTION ( 'NONE',  ( 1.000000000000000000, 0.000000000000000000, 0.000000000000000000 ) ) ;
#6843 = ORIENTED_EDGE ( 'NONE', *, *, #7796, .F. ) ;
#6844 = CARTESIAN_POINT ( 'NONE',  ( -0.9775031144685962792, 24.16000189288945066, 0.04360754708005885882 ) ) ;
#6845 = CARTESIAN_POINT ( 'NONE',  ( -2.273066893707921921, 23.90644141487643992, 0.1107053057878854690 ) ) ;
#6846 = CARTESIAN_POINT ( 'NONE',  ( -2.170066195455925939, 23.50088909459737252, 0.4499999999996857070 ) ) ;
#6847 = ORIENTED_EDGE ( 'NONE', *, *, #4772, .T. ) ;
#6848 = CARTESIAN_POINT ( 'NONE',  ( -0.9486778155649677746, 24.38819507873265025, 0.04999999999999999584 ) ) ;
#6849 = CARTESIAN_POINT ( 'NONE',  ( -1.367711554648046501, 23.69242021039086410, 0.1665766654842307792 ) ) ;
#6850 = DIRECTION ( 'NONE',  ( -0.000000000000000000, 0.000000000000000000, 1.000000000000000000 ) ) ;
#6851 = CARTESIAN_POINT ( 'NONE',  ( -0.6036214378104848288, 25.32946718862422486, 0.4499999999996792122 ) ) ;
#6852 = CARTESIAN_POINT ( 'NONE',  ( -1.500918439548469818, 25.39602746328951000, 0.05000017679233562107 ) ) ;
#6853 = B_SPLINE_SURFACE_WITH_KNOTS ( 'NONE', 3, 1, ( 
 ( #5898, #1528 ),
 ( #1481, #36 ),
 ( #2276, #8764 ),
 ( #2897, #7219 ),
 ( #2328, #5193 ),
 ( #781, #8067 ),
 ( #5143, #3647 ),
 ( #7974, #4449 ),
 ( #5337, #3273 ),
 ( #4732, #3879 ),
 ( #312, #6660 ) ),
 .UNSPECIFIED., .F., .F., .F.,
 ( 4, 1, 1, 1, 1, 1, 1, 1, 4 ),
 ( 2, 2 ),
 ( 0.000000000000000000, 0.04116832334593967246, 0.1382656208159931399, 0.2912925868200092472, 0.4999817761123142024, 0.6064714692144804742, 0.7253656002627995036, 0.8565712636143990588, 0.9999999999999998890 ),
 ( 0.000000000000000000, 1.000000000000000000 ),
 .UNSPECIFIED. ) ;
#6854 = CARTESIAN_POINT ( 'NONE',  ( -2.661653543307109793, 23.77192913385828632, 0.1999999999996849021 ) ) ;
#6855 = FACE_OUTER_BOUND ( 'NONE', #1551, .T. ) ;
#6856 = CARTESIAN_POINT ( 'NONE',  ( -2.640634537685116356, 24.44401210832548088, 0.1663224416082147994 ) ) ;
#6857 = CARTESIAN_POINT ( 'NONE',  ( -1.595525260723700489, 23.47379968989837451, 0.3464949343331343856 ) ) ;
#6858 = CARTESIAN_POINT ( 'NONE',  ( -1.351659965130520336, 25.66382082408458487, 0.2250703819389613669 ) ) ;
#6859 = CARTESIAN_POINT ( 'NONE',  ( -2.657949915460929624, 25.32492829708291637, 0.2825811846657773629 ) ) ;
#6860 = CARTESIAN_POINT ( 'NONE',  ( -2.661653543307109793, 25.51326771653545578, 0.1999999999996786848 ) ) ;
#6861 = CARTESIAN_POINT ( 'NONE',  ( -0.5755573712360392280, 24.01369515106084762, 0.4499999999996840416 ) ) ;
#6862 = CARTESIAN_POINT ( 'NONE',  ( -2.858503937007947027, 24.03015985627635231, 0.3865979684910718639 ) ) ;
#6863 = FACE_BOUND ( 'NONE', #6888, .T. ) ;
#6864 = CARTESIAN_POINT ( 'NONE',  ( -2.591577414343665620, 24.01302145600353910, 0.2239153187817512769 ) ) ;
#6865 = ORIENTED_EDGE ( 'NONE', *, *, #7944, .F. ) ;
#6866 = CARTESIAN_POINT ( 'NONE',  ( -2.235166839025839902, 25.77688653744272784, 0.3434579113234387249 ) ) ;
#6867 = DIRECTION ( 'NONE',  ( -1.000000000000000000, 0.000000000000000000, 0.000000000000000000 ) ) ;
#6868 = CARTESIAN_POINT ( 'NONE',  ( -0.5124143953449518119, 24.27277325180184064, 0.3449279556177102801 ) ) ;
#6869 = CARTESIAN_POINT ( 'NONE',  ( -2.673044140820691084, 25.30185328961245617, 0.2825998522420034020 ) ) ;
#6870 = CARTESIAN_POINT ( 'NONE',  ( -2.326032199082546548, 23.45215477725174225, 0.4025574570375786143 ) ) ;
#6871 = EDGE_CURVE ( 'NONE', #6726, #5066, #5965, .T. ) ;
#6872 = CARTESIAN_POINT ( 'NONE',  ( -2.642692852108485368, 23.77043879944672256, 0.3563661899212129391 ) ) ;
#6873 = CARTESIAN_POINT ( 'NONE',  ( -0.9155084672675103397, 23.51158729026466787, 0.3999999999996845523 ) ) ;
#6874 = CARTESIAN_POINT ( 'NONE',  ( -2.066946083529451972, 23.97626281665073833, 0.04999999999999996808 ) ) ;
#6875 = CARTESIAN_POINT ( 'NONE',  ( -0.6090039449980682029, 23.78984850549606023, 0.4021132346557486081 ) ) ;
#6876 = ORIENTED_EDGE ( 'NONE', *, *, #5991, .T. ) ;
#6877 = CARTESIAN_POINT ( 'NONE',  ( -2.521223235766802073, 24.70246118058456730, 0.05000002003187046379 ) ) ;
#6878 = DIRECTION ( 'NONE',  ( 0.000000000000000000, 0.000000000000000000, 1.000000000000000000 ) ) ;
#6879 = CARTESIAN_POINT ( 'NONE',  ( -1.072801415095387068, 23.53070021131058454, 0.4499999999996857070 ) ) ;
#6880 = CARTESIAN_POINT ( 'NONE',  ( -0.9845933574561250845, 25.27833045874392681, 0.1051147726145510580 ) ) ;
#6881 = EDGE_CURVE ( 'NONE', #5216, #9135, #3592, .T. ) ;
#6882 = CARTESIAN_POINT ( 'NONE',  ( -1.444542720760526144, 25.46104651118970352, 0.000000000000000000 ) ) ;
#6883 = PLANE ( 'NONE',  #1362 ) ;
#6884 = LINE ( 'NONE', #991, #4240 ) ;
#6885 = LINE ( 'NONE', #3395, #333 ) ;
#6886 = ORIENTED_EDGE ( 'NONE', *, *, #9079, .F. ) ;
#6887 = CARTESIAN_POINT ( 'NONE',  ( -0.7654093659668603777, 25.09218096871537895, 0.1651049805083082689 ) ) ;
#6888 = EDGE_LOOP ( 'NONE', ( #9176, #6411 ) ) ;
#6889 = CARTESIAN_POINT ( 'NONE',  ( -2.427803697000803229, 24.46274059197718387, 0.000000000000000000 ) ) ;
#6890 = ORIENTED_EDGE ( 'NONE', *, *, #83, .F. ) ;
#6891 = CARTESIAN_POINT ( 'NONE',  ( -2.287637795275383912, 23.86307086614182182, 0.1406184479541331689 ) ) ;
#6892 = FACE_OUTER_BOUND ( 'NONE', #6453, .T. ) ;
#6893 = CARTESIAN_POINT ( 'NONE',  ( -2.218019323730752834, 23.51150837459607956, 0.4499999999996858180 ) ) ;
#6894 = EDGE_LOOP ( 'NONE', ( #2549, #8724, #5376, #2602, #8098, #1131 ) ) ;
#6895 = CARTESIAN_POINT ( 'NONE',  ( -1.049806013857932818, 24.20343350900557056, 0.04606796130808337580 ) ) ;
#6896 = CARTESIAN_POINT ( 'NONE',  ( -1.339514774682380782, 23.54789749359503404, 0.2858204660537647657 ) ) ;
#6897 = CARTESIAN_POINT ( 'NONE',  ( -2.753055123450030450, 25.32593747981250942, 0.4499999999996793232 ) ) ;
#6898 = CARTESIAN_POINT ( 'NONE',  ( -0.8775492600847151214, 24.94123784472002114, 0.05000008514474026111 ) ) ;
#6899 = LINE ( 'NONE', #355, #1137 ) ;
#6900 = CIRCLE ( 'NONE', #2077, 0.1135826771653510037 ) ;
#6901 = CARTESIAN_POINT ( 'NONE',  ( -2.784499106140845281, 24.02243194539184046, 0.4499999999996840416 ) ) ;
#6902 = CARTESIAN_POINT ( 'NONE',  ( -2.661653543307109793, 23.65834645669293579, 0.1999999999996853184 ) ) ;
#6903 = CARTESIAN_POINT ( 'NONE',  ( -2.844191190569550720, 24.35775625549095480, 0.3455879319080000789 ) ) ;
#6904 = CARTESIAN_POINT ( 'NONE',  ( -1.497367738561620865, 23.67761877640905510, 0.1664791959049829184 ) ) ;
#6905 = CARTESIAN_POINT ( 'NONE',  ( -2.455677170991409586, 23.52266114469902547, 0.3999999999996855515 ) ) ;
#6906 = CARTESIAN_POINT ( 'NONE',  ( -1.736875699567456133, 25.48379609277298741, 0.04759509161453434611 ) ) ;
#6907 = CARTESIAN_POINT ( 'NONE',  ( -1.824225505437308215, 25.47867790927352516, 0.000000000000000000 ) ) ;
#6908 = CARTESIAN_POINT ( 'NONE',  ( -2.456929133858058556, 25.25283464566937752, 0.1406219481137812310 ) ) ;
#6909 = DIRECTION ( 'NONE',  ( 0.000000000000000000, 0.000000000000000000, -1.000000000000000000 ) ) ;
#6910 = CARTESIAN_POINT ( 'NONE',  ( -0.9695025312168803477, 23.58097521004009423, 0.3999999999996857181 ) ) ;
#6911 = CARTESIAN_POINT ( 'NONE',  ( -2.389526046083026767, 24.17271765953945462, 0.04572836424044371406 ) ) ;
#6912 = ORIENTED_EDGE ( 'NONE', *, *, #7675, .T. ) ;
#6913 = CARTESIAN_POINT ( 'NONE',  ( -2.232339402334198919, 25.50338783754802918, 0.1645424989252183556 ) ) ;
#6914 = CARTESIAN_POINT ( 'NONE',  ( -0.6143166870434650928, 25.49689194067027742, 0.3999999999999080402 ) ) ;
#6915 = EDGE_CURVE ( 'NONE', #2331, #6501, #1929, .T. ) ;
#6916 = EDGE_CURVE ( 'NONE', #7812, #3205, #8470, .T. ) ;
#6917 = CARTESIAN_POINT ( 'NONE',  ( -2.910651987415483255, 25.09925739963447455, 0.4040925353071207482 ) ) ;
#6918 = CARTESIAN_POINT ( 'NONE',  ( -2.084828095881533283, 23.89732377105051953, 0.04377287369062399930 ) ) ;
#6919 = CARTESIAN_POINT ( 'NONE',  ( -0.9230008702994554337, 25.78162901506141935, 0.4021455399646190476 ) ) ;
#6920 = CARTESIAN_POINT ( 'NONE',  ( -2.141839171782706774, 23.86307086614180406, 0.08393049683576485342 ) ) ;
#6921 = CARTESIAN_POINT ( 'NONE',  ( -2.444619722717428001, 23.54584169251254266, 0.4432038780669226852 ) ) ;
#6922 = CARTESIAN_POINT ( 'NONE',  ( -0.8603464194875830584, 23.89057200485082433, 0.2239141812972125778 ) ) ;
#6923 = EDGE_LOOP ( 'NONE', ( #2440, #7142, #1746, #8194 ) ) ;
#6924 = EDGE_CURVE ( 'NONE', #4430, #4357, #558, .T. ) ;
#6925 = CARTESIAN_POINT ( 'NONE',  ( -2.498162250181264810, 24.86407719411465322, 0.04999599029227466684 ) ) ;
#6926 = CARTESIAN_POINT ( 'NONE',  ( -2.123103822314575950, 23.49427836172300488, 0.3999999999996858846 ) ) ;
#6927 = CARTESIAN_POINT ( 'NONE',  ( -1.124803713952055251, 23.51463324508794983, 0.4499999999996857070 ) ) ;
#6928 = CARTESIAN_POINT ( 'NONE',  ( -0.8432693974829233996, 25.49919545087508155, 0.2833137307471138011 ) ) ;
#6929 = CARTESIAN_POINT ( 'NONE',  ( -0.9818534727526121442, 25.71207658133021923, 0.3999999999996778910 ) ) ;
#6930 = CARTESIAN_POINT ( 'NONE',  ( -0.4462992125984484026, 25.48905511771334176, 0.6074803150392297235 ) ) ;
#6931 = DIRECTION ( 'NONE',  ( -6.123233995736998996E-17, -3.552713678800503296E-15, -1.000000000000000000 ) ) ;
#6932 = CARTESIAN_POINT ( 'NONE',  ( -1.135580449629421951, 25.42212598425210501, 0.1124226954918717686 ) ) ;
#6933 = ORIENTED_EDGE ( 'NONE', *, *, #4085, .F. ) ;
#6934 = CARTESIAN_POINT ( 'NONE',  ( -0.5290055858397800792, 25.38238370241253961, 0.4021543921996373894 ) ) ;
#6935 = ORIENTED_EDGE ( 'NONE', *, *, #5642, .F. ) ;
#6936 = EDGE_CURVE ( 'NONE', #488, #1283, #6349, .T. ) ;
#6937 = CARTESIAN_POINT ( 'NONE',  ( -2.223044421543987959, 24.09695565791760785, 0.000000000000000000 ) ) ;
#6938 = ORIENTED_EDGE ( 'NONE', *, *, #5016, .F. ) ;
#6939 = CARTESIAN_POINT ( 'NONE',  ( -0.8382651327622889781, 24.05852052017137410, 0.1631107864198532431 ) ) ;
#6940 = VECTOR ( 'NONE', #679, 39.37007874015748143 ) ;
#6941 = CARTESIAN_POINT ( 'NONE',  ( -2.876081833015322609, 24.22476577821803900, 0.4382308758287538075 ) ) ;
#6942 = CARTESIAN_POINT ( 'NONE',  ( -2.312873671409002796, 23.54356579158786644, 0.4499999999996857625 ) ) ;
#6943 = ORIENTED_EDGE ( 'NONE', *, *, #8981, .F. ) ;
#6944 = CARTESIAN_POINT ( 'NONE',  ( -1.028893862103825940, 24.23469868017171436, 0.04606796130808338274 ) ) ;
#6945 = CARTESIAN_POINT ( 'NONE',  ( -1.155802590951709563, 23.58235540422488086, 0.2840054979318316630 ) ) ;
#6946 = CARTESIAN_POINT ( 'NONE',  ( -2.908503937007897111, 25.66622047220959146, 0.6074803150392285023 ) ) ;
#6947 = CARTESIAN_POINT ( 'NONE',  ( -0.6931496062992357210, 25.74043307086616039, 0.3999999999996778355 ) ) ;
#6948 = AXIS2_PLACEMENT_3D ( 'NONE', #3065, #3769, #5938 ) ;
#6949 = DIRECTION ( 'NONE',  ( 8.596477683608268878E-11, -1.000000000000000000, 3.588606462290721509E-15 ) ) ;
#6950 = AXIS2_PLACEMENT_3D ( 'NONE', #9130, #1238, #1894 ) ;
#6951 = DIRECTION ( 'NONE',  ( 6.123233995736998996E-17, 3.552713678800503296E-15, 1.000000000000000000 ) ) ;
#6952 = CARTESIAN_POINT ( 'NONE',  ( -1.465867269642179727, 23.82430470243197007, 0.04616673958139526357 ) ) ;
#6953 = CARTESIAN_POINT ( 'NONE',  ( -1.128188976377882291, 25.27251968503944468, 0.2999999999999999889 ) ) ;
#6954 = CARTESIAN_POINT ( 'NONE',  ( -1.754695874060658412, 25.74588677697465755, 0.2867131506691178444 ) ) ;
#6955 = CARTESIAN_POINT ( 'NONE',  ( -1.031405815078933141, 24.11737095238355622, 0.09225948158403690647 ) ) ;
#6956 = CARTESIAN_POINT ( 'NONE',  ( -2.451892582513631069, 25.29521829451303461, 0.1564225747885633899 ) ) ;
#6957 = CARTESIAN_POINT ( 'NONE',  ( -0.4962992125984484471, 24.14535972805776254, 0.3674075147073511127 ) ) ;
#6958 = AXIS2_PLACEMENT_3D ( 'NONE', #4541, #3928, #969 ) ;
#6959 = CARTESIAN_POINT ( 'NONE',  ( -2.456929133858051451, 25.18441973250004651, 0.1124227741546727222 ) ) ;
#6960 = ORIENTED_EDGE ( 'NONE', *, *, #146, .F. ) ;
#6961 = CARTESIAN_POINT ( 'NONE',  ( -2.464429291190552540, 24.13114101506346287, 0.1051390995246050813 ) ) ;
#6962 = VERTEX_POINT ( 'NONE', #5631 ) ;
#6963 = CARTESIAN_POINT ( 'NONE',  ( -2.545023509468837375, 25.58812215465721707, 0.3427135429976877479 ) ) ;
#6964 = CARTESIAN_POINT ( 'NONE',  ( -0.5692737558774365603, 25.54193487212240754, 0.3999999999996785016 ) ) ;
#6965 = B_SPLINE_CURVE_WITH_KNOTS ( 'NONE', 3,
 ( #1662, #6606, #4401, #8713, #8062, #4535, #3168, #2222, #8758, #963, #3825 ),
 .UNSPECIFIED., .F., .F.,
 ( 4, 2, 1, 2, 2, 4 ),
 ( 0.000000000000000000, 0.06250000000000309475, 0.1250000000000061895, 0.2500000000000053291, 0.5000000000000035527, 1.000000000000000000 ),
 .UNSPECIFIED. ) ;
#6966 = CARTESIAN_POINT ( 'NONE',  ( -2.546218371720776474, 24.95876735686623249, 0.1047941315995520595 ) ) ;
#6967 = CARTESIAN_POINT ( 'NONE',  ( -2.239721943442859686, 23.50827828666923480, 0.3430240664930456207 ) ) ;
#6968 = CARTESIAN_POINT ( 'NONE',  ( -0.9453813492598321933, 25.79497383411112921, 0.4021913000249581205 ) ) ;
#6969 = CARTESIAN_POINT ( 'NONE',  ( -0.9818534727526121442, 25.71207658133021923, 0.3999999999996778910 ) ) ;
#6970 = CARTESIAN_POINT ( 'NONE',  ( -1.677401417968796382, 23.48934458846023077, 0.3999999999996862177 ) ) ;
#6971 = CARTESIAN_POINT ( 'NONE',  ( -0.5855420972281764058, 23.82032812121935095, 0.4021132367001619135 ) ) ;
#6972 = VERTEX_POINT ( 'NONE', #4744 ) ;
#6973 = CARTESIAN_POINT ( 'NONE',  ( -0.5553543307086845626, 25.52801544724411897, 0.3999999999996785571 ) ) ;
#6974 = DIRECTION ( 'NONE',  ( -0.000000000000000000, -0.000000000000000000, -1.000000000000000000 ) ) ;
#6975 = CARTESIAN_POINT ( 'NONE',  ( -1.009074786273909119, 23.55877188635630404, 0.4499999999996855404 ) ) ;
#6976 = CARTESIAN_POINT ( 'NONE',  ( -0.9843849630902891112, 25.14028579426553733, 0.04571619246287775967 ) ) ;
#6977 = CARTESIAN_POINT ( 'NONE',  ( -2.705425015590536386, 25.50229922372951918, 0.4431958260125126725 ) ) ;
#6978 = DIRECTION ( 'NONE',  ( -1.000000000000000000, 0.000000000000000000, 6.123233995736998996E-17 ) ) ;
#6979 = CARTESIAN_POINT ( 'NONE',  ( -2.386237809049148506, 25.70367862978153894, 0.3999999999996780020 ) ) ;
#6980 = VERTEX_POINT ( 'NONE', #8369 ) ;
#6981 = CARTESIAN_POINT ( 'NONE',  ( -1.857259497128594061, 23.89219636523229084, 0.000000000000000000 ) ) ;
#6982 = ORIENTED_EDGE ( 'NONE', *, *, #3250, .F. ) ;
#6983 = CARTESIAN_POINT ( 'NONE',  ( -0.7092370483167383943, 24.11495906858162286, 0.2232135411606958886 ) ) ;
#6984 = CARTESIAN_POINT ( 'NONE',  ( -2.878440800774249908, 24.17060660857023180, 0.4431922474509167875 ) ) ;
#6985 = DIRECTION ( 'NONE',  ( 1.000000000000000000, 0.000000000000000000, 0.000000000000000000 ) ) ;
#6986 = ORIENTED_EDGE ( 'NONE', *, *, #2548, .F. ) ;
#6987 = CARTESIAN_POINT ( 'NONE',  ( -0.6296623247416409663, 23.91413073072804707, 0.3999999999996843303 ) ) ;
#6988 = CARTESIAN_POINT ( 'NONE',  ( -1.147993742751283630, 23.76733665263683193, 0.1646290613883247267 ) ) ;
#6989 = CARTESIAN_POINT ( 'NONE',  ( -2.775205164454359608, 25.28087405863236370, 0.4499999999996796007 ) ) ;
#6990 = CARTESIAN_POINT ( 'NONE',  ( -0.5264476235900448220, 25.05845341535898996, 0.4499999999996802669 ) ) ;
#6991 = CARTESIAN_POINT ( 'NONE',  ( -0.5375968456607752577, 24.14129530628300202, 0.4499999999996834865 ) ) ;
#6992 = CARTESIAN_POINT ( 'NONE',  ( -0.4462992125984484026, 23.61897637814962536, 0.3999999999996853850 ) ) ;
#6993 = CARTESIAN_POINT ( 'NONE',  ( -1.405671021480400684, 23.61599430523738619, 0.2256454406246610200 ) ) ;
#6994 = CARTESIAN_POINT ( 'NONE',  ( -2.396528763907585180, 23.60779929673425315, 0.3280715353158288883 ) ) ;
#6995 = CARTESIAN_POINT ( 'NONE',  ( -1.906885268964941593, 25.87782159857723485, 0.4058252563904153343 ) ) ;
#6996 = EDGE_CURVE ( 'NONE', #5515, #2425, #7800, .T. ) ;
#6997 = LINE ( 'NONE', #8450, #7523 ) ;
#6998 = CARTESIAN_POINT ( 'NONE',  ( -2.445568030577042418, 24.55536692559263301, 0.000000000000000000 ) ) ;
#6999 = DIRECTION ( 'NONE',  ( -0.000000000000000000, -0.000000000000000000, 1.000000000000000000 ) ) ;
#7000 = CARTESIAN_POINT ( 'NONE',  ( -1.998930804905978187, 25.73838655316365021, 0.2859495283857421133 ) ) ;
#7001 = DIRECTION ( 'NONE',  ( -6.123233995736998996E-17, -3.552713678800503296E-15, -1.000000000000000000 ) ) ;
#7002 = CARTESIAN_POINT ( 'NONE',  ( -2.214209839523760159, 25.41276231856219070, 0.1051166518644463671 ) ) ;
#7003 = CARTESIAN_POINT ( 'NONE',  ( -1.325320769396233223, 23.48934458849233309, 0.3999999999996858291 ) ) ;
#7004 = AXIS2_PLACEMENT_3D ( 'NONE', #4651, #4044, #9071 ) ;
#7005 = CARTESIAN_POINT ( 'NONE',  ( -2.911864364173387898, 25.08632609046436457, 0.4042229461445941419 ) ) ;
#7006 = CARTESIAN_POINT ( 'NONE',  ( -2.199673974359220630, 23.76555118289092405, 0.1631699813682978839 ) ) ;
#7007 = CARTESIAN_POINT ( 'NONE',  ( -1.088379557136212927, 25.67619080039062496, 0.2828344569197128733 ) ) ;
#7008 = CARTESIAN_POINT ( 'NONE',  ( -0.6931496062992357210, 23.77192913385828987, 0.1999999999996847633 ) ) ;
#7009 = CARTESIAN_POINT ( 'NONE',  ( -1.449862773591341414, 23.90524937309479014, 0.05000000000000000278 ) ) ;
#7010 = CARTESIAN_POINT ( 'NONE',  ( -0.8590911018185323211, 24.02633109849559645, 0.1645144966892584382 ) ) ;
#7011 = CARTESIAN_POINT ( 'NONE',  ( -2.773776094222256461, 25.28572771604472536, 0.3999999999996797229 ) ) ;
#7012 = VERTEX_POINT ( 'NONE', #8322 ) ;
#7013 = CARTESIAN_POINT ( 'NONE',  ( -0.8978740157478257711, 25.25283464566938108, 0.05000000000000000278 ) ) ;
#7014 = CARTESIAN_POINT ( 'NONE',  ( -0.8413262622789955403, 24.78944089553195340, 0.000000000000000000 ) ) ;
#7015 = CARTESIAN_POINT ( 'NONE',  ( -0.6263302675778048556, 25.37517348505451409, 0.3427152519565029865 ) ) ;
#7016 = CARTESIAN_POINT ( 'NONE',  ( -1.717401853996950667, 23.87197308061347556, 0.04999999999999999584 ) ) ;
#7017 = CARTESIAN_POINT ( 'NONE',  ( -2.747860516354034388, 25.43491444774841526, 0.4382319632553172695 ) ) ;
#7018 = CARTESIAN_POINT ( 'NONE',  ( -0.8651103231630911106, 24.38650188124811180, 0.04999850214299800255 ) ) ;
#7019 = CIRCLE ( 'NONE', #5509, 0.7716554965814561573 ) ;
#7020 = CARTESIAN_POINT ( 'NONE',  ( -1.212976339801552061, 25.42212598425206593, 0.08392667302187063749 ) ) ;
#7021 = B_SPLINE_CURVE_WITH_KNOTS ( 'NONE', 3,
 ( #5885, #8653, #8704, #7165, #2214, #2972, #8750, #3544, #719, #20 ),
 .UNSPECIFIED., .F., .F.,
 ( 4, 3, 3, 4 ),
 ( 0.002781358575484199624, 0.004119434770613982291, 0.008238869525211196809, 0.01559487547659702683 ),
 .UNSPECIFIED. ) ;
#7022 = VERTEX_POINT ( 'NONE', #5584 ) ;
#7023 = CARTESIAN_POINT ( 'NONE',  ( -1.325320731423226928, 25.79585226193939462, 0.4499999999996776023 ) ) ;
#7024 = ORIENTED_EDGE ( 'NONE', *, *, #1412, .F. ) ;
#7025 = CARTESIAN_POINT ( 'NONE',  ( -0.7371596206433017606, 24.05812001387962340, 0.2229487736793546171 ) ) ;
#7026 = EDGE_CURVE ( 'NONE', #5576, #3104, #517, .T. ) ;
#7027 = CARTESIAN_POINT ( 'NONE',  ( -0.5356692913878183804, 25.48905511771308952, 0.4499999999996787126 ) ) ;
#7028 = EDGE_CURVE ( 'NONE', #6742, #2251, #892, .T. ) ;
#7029 = FACE_OUTER_BOUND ( 'NONE', #5028, .T. ) ;
#7030 = VERTEX_POINT ( 'NONE', #2679 ) ;
#7031 = CARTESIAN_POINT ( 'NONE',  ( -0.6316848199167665046, 23.91106796317076189, 0.3999999999996843303 ) ) ;
#7032 = CARTESIAN_POINT ( 'NONE',  ( -1.083384808553210510, 23.43430488486724528, 0.4029066469761226066 ) ) ;
#7033 = CARTESIAN_POINT ( 'NONE',  ( -2.360760654139064219, 23.46959494115361622, 0.3999999999996870503 ) ) ;
#7034 = CARTESIAN_POINT ( 'NONE',  ( -0.5256176135800857407, 25.04476790509840001, 0.4499999999996802669 ) ) ;
#7035 = CARTESIAN_POINT ( 'NONE',  ( -2.014159085546502137, 25.42924894495110522, 0.05000000000000000971 ) ) ;
#7036 = EDGE_CURVE ( 'NONE', #8238, #4387, #8462, .T. ) ;
#7037 = EDGE_CURVE ( 'NONE', #4519, #3350, #1971, .T. ) ;
#7038 = CARTESIAN_POINT ( 'NONE',  ( -0.4462992125984484026, 25.48905511771360111, 0.6074803150392285023 ) ) ;
#7039 = CARTESIAN_POINT ( 'NONE',  ( -1.450298480108146881, 23.82818581330316121, 0.04594248704577356263 ) ) ;
#7040 = CARTESIAN_POINT ( 'NONE',  ( -2.337386298167299703, 23.69294157854527683, 0.2561430745760379657 ) ) ;
#7041 = CARTESIAN_POINT ( 'NONE',  ( -1.595805552052377951, 25.61577191981335488, 0.1672253690572197415 ) ) ;
#7042 = CARTESIAN_POINT ( 'NONE',  ( -0.5356692913878183804, 25.33578019156488992, 0.3831011701634035593 ) ) ;
#7043 = CARTESIAN_POINT ( 'NONE',  ( -2.438824347576383555, 24.50872658490336420, -0.000000000000000000 ) ) ;
#7044 = CARTESIAN_POINT ( 'NONE',  ( -2.456929133858063441, 25.25283464566938108, 0.05000000000000000278 ) ) ;
#7045 = VERTEX_POINT ( 'NONE', #1265 ) ;
#7046 = CARTESIAN_POINT ( 'NONE',  ( -1.084679584397267860, 24.14691254437478563, 0.04999999999999994726 ) ) ;
#7047 = DIRECTION ( 'NONE',  ( -6.123233995736998996E-17, -3.552713678800503296E-15, -1.000000000000000000 ) ) ;
#7048 = CARTESIAN_POINT ( 'NONE',  ( -2.273083647023661058, 25.37014464812359904, 0.1051135752070335022 ) ) ;
#7049 = EDGE_CURVE ( 'NONE', #2743, #874, #1178, .T. ) ;
#7050 = LINE ( 'NONE', #3640, #9221 ) ;
#7051 = CARTESIAN_POINT ( 'NONE',  ( -2.824348208417535311, 25.15669202438953533, 0.3434142018860192325 ) ) ;
#7052 = CARTESIAN_POINT ( 'NONE',  ( -1.991278902637330317, 23.85528262198128857, 0.04469201010549250785 ) ) ;
#7053 = CARTESIAN_POINT ( 'NONE',  ( -0.9801739097950746826, 25.81321669613019765, 0.4023116677625784843 ) ) ;
#7054 = CARTESIAN_POINT ( 'NONE',  ( -2.405869298379040178, 25.69033766491452653, 0.4499999999996781019 ) ) ;
#7055 = CARTESIAN_POINT ( 'NONE',  ( -0.9589381187020835640, 24.92466797943830414, 0.04999999999999996114 ) ) ;
#7056 = CARTESIAN_POINT ( 'NONE',  ( -0.7722444744518300874, 24.00002633275317621, 0.2239141800995436971 ) ) ;
#7057 = CARTESIAN_POINT ( 'NONE',  ( -2.830655411525179410, 24.81753825255378132, 0.3999999999996814437 ) ) ;
#7058 = ORIENTED_EDGE ( 'NONE', *, *, #1604, .F. ) ;
#7059 = CARTESIAN_POINT ( 'NONE',  ( -2.843052424223848185, 24.28176902467487608, 0.3453485099581944939 ) ) ;
#7060 = CARTESIAN_POINT ( 'NONE',  ( -2.178655806653452043, 23.50278689532538934, 0.3999999999996858291 ) ) ;
#7061 = CARTESIAN_POINT ( 'NONE',  ( -1.082172905564359189, 25.25385634557749626, 0.04571512585049542637 ) ) ;
#7062 = CARTESIAN_POINT ( 'NONE',  ( -2.456929133858062997, 24.10056023716152396, 0.1125083494696155623 ) ) ;
#7063 = CARTESIAN_POINT ( 'NONE',  ( -0.4462992125984484026, 25.66622047216360514, 0.6074803150392285023 ) ) ;
#7064 = CARTESIAN_POINT ( 'NONE',  ( -2.466532029529707515, 24.97325738406258111, 0.000000000000000000 ) ) ;
#7065 = FACE_OUTER_BOUND ( 'NONE', #6617, .T. ) ;
#7066 = EDGE_LOOP ( 'NONE', ( #1367, #1400, #6457, #1402, #6839, #4055, #4246, #4601 ) ) ;
#7067 = CARTESIAN_POINT ( 'NONE',  ( -0.9489338390001035295, 25.69033764953028154, 0.4499999999996779909 ) ) ;
#7068 = VERTEX_POINT ( 'NONE', #1353 ) ;
#7069 = CARTESIAN_POINT ( 'NONE',  ( -2.824504837689646664, 23.98073403606425913, 0.4382308758287539185 ) ) ;
#7070 = CARTESIAN_POINT ( 'NONE',  ( -2.493803588631600565, 24.42326084877455372, 0.04605651143074236675 ) ) ;
#7071 = CARTESIAN_POINT ( 'NONE',  ( -0.8978740157478206640, 24.10077759762090821, 0.1124226149789541301 ) ) ;
#7072 = ORIENTED_EDGE ( 'NONE', *, *, #1348, .F. ) ;
#7073 = CYLINDRICAL_SURFACE ( 'NONE', #6492, 0.08070866141732173371 ) ;
#7074 = CARTESIAN_POINT ( 'NONE',  ( -1.168604965364540060, 23.85375746015402498, 0.1051394244538297190 ) ) ;
#7075 = CARTESIAN_POINT ( 'NONE',  ( -0.5250278188321410022, 25.03324725166543274, 0.4499999999996802669 ) ) ;
#7076 = DIRECTION ( 'NONE',  ( 1.000000000000000000, -4.207262762374590794E-09, -6.123232501017003077E-17 ) ) ;
#7077 = CARTESIAN_POINT ( 'NONE',  ( -0.4462992125984484026, 25.39456692907831226, 0.6074803150392300566 ) ) ;
#7078 = CARTESIAN_POINT ( 'NONE',  ( -1.303126944213550020, 23.40564172076395622, 0.4050347683485280292 ) ) ;
#7079 = CARTESIAN_POINT ( 'NONE',  ( -2.426102189706588863, 23.56522967936354007, 0.3640357665134277276 ) ) ;
#7080 = CARTESIAN_POINT ( 'NONE',  ( -1.745650240920205265, 25.61485429920741552, 0.1671510881424944639 ) ) ;
#7081 = AXIS2_PLACEMENT_3D ( 'NONE', #5033, #4529, #6506 ) ;
#7082 = CARTESIAN_POINT ( 'NONE',  ( -1.012345484109635763, 24.11258746132986630, 0.1046459626113431657 ) ) ;
#7083 = DIRECTION ( 'NONE',  ( 3.854941055130509038E-16, 1.000000000000000000, 0.000000000000000000 ) ) ;
#7084 = CARTESIAN_POINT ( 'NONE',  ( -2.730104751662250973, 23.77516690428833357, 0.3999999999996862177 ) ) ;
#7085 = ORIENTED_EDGE ( 'NONE', *, *, #381, .T. ) ;
#7086 = DIRECTION ( 'NONE',  ( -1.000000000000000000, 0.000000000000000000, 0.000000000000000000 ) ) ;
#7087 = CARTESIAN_POINT ( 'NONE',  ( -2.661653543307109793, 25.62685039370080986, 0.4499999999996783240 ) ) ;
#7088 = CARTESIAN_POINT ( 'NONE',  ( -2.288659328138399562, 25.23782726015576117, 0.04571512395753726116 ) ) ;
#7089 = FACE_OUTER_BOUND ( 'NONE', #3714, .T. ) ;
#7090 = CARTESIAN_POINT ( 'NONE',  ( -2.695859459586725126, 24.98882721240864413, 0.2248132935125503051 ) ) ;
#7091 = CARTESIAN_POINT ( 'NONE',  ( -1.976636189272980682, 23.76940049657134324, 0.1050135667656249411 ) ) ;
#7092 = CARTESIAN_POINT ( 'NONE',  ( -1.056873323988733793, 25.56084047517074964, 0.2228172732516147669 ) ) ;
#7093 = CARTESIAN_POINT ( 'NONE',  ( -1.313417702818321819, 25.79573088494390021, 0.3999999999996776134 ) ) ;
#7094 = AXIS2_PLACEMENT_3D ( 'NONE', #9201, #2729, #4090 ) ;
#7095 = CARTESIAN_POINT ( 'NONE',  ( -1.301975106200089494, 23.43792165099800684, 0.4432038780669230738 ) ) ;
#7096 = CARTESIAN_POINT ( 'NONE',  ( -0.6378923482431633207, 23.89359782161594126, 0.3427135506291769107 ) ) ;
#7097 = CARTESIAN_POINT ( 'NONE',  ( -2.872859438569713042, 24.82406573158257856, 0.4381353998082455625 ) ) ;
#7098 = ORIENTED_EDGE ( 'NONE', *, *, #4060, .T. ) ;
#7099 = DIRECTION ( 'NONE',  ( -1.000000000000000000, 0.000000000000000000, 0.000000000000000000 ) ) ;
#7100 = VERTEX_POINT ( 'NONE', #1309 ) ;
#7101 = CARTESIAN_POINT ( 'NONE',  ( -1.188485493621897371, 25.34181199678598162, 0.04571512652606964100 ) ) ;
#7102 = DIMENSIONAL_EXPONENTS ( 1.000000000000000000, 0.000000000000000000, 0.000000000000000000, 0.000000000000000000, 0.000000000000000000, 0.000000000000000000, 0.000000000000000000 ) ;
#7103 = CARTESIAN_POINT ( 'NONE',  ( -0.6931496062992357210, 25.71543307086616181, 0.4499999999996778799 ) ) ;
#7104 = CARTESIAN_POINT ( 'NONE',  ( -0.7973294038227382030, 24.91273361617518844, 0.1055115984252403272 ) ) ;
#7105 = FACE_OUTER_BOUND ( 'NONE', #1387, .T. ) ;
#7106 = CARTESIAN_POINT ( 'NONE',  ( -0.8725372150855545961, 24.36014477020052382, 0.05000000015867710895 ) ) ;
#7107 = ORIENTED_EDGE ( 'NONE', *, *, #7857, .F. ) ;
#7108 = CARTESIAN_POINT ( 'NONE',  ( -0.9918896285833216364, 25.71704492162901090, 0.4499999999996780464 ) ) ;
#7109 = ORIENTED_EDGE ( 'NONE', *, *, #8668, .F. ) ;
#7110 = CARTESIAN_POINT ( 'NONE',  ( -0.4409166338066334290, 24.29369963651120301, 0.4051874731162876664 ) ) ;
#7111 = CARTESIAN_POINT ( 'NONE',  ( -2.310969730133898281, 24.20209467997339559, 0.05000000000000000278 ) ) ;
#7112 = CARTESIAN_POINT ( 'NONE',  ( -2.569921055010843780, 24.44025153261436145, 0.1062882245403166254 ) ) ;
#7113 = ORIENTED_EDGE ( 'NONE', *, *, #9096, .F. ) ;
#7114 = CARTESIAN_POINT ( 'NONE',  ( -0.5704869917047384886, 25.26334654384968204, 0.4499999999996794897 ) ) ;
#7115 = CARTESIAN_POINT ( 'NONE',  ( -1.157254699600527958, 23.86117137262287358, 0.1051251614964873321 ) ) ;
#7116 = CARTESIAN_POINT ( 'NONE',  ( -0.5872208571894181883, 25.29789583584008028, 0.4499999999996795452 ) ) ;
#7117 = ORIENTED_EDGE ( 'NONE', *, *, #6634, .T. ) ;
#7118 = DIRECTION ( 'NONE',  ( -0.000000000000000000, -0.000000000000000000, -1.000000000000000000 ) ) ;
#7119 = CARTESIAN_POINT ( 'NONE',  ( -1.348819184303635232, 25.82370078740160579, 0.3581132079749005381 ) ) ;
#7120 = CARTESIAN_POINT ( 'NONE',  ( -0.9288967597983953661, 23.93451761546028322, 0.1686304046897173503 ) ) ;
#7121 = CARTESIAN_POINT ( 'NONE',  ( -0.8978740157478206640, 24.10077759762090821, 0.1124226149789541301 ) ) ;
#7122 = VECTOR ( 'NONE', #2802, 39.37007874015748143 ) ;
#7123 = EDGE_CURVE ( 'NONE', #3740, #7868, #572, .T. ) ;
#7124 = LINE ( 'NONE', #3023, #6471 ) ;
#7125 = CARTESIAN_POINT ( 'NONE',  ( -0.6537795279366294121, 25.87370078740159585, 0.6074803150392285023 ) ) ;
#7126 = CARTESIAN_POINT ( 'NONE',  ( -1.218226110919051974, 23.49561432271398687, 0.4499999999996858735 ) ) ;
#7127 = CARTESIAN_POINT ( 'NONE',  ( -1.677401574321454536, 24.64259847944031634, 0.05000000000000000278 ) ) ;
#7128 = CARTESIAN_POINT ( 'NONE',  ( -0.9082805406694725026, 25.76855867668995614, 0.3999999999996744493 ) ) ;
#7129 = CARTESIAN_POINT ( 'NONE',  ( -2.472663847965766326, 25.41700490507186672, 0.2239141779819509848 ) ) ;
#7130 = CARTESIAN_POINT ( 'NONE',  ( -2.824454148585428648, 24.18393108635127575, 0.3999999999996834976 ) ) ;
#7131 = CARTESIAN_POINT ( 'NONE',  ( -2.771283440237873652, 24.97931777979401957, 0.2851072901007862259 ) ) ;
#7132 = CARTESIAN_POINT ( 'NONE',  ( -1.981268054369903719, 23.69330154721315651, 0.1651557484658667252 ) ) ;
#7133 = CARTESIAN_POINT ( 'NONE',  ( -1.181967409697222138, 25.87133542505828743, 0.4037264381644075084 ) ) ;
#7134 = CARTESIAN_POINT ( 'NONE',  ( -1.393364031724557695, 25.44707320578719845, 0.04991247160636862884 ) ) ;
#7135 = EDGE_CURVE ( 'NONE', #4186, #2205, #8438, .T. ) ;
#7136 = CARTESIAN_POINT ( 'NONE',  ( -0.5085813645925079118, 25.26746109003160257, 0.4431958362722959732 ) ) ;
#7137 = CARTESIAN_POINT ( 'NONE',  ( -0.9118654348681334287, 24.09914250345009279, 0.1051148100938632535 ) ) ;
#7138 = CARTESIAN_POINT ( 'NONE',  ( -2.801654276210479022, 25.35205700894053749, 0.4381353998082430645 ) ) ;
#7139 = VERTEX_POINT ( 'NONE', #8958 ) ;
#7140 = VECTOR ( 'NONE', #6949, 39.37007874015748143 ) ;
#7141 = CARTESIAN_POINT ( 'NONE',  ( -2.913938221064360068, 24.25111548553558904, 0.4048036142058965559 ) ) ;
#7142 = ORIENTED_EDGE ( 'NONE', *, *, #4660, .F. ) ;
#7143 = CARTESIAN_POINT ( 'NONE',  ( -0.8551313001025390159, 25.73445755425328230, 0.4021130357941889999 ) ) ;
#7144 = APPLICATION_PROTOCOL_DEFINITION ( 'draft international standard', 'automotive_design', 1998, #3910 ) ;
#7145 = CARTESIAN_POINT ( 'NONE',  ( -0.5813361329159645319, 24.94276356497347891, 0.2854847244426648722 ) ) ;
#7146 = CARTESIAN_POINT ( 'NONE',  ( -1.683790194397324136, 23.79570274058104218, 0.000000000000000000 ) ) ;
#7147 = CARTESIAN_POINT ( 'NONE',  ( -0.8386047624065496864, 24.52548079491466027, 0.05000348317582145596 ) ) ;
#7148 = ORIENTED_EDGE ( 'NONE', *, *, #7728, .T. ) ;
#7149 = CARTESIAN_POINT ( 'NONE',  ( -1.281190517935047124, 25.79479473197989492, 0.4499999999996775468 ) ) ;
#7150 = EDGE_LOOP ( 'NONE', ( #2301, #1880 ) ) ;
#7151 = CARTESIAN_POINT ( 'NONE',  ( -0.7946346465180531560, 24.38575679855852840, 0.1056932525859803768 ) ) ;
#7152 = EDGE_CURVE ( 'NONE', #8519, #2969, #6761, .T. ) ;
#7153 = VECTOR ( 'NONE', #6951, 39.37007874015748143 ) ;
#7154 = CARTESIAN_POINT ( 'NONE',  ( -2.775215862663845456, 23.88981773307283163, 0.4382308758287544181 ) ) ;
#7155 = CARTESIAN_POINT ( 'NONE',  ( -2.702214349927803738, 24.35104181997380834, 0.2254525249012315768 ) ) ;
#7156 = CIRCLE ( 'NONE', #3096, 0.01968503929537692224 ) ;
#7157 = EDGE_LOOP ( 'NONE', ( #4617, #7222 ) ) ;
#7158 = CARTESIAN_POINT ( 'NONE',  ( -2.544747279309729215, 23.58990452187634190, 0.3999999999994691691 ) ) ;
#7159 = CARTESIAN_POINT ( 'NONE',  ( -1.015272383896471453, 23.64738298247704051, 0.2833273836895109365 ) ) ;
#7160 = CARTESIAN_POINT ( 'NONE',  ( -1.706063852086664001, 23.87147413506292182, 0.05000000000000000278 ) ) ;
#7161 = ORIENTED_EDGE ( 'NONE', *, *, #3412, .T. ) ;
#7162 = FACE_OUTER_BOUND ( 'NONE', #9225, .T. ) ;
#7163 = AXIS2_PLACEMENT_3D ( 'NONE', #6367, #2288, #7232 ) ;
#7164 = CARTESIAN_POINT ( 'NONE',  ( -1.327451981482885790, 23.40598739100404302, 0.4051878525701647082 ) ) ;
#7165 = CARTESIAN_POINT ( 'NONE',  ( -2.492484448649925799, 25.20910110680723193, 0.1424535777348646948 ) ) ;
#7166 = CARTESIAN_POINT ( 'NONE',  ( -1.962246812054172507, 25.80938800250386933, 0.3455879155209040099 ) ) ;
#7167 = CARTESIAN_POINT ( 'NONE',  ( -0.6391600415074467634, 25.52691966046203476, 0.3999999999996754485 ) ) ;
#7168 = CARTESIAN_POINT ( 'NONE',  ( -2.340856636840229932, 25.41393096125547046, 0.1596201866415243309 ) ) ;
#7169 = CARTESIAN_POINT ( 'NONE',  ( -2.490862156930359728, 24.39096247737691669, 0.04999112213766690460 ) ) ;
#7170 = CARTESIAN_POINT ( 'NONE',  ( -0.9671471976068413134, 24.33842415873487752, 0.05000046552118077303 ) ) ;
#7171 = CARTESIAN_POINT ( 'NONE',  ( -2.780748488481591174, 25.44944644123339117, 0.4021132337633065434 ) ) ;
#7172 = DIRECTION ( 'NONE',  ( -1.000000000000000000, -3.846393517125065902E-17, 6.123233995737012555E-17 ) ) ;
#7173 = CARTESIAN_POINT ( 'NONE',  ( -2.700281412928186686, 24.95317588413346854, 0.2252519025324167257 ) ) ;
#7174 = CARTESIAN_POINT ( 'NONE',  ( -2.047248108056444416, 23.47763455700973978, 0.3449098641834595358 ) ) ;
#7175 = CARTESIAN_POINT ( 'NONE',  ( -1.151953774762814131, 25.70222814586373161, 0.2832054191113983488 ) ) ;
#7176 = CARTESIAN_POINT ( 'NONE',  ( -2.051522310043619512, 25.79545328157363926, 0.4499999999996774913 ) ) ;
#7177 = CARTESIAN_POINT ( 'NONE',  ( -1.131039263622763302, 25.18896080530478443, 0.04999999999999998890 ) ) ;
#7178 = CARTESIAN_POINT ( 'NONE',  ( -2.778105800581537110, 23.88117048876902615, 0.4431827809966963905 ) ) ;
#7179 = CARTESIAN_POINT ( 'NONE',  ( -2.772007142575051208, 25.41308678882675665, 0.4432038974321814151 ) ) ;
#7180 = ORIENTED_EDGE ( 'NONE', *, *, #366, .F. ) ;
#7181 = CARTESIAN_POINT ( 'NONE',  ( -2.552921311183820485, 24.34275711946965259, 0.1068704958220630802 ) ) ;
#7182 = ORIENTED_EDGE ( 'NONE', *, *, #3562, .F. ) ;
#7183 = CARTESIAN_POINT ( 'NONE',  ( -0.8589389203378130500, 24.40980333363874166, 0.000000000000000000 ) ) ;
#7184 = CARTESIAN_POINT ( 'NONE',  ( -0.9852713088408919795, 25.61756572987257741, 0.2833137317466971061 ) ) ;
#7185 = CARTESIAN_POINT ( 'NONE',  ( -0.7534047486182345876, 24.03084472311179098, 0.2228826115578009803 ) ) ;
#7186 = CARTESIAN_POINT ( 'NONE',  ( -0.6296623617797439953, 25.37106618896015675, 0.4499999999996791011 ) ) ;
#7187 = CARTESIAN_POINT ( 'NONE',  ( -2.661653543307109793, 23.65834645669293579, 0.1999999999996853184 ) ) ;
#7188 = CARTESIAN_POINT ( 'NONE',  ( -0.8337141264741694258, 24.58052427577367283, 0.05000005518078946137 ) ) ;
#7189 = B_SPLINE_CURVE_WITH_KNOTS ( 'NONE', 3,
 ( #7306, #8615, #4484, #161, #8658, #5038, #3025, #7350, #5087, #7919, #1473, #207, #7209, #8755, #7963, #3069, #118, #6556, #5840, #6509, #3729, #769, #8103, #5941, #8801, #2364, #2266, #7399, #3637, #8015, #1565, #71, #2929, #5792 ),
 .UNSPECIFIED., .F., .F.,
 ( 4, 2, 2, 2, 2, 2, 2, 2, 2, 2, 2, 2, 2, 2, 2, 2, 4 ),
 ( 0.009245957610330590715, 0.009825981824039290921, 0.01040600603774799113, 0.01098603025145668960, 0.01156605446516539154, 0.01214607867887409175, 0.01272610289258279195, 0.01330612710629149389, 0.01388615132000019410, 0.01446617553370889431, 0.01504619974741759625, 0.01562622396112629819, 0.01620624817483499666, 0.01678627238854369860, 0.01736629660225240054, 0.01794632081596109902, 0.01852634502966980096 ),
 .UNSPECIFIED. ) ;
#7190 = ORIENTED_EDGE ( 'NONE', *, *, #1292, .T. ) ;
#7191 = CARTESIAN_POINT ( 'NONE',  ( -1.048498021244144596, 25.74444282636098791, 0.4499999999996777134 ) ) ;
#7192 = B_SPLINE_CURVE_WITH_KNOTS ( 'NONE', 3,
 ( #3149, #391, #1093, #2544, #5364, #3953 ),
 .UNSPECIFIED., .F., .F.,
 ( 4, 2, 4 ),
 ( 5.960991815382055596E-14, 0.0004568400359044438299, 0.0009136800717492776823 ),
 .UNSPECIFIED. ) ;
#7193 = CARTESIAN_POINT ( 'NONE',  ( -0.6520510986559482358, 24.35685651349754011, 0.2255646134648092715 ) ) ;
#7194 = CARTESIAN_POINT ( 'NONE',  ( -2.345928828746179473, 24.25698401008732930, 0.05000000000000000971 ) ) ;
#7195 = CARTESIAN_POINT ( 'NONE',  ( -2.843068680369861045, 24.28950985535405138, 0.3451101022776041360 ) ) ;
#7196 = ORIENTED_EDGE ( 'NONE', *, *, #6440, .F. ) ;
#7197 = CARTESIAN_POINT ( 'NONE',  ( -0.9447248938154222397, 24.86869685131766872, 0.04606796130808341744 ) ) ;
#7198 = CARTESIAN_POINT ( 'NONE',  ( -0.9205505005812965047, 23.50490201586331551, 0.4021288538875226748 ) ) ;
#7199 = CARTESIAN_POINT ( 'NONE',  ( -0.4407227107783526776, 25.02346268446073552, 0.4048947286029895842 ) ) ;
#7200 = VERTEX_POINT ( 'NONE', #2519 ) ;
#7201 = CARTESIAN_POINT ( 'NONE',  ( -2.725141349756391662, 23.91413158618367873, 0.4499999999996843747 ) ) ;
#7202 = AXIS2_PLACEMENT_3D ( 'NONE', #2587, #6878, #4749 ) ;
#7203 = CARTESIAN_POINT ( 'NONE',  ( -1.405077196820397001, 23.68845660009049325, 0.1655457507590102351 ) ) ;
#7204 = CARTESIAN_POINT ( 'NONE',  ( -0.8978740157478261041, 24.02177467531817356, 0.1451501493008341415 ) ) ;
#7205 = CARTESIAN_POINT ( 'NONE',  ( -1.973589592355647238, 25.80921843947257699, 0.3455141539261688544 ) ) ;
#7206 = DIRECTION ( 'NONE',  ( -6.123233995736998996E-17, -3.552713678800503296E-15, -1.000000000000000000 ) ) ;
#7207 = LINE ( 'NONE', #5132, #3467 ) ;
#7208 = CARTESIAN_POINT ( 'NONE',  ( -2.908503937007897111, 23.61897637817761719, 0.3999999999996855515 ) ) ;
#7209 = CARTESIAN_POINT ( 'NONE',  ( -0.9949903506378433571, 25.18054357342978378, 0.1175045563162863821 ) ) ;
#7210 = VECTOR ( 'NONE', #8707, 39.37007874015748143 ) ;
#7211 = CARTESIAN_POINT ( 'NONE',  ( -2.230693128918895596, 25.19929834962961479, 0.05915381821658733524 ) ) ;
#7212 = CARTESIAN_POINT ( 'NONE',  ( -2.568796789677098680, 25.30412897322999299, 0.2239141802434915229 ) ) ;
#7213 = DIRECTION ( 'NONE',  ( 1.000000000000000000, 5.885292245690814950E-10, 0.000000000000000000 ) ) ;
#7214 = AXIS2_PLACEMENT_3D ( 'NONE', #5788, #3633, #158 ) ;
#7215 = CARTESIAN_POINT ( 'NONE',  ( -2.772561994937110530, 24.95778673327157549, 0.2853189547307302676 ) ) ;
#7216 = CARTESIAN_POINT ( 'NONE',  ( -2.037405988323819805, 23.70485728631902944, 0.1644662807559774398 ) ) ;
#7217 = CARTESIAN_POINT ( 'NONE',  ( -1.356175700932497286, 25.42708596335845073, 0.04460227913174097392 ) ) ;
#7218 = CARTESIAN_POINT ( 'NONE',  ( -1.590862971169769047, 25.48447218162544559, 0.05000145990710860855 ) ) ;
#7219 = CARTESIAN_POINT ( 'NONE',  ( -2.353058185976056205, 25.72335077777379198, 0.4499999999996779909 ) ) ;
#7220 = CARTESIAN_POINT ( 'NONE',  ( -2.764590237824379404, 23.86255532415652070, 0.4431827809966964460 ) ) ;
#7221 = CARTESIAN_POINT ( 'NONE',  ( -1.982811041610352154, 25.84575082703392468, 0.4432038989961591957 ) ) ;
#7222 = ORIENTED_EDGE ( 'NONE', *, *, #3567, .T. ) ;
#7223 = CARTESIAN_POINT ( 'NONE',  ( -2.477106874648788981, 24.35493114287765692, 0.04726439302737634601 ) ) ;
#7224 = EDGE_LOOP ( 'NONE', ( #4851, #343, #7824, #8938 ) ) ;
#7225 = CARTESIAN_POINT ( 'NONE',  ( -0.9692052790012438690, 25.70376553088219751, 0.3999999999996778910 ) ) ;
#7226 = CARTESIAN_POINT ( 'NONE',  ( -1.183503432359294338, 25.33832395398351522, 0.04571512685026218187 ) ) ;
#7227 = CARTESIAN_POINT ( 'NONE',  ( -0.7672506723222428660, 24.19044959943524731, 0.1636443019944789357 ) ) ;
#7228 = VECTOR ( 'NONE', #5607, 39.37007874015748143 ) ;
#7229 = CARTESIAN_POINT ( 'NONE',  ( -0.8690573009949011940, 24.89276817956744736, 0.04570591701069310481 ) ) ;
#7230 = CARTESIAN_POINT ( 'NONE',  ( -2.725141349756391662, 23.91413158618367873, 0.3999999999996843858 ) ) ;
#7231 = DIRECTION ( 'NONE',  ( -0.000000000000000000, 0.000000000000000000, 1.000000000000000000 ) ) ;
#7232 = DIRECTION ( 'NONE',  ( 0.000000000000000000, -1.000000000000000000, 3.607743797525388930E-15 ) ) ;
#7233 = ORIENTED_EDGE ( 'NONE', *, *, #592, .F. ) ;
#7234 = DIRECTION ( 'NONE',  ( 6.123233995736998996E-17, 3.552713678800503296E-15, 1.000000000000000000 ) ) ;
#7235 = AXIS2_PLACEMENT_3D ( 'NONE', #5886, #1756, #4573 ) ;
#7236 = CARTESIAN_POINT ( 'NONE',  ( -2.829189271487051904, 24.24043018604773536, 0.4499999999996831535 ) ) ;
#7237 = CARTESIAN_POINT ( 'NONE',  ( -0.7237670042717104790, 24.36647976825578965, 0.1655769741179255461 ) ) ;
#7238 = CARTESIAN_POINT ( 'NONE',  ( -2.860792561890296071, 24.06785749994041268, 0.4431922474509176757 ) ) ;
#7239 = CARTESIAN_POINT ( 'NONE',  ( -1.002218391325107039, 23.91684553936940461, 0.2023483074651544755 ) ) ;
#7240 = ORIENTED_EDGE ( 'NONE', *, *, #8969, .F. ) ;
#7241 = CARTESIAN_POINT ( 'NONE',  ( -0.6265931467964768187, 25.36654935452283510, 0.3999999999996791122 ) ) ;
#7242 = CARTESIAN_POINT ( 'NONE',  ( -1.007860581442466152, 23.65208986876011821, 0.2833168008658685788 ) ) ;
#7243 = ORIENTED_EDGE ( 'NONE', *, *, #8294, .T. ) ;
#7244 = CARTESIAN_POINT ( 'NONE',  ( -0.7249095020425633251, 24.93822656689438588, 0.1667494119376881079 ) ) ;
#7245 = ORIENTED_EDGE ( 'NONE', *, *, #1013, .T. ) ;
#7246 = CARTESIAN_POINT ( 'NONE',  ( -2.456929133858065661, 24.99667416960728161, 0.05000000000000000971 ) ) ;
#7247 = VECTOR ( 'NONE', #2634, 39.37007874015748143 ) ;
#7248 = ADVANCED_FACE ( 'NONE', ( #4540 ), #1767, .F. ) ;
#7249 = DIRECTION ( 'NONE',  ( -7.255119411852553569E-11, 1.000000000000000000, -3.552713678796060826E-15 ) ) ;
#7250 = PLANE ( 'NONE',  #3484 ) ;
#7251 = CARTESIAN_POINT ( 'NONE',  ( -1.968960964429189442, 25.66741097157332163, 0.2254524989083608044 ) ) ;
#7252 = CARTESIAN_POINT ( 'NONE',  ( -2.881994553946248150, 24.27102112881246399, 0.4432038974321856895 ) ) ;
#7253 = CARTESIAN_POINT ( 'NONE',  ( -0.7876696375321369237, 23.72154713825734618, 0.3422667312451205257 ) ) ;
#7254 = CARTESIAN_POINT ( 'NONE',  ( -2.405868410375251454, 23.59485864866661586, 0.4499999999996855404 ) ) ;
#7255 = CARTESIAN_POINT ( 'NONE',  ( -1.430273438971659594, 23.82797227290686237, 0.000000000000000000 ) ) ;
#7256 = CARTESIAN_POINT ( 'NONE',  ( -1.122175954389183383, 25.34758327314354531, 0.1372277402306850136 ) ) ;
#7257 = CARTESIAN_POINT ( 'NONE',  ( -2.402824648918754136, 25.23850773917643053, 0.1051148078254784957 ) ) ;
#7258 = CYLINDRICAL_SURFACE ( 'NONE', #697, 0.08070866141732159493 ) ;
#7259 = EDGE_CURVE ( 'NONE', #5827, #176, #7503, .T. ) ;
#7260 = ADVANCED_FACE ( 'NONE', ( #8908 ), #2470, .T. ) ;
#7261 = CARTESIAN_POINT ( 'NONE',  ( -2.913886995722051232, 24.99149878776585965, 0.4051881140155893513 ) ) ;
#7262 = VECTOR ( 'NONE', #8102, 39.37007874015748143 ) ;
#7263 = CARTESIAN_POINT ( 'NONE',  ( -1.993592671247733428, 23.77378741236477921, 0.1047937802944662183 ) ) ;
#7264 = CARTESIAN_POINT ( 'NONE',  ( -1.115120013031415169, 25.77692998692363702, 0.3430243740382629136 ) ) ;
#7265 = CARTESIAN_POINT ( 'NONE',  ( -2.240204026520089986, 25.76773787150685280, 0.4499999999996777689 ) ) ;
#7266 = CARTESIAN_POINT ( 'NONE',  ( -0.9133943578674742492, 25.74145330794653574, 0.4431958362722945299 ) ) ;
#7267 = CARTESIAN_POINT ( 'NONE',  ( -0.5254161452241418173, 24.24225406116281789, 0.4499999999996832090 ) ) ;
#7268 = CARTESIAN_POINT ( 'NONE',  ( -1.677401620133169402, 25.84260194584662784, 0.4432038989961598618 ) ) ;
#7269 = ORIENTED_EDGE ( 'NONE', *, *, #5604, .T. ) ;
#7270 = CARTESIAN_POINT ( 'NONE',  ( -2.793901014834986984, 24.03044982763898929, 0.3430790113674559438 ) ) ;
#7271 = VERTEX_POINT ( 'NONE', #2327 ) ;
#7272 = CARTESIAN_POINT ( 'NONE',  ( -1.002969945448189959, 25.79205684379601493, 0.4432038989961596953 ) ) ;
#7273 = CARTESIAN_POINT ( 'NONE',  ( -0.9728117143999643890, 25.50032822102916441, 0.2239140788968755902 ) ) ;
#7274 = DIMENSIONAL_EXPONENTS ( 1.000000000000000000, 0.000000000000000000, 0.000000000000000000, 0.000000000000000000, 0.000000000000000000, 0.000000000000000000, 0.000000000000000000 ) ;
#7275 = CARTESIAN_POINT ( 'NONE',  ( -0.7562273756772596167, 24.02639784996861749, 0.2228763991550717360 ) ) ;
#7276 = LENGTH_MEASURE_WITH_UNIT ( LENGTH_MEASURE( 0.02539999999999999897 ), #2108 );
#7277 = DIRECTION ( 'NONE',  ( -1.000000000000000000, 0.000000000000000000, 0.000000000000000000 ) ) ;
#7278 = CARTESIAN_POINT ( 'NONE',  ( -1.260318857326606423, 23.46149606299216828, 0.3600300129092388612 ) ) ;
#7279 = DIRECTION ( 'NONE',  ( -1.000000000000000000, 0.000000000000000000, 0.000000000000000000 ) ) ;
#7280 = FACE_OUTER_BOUND ( 'NONE', #5267, .T. ) ;
#7281 = ORIENTED_EDGE ( 'NONE', *, *, #18, .T. ) ;
#7282 = CARTESIAN_POINT ( 'NONE',  ( -0.5356692913878183804, 25.48905511771308952, 0.4499999999996787126 ) ) ;
#7283 = CARTESIAN_POINT ( 'NONE',  ( -0.9144557690709558262, 25.32675386213500346, 0.1647265045371673897 ) ) ;
#7284 = CARTESIAN_POINT ( 'NONE',  ( -0.5816284139389240604, 24.33804959399276768, 0.2854463505843000126 ) ) ;
#7285 = B_SPLINE_CURVE_WITH_KNOTS ( 'NONE', 3,
 ( #8781, #1590, #7427, #888, #1640, #2345, #7942, #2200, #2390, #6536, #8132, #6678, #5818, #7994, #4510, #6585, #4373, #4464, #3004, #5969, #8829, #3799, #1689, #7331, #4559, #3851, #142, #5866, #6729, #284, #3145, #97, #8689, #2242, #2295, #6016, #7236, #5161, #2957, #5113, #1543 ),
 .UNSPECIFIED., .F., .F.,
 ( 4, 1, 1, 1, 1, 2, 2, 1, 1, 2, 2, 1, 1, 1, 1, 2, 2, 1, 1, 2, 2, 1, 1, 1, 1, 1, 2, 2, 4 ),
 ( 0.000000000000000000, 0.06250000000012244372, 0.09375000000019657886, 0.1093750000002183809, 0.1171875000002304407, 0.1210937500002364775, 0.1250000000002425005, 0.1875000000006293577, 0.2187500000008227585, 0.2343750000009334478, 0.2500000000010441648, 0.3750000000019023116, 0.4375000000023313573, 0.4687500000025459079, 0.4843750000026526559, 0.4921875000027054470, 0.5000000000027582381, 0.6250000000032837066, 0.6875000000035301762, 0.7187500000036536330, 0.7500000000037772008, 0.8125000000040556447, 0.8437500000041787684, 0.8593750000042237325, 0.8671875000042462700, 0.8710937500042407189, 0.8730468750042209569, 0.8750000000042010839, 1.000000000000000000 ),
 .UNSPECIFIED. ) ;
#7286 = CARTESIAN_POINT ( 'NONE',  ( -2.014468528411873738, 25.33696062982279074, 0.05000000000000003747 ) ) ;
#7287 = CARTESIAN_POINT ( 'NONE',  ( -1.153188976377881980, 23.99907896267042062, 0.09045668820230523544 ) ) ;
#7288 = ORIENTED_EDGE ( 'NONE', *, *, #6871, .T. ) ;
#7289 = CARTESIAN_POINT ( 'NONE',  ( -1.931804790684091611, 23.91387465669787460, 0.04999999999999998890 ) ) ;
#7290 = CARTESIAN_POINT ( 'NONE',  ( -0.8677519465677527855, 23.76025373639177829, 0.2833138595875845933 ) ) ;
#7291 = ORIENTED_EDGE ( 'NONE', *, *, #7722, .T. ) ;
#7292 = CARTESIAN_POINT ( 'NONE',  ( -0.6627726806478204669, 25.02144764555833945, 0.2255478847853453206 ) ) ;
#7293 = CARTESIAN_POINT ( 'NONE',  ( -2.071915742306584374, 25.57368177678762677, 0.1655811750374018565 ) ) ;
#7294 = ORIENTED_EDGE ( 'NONE', *, *, #3981, .T. ) ;
#7295 = EDGE_CURVE ( 'NONE', #2449, #2637, #3826, .T. ) ;
#7296 = CARTESIAN_POINT ( 'NONE',  ( -2.523352690479880422, 24.59809506183793459, 0.05000000000000000971 ) ) ;
#7297 = EDGE_CURVE ( 'NONE', #7424, #7139, #2483, .T. ) ;
#7298 = EDGE_CURVE ( 'NONE', #7591, #6972, #5519, .T. ) ;
#7299 = CARTESIAN_POINT ( 'NONE',  ( -2.409311373795575584, 23.59726823087272862, 0.4499999999996857070 ) ) ;
#7300 = CARTESIAN_POINT ( 'NONE',  ( -0.9143631801384644042, 23.95864310571964495, 0.1646820767992881185 ) ) ;
#7301 = CARTESIAN_POINT ( 'NONE',  ( -1.904505394501834425, 25.45701099808968237, 0.04594250638622671828 ) ) ;
#7302 = FACE_OUTER_BOUND ( 'NONE', #6227, .T. ) ;
#7303 = CARTESIAN_POINT ( 'NONE',  ( -2.117905374921803752, 24.00903032441591733, 0.05000000000000000278 ) ) ;
#7304 = CARTESIAN_POINT ( 'NONE',  ( -0.9442325496407398822, 25.69768481995160059, 0.3451909984621925331 ) ) ;
#7305 = ADVANCED_FACE ( 'NONE', ( #5995 ), #3960, .T. ) ;
#7306 = CARTESIAN_POINT ( 'NONE',  ( -0.9417716535432393288, 25.27251968503944468, 0.1865635967097700743 ) ) ;
#7307 = ADVANCED_FACE ( 'NONE', ( #1501, #753 ), #5116, .F. ) ;
#7308 = CARTESIAN_POINT ( 'NONE',  ( -2.201614173228278126, 25.27251968503945179, 0.08320441865760398736 ) ) ;
#7309 = CARTESIAN_POINT ( 'NONE',  ( -2.769260969445406673, 25.46486882929410811, 0.4021132343385628860 ) ) ;
#7310 = CARTESIAN_POINT ( 'NONE',  ( -0.9667716535432391289, 25.27251968503944468, 0.000000000000000000 ) ) ;
#7311 = CARTESIAN_POINT ( 'NONE',  ( -2.645874213746743475, 24.49966338873101535, 0.1667927157805322858 ) ) ;
#7312 = CARTESIAN_POINT ( 'NONE',  ( -1.973067186840747667, 23.61824793335666683, 0.2254104538631177268 ) ) ;
#7313 = CARTESIAN_POINT ( 'NONE',  ( -1.363545426120211568, 25.42992221353541282, 0.04469234745773544709 ) ) ;
#7314 = CARTESIAN_POINT ( 'NONE',  ( -0.8501681659497644095, 24.83990609107210190, 0.000000000000000000 ) ) ;
#7315 = CARTESIAN_POINT ( 'NONE',  ( -0.5639963281305038212, 25.38502633681800802, 0.4431958362722953071 ) ) ;
#7316 = CARTESIAN_POINT ( 'NONE',  ( -2.169014088533949280, 24.05485486037792242, 0.04606817219003305625 ) ) ;
#7317 = CARTESIAN_POINT ( 'NONE',  ( -1.859736466018346412, 25.84366552894302416, 0.4432038989961589737 ) ) ;
#7318 = EDGE_CURVE ( 'NONE', #2106, #9118, #6496, .T. ) ;
#7319 = ORIENTED_EDGE ( 'NONE', *, *, #9212, .T. ) ;
#7320 = CARTESIAN_POINT ( 'NONE',  ( -2.888966391495141561, 24.06074363577967290, 0.4029956782499536372 ) ) ;
#7321 = VERTEX_POINT ( 'NONE', #3008 ) ;
#7322 = CARTESIAN_POINT ( 'NONE',  ( -1.342713952942113931, 25.33206540898252257, 0.04606796101003836352 ) ) ;
#7323 = CARTESIAN_POINT ( 'NONE',  ( -2.614254016979066897, 25.52310942951671535, 0.3457711198919009021 ) ) ;
#7324 = CARTESIAN_POINT ( 'NONE',  ( -0.4408710283197129765, 24.23768939073367790, 0.4046793660937172410 ) ) ;
#7325 = CARTESIAN_POINT ( 'NONE',  ( -2.194071072043219495, 23.86212605040681467, 0.1032812246485535768 ) ) ;
#7326 = CARTESIAN_POINT ( 'NONE',  ( -2.619281165793709842, 23.85697218902999595, 0.3047185676724574743 ) ) ;
#7327 = CARTESIAN_POINT ( 'NONE',  ( -0.8606784285451359873, 24.88132936846974985, 0.05000555899728621745 ) ) ;
#7328 = DIRECTION ( 'NONE',  ( 6.123233995736998996E-17, 3.552713678800503296E-15, 1.000000000000000000 ) ) ;
#7329 = VECTOR ( 'NONE', #5214, 39.37007874015748143 ) ;
#7330 = CARTESIAN_POINT ( 'NONE',  ( -0.8060175000337194140, 25.61075707674906710, 0.3574815234068761116 ) ) ;
#7331 = CARTESIAN_POINT ( 'NONE',  ( -2.810538061213756933, 24.10955699579956857, 0.4499999999996839306 ) ) ;
#7332 = CARTESIAN_POINT ( 'NONE',  ( -0.8382133261436690574, 24.73461536327612365, 0.04756556456524659721 ) ) ;
#7333 = CARTESIAN_POINT ( 'NONE',  ( -1.912286119635715487, 25.37770498010807785, 0.04999999999999999584 ) ) ;
#7334 = DIRECTION ( 'NONE',  ( 0.000000000000000000, 0.000000000000000000, -1.000000000000000000 ) ) ;
#7335 = CARTESIAN_POINT ( 'NONE',  ( -0.6537795275590783106, 25.66622047244096905, 0.6074803150392285023 ) ) ;
#7336 = CARTESIAN_POINT ( 'NONE',  ( -0.5251480509706789590, 25.04996573233990986, 0.3999999999996802225 ) ) ;
#7337 = CARTESIAN_POINT ( 'NONE',  ( -0.9434738938065091451, 23.92791814208343837, 0.1645144940568379344 ) ) ;
#7338 = VERTEX_POINT ( 'NONE', #845 ) ;
#7339 = CARTESIAN_POINT ( 'NONE',  ( -0.5847161861441650954, 25.00554034523600677, 0.2855556307137587235 ) ) ;
#7340 = CARTESIAN_POINT ( 'NONE',  ( -2.003476472775403305, 25.51127760916969578, 0.1065330140421853894 ) ) ;
#7341 = VERTEX_POINT ( 'NONE', #5213 ) ;
#7342 = CARTESIAN_POINT ( 'NONE',  ( -0.6931496062992357210, 25.62685039370080986, 0.1999999999996782130 ) ) ;
#7343 = CARTESIAN_POINT ( 'NONE',  ( -2.305598035358295217, 23.75592170158104466, 0.2077131670960448706 ) ) ;
#7344 = CARTESIAN_POINT ( 'NONE',  ( -2.423070353238456764, 23.60689754957306974, 0.4499999999996855959 ) ) ;
#7345 = ORIENTED_EDGE ( 'NONE', *, *, #70, .F. ) ;
#7346 = CARTESIAN_POINT ( 'NONE',  ( -2.270225787204565915, 23.91346992267739680, 0.1666015089311795594 ) ) ;
#7347 = CARTESIAN_POINT ( 'NONE',  ( -2.876119594268820467, 24.26522196297239731, 0.4381353998082472279 ) ) ;
#7348 = CARTESIAN_POINT ( 'NONE',  ( -2.829387186602462911, 25.04294404386436668, 0.4499999999996802669 ) ) ;
#7349 = CARTESIAN_POINT ( 'NONE',  ( -1.059780933123136482, 25.53130876015224615, 0.2046441637020403326 ) ) ;
#7350 = CARTESIAN_POINT ( 'NONE',  ( -0.9620045777809350662, 25.20999216155499667, 0.1481293904994219757 ) ) ;
#7351 = CARTESIAN_POINT ( 'NONE',  ( -1.150652323584954395, 25.29883522654484551, 0.09845031906979101466 ) ) ;
#7352 = CARTESIAN_POINT ( 'NONE',  ( -2.678881140735573485, 25.44193890803233415, 0.3427135476829270555 ) ) ;
#7353 = CARTESIAN_POINT ( 'NONE',  ( -0.8978740157478285466, 24.99670207428481206, -0.7113766561454782922 ) ) ;
#7354 = CARTESIAN_POINT ( 'NONE',  ( -2.911708032953218339, 24.55608091632073098, 0.4062762490869528120 ) ) ;
#7355 = CARTESIAN_POINT ( 'NONE',  ( -1.968109406833402186, 23.61777635646305384, 0.2254599579326534153 ) ) ;
#7356 = CARTESIAN_POINT ( 'NONE',  ( -1.319317337679231983, 25.80793753829005865, 0.3450345819824881533 ) ) ;
#7357 = CARTESIAN_POINT ( 'NONE',  ( -2.492027648502584736, 24.39546979760396184, 0.000000000000000000 ) ) ;
#7358 = CARTESIAN_POINT ( 'NONE',  ( -1.238305714041936678, 25.27714554138442082, 0.05000000000000000278 ) ) ;
#7359 = CARTESIAN_POINT ( 'NONE',  ( -2.113175013499051680, 24.01264342703701971, 0.04606817219003302155 ) ) ;
#7360 = CARTESIAN_POINT ( 'NONE',  ( -1.970054652393311345, 25.79585226184175895, 0.3999999999996776134 ) ) ;
#7361 = EDGE_LOOP ( 'NONE', ( #3444, #4196, #2457, #8337 ) ) ;
#7362 = CARTESIAN_POINT ( 'NONE',  ( -2.626395425720048138, 24.07072889867097487, 0.2240402404588429097 ) ) ;
#7363 = ORIENTED_EDGE ( 'NONE', *, *, #2592, .F. ) ;
#7364 = CARTESIAN_POINT ( 'NONE',  ( -0.9245792077959344990, 25.74008576392295211, 0.4381354253312858549 ) ) ;
#7365 = CARTESIAN_POINT ( 'NONE',  ( -2.564353145452260119, 25.56802566842949176, 0.3431177123941153151 ) ) ;
#7366 = CIRCLE ( 'NONE', #3609, 0.08070866141732173371 ) ;
#7367 = CARTESIAN_POINT ( 'NONE',  ( -0.4453645788922633852, 24.17300958575519232, 0.4039615028931833884 ) ) ;
#7368 = CARTESIAN_POINT ( 'NONE',  ( -2.453016418446838376, 25.16666633852556245, 0.1032732310899524969 ) ) ;
#7369 = CARTESIAN_POINT ( 'NONE',  ( -2.327094764151235839, 23.64093685838597381, 0.2826132435528934117 ) ) ;
#7370 = CARTESIAN_POINT ( 'NONE',  ( -2.607454259190084667, 23.84275453360634245, 0.3047177209207234672 ) ) ;
#7371 = CARTESIAN_POINT ( 'NONE',  ( -1.146074527684000532, 25.41331923897967116, 0.1032674141536395890 ) ) ;
#7372 = DIRECTION ( 'NONE',  ( 0.000000000000000000, -1.000000000000000000, 3.552713678800503296E-15 ) ) ;
#7373 = AXIS2_PLACEMENT_3D ( 'NONE', #1656, #7206, #4481 ) ;
#7374 = ORIENTED_EDGE ( 'NONE', *, *, #7405, .T. ) ;
#7375 = CARTESIAN_POINT ( 'NONE',  ( -0.6537795276673361577, 23.46149606299214696, 0.3999999999996858846 ) ) ;
#7376 = CYLINDRICAL_SURFACE ( 'NONE', #6511, 0.7716554965814560463 ) ;
#7377 = CARTESIAN_POINT ( 'NONE',  ( -0.4421791514025338321, 24.87208178307495388, 0.4058245831584029184 ) ) ;
#7378 = CARTESIAN_POINT ( 'NONE',  ( -2.261863054916084970, 24.10841294146390013, 0.06395485512656198801 ) ) ;
#7379 = CARTESIAN_POINT ( 'NONE',  ( -2.023811014952041187, 25.79595493054215893, 0.3999999999996776689 ) ) ;
#7380 = CARTESIAN_POINT ( 'NONE',  ( -2.725140777349642995, 25.37106619593519596, 0.3999999999996792233 ) ) ;
#7381 = EDGE_CURVE ( 'NONE', #896, #2969, #6588, .T. ) ;
#7382 = DIRECTION ( 'NONE',  ( 0.000000000000000000, 1.000000000000000000, -3.469446951953611428E-15 ) ) ;
#7383 = CARTESIAN_POINT ( 'NONE',  ( -0.7428398348031404197, 23.89666769302267113, 0.2833138646501155433 ) ) ;
#7384 = AXIS2_PLACEMENT_3D ( 'NONE', #3997, #6114, #7519 ) ;
#7385 = ORIENTED_EDGE ( 'NONE', *, *, #4937, .T. ) ;
#7386 = CARTESIAN_POINT ( 'NONE',  ( -0.7284612955304243798, 24.95937230181502287, 0.1664852334493773789 ) ) ;
#7387 = EDGE_CURVE ( 'NONE', #1676, #1974, #7532, .T. ) ;
#7388 = CARTESIAN_POINT ( 'NONE',  ( -2.097066396403679978, 25.87833814607643390, 0.4045134820793314656 ) ) ;
#7389 = VERTEX_POINT ( 'NONE', #5072 ) ;
#7390 = CARTESIAN_POINT ( 'NONE',  ( -1.437350671615080344, 23.82619926966041390, 0.05000546403838265069 ) ) ;
#7391 = B_SPLINE_CURVE_WITH_KNOTS ( 'NONE', 3,
 ( #6385, #5710, #8497, #2056, #9243, #2808 ),
 .UNSPECIFIED., .F., .F.,
 ( 4, 2, 4 ),
 ( 0.006355465056423491126, 0.007183070468578172524, 0.008010675880732853055 ),
 .UNSPECIFIED. ) ;
#7392 = CARTESIAN_POINT ( 'NONE',  ( -2.378898141020009849, 23.63653899916421253, 0.3047198326020179038 ) ) ;
#7393 = DIRECTION ( 'NONE',  ( -6.123233995736998996E-17, -3.552713678800503296E-15, -1.000000000000000000 ) ) ;
#7394 = ORIENTED_EDGE ( 'NONE', *, *, #7435, .F. ) ;
#7395 = CARTESIAN_POINT ( 'NONE',  ( -2.220598420849103416, 23.95191036277937258, 0.1242689845574095342 ) ) ;
#7396 = CARTESIAN_POINT ( 'NONE',  ( -2.882162145367792583, 24.26332336284554003, 0.4432038974321856895 ) ) ;
#7397 = DIRECTION ( 'NONE',  ( 6.123233995736998996E-17, 3.552713678800503296E-15, 1.000000000000000000 ) ) ;
#7398 = CARTESIAN_POINT ( 'NONE',  ( -2.466695580148658973, 23.63987743323027146, 0.4499999999996854849 ) ) ;
#7399 = CARTESIAN_POINT ( 'NONE',  ( -1.137964110806733098, 25.21733546868061993, 0.06147917013171717154 ) ) ;
#7400 = CARTESIAN_POINT ( 'NONE',  ( -2.330072326224658319, 25.16842522136596827, 0.09610354994143593954 ) ) ;
#7401 = CARTESIAN_POINT ( 'NONE',  ( -2.727393924760157518, 25.37683920031246387, 0.3427135476582696128 ) ) ;
#7402 = CARTESIAN_POINT ( 'NONE',  ( -2.701023621815684894, 25.87370078740159585, 0.6074803150392285023 ) ) ;
#7403 = CARTESIAN_POINT ( 'NONE',  ( -2.702686233228232204, 24.92832412832552080, 0.2255088841640773556 ) ) ;
#7404 = CARTESIAN_POINT ( 'NONE',  ( -1.919296807966601959, 23.83211198052902091, 0.04572432545264451531 ) ) ;
#7405 = EDGE_CURVE ( 'NONE', #5245, #8816, #3391, .T. ) ;
#7406 = CARTESIAN_POINT ( 'NONE',  ( -1.435525466341907697, 25.45309030368082048, 0.04572461705977696328 ) ) ;
#7407 = CARTESIAN_POINT ( 'NONE',  ( -0.8651471701800534930, 24.38477560555710255, 4.097771990496394828E-16 ) ) ;
#7408 = DIRECTION ( 'NONE',  ( -1.000000000000000000, 0.000000000000000000, 0.000000000000000000 ) ) ;
#7409 = CARTESIAN_POINT ( 'NONE',  ( -2.456929133858063441, 24.16234236835696336, 0.08916004729383487926 ) ) ;
#7410 = CARTESIAN_POINT ( 'NONE',  ( -1.157093476370418372, 25.83057771416459047, 0.4381354253312857994 ) ) ;
#7411 = ORIENTED_EDGE ( 'NONE', *, *, #5356, .T. ) ;
#7412 = DIRECTION ( 'NONE',  ( 1.000000000000000000, 5.885292245690814950E-10, 0.000000000000000000 ) ) ;
#7413 = CARTESIAN_POINT ( 'NONE',  ( -2.619648461145231977, 24.29274082573866878, 0.1660692946207447118 ) ) ;
#7414 = ORIENTED_EDGE ( 'NONE', *, *, #4550, .T. ) ;
#7415 = FACE_OUTER_BOUND ( 'NONE', #3964, .T. ) ;
#7416 = CARTESIAN_POINT ( 'NONE',  ( -0.9922258270096915300, 25.62243484815835615, 0.2833137314234001058 ) ) ;
#7417 = CARTESIAN_POINT ( 'NONE',  ( -0.8899389687166101570, 24.32869109962429377, 0.04480427387136345918 ) ) ;
#7418 = EDGE_CURVE ( 'NONE', #4794, #2036, #5821, .T. ) ;
#7419 = CARTESIAN_POINT ( 'NONE',  ( -2.554462522803321978, 25.16484152554642151, 0.1631702088967347530 ) ) ;
#7420 = FACE_OUTER_BOUND ( 'NONE', #2198, .T. ) ;
#7421 = CYLINDRICAL_SURFACE ( 'NONE', #1063, 0.08858267716535331293 ) ;
#7422 = CARTESIAN_POINT ( 'NONE',  ( -1.089562906476806203, 25.47905900670194868, 0.1630335219221482335 ) ) ;
#7423 = CARTESIAN_POINT ( 'NONE',  ( -2.456929133858065661, 24.99667416960728161, 0.05000000000000000278 ) ) ;
#7424 = VERTEX_POINT ( 'NONE', #1644 ) ;
#7425 = FACE_OUTER_BOUND ( 'NONE', #4693, .T. ) ;
#7426 = EDGE_CURVE ( 'NONE', #3352, #4666, #4514, .T. ) ;
#7427 = CARTESIAN_POINT ( 'NONE',  ( -2.737659180108424017, 23.93300355115333744, 0.4499999999996842637 ) ) ;
#7428 = CARTESIAN_POINT ( 'NONE',  ( -0.7891386917361603581, 24.87054209922946413, 0.1060700294603480059 ) ) ;
#7429 = CARTESIAN_POINT ( 'NONE',  ( -1.370670337056736798, 25.44017734132814823, 0.000000000000000000 ) ) ;
#7430 = CARTESIAN_POINT ( 'NONE',  ( -2.397332902826410983, 25.76911265610663193, 0.4431958260125128390 ) ) ;
#7431 = CARTESIAN_POINT ( 'NONE',  ( -2.195510760655881466, 23.46149606299214341, 0.3702422738774136524 ) ) ;
#7432 = DIRECTION ( 'NONE',  ( 0.000000000000000000, 0.000000000000000000, -1.000000000000000000 ) ) ;
#7433 = ORIENTED_EDGE ( 'NONE', *, *, #7835, .T. ) ;
#7434 = CARTESIAN_POINT ( 'NONE',  ( -0.4935071612731725677, 25.31174377316627400, 0.4024097364543818278 ) ) ;
#7435 = EDGE_CURVE ( 'NONE', #2525, #6747, #6639, .T. ) ;
#7436 = CARTESIAN_POINT ( 'NONE',  ( -2.048840854249036614, 25.73437893536926779, 0.2854515153014620665 ) ) ;
#7437 = ORIENTED_EDGE ( 'NONE', *, *, #1699, .F. ) ;
#7438 = VECTOR ( 'NONE', #7941, 39.37007874015748143 ) ;
#7439 = CARTESIAN_POINT ( 'NONE',  ( -2.495849663112702288, 24.87545705982971356, 0.05000000000000000971 ) ) ;
#7440 = CARTESIAN_POINT ( 'NONE',  ( -2.496243912207252613, 23.54881748064465441, 0.4017269318892102703 ) ) ;
#7441 = CARTESIAN_POINT ( 'NONE',  ( -0.8842658731870007838, 24.96174124671223638, 0.000000000000000000 ) ) ;
#7442 = ORIENTED_EDGE ( 'NONE', *, *, #6204, .F. ) ;
#7443 = CARTESIAN_POINT ( 'NONE',  ( -2.252697760091518120, 23.92194813304280743, 0.1543921262192478883 ) ) ;
#7444 = CARTESIAN_POINT ( 'NONE',  ( -1.326919481167390558, 23.47660207776934982, 0.3454231888741426393 ) ) ;
#7445 = CARTESIAN_POINT ( 'NONE',  ( -2.725140777349642995, 25.37106619593519596, 0.3999999999996792233 ) ) ;
#7446 = CARTESIAN_POINT ( 'NONE',  ( -2.691523158813200478, 23.86830839427878104, 0.4499999999996848188 ) ) ;
#7447 = CARTESIAN_POINT ( 'NONE',  ( -1.789771769991808759, 25.40821654695322707, 0.05000145625481546702 ) ) ;
#7448 = ADVANCED_FACE ( 'NONE', ( #3200 ), #1839, .T. ) ;
#7449 = CARTESIAN_POINT ( 'NONE',  ( -0.9453913462866128103, 25.30089068267950836, 0.1976469642742103294 ) ) ;
#7450 = LINE ( 'NONE', #6806, #8424 ) ;
#7451 = LINE ( 'NONE', #305, #6408 ) ;
#7452 = AXIS2_PLACEMENT_3D ( 'NONE', #4959, #5796, #3508 ) ;
#7453 = CARTESIAN_POINT ( 'NONE',  ( -2.507037293500999464, 24.48635502496201255, 0.04685203848481907934 ) ) ;
#7454 = CARTESIAN_POINT ( 'NONE',  ( -1.857609374459927132, 23.74643142084764236, 0.1065545337448088881 ) ) ;
#7455 = B_SPLINE_CURVE_WITH_KNOTS ( 'NONE', 3,
 ( #1957, #2048, #1252, #2799, #9052, #7040, #8489, #6994, #7079, #6905 ),
 .UNSPECIFIED., .F., .F.,
 ( 4, 3, 3, 4 ),
 ( 0.002781720638609271913, 0.005980179828798171983, 0.01078753973064053642, 0.01559489967153586745 ),
 .UNSPECIFIED. ) ;
#7456 = CARTESIAN_POINT ( 'NONE',  ( -1.295675974985909695, 25.80700308862431669, 0.3447701123608301055 ) ) ;
#7457 = CARTESIAN_POINT ( 'NONE',  ( -2.725537029224919028, 25.37885967394042908, 0.3423512454392133586 ) ) ;
#7458 = AXIS2_PLACEMENT_3D ( 'NONE', #7658, #7507, #1072 ) ;
#7459 = CARTESIAN_POINT ( 'NONE',  ( -2.145990430955501349, 23.49725955591764404, 0.4499999999996858180 ) ) ;
#7460 = CARTESIAN_POINT ( 'NONE',  ( -0.5249461536777217940, 24.25234945348654136, 0.4499999999996831535 ) ) ;
#7461 = CARTESIAN_POINT ( 'NONE',  ( -1.677401759897740430, 24.64259857083205318, 0.3999999999996817768 ) ) ;
#7462 = CARTESIAN_POINT ( 'NONE',  ( -1.453727077344769913, 23.90406962574481753, 0.05000000000000000278 ) ) ;
#7463 = CARTESIAN_POINT ( 'NONE',  ( -2.692516281551314616, 24.26649019503508597, 0.2255776497520914081 ) ) ;
#7464 = ORIENTED_EDGE ( 'NONE', *, *, #62, .T. ) ;
#7465 = CARTESIAN_POINT ( 'NONE',  ( -2.166351805983046219, 25.71335904742129230, 0.2842507212135207961 ) ) ;
#7466 = CARTESIAN_POINT ( 'NONE',  ( -1.193249462306174902, 25.34512426919485861, 0.04571512653240325519 ) ) ;
#7467 = CARTESIAN_POINT ( 'NONE',  ( -0.5863178068596549553, 24.27271660312888457, 0.2847509194590692738 ) ) ;
#7468 = CARTESIAN_POINT ( 'NONE',  ( -2.784806799542706379, 25.27372623022888121, 0.3426263698576410555 ) ) ;
#7469 = DIRECTION ( 'NONE',  ( 0.7445892342181394952, 0.2273179639738620028, 0.6276252190130846564 ) ) ;
#7470 = CARTESIAN_POINT ( 'NONE',  ( -2.439587754246263618, 24.08087743896675548, 0.1107126960341092287 ) ) ;
#7471 = CARTESIAN_POINT ( 'NONE',  ( -2.029482476634099086, 25.79585226183276347, 0.4499999999996777134 ) ) ;
#7472 = DIRECTION ( 'NONE',  ( -1.000000000000000000, 0.000000000000000000, -0.000000000000000000 ) ) ;
#7473 = AXIS2_PLACEMENT_3D ( 'NONE', #7541, #4015, #6799 ) ;
#7474 = ORIENTED_EDGE ( 'NONE', *, *, #1980, .T. ) ;
#7475 = DIRECTION ( 'NONE',  ( -6.123233995736998996E-17, -3.552713678800503296E-15, -1.000000000000000000 ) ) ;
#7476 = CARTESIAN_POINT ( 'NONE',  ( -1.067165354330504634, 25.42212598425206238, 0.05000000000000000278 ) ) ;
#7477 = CARTESIAN_POINT ( 'NONE',  ( -0.9905329539066389799, 23.56881855482298960, 0.4499999999996854294 ) ) ;
#7478 = CARTESIAN_POINT ( 'NONE',  ( -0.5087871724365361503, 24.76940763083920771, 0.3464173745020278083 ) ) ;
#7479 = CARTESIAN_POINT ( 'NONE',  ( -1.924529543602370829, 25.45722472983784712, 0.000000000000000000 ) ) ;
#7480 = FACE_BOUND ( 'NONE', #7157, .T. ) ;
#7481 = CARTESIAN_POINT ( 'NONE',  ( -2.492027648502584736, 24.39546979760396184, 0.000000000000000000 ) ) ;
#7482 = ORIENTED_EDGE ( 'NONE', *, *, #7692, .F. ) ;
#7483 = EDGE_LOOP ( 'NONE', ( #1695, #2746, #8890, #5773 ) ) ;
#7484 = CARTESIAN_POINT ( 'NONE',  ( -0.9356452458241167891, 25.06394383740632748, 0.04590115645964730484 ) ) ;
#7485 = ORIENTED_EDGE ( 'NONE', *, *, #8138, .T. ) ;
#7486 = CARTESIAN_POINT ( 'NONE',  ( -2.353589738079251426, 24.26410644702247055, 0.05030735097768035402 ) ) ;
#7487 = ORIENTED_EDGE ( 'NONE', *, *, #3137, .F. ) ;
#7488 = B_SPLINE_SURFACE_WITH_KNOTS ( 'NONE', 3, 3, ( 
 ( #8056, #1057, #8150, #1707, #7494, #6749, #2509 ),
 ( #3966, #403, #6138, #1901, #1202, #7444, #5326 ),
 ( #6696, #3917, #254, #4018, #6896, #4722, #4768 ),
 ( #5472, #1105, #6802, #3115, #7544, #5984, #7593 ),
 ( #8896, #8844, #6849, #1153, #2459, #6187, #2408 ),
 ( #8345, #8196, #447, #4624, #8999, #351, #3214 ),
 ( #3263, #6091, #3314, #9044, #2611, #7646, #5278 ),
 ( #4574, #8948, #1757, #1005, #2557, #3867, #299 ),
 ( #3161, #6034, #5378, #8245, #1803, #5425, #4675 ),
 ( #8300, #1854, #7739, #8441, #495, #9091, #537 ),
 ( #7866, #2656, #6279, #2123, #580, #2837, #8565 ),
 ( #5697, #2042, #6413, #5656, #4065, #5522, #3539 ),
 ( #4985, #4897, #6370, #3407, #6945, #4118, #7032 ),
 ( #1331, #3361, #6236, #8392, #1376, #1286, #1951 ),
 ( #1996, #7691, #2793, #9274, #1246, #2083, #4815 ),
 ( #4858, #3449, #6988, #9137, #9227, #2701, #5563 ),
 ( #4160, #6323, #9178, #2752, #5610, #8483, #7780 ),
 ( #4202, #7074, #624, #3494, #8521, #4942, #7821 ),
 ( #4248, #7115, #671, #5781, #7159, #6455, #7198 ),
 ( #5215, #12, #3624, #8786, #7242, #193, #5925 ),
 ( #4470, #2964, #8605, #711, #3581, #8742, #5826 ),
 ( #3055, #8696, #3716, #757, #1418, #1462, #4383 ),
 ( #8002, #2350, #4295, #2875, #8046, #5075, #5739 ),
 ( #4333, #5026, #2250, #1549, #5873, #2165, #3758 ),
 ( #7908, #8647, #804, #6638, #2303, #6499, #5120 ),
 ( #57, #2917, #2207, #7949, #848, #1504, #3668 ),
 ( #6543, #6591, #104, #4429, #7290, #149, #3011 ),
 ( #5168, #1596, #7337, #895, #6259, #6303, #7669 ),
 ( #3384, #1180, #6164, #6922, #9022, #2584, #242 ),
 ( #8371, #4746, #427, #3998, #3339, #3291, #7625 ),
 ( #5403, #4518, #6215, #8272, #2681, #2731, #1932 ),
 ( #5544, #8418, #1973, #4042, #7383, #4793, #6875 ),
 ( #3806, #560, #6684, #8089, #1225, #5450, #9069 ),
 ( #472, #2636, #7010, #4141, #8324, #2535, #6971 ),
 ( #1830, #9117, #947, #5499, #1879, #4093, #8976 ),
 ( #519, #7715, #4702, #1130, #4839, #3240, #1267 ),
 ( #3432, #9158, #6115, #1646, #7572, #7096, #650 ),
 ( #8588, #7137, #4965, #7056, #5718, #9203, #2814 ),
 ( #8503, #2185, #6478, #3473, #733, #7846, #3515 ),
 ( #6391, #9249, #602, #2773, #2144, #2102, #5678 ) ),
 .UNSPECIFIED., .F., .F., .F.,
 ( 4, 3, 3, 3, 3, 3, 3, 3, 3, 3, 3, 3, 3, 4 ),
 ( 4, 3, 4 ),
 ( -0.006359176977586686319, 0.02529001764273097405, 0.05693921226304863442, 0.1202376015036839552, 0.2468343799849546105, 0.3734311584662252659, 0.4367295477068605658, 0.4683787423271782435, 0.5000279369474959212, 0.7532214939100372320, 0.8798182723913078318, 0.9431166616319430762, 0.9747658562522607539, 1.006415050872578432 ),
 ( 0.1051294561725505949, 0.6142696133404463854, 1.123409770508342120 ),
 .UNSPECIFIED. ) ;
#7489 = CARTESIAN_POINT ( 'NONE',  ( -0.9819822282279113690, 24.15353536708355620, 0.04360058380732374783 ) ) ;
#7490 = CARTESIAN_POINT ( 'NONE',  ( -2.552629605736280727, 23.59344155589314695, 0.4017269176802654718 ) ) ;
#7491 = CARTESIAN_POINT ( 'NONE',  ( -2.099785401978109256, 23.49206051761071024, 0.4499999999996858735 ) ) ;
#7492 = ORIENTED_EDGE ( 'NONE', *, *, #5503, .F. ) ;
#7493 = CARTESIAN_POINT ( 'NONE',  ( -2.352372914610771915, 23.91675457525374071, 0.2022930548222941771 ) ) ;
#7494 = CARTESIAN_POINT ( 'NONE',  ( -1.355872512782884343, 23.54681033483015895, 0.2859495831666595267 ) ) ;
#7495 = CARTESIAN_POINT ( 'NONE',  ( -2.825206240591893625, 25.09156016452063298, 0.4499999999996804334 ) ) ;
#7496 = CARTESIAN_POINT ( 'NONE',  ( -2.671101653350745675, 23.84187932760700335, 0.4499999999996845412 ) ) ;
#7497 = CARTESIAN_POINT ( 'NONE',  ( -2.858503937007894624, 25.09791838503993944, 0.3628110934096088203 ) ) ;
#7498 = CARTESIAN_POINT ( 'NONE',  ( -2.201614173228271021, 24.01267716535440400, 0.2999999999999999889 ) ) ;
#7499 = PLANE ( 'NONE',  #1157 ) ;
#7500 = CARTESIAN_POINT ( 'NONE',  ( -2.911875980963757993, 24.50860168225803903, 0.4061912606170400286 ) ) ;
#7501 = CARTESIAN_POINT ( 'NONE',  ( -1.923687659589552457, 23.40726046598032184, 0.4057674057273463197 ) ) ;
#7502 = CARTESIAN_POINT ( 'NONE',  ( -1.396721911169183095, 25.59547447823489463, 0.1654482854979449080 ) ) ;
#7503 = LINE ( 'NONE', #2420, #4404 ) ;
#7504 = EDGE_CURVE ( 'NONE', #8316, #4794, #8296, .T. ) ;
#7505 = CARTESIAN_POINT ( 'NONE',  ( -2.405868410375251454, 23.59485864866661586, 0.4499999999996854849 ) ) ;
#7506 = CARTESIAN_POINT ( 'NONE',  ( -0.5847696273902363018, 23.99271949592425912, 0.4499999999996840971 ) ) ;
#7507 = DIRECTION ( 'NONE',  ( -0.000000000000000000, 0.000000000000000000, 1.000000000000000000 ) ) ;
#7508 = CARTESIAN_POINT ( 'NONE',  ( -0.5075162560754005181, 25.33428926413195725, 0.3999999999996800004 ) ) ;
#7509 = CARTESIAN_POINT ( 'NONE',  ( -2.662097161197324091, 23.96450030612719573, 0.2833148952791950670 ) ) ;
#7510 = ORIENTED_EDGE ( 'NONE', *, *, #3694, .F. ) ;
#7511 = CARTESIAN_POINT ( 'NONE',  ( -2.339530764523663375, 25.63781455818003607, 0.2833273638499934632 ) ) ;
#7512 = LINE ( 'NONE', #6964, #2630 ) ;
#7513 = CARTESIAN_POINT ( 'NONE',  ( -0.5851239003885915224, 24.28388650094980861, 0.2848882694491420842 ) ) ;
#7514 = B_SPLINE_CURVE_WITH_KNOTS ( 'NONE', 3,
 ( #1678, #5298, #3840, #4593, #319, #5491, #1967, #1219, #2722, #420, #7003 ),
 .UNSPECIFIED., .F., .F.,
 ( 4, 1, 1, 1, 1, 1, 1, 1, 4 ),
 ( 0.000000000000000000, 0.04138288360066033622, 0.1385322841714929920, 0.2914488271524486862, 0.4998652972170596342, 0.6065637465996820410, 0.7255470032204160979, 0.8567215811089381461, 1.000000000000000000 ),
 .UNSPECIFIED. ) ;
#7515 = CARTESIAN_POINT ( 'NONE',  ( -2.813022330027164397, 25.40249577752270227, 0.4021375922910277456 ) ) ;
#7516 = CARTESIAN_POINT ( 'NONE',  ( -2.139865096752368245, 23.92945509027253692, 0.04351857531519012084 ) ) ;
#7517 = CARTESIAN_POINT ( 'NONE',  ( -2.564124156310179536, 23.71679061026634372, 0.3431909371147244259 ) ) ;
#7518 = DIRECTION ( 'NONE',  ( -0.000000000000000000, 0.000000000000000000, 1.000000000000000000 ) ) ;
#7519 = DIRECTION ( 'NONE',  ( 0.000000000000000000, -1.000000000000000000, 3.607743797525388930E-15 ) ) ;
#7520 = ORIENTED_EDGE ( 'NONE', *, *, #3359, .F. ) ;
#7521 = CARTESIAN_POINT ( 'NONE',  ( -2.500335272455411317, 24.43064396475978484, 0.05002834614599891566 ) ) ;
#7522 = FACE_OUTER_BOUND ( 'NONE', #1994, .T. ) ;
#7523 = VECTOR ( 'NONE', #1917, 39.37007874015748143 ) ;
#7524 = CARTESIAN_POINT ( 'NONE',  ( -1.325320769396233223, 23.48934458849233309, 0.4499999999996858180 ) ) ;
#7525 = CARTESIAN_POINT ( 'NONE',  ( -0.5746518350481167881, 24.76227916618706359, 0.2866432566165876827 ) ) ;
#7526 = CARTESIAN_POINT ( 'NONE',  ( -2.201614173228271021, 24.01267716535440400, 0.08320470669008543652 ) ) ;
#7527 = CARTESIAN_POINT ( 'NONE',  ( -2.619942982784166929, 25.58513984626356219, 0.4382319632553169919 ) ) ;
#7528 = AXIS2_PLACEMENT_3D ( 'NONE', #7850, #4229, #7099 ) ;
#7529 = CARTESIAN_POINT ( 'NONE',  ( -1.984617558294224704, 23.46149606299216472, 0.3580532836002347508 ) ) ;
#7530 = FACE_OUTER_BOUND ( 'NONE', #938, .T. ) ;
#7531 = EDGE_LOOP ( 'NONE', ( #2900, #8383, #5355, #3492, #2919 ) ) ;
#7532 = B_SPLINE_CURVE_WITH_KNOTS ( 'NONE', 3,
 ( #2162, #4378, #6540, #5870, #2246, #2299, #191, #8739, #1458, #8693, #145, #7239, #7998, #4330, #6682, #8784, #5922, #1546, #2914, #4426, #101, #3665, #2204, #5778, #891, #945, #4467, #2961, #5165, #240, #7287, #8087 ),
 .UNSPECIFIED., .F., .F.,
 ( 4, 2, 2, 2, 2, 2, 2, 2, 2, 2, 2, 2, 2, 2, 2, 4 ),
 ( 0.009368469758129088082, 0.009948767409257413402, 0.01052906506038574046, 0.01110936271151406751, 0.01168966036264239283, 0.01226995801377071815, 0.01285025566489904521, 0.01343055331602737226, 0.01401085096715569758, 0.01459114861828402290, 0.01517144626941234996, 0.01575174392054067701, 0.01633204157166900233, 0.01691233922279732765, 0.01749263687392565297, 0.01865323217618230708 ),
 .UNSPECIFIED. ) ;
#7533 = CARTESIAN_POINT ( 'NONE',  ( -0.6066411853880391281, 25.13154885805057503, 0.2842505738711826879 ) ) ;
#7534 = EDGE_LOOP ( 'NONE', ( #5982, #3742, #9172, #39 ) ) ;
#7535 = CARTESIAN_POINT ( 'NONE',  ( -1.717401473116740185, 23.87198040704599222, 0.05030735097768035402 ) ) ;
#7536 = ORIENTED_EDGE ( 'NONE', *, *, #5642, .T. ) ;
#7537 = CARTESIAN_POINT ( 'NONE',  ( -0.6878063576331062690, 23.97380406585212853, 0.2826261396009745464 ) ) ;
#7538 = VECTOR ( 'NONE', #4207, 39.37007874015748143 ) ;
#7539 = CARTESIAN_POINT ( 'NONE',  ( -2.227673842773774560, 23.87205342785554052, 0.1107061642280583597 ) ) ;
#7540 = VECTOR ( 'NONE', #4878, 39.37007874015748143 ) ;
#7541 = CARTESIAN_POINT ( 'NONE',  ( -0.6537795275590783106, 25.66622047244096905, 0.4499999999996780464 ) ) ;
#7542 = VERTEX_POINT ( 'NONE', #5314 ) ;
#7543 = CARTESIAN_POINT ( 'NONE',  ( -0.9754669749052627958, 24.33461642545669079, 0.04606796130808339662 ) ) ;
#7544 = CARTESIAN_POINT ( 'NONE',  ( -1.331194202646553526, 23.54853863941283976, 0.2857364029606153100 ) ) ;
#7545 = CARTESIAN_POINT ( 'NONE',  ( -2.731377620420631480, 25.36162151770076534, 0.4499999999996791011 ) ) ;
#7546 = CARTESIAN_POINT ( 'NONE',  ( -0.8633349541620629619, 24.89192755974790217, 0.05000000000000121014 ) ) ;
#7547 = CARTESIAN_POINT ( 'NONE',  ( -2.858503937007897733, 25.07690463709836948, 0.3610011160718157308 ) ) ;
#7548 = CARTESIAN_POINT ( 'NONE',  ( -2.829671761744914082, 24.23564674543722930, 0.3999999999996832756 ) ) ;
#7549 = CARTESIAN_POINT ( 'NONE',  ( -2.449057070902910471, 24.64259847944031634, 0.000000000000000000 ) ) ;
#7550 = EDGE_CURVE ( 'NONE', #3785, #8361, #2921, .T. ) ;
#7551 = CARTESIAN_POINT ( 'NONE',  ( -2.703110100268221405, 24.36095543090288729, 0.2255489957658778633 ) ) ;
#7552 = CARTESIAN_POINT ( 'NONE',  ( -1.458062906633919686, 23.82619676281971977, 0.04605646441361802013 ) ) ;
#7553 = CARTESIAN_POINT ( 'NONE',  ( -1.328502627183708151, 25.87908396371755870, 0.4051881339652619318 ) ) ;
#7554 = CARTESIAN_POINT ( 'NONE',  ( -2.445688227807182091, 25.17747569743546521, 0.1032640720591115474 ) ) ;
#7555 = LINE ( 'NONE', #8311, #4101 ) ;
#7556 = CARTESIAN_POINT ( 'NONE',  ( -0.6000668494607981351, 23.96232464883830104, 0.4499999999996840971 ) ) ;
#7557 = CYLINDRICAL_SURFACE ( 'NONE', #5511, 0.1135826771653510037 ) ;
#7558 = CARTESIAN_POINT ( 'NONE',  ( -1.257448488422760136, 23.43791727244812861, 0.4431958470681034989 ) ) ;
#7559 = CARTESIAN_POINT ( 'NONE',  ( -2.798192447967417174, 23.86015758318296420, 0.4021126048031432587 ) ) ;
#7560 = ORIENTED_EDGE ( 'NONE', *, *, #2669, .T. ) ;
#7561 = CARTESIAN_POINT ( 'NONE',  ( -2.160346105052100896, 25.34596472818818924, 0.04571740827580570571 ) ) ;
#7562 = EDGE_CURVE ( 'NONE', #5936, #8316, #8935, .T. ) ;
#7563 = CARTESIAN_POINT ( 'NONE',  ( -1.128188976377882513, 25.27251968503944468, 0.05000000000000000278 ) ) ;
#7564 = B_SPLINE_CURVE_WITH_KNOTS ( 'NONE', 3,
 ( #6334, #6998, #7043, #6380, #7918, #2846, #3418, #5574, #8451, #722, #1342, #2006, #4869, #589, #1298, #8531, #5705, #7875 ),
 .UNSPECIFIED., .F., .F.,
 ( 4, 2, 2, 2, 2, 2, 2, 2, 4 ),
 ( 0.000000000000000000, 0.1250000000000000000, 0.2500000000000000000, 0.3750000000000000000, 0.5000000000000000000, 0.6250000000000000000, 0.7500000000000000000, 0.8750000000000000000, 1.000000000000000000 ),
 .UNSPECIFIED. ) ;
#7565 = CARTESIAN_POINT ( 'NONE',  ( -0.5842134302827854953, 24.29494477005913211, 0.2850216918021352130 ) ) ;
#7566 = EDGE_CURVE ( 'NONE', #8563, #7977, #7192, .T. ) ;
#7567 = CARTESIAN_POINT ( 'NONE',  ( -2.637123024374045777, 25.18961403968729229, 0.2230430408101326811 ) ) ;
#7568 = CARTESIAN_POINT ( 'NONE',  ( -2.018727917034480512, 23.78110533719954844, 0.1044968349267664659 ) ) ;
#7569 = CARTESIAN_POINT ( 'NONE',  ( -1.142524451686741660, 25.41088518746187219, 0.1032640697438781258 ) ) ;
#7570 = CARTESIAN_POINT ( 'NONE',  ( -2.830655411561412649, 24.29051793536090997, 0.3999999999996830535 ) ) ;
#7571 = CARTESIAN_POINT ( 'NONE',  ( -1.912509484854473030, 23.90756016821483598, 0.04999999999999999584 ) ) ;
#7572 = CARTESIAN_POINT ( 'NONE',  ( -0.7073508868971000174, 23.94364435362144405, 0.2833138656263600730 ) ) ;
#7573 = VERTEX_POINT ( 'NONE', #8231 ) ;
#7574 = CARTESIAN_POINT ( 'NONE',  ( -2.520031918700333495, 24.72012742658820272, 0.05000075937023918532 ) ) ;
#7575 = CARTESIAN_POINT ( 'NONE',  ( -2.041505475525184909, 23.48946827087024403, 0.3999999999996858846 ) ) ;
#7576 = CARTESIAN_POINT ( 'NONE',  ( -1.022104183675245803, 23.55241810416853454, 0.4499999999996857070 ) ) ;
#7577 = CARTESIAN_POINT ( 'NONE',  ( -0.6965561919948892733, 25.32623039991710101, 0.2833155957070827569 ) ) ;
#7578 = CARTESIAN_POINT ( 'NONE',  ( -2.031505286397513377, 25.42212598425206238, 0.000000000000000000 ) ) ;
#7579 = CARTESIAN_POINT ( 'NONE',  ( -2.270123320582428494, 25.13828470597737663, 0.05000000000000000971 ) ) ;
#7580 = DIRECTION ( 'NONE',  ( -1.000000000000000000, 0.000000000000000000, 0.000000000000000000 ) ) ;
#7581 = CIRCLE ( 'NONE', #2160, 0.2074803149606297969 ) ;
#7582 = DIRECTION ( 'NONE',  ( -0.000000000000000000, -0.000000000000000000, -1.000000000000000000 ) ) ;
#7583 = ORIENTED_EDGE ( 'NONE', *, *, #2409, .F. ) ;
#7584 = CARTESIAN_POINT ( 'NONE',  ( -0.5536644745957075564, 25.23567170615553579, 0.3431958939535282860 ) ) ;
#7585 = ORIENTED_EDGE ( 'NONE', *, *, #1558, .T. ) ;
#7586 = CARTESIAN_POINT ( 'NONE',  ( -2.114392549581253000, 24.00660233719897718, 0.000000000000000000 ) ) ;
#7587 = ORIENTED_EDGE ( 'NONE', *, *, #6737, .T. ) ;
#7588 = CARTESIAN_POINT ( 'NONE',  ( -2.448730044580615051, 23.97913136971714110, 0.1596068547329524689 ) ) ;
#7589 = CARTESIAN_POINT ( 'NONE',  ( -2.410764974274498318, 24.41870775153979878, 0.04606807752549083035 ) ) ;
#7590 = CARTESIAN_POINT ( 'NONE',  ( -2.357679335087377037, 23.56526177483832640, 0.4499999999996857625 ) ) ;
#7591 = VERTEX_POINT ( 'NONE', #7481 ) ;
#7592 = CARTESIAN_POINT ( 'NONE',  ( -0.9329234177010911067, 24.45444743193856496, 0.04606796130808338968 ) ) ;
#7593 = CARTESIAN_POINT ( 'NONE',  ( -1.286927178293783225, 23.40605025898411284, 0.4048133183167445526 ) ) ;
#7594 = EDGE_CURVE ( 'NONE', #8343, #7012, #6884, .T. ) ;
#7595 = CARTESIAN_POINT ( 'NONE',  ( -2.752210777959915866, 25.32746005999324979, 0.4499999999996795452 ) ) ;
#7596 = CARTESIAN_POINT ( 'NONE',  ( -0.8639412017570683444, 24.89426498468266047, 0.04999686687313084632 ) ) ;
#7597 = AXIS2_PLACEMENT_3D ( 'NONE', #1256, #724, #4131 ) ;
#7598 = CARTESIAN_POINT ( 'NONE',  ( -0.4962992125983279323, 24.99371178147039529, 0.3580813412891496461 ) ) ;
#7599 = B_SPLINE_SURFACE_WITH_KNOTS ( 'NONE', 3, 1, ( 
 ( #3770, #3162 ),
 ( #4575, #6697 ),
 ( #5379, #5230 ),
 ( #6139, #3968 ),
 ( #5985, #5280 ),
 ( #3066, #8799 ),
 ( #5939, #1106 ),
 ( #1804, #4676 ),
 ( #1058, #255 ),
 ( #6650, #6803 ),
 ( #3918, #8845 ),
 ( #6036, #3868 ),
 ( #1006, #7545 ),
 ( #7445, #404 ) ),
 .UNSPECIFIED., .F., .F., .F.,
 ( 4, 1, 1, 1, 1, 1, 1, 1, 1, 1, 1, 4 ),
 ( 2, 2 ),
 ( 0.000000000000000000, 0.09009426659620012323, 0.1696524292461004668, 0.2386222122558496750, 0.2969880457214919556, 0.3447492223195816052, 0.3819079636594380212, 0.4084646245743117632, 0.6186033341258323492, 0.7872778211016143723, 0.9144575613719382323, 1.000000000000000000 ),
 ( 0.000000000000000000, 1.000000000000000000 ),
 .UNSPECIFIED. ) ;
#7600 = CARTESIAN_POINT ( 'NONE',  ( -0.5241477380996235613, 24.99467927368610276, 0.3999999999996803890 ) ) ;
#7601 = EDGE_CURVE ( 'NONE', #1276, #3039, #8884, .T. ) ;
#7602 = EDGE_CURVE ( 'NONE', #5169, #8603, #1139, .T. ) ;
#7603 = EDGE_CURVE ( 'NONE', #4889, #2546, #5585, .T. ) ;
#7604 = DIRECTION ( 'NONE',  ( -6.123233995736998996E-17, -3.552713678800503296E-15, -1.000000000000000000 ) ) ;
#7605 = CARTESIAN_POINT ( 'NONE',  ( -2.700308421909491496, 24.33127841269538294, 0.2252555653191233576 ) ) ;
#7606 = CARTESIAN_POINT ( 'NONE',  ( -1.495818664539286136, 23.40781828368357509, 0.4060372220435927160 ) ) ;
#7607 = EDGE_CURVE ( 'NONE', #2251, #2406, #6173, .T. ) ;
#7608 = CARTESIAN_POINT ( 'NONE',  ( -1.457945464565160831, 25.74234993552220985, 0.2860765900927472183 ) ) ;
#7609 = EDGE_CURVE ( 'NONE', #7977, #7139, #6311, .T. ) ;
#7610 = CARTESIAN_POINT ( 'NONE',  ( -2.213932763370368928, 23.50984717185824735, 0.4499999999996857625 ) ) ;
#7611 = CARTESIAN_POINT ( 'NONE',  ( -0.6391600415074467634, 25.52691966046203476, 0.3999999999996754485 ) ) ;
#7612 = CARTESIAN_POINT ( 'NONE',  ( -2.029482476634099086, 25.79585226183276347, 0.3999999999996776689 ) ) ;
#7613 = CARTESIAN_POINT ( 'NONE',  ( -1.452086337866287158, 23.90457053306868573, 0.05000000000000000278 ) ) ;
#7614 = CARTESIAN_POINT ( 'NONE',  ( -2.532501172741189244, 24.07880972752232651, 0.1645294287344576389 ) ) ;
#7615 = ORIENTED_EDGE ( 'NONE', *, *, #2447, .T. ) ;
#7616 = CARTESIAN_POINT ( 'NONE',  ( -2.354811699953271997, 25.72803628900057404, 0.3427977644786685540 ) ) ;
#7617 = PLANE ( 'NONE',  #1555 ) ;
#7618 = AXIS2_PLACEMENT_3D ( 'NONE', #7651, #6808, #1207 ) ;
#7619 = CARTESIAN_POINT ( 'NONE',  ( -2.571321271531338493, 25.12997225936753054, 0.1633577148565362180 ) ) ;
#7620 = CARTESIAN_POINT ( 'NONE',  ( -2.129534280607722430, 23.73255171575767974, 0.1635696296994632870 ) ) ;
#7621 = CARTESIAN_POINT ( 'NONE',  ( -0.9808799389780158418, 25.71637128784224657, 0.3423875212510353316 ) ) ;
#7622 = DIRECTION ( 'NONE',  ( 6.123233995736998996E-17, 3.552713678800503296E-15, 1.000000000000000000 ) ) ;
#7623 = EDGE_CURVE ( 'NONE', #2546, #4889, #2590, .T. ) ;
#7624 = CARTESIAN_POINT ( 'NONE',  ( -0.5304210127487771764, 25.10179993583225411, 0.4499999999996801003 ) ) ;
#7625 = CARTESIAN_POINT ( 'NONE',  ( -0.6456265444163129530, 23.74526533947803841, 0.4021132310794808262 ) ) ;
#7626 = ORIENTED_EDGE ( 'NONE', *, *, #5920, .F. ) ;
#7627 = CARTESIAN_POINT ( 'NONE',  ( -2.507286843606123750, 24.46524095152946643, 0.05005513209577360650 ) ) ;
#7628 = CARTESIAN_POINT ( 'NONE',  ( -2.064113418638636954, 23.48970084336337294, 0.3999999999996858846 ) ) ;
#7629 = CARTESIAN_POINT ( 'NONE',  ( -1.303280922449625789, 23.48974317954403901, 0.4499999999996860955 ) ) ;
#7630 = CARTESIAN_POINT ( 'NONE',  ( -0.6686992430461756731, 25.56819268819453939, 0.4021130287353028576 ) ) ;
#7631 = CARTESIAN_POINT ( 'NONE',  ( -0.9489338390001035295, 25.69033764953028154, 0.4499999999996780464 ) ) ;
#7632 = AXIS2_PLACEMENT_3D ( 'NONE', #1328, #7777, #1540 ) ;
#7633 = CARTESIAN_POINT ( 'NONE',  ( -2.223763763707540697, 25.18896092739628045, 0.04999999999999994726 ) ) ;
#7634 = CARTESIAN_POINT ( 'NONE',  ( -0.6931496062992357210, 23.65834645669293579, 0.4499999999996852074 ) ) ;
#7635 = CYLINDRICAL_SURFACE ( 'NONE', #9182, 0.1135826771653510037 ) ;
#7636 = EDGE_LOOP ( 'NONE', ( #8513, #1933 ) ) ;
#7637 = CARTESIAN_POINT ( 'NONE',  ( -0.8943998022766983524, 24.97676756431819101, 0.04666639038523937022 ) ) ;
#7638 = ORIENTED_EDGE ( 'NONE', *, *, #4267, .T. ) ;
#7639 = DIRECTION ( 'NONE',  ( 1.000000000000000000, 0.000000000000000000, 0.000000000000000000 ) ) ;
#7640 = VERTEX_POINT ( 'NONE', #8833 ) ;
#7641 = CARTESIAN_POINT ( 'NONE',  ( -2.298224817029441258, 23.86307086614182182, 0.1451463796215015922 ) ) ;
#7642 = CARTESIAN_POINT ( 'NONE',  ( -2.819834938174508476, 25.12949266622081623, 0.3999999999996800559 ) ) ;
#7643 = CARTESIAN_POINT ( 'NONE',  ( -2.029482066541362872, 23.48934458842807871, 0.4499999999996858735 ) ) ;
#7644 = ORIENTED_EDGE ( 'NONE', *, *, #6936, .T. ) ;
#7645 = CARTESIAN_POINT ( 'NONE',  ( -0.5088409664351265516, 24.01710934072577786, 0.4432038691916614370 ) ) ;
#7646 = CARTESIAN_POINT ( 'NONE',  ( -1.281922929494950125, 23.47881621284160403, 0.3449871223196618319 ) ) ;
#7647 = PLANE ( 'NONE',  #8710 ) ;
#7648 = CARTESIAN_POINT ( 'NONE',  ( -2.681362149434090458, 23.85498849800477927, 0.4499999999996846523 ) ) ;
#7649 = CARTESIAN_POINT ( 'NONE',  ( -2.858503937755881630, 24.29148821507360978, 0.3580813358807153901 ) ) ;
#7650 = CARTESIAN_POINT ( 'NONE',  ( -0.5588209162047442780, 24.05375664750344455, 0.3999999999996837752 ) ) ;
#7651 = CARTESIAN_POINT ( 'NONE',  ( -2.661653543307109793, 23.65834645669293579, 0.3999999999996853295 ) ) ;
#7652 = CARTESIAN_POINT ( 'NONE',  ( -2.912846215296054808, 24.38917137141643821, 0.4057192995226036603 ) ) ;
#7653 = CARTESIAN_POINT ( 'NONE',  ( -1.392559163115554721, 23.47580882128757196, 0.3455879277903285973 ) ) ;
#7654 = CARTESIAN_POINT ( 'NONE',  ( -1.683790194397324136, 23.79570274058104218, 0.000000000000000000 ) ) ;
#7655 = CARTESIAN_POINT ( 'NONE',  ( -1.776114920213142101, 25.54760341933388545, 0.1072331412971398445 ) ) ;
#7656 = CARTESIAN_POINT ( 'NONE',  ( -0.6537795275590783106, 23.61897637795277660, 0.6074803150392285023 ) ) ;
#7657 = CARTESIAN_POINT ( 'NONE',  ( -2.455944682736951989, 25.27401955664354816, 0.1492171060807580552 ) ) ;
#7658 = CARTESIAN_POINT ( 'NONE',  ( -1.677401574321454536, 24.64259847944031634, 0.000000000000000000 ) ) ;
#7659 = CARTESIAN_POINT ( 'NONE',  ( -0.6931496062992357210, 25.51326771653545933, 0.1999999999996786293 ) ) ;
#7660 = CARTESIAN_POINT ( 'NONE',  ( -2.732610732649282337, 23.91597022801326133, 0.3427145014073291751 ) ) ;
#7661 = ORIENTED_EDGE ( 'NONE', *, *, #6612, .F. ) ;
#7662 = CARTESIAN_POINT ( 'NONE',  ( -2.309370771048415705, 25.84031198553901021, 0.4026293110962796962 ) ) ;
#7663 = CARTESIAN_POINT ( 'NONE',  ( -2.264963767317018650, 23.86307086614183959, 0.1309210607564394446 ) ) ;
#7664 = CARTESIAN_POINT ( 'NONE',  ( -2.692627820588347376, 25.00938255847733416, 0.2245634473234679740 ) ) ;
#7665 = CARTESIAN_POINT ( 'NONE',  ( -2.131401151673750327, 23.48575415681554190, 0.3439781688847459717 ) ) ;
#7666 = CARTESIAN_POINT ( 'NONE',  ( -1.002347176342230917, 25.72831866191082284, 0.3424523119234860746 ) ) ;
#7667 = DIRECTION ( 'NONE',  ( -0.000000000000000000, -0.000000000000000000, -1.000000000000000000 ) ) ;
#7668 = CARTESIAN_POINT ( 'NONE',  ( -1.305823988993433993, 23.43800544677396047, 0.4432038780669230738 ) ) ;
#7669 = CARTESIAN_POINT ( 'NONE',  ( -0.6981346692507368612, 23.68901440482263254, 0.4021132340683414852 ) ) ;
#7670 = VERTEX_POINT ( 'NONE', #8137 ) ;
#7671 = CARTESIAN_POINT ( 'NONE',  ( -2.908503937007897111, 25.66622047220959146, 0.6074803150392285023 ) ) ;
#7672 = CARTESIAN_POINT ( 'NONE',  ( -2.201614173228278126, 25.27251968503945179, 0.08320441865760398736 ) ) ;
#7673 = CARTESIAN_POINT ( 'NONE',  ( -1.247210125072231168, 23.49276729843409584, 0.4499999999996858735 ) ) ;
#7674 = CARTESIAN_POINT ( 'NONE',  ( -0.5506170266267588209, 25.41621168049868018, 0.4021153611224981272 ) ) ;
#7675 = EDGE_CURVE ( 'NONE', #1600, #6026, #6734, .T. ) ;
#7676 = VECTOR ( 'NONE', #6095, 39.37007874015748143 ) ;
#7677 = CYLINDRICAL_SURFACE ( 'NONE', #4669, 0.1057086614173214645 ) ;
#7678 = CARTESIAN_POINT ( 'NONE',  ( -2.537102364100612739, 25.67062187524470218, 0.4431958260125120619 ) ) ;
#7679 = CARTESIAN_POINT ( 'NONE',  ( -0.8643066520872688674, 24.38955289538583671, 0.04999897525408492777 ) ) ;
#7680 = DIRECTION ( 'NONE',  ( 0.000000000000000000, 1.000000000000000000, -3.607743797525527770E-15 ) ) ;
#7681 = AXIS2_PLACEMENT_3D ( 'NONE', #1708, #8057, #8197 ) ;
#7682 = ORIENTED_EDGE ( 'NONE', *, *, #83, .T. ) ;
#7683 = CARTESIAN_POINT ( 'NONE',  ( -0.6109418248205329416, 25.35208291142678760, 0.3427279813754114390 ) ) ;
#7684 = CARTESIAN_POINT ( 'NONE',  ( -2.216103081678472364, 23.86391343312149971, 0.1107052143821842805 ) ) ;
#7685 = ORIENTED_EDGE ( 'NONE', *, *, #2146, .F. ) ;
#7686 = CARTESIAN_POINT ( 'NONE',  ( -0.8002492576715587447, 24.12030146036025258, 0.1632445856570911014 ) ) ;
#7687 = CARTESIAN_POINT ( 'NONE',  ( -2.822800572145728992, 25.11077199557038142, 0.3999999999996801114 ) ) ;
#7688 = DIRECTION ( 'NONE',  ( 6.123233995736998996E-17, 3.552713678800503296E-15, 1.000000000000000000 ) ) ;
#7689 = ORIENTED_EDGE ( 'NONE', *, *, #9258, .F. ) ;
#7690 = CARTESIAN_POINT ( 'NONE',  ( -1.024122626921670776, 24.23167435373575884, 0.05000000000000000278 ) ) ;
#7691 = CARTESIAN_POINT ( 'NONE',  ( -1.215045537600662584, 23.82697610054363579, 0.1053087507437944353 ) ) ;
#7692 = EDGE_CURVE ( 'NONE', #5829, #7591, #5051, .T. ) ;
#7693 = CARTESIAN_POINT ( 'NONE',  ( -2.770033719251638882, 25.29247780419524716, 0.4499999999996795452 ) ) ;
#7694 = CARTESIAN_POINT ( 'NONE',  ( -0.8627753674199762912, 24.88972659582283953, 0.05000000000000151545 ) ) ;
#7695 = CARTESIAN_POINT ( 'NONE',  ( -0.5349396666429708791, 24.15587113048137269, 0.3999999999996834421 ) ) ;
#7696 = FACE_BOUND ( 'NONE', #317, .T. ) ;
#7697 = VECTOR ( 'NONE', #2446, 39.37007874015748854 ) ;
#7698 = CARTESIAN_POINT ( 'NONE',  ( -1.423452283514099470, 23.68595133185756652, 0.1657545122649481950 ) ) ;
#7699 = CARTESIAN_POINT ( 'NONE',  ( -2.561722810156853658, 25.68083995865647040, 0.3999999999996983746 ) ) ;
#7700 = CARTESIAN_POINT ( 'NONE',  ( -1.858992331334075487, 25.87737860825850689, 0.4060371913342860073 ) ) ;
#7701 = DIRECTION ( 'NONE',  ( -5.582034230992258856E-11, 1.000000000000000000, -4.647048144349199995E-15 ) ) ;
#7702 = DIRECTION ( 'NONE',  ( 1.029173539585701576E-10, -1.000000000000000000, 3.552713678794201086E-15 ) ) ;
#7703 = CARTESIAN_POINT ( 'NONE',  ( -2.487855019874320561, 24.37969133950819867, 0.04996632158238013127 ) ) ;
#7704 = AXIS2_PLACEMENT_3D ( 'NONE', #6289, #633, #8530 ) ;
#7705 = CARTESIAN_POINT ( 'NONE',  ( -1.131039113346278491, 24.09623630330280974, 0.05000000000000013461 ) ) ;
#7706 = CARTESIAN_POINT ( 'NONE',  ( -2.675402735868799287, 23.98479203479707067, 0.2833313609675688904 ) ) ;
#7707 = ORIENTED_EDGE ( 'NONE', *, *, #1296, .F. ) ;
#7708 = CARTESIAN_POINT ( 'NONE',  ( -2.557472529226994418, 25.45262452018344135, 0.2833138648237020774 ) ) ;
#7709 = CARTESIAN_POINT ( 'NONE',  ( -2.201614173228271021, 24.01267716535440400, 0.08320470669008543652 ) ) ;
#7710 = CARTESIAN_POINT ( 'NONE',  ( -2.684345623457930596, 25.05017663614882650, 0.2241344250683798833 ) ) ;
#7711 = CARTESIAN_POINT ( 'NONE',  ( -2.098821327231281675, 23.90474422088843198, 0.04367924276047547433 ) ) ;
#7712 = CARTESIAN_POINT ( 'NONE',  ( -1.172393202357248532, 25.52844934650465447, 0.1632516281489634069 ) ) ;
#7713 = DIRECTION ( 'NONE',  ( 6.123233995736998996E-17, 3.552713678800503296E-15, 1.000000000000000000 ) ) ;
#7714 = CARTESIAN_POINT ( 'NONE',  ( -0.5241680741893159912, 25.30799685199735904, 0.4431958362722969169 ) ) ;
#7715 = CARTESIAN_POINT ( 'NONE',  ( -0.9195875848105424799, 24.08842537645007198, 0.1051148111421144893 ) ) ;
#7716 = CARTESIAN_POINT ( 'NONE',  ( -2.729594573675614644, 25.36432165021844654, 0.3999999999996792233 ) ) ;
#7717 = ORIENTED_EDGE ( 'NONE', *, *, #7259, .F. ) ;
#7718 = EDGE_CURVE ( 'NONE', #2256, #2575, #3775, .T. ) ;
#7719 = CARTESIAN_POINT ( 'NONE',  ( -2.500889520530767740, 24.85166861771639546, 0.04999997087311593147 ) ) ;
#7720 = SURFACE_SIDE_STYLE ('',( #6355 ) ) ;
#7721 = CARTESIAN_POINT ( 'NONE',  ( -0.6314758071403154815, 25.38258300201857409, 0.3427148001947907252 ) ) ;
#7722 = EDGE_CURVE ( 'NONE', #2036, #7341, #2876, .T. ) ;
#7723 = EDGE_CURVE ( 'NONE', #5635, #1359, #7973, .T. ) ;
#7724 = FACE_OUTER_BOUND ( 'NONE', #290, .T. ) ;
#7725 = CARTESIAN_POINT ( 'NONE',  ( -2.580928396712015793, 25.54612528975516028, 0.3999999999996788902 ) ) ;
#7726 = DIRECTION ( 'NONE',  ( 0.000000000000000000, 0.000000000000000000, 1.000000000000000000 ) ) ;
#7727 = CARTESIAN_POINT ( 'NONE',  ( -1.323325749849092015, 25.42212598425205883, 0.05000000000000000278 ) ) ;
#7728 = EDGE_CURVE ( 'NONE', #1283, #488, #28, .T. ) ;
#7729 = EDGE_CURVE ( 'NONE', #2969, #5099, #8140, .T. ) ;
#7730 = EDGE_LOOP ( 'NONE', ( #7682, #1672, #2378, #7107, #7058, #574 ) ) ;
#7731 = CARTESIAN_POINT ( 'NONE',  ( -1.067165354330505966, 25.42212598425206238, 0.1406219443759796350 ) ) ;
#7732 = ORIENTED_EDGE ( 'NONE', *, *, #5043, .F. ) ;
#7733 = CARTESIAN_POINT ( 'NONE',  ( -0.8919532980568043445, 24.13335115689472232, 0.1033844982584234823 ) ) ;
#7734 = CIRCLE ( 'NONE', #5476, 0.08858267716535331293 ) ;
#7735 = CARTESIAN_POINT ( 'NONE',  ( -2.395845706701103861, 24.36048080152574968, 0.05000000000000005829 ) ) ;
#7736 = LINE ( 'NONE', #185, #5966 ) ;
#7737 = ORIENTED_EDGE ( 'NONE', *, *, #4682, .F. ) ;
#7738 = CARTESIAN_POINT ( 'NONE',  ( -0.4742492008892738586, 24.33718895885836986, 0.4432038691916614370 ) ) ;
#7739 = CARTESIAN_POINT ( 'NONE',  ( -1.311000125584431686, 23.70443842704407800, 0.1658876202165381342 ) ) ;
#7740 = EDGE_CURVE ( 'NONE', #1629, #4008, #4939, .T. ) ;
#7741 = DIRECTION ( 'NONE',  ( 1.000000000000000000, 0.000000000000000000, -0.000000000000000000 ) ) ;
#7742 = CARTESIAN_POINT ( 'NONE',  ( -0.8991638395481702517, 25.76256063276396446, 0.3999999999996769473 ) ) ;
#7743 = DIRECTION ( 'NONE',  ( 4.207262762374590794E-09, 1.000000000000000000, 0.000000000000000000 ) ) ;
#7744 = DIRECTION ( 'NONE',  ( 0.000000000000000000, 0.000000000000000000, 1.000000000000000000 ) ) ;
#7745 = CARTESIAN_POINT ( 'NONE',  ( -1.550603567190168341, 23.47400389391244602, 0.3463993123041751998 ) ) ;
#7746 = CARTESIAN_POINT ( 'NONE',  ( -1.430273438971648492, 23.82797227290685882, 0.000000000000000000 ) ) ;
#7747 = CARTESIAN_POINT ( 'NONE',  ( -1.444598806532013446, 25.81015274704919449, 0.3459237723213612337 ) ) ;
#7748 = FACE_OUTER_BOUND ( 'NONE', #3934, .T. ) ;
#7749 = FACE_OUTER_BOUND ( 'NONE', #4612, .T. ) ;
#7750 = CARTESIAN_POINT ( 'NONE',  ( -2.201614173228278570, 25.27251968503944468, 0.2999999999999999889 ) ) ;
#7751 = VERTEX_POINT ( 'NONE', #3 ) ;
#7752 = CARTESIAN_POINT ( 'NONE',  ( -2.307322834645600285, 25.27251968503944468, 0.2999999999999999889 ) ) ;
#7753 = DIRECTION ( 'NONE',  ( 0.000000000000000000, 1.000000000000000000, -3.607743797525527770E-15 ) ) ;
#7754 = CARTESIAN_POINT ( 'NONE',  ( -2.331193885171019886, 25.53962902544163782, 0.2239149894597947388 ) ) ;
#7755 = B_SPLINE_CURVE_WITH_KNOTS ( 'NONE', 3,
 ( #2601, #8290, #8338, #4760, #1194, #1409, #5649, #2869 ),
 .UNSPECIFIED., .F., .F.,
 ( 4, 2, 2, 4 ),
 ( 0.000000000000000000, 0.0008268244883210054685, 0.001653648976642010937, 0.003307297953284040956 ),
 .UNSPECIFIED. ) ;
#7756 = CARTESIAN_POINT ( 'NONE',  ( -2.803933836228870824, 24.08109489828784433, 0.3999999999996838307 ) ) ;
#7757 = CARTESIAN_POINT ( 'NONE',  ( -2.470088327579009313, 24.94156680641940227, 0.04488597840541039274 ) ) ;
#7758 = CARTESIAN_POINT ( 'NONE',  ( -2.124685419972842659, 23.82292823220780065, 0.1035562041836258773 ) ) ;
#7759 = CARTESIAN_POINT ( 'NONE',  ( -0.9603869047993828234, 25.70344996809536298, 0.3423613329446482667 ) ) ;
#7760 = CARTESIAN_POINT ( 'NONE',  ( -0.9667716535432391289, 24.01267716535440400, 0.05000000000000000278 ) ) ;
#7761 = CARTESIAN_POINT ( 'NONE',  ( -1.452086337866287158, 23.90457053306868573, 0.05000000000000000278 ) ) ;
#7762 = CARTESIAN_POINT ( 'NONE',  ( -2.306836597798840316, 24.20607747713102142, 0.04606817219003304237 ) ) ;
#7763 = CARTESIAN_POINT ( 'NONE',  ( -2.872386802400747730, 25.11108507112933097, 0.4381353998082437862 ) ) ;
#7764 = ORIENTED_EDGE ( 'NONE', *, *, #608, .T. ) ;
#7765 = CARTESIAN_POINT ( 'NONE',  ( -2.858503937755881630, 24.29148821507360978, 0.3580813358807153901 ) ) ;
#7766 = CARTESIAN_POINT ( 'NONE',  ( -0.7712437654178799784, 25.28370555847263290, 0.2239154910811687327 ) ) ;
#7767 = CARTESIAN_POINT ( 'NONE',  ( -2.219243415666697583, 23.86307086614179696, 0.1124308377712780749 ) ) ;
#7768 = DIRECTION ( 'NONE',  ( 6.123233995736998996E-17, 3.552713678800503296E-15, 1.000000000000000000 ) ) ;
#7769 = CARTESIAN_POINT ( 'NONE',  ( -2.492027648502584736, 24.39546979760396184, 0.000000000000000000 ) ) ;
#7770 = VECTOR ( 'NONE', #8953, 39.37007874015748143 ) ;
#7771 = DIRECTION ( 'NONE',  ( 6.123233995736998996E-17, 3.552713678800503296E-15, 1.000000000000000000 ) ) ;
#7772 = ORIENTED_EDGE ( 'NONE', *, *, #761, .F. ) ;
#7773 = B_SPLINE_CURVE_WITH_KNOTS ( 'NONE', 3,
 ( #2090, #3370, #1341, #3501, #4076, #588, #5573, #9055, #4907, #5621, #457, #1211, #9101, #1959, #1254, #6955, #6245, #7082, #3457, #9145, #2801, #8402, #4951, #8356, #1165, #505, #9188, #4129, #3326, #2666, #4028, #6200 ),
 .UNSPECIFIED., .F., .F.,
 ( 4, 2, 2, 2, 2, 2, 2, 2, 2, 2, 2, 2, 2, 2, 2, 4 ),
 ( 1.189337661934530246E-16, 0.0005855293598831469350, 0.001171058719766174825, 0.001756588079649202931, 0.002342117439532230821, 0.002927646799415259144, 0.003513176159298287034, 0.004684234879064446896, 0.005269764238947527261, 0.005855293598830606759, 0.006440822958713687124, 0.007026352318596767489, 0.007611881678479846987, 0.008197411038362927352, 0.008782940398246008584, 0.009368469758129088082 ),
 .UNSPECIFIED. ) ;
#7774 = CARTESIAN_POINT ( 'NONE',  ( -1.277056484065325792, 25.79458395507631607, 0.4499999999996777689 ) ) ;
#7775 = ORIENTED_EDGE ( 'NONE', *, *, #6996, .F. ) ;
#7776 = CARTESIAN_POINT ( 'NONE',  ( -2.830358952577665566, 24.27398048785780915, 0.3999999999996830535 ) ) ;
#7777 = DIRECTION ( 'NONE',  ( -6.123233995736998996E-17, -3.552713678800503296E-15, -1.000000000000000000 ) ) ;
#7778 = EDGE_LOOP ( 'NONE', ( #5124, #7775, #2489, #4922 ) ) ;
#7779 = CARTESIAN_POINT ( 'NONE',  ( -0.5304210127487771764, 25.10179993583225411, 0.3999999999996800559 ) ) ;
#7780 = CARTESIAN_POINT ( 'NONE',  ( -0.9548953200606350444, 23.48479608755074821, 0.4022037756413452958 ) ) ;
#7781 = VECTOR ( 'NONE', #8097, 39.37007874015748143 ) ;
#7782 = CARTESIAN_POINT ( 'NONE',  ( -0.8674203549891030818, 24.90799623894182346, 0.000000000000000000 ) ) ;
#7783 = DIRECTION ( 'NONE',  ( 6.123233995736998996E-17, 3.552713678800503296E-15, 1.000000000000000000 ) ) ;
#7784 = CARTESIAN_POINT ( 'NONE',  ( -1.935070159479695073, 23.83059489658750252, 0.05003123274470867160 ) ) ;
#7785 = FACE_OUTER_BOUND ( 'NONE', #2537, .T. ) ;
#7786 = CARTESIAN_POINT ( 'NONE',  ( -1.935224341246342572, 23.83034408023717532, 0.000000000000000000 ) ) ;
#7787 = CARTESIAN_POINT ( 'NONE',  ( -1.833646988664932254, 25.47223385066636325, 0.04685201551706875273 ) ) ;
#7788 = AXIS2_PLACEMENT_3D ( 'NONE', #8937, #2498, #5365 ) ;
#7789 = CARTESIAN_POINT ( 'NONE',  ( -1.924529543602370829, 25.45722472983784712, 0.000000000000000000 ) ) ;
#7790 = DIRECTION ( 'NONE',  ( -1.000000000000000000, 0.000000000000000000, 0.000000000000000000 ) ) ;
#7791 = CARTESIAN_POINT ( 'NONE',  ( -1.089846701689655362, 25.42212598425206238, 0.1309213771317859765 ) ) ;
#7792 = CARTESIAN_POINT ( 'NONE',  ( -2.007084926598771357, 25.73784359579222425, 0.2858886570546848582 ) ) ;
#7793 = FACE_BOUND ( 'NONE', #1300, .T. ) ;
#7794 = CARTESIAN_POINT ( 'NONE',  ( -2.165272548830353916, 25.34253223757233897, 0.04571696533821037467 ) ) ;
#7795 = CARTESIAN_POINT ( 'NONE',  ( -2.287637795275383912, 23.86307086614182182, 0.1406184479541331689 ) ) ;
#7796 = EDGE_CURVE ( 'NONE', #7030, #7640, #3345, .T. ) ;
#7797 = CARTESIAN_POINT ( 'NONE',  ( -2.906138510430158917, 25.13803367861828875, 0.4037264118669149360 ) ) ;
#7798 = CARTESIAN_POINT ( 'NONE',  ( -1.988003111971092141, 23.61972170023280171, 0.2252516643566737087 ) ) ;
#7799 = CARTESIAN_POINT ( 'NONE',  ( -1.121421472961485977, 25.50006407399286701, 0.1630654291903276543 ) ) ;
#7800 = LINE ( 'NONE', #3289, #7247 ) ;
#7801 = CARTESIAN_POINT ( 'NONE',  ( -1.982810615526985343, 23.43944603859827325, 0.4432038780669231848 ) ) ;
#7802 = CARTESIAN_POINT ( 'NONE',  ( -2.741394900710583560, 23.83037591879304529, 0.4431827809966968901 ) ) ;
#7803 = CARTESIAN_POINT ( 'NONE',  ( -2.738568535764057899, 25.35079467423144806, 0.3999999999996796674 ) ) ;
#7804 = ORIENTED_EDGE ( 'NONE', *, *, #4259, .T. ) ;
#7805 = CARTESIAN_POINT ( 'NONE',  ( -2.627521591129828860, 24.33260361173173791, 0.1665718700354640869 ) ) ;
#7806 = ORIENTED_EDGE ( 'NONE', *, *, #4213, .T. ) ;
#7807 =( CONVERSION_BASED_UNIT ( 'INCH', #4925 ) LENGTH_UNIT ( ) NAMED_UNIT ( #7274 ) );
#7808 = CARTESIAN_POINT ( 'NONE',  ( -1.112634746610419612, 25.39252147391547965, 0.1051147796742974150 ) ) ;
#7809 = CARTESIAN_POINT ( 'NONE',  ( -2.518055009311690906, 25.22708458897992756, 0.2249999999998396338 ) ) ;
#7810 = CARTESIAN_POINT ( 'NONE',  ( -1.683790194397324136, 23.79570274058104218, 0.05000000000000000971 ) ) ;
#7811 = CARTESIAN_POINT ( 'NONE',  ( -2.456929133858063885, 24.99667416960728161, 0.000000000000000000 ) ) ;
#7812 = VERTEX_POINT ( 'NONE', #1452 ) ;
#7813 = CARTESIAN_POINT ( 'NONE',  ( -1.276489771279479823, 25.79455265843360579, 0.4499999999996777134 ) ) ;
#7814 = ORIENTED_EDGE ( 'NONE', *, *, #6343, .T. ) ;
#7815 = CARTESIAN_POINT ( 'NONE',  ( -0.7132597871773559417, 24.44942983660350322, 0.1664678688565166542 ) ) ;
#7816 = EDGE_CURVE ( 'NONE', #7424, #2503, #5833, .T. ) ;
#7817 = CARTESIAN_POINT ( 'NONE',  ( -2.725141349762977061, 23.91413158619397805, 0.3999999999996843858 ) ) ;
#7818 = CARTESIAN_POINT ( 'NONE',  ( -2.704857969715849020, 24.38078812081562674, 0.2257385630198991411 ) ) ;
#7819 = ORIENTED_EDGE ( 'NONE', *, *, #4934, .F. ) ;
#7820 = CARTESIAN_POINT ( 'NONE',  ( -0.5241477381245838174, 24.99834957290636694, 0.3999999999996803890 ) ) ;
#7821 = CARTESIAN_POINT ( 'NONE',  ( -0.9376159868433232569, 23.49420270463571114, 0.4021545975135139006 ) ) ;
#7822 = CARTESIAN_POINT ( 'NONE',  ( -1.708943073318629491, 23.87158012442068866, 0.04999999999999999584 ) ) ;
#7823 = B_SPLINE_SURFACE_WITH_KNOTS ( 'NONE', 3, 3, ( 
 ( #3141, #3891, #7422, #6723, #424, #6776, #8924 ),
 ( #279, #7569, #1827, #2485, #8220, #1127, #3943 ),
 ( #379, #7371, #6161, #9019, #2581, #6672, #5447 ),
 ( #8321, #936, #228, #3091, #5495, #3470, #4877 ),
 ( #1177, #1928, #8500, #7092, #8368, #7759, #2728 ),
 ( #5675, #3381, #3429, #516, #2811, #1308, #2015 ),
 ( #4039, #4743, #557, #1264, #6212, #6347, #6919 ),
 ( #647, #1970, #7799, #9200, #2633, #7621, #9155 ),
 ( #9066, #469, #5630, #8461, #4089, #2770, #6968 ),
 ( #8541, #3336, #4790, #2678, #3511, #7666, #4181 ),
 ( #1222, #4835, #6256, #4138, #5541, #2060, #7053 ),
 ( #9114, #8415, #7712, #599, #7007, #4917, #1352 ),
 ( #6300, #6388, #5583, #4222, #9246, #7925, #823 ),
 ( #5715, #1434, #8584, #8022, #7175, #7264, #9291 ),
 ( #1525, #2895, #4447, #3689, #1573, #6610, #169 ),
 ( #7217, #4405, #6562, #3032, #2182, #7842, #7133 ),
 ( #7313, #778, #124, #868, #6431, #4351, #4310 ),
 ( #2854, #6518, #2984, #5846, #2935, #6475, #33 ),
 ( #8717, #730, #5047, #2274, #5141, #3598, #3735 ),
 ( #2141, #5896, #5000, #2099, #3645, #4962, #5799 ),
 ( #2225, #1395, #4270, #7883, #5757, #8621, #688 ),
 ( #3555, #1479, #78, #8666, #5093, #7971, #918 ),
 ( #8159, #5948, #2370, #1113, #310, #7456, #3877 ),
 ( #8255, #3979, #1716, #6858, #3780, #4539, #3830 ),
 ( #6658, #1812, #6707, #264, #6760, #7356, #6099 ),
 ( #5239, #4584, #1068, #3172, #1016, #6048, #3271 ),
 ( #4634, #8205, #5191, #2419, #214, #3077, #3125 ),
 ( #7406, #8808, #7502, #8907, #5994, #8065, #8110 ),
 ( #967, #8855, #5289, #1667, #2469, #5387, #1766 ),
 ( #4685, #5335, #8957, #3925, #6811, #364, #7553 ),
 ( #3223, #2518, #411, #1621, #8762, #2326, #4491 ),
 ( #4866, #2759, #456, #5482, #3325, #5619, #1916 ),
 ( #5434, #6147, #1958, #2665, #7608, #7747, #2567 ),
 ( #2049, #3368, #9187, #1295, #4027, #9007, #1253 ),
 ( #1164, #1863, #7041, #545, #8355, #4168, #4778 ),
 ( #632, #8309, #6198, #4074, #4905, #4731, #2709 ),
 ( #6906, #6244, #7080, #5530, #6954, #587, #3416 ),
 ( #9053, #7655, #2621, #6331, #1210, #8449, #8401 ),
 ( #6288, #503, #9144, #9100, #2003, #4823, #7700 ),
 ( #7787, #1340, #8490, #4208, #3456, #4127, #6995 ),
 ( #5571, #5083, #5130, #8654, #4301, #6505, #4437 ),
 ( #7915, #8611, #2973, #8011, #5746, #1561, #4950 ),
 ( #7872, #3545, #7829, #5836, #1424, #7166, #1469 ),
 ( #813, #4393, #9281, #2172, #7959, #7205, #5032 ),
 ( #1512, #764, #9235, #1383, #720, #2885, #678 ),
 ( #7301, #4341, #3632, #66, #2925, #8705, #3500 ),
 ( #4255, #5787, #2215, #7251, #3677, #6377, #5703 ),
 ( #2262, #6421, #6550, #114, #2089, #2800, #5664 ),
 ( #2844, #2130, #3588, #6463, #8573, #4991, #8529 ) ),
 .UNSPECIFIED., .F., .F., .F.,
 ( 4, 3, 3, 3, 3, 3, 3, 3, 3, 3, 3, 3, 3, 3, 3, 3, 4 ),
 ( 4, 3, 4 ),
 ( -0.006321679573056409804, 0.009500197933559006297, 0.02532207544017442413, 0.05696583045340525980, 0.1202533404798669242, 0.2468283605327902530, 0.2784721155460210817, 0.3101158705592519382, 0.3417596255724827392, 0.3575815030790981952, 0.3734033805857135957, 0.4999784006386369106, 0.7531284407444835960, 0.8797034607974069109, 0.9429909708238686239, 0.9746347258370994249, 1.006278480850330226 ),
 ( 0.09877997468874467890, 0.6111074058769642159, 1.123434837065183656 ),
 .UNSPECIFIED. ) ;
#7824 = ORIENTED_EDGE ( 'NONE', *, *, #3523, .F. ) ;
#7825 = CARTESIAN_POINT ( 'NONE',  ( -0.6367313809252050927, 25.47447724664617397, 0.3781376711642440713 ) ) ;
#7826 = EDGE_CURVE ( 'NONE', #6316, #4650, #6510, .T. ) ;
#7827 = DIRECTION ( 'NONE',  ( 6.123233995736998996E-17, 3.552713678800503296E-15, 1.000000000000000000 ) ) ;
#7828 = CARTESIAN_POINT ( 'NONE',  ( -0.9029105669806329892, 23.98997855634957332, 0.1564226037884690612 ) ) ;
#7829 = CARTESIAN_POINT ( 'NONE',  ( -1.912929032018260367, 25.60156577636333353, 0.1659520118769546859 ) ) ;
#7830 = VECTOR ( 'NONE', #826, 39.37007874015748143 ) ;
#7831 = CARTESIAN_POINT ( 'NONE',  ( -0.7904500056407998132, 23.71717117951393305, 0.3431177175366456056 ) ) ;
#7832 = FACE_OUTER_BOUND ( 'NONE', #8262, .T. ) ;
#7833 = CARTESIAN_POINT ( 'NONE',  ( -2.482032398928699646, 24.35940173907364326, 0.04992594868753404830 ) ) ;
#7834 = EDGE_LOOP ( 'NONE', ( #2115, #3519, #807, #397 ) ) ;
#7835 = EDGE_CURVE ( 'NONE', #1627, #8167, #9211, .T. ) ;
#7836 = FACE_OUTER_BOUND ( 'NONE', #4479, .T. ) ;
#7837 = DIRECTION ( 'NONE',  ( -6.123233995736998996E-17, -3.552713678800503296E-15, -1.000000000000000000 ) ) ;
#7838 = CARTESIAN_POINT ( 'NONE',  ( -2.490382220046733153, 25.63555286130827326, 0.3427122984881937895 ) ) ;
#7839 = PLANE ( 'NONE',  #6837 ) ;
#7840 = CARTESIAN_POINT ( 'NONE',  ( -2.552725044594704951, 24.93331382430536181, 0.1051272128694978047 ) ) ;
#7841 = CARTESIAN_POINT ( 'NONE',  ( -2.080777588388444510, 23.55590269084345678, 0.2843302422488045433 ) ) ;
#7842 = CARTESIAN_POINT ( 'NONE',  ( -1.211411672481997215, 25.79746666812770073, 0.3438657462245641727 ) ) ;
#7843 = CARTESIAN_POINT ( 'NONE',  ( -2.079239011825752215, 25.79439931414858833, 0.4499999999996777689 ) ) ;
#7844 = AXIS2_PLACEMENT_3D ( 'NONE', #4223, #5542, #2771 ) ;
#7845 = CARTESIAN_POINT ( 'NONE',  ( -1.321650470963334323, 23.48934458849266704, 0.3999999999996858291 ) ) ;
#7846 = CARTESIAN_POINT ( 'NONE',  ( -0.6274091288448597759, 23.90835779481555079, 0.3427135497990800861 ) ) ;
#7847 = CARTESIAN_POINT ( 'NONE',  ( -2.845962530749472474, 25.26808765068214768, 0.4432038974321819147 ) ) ;
#7848 = EDGE_CURVE ( 'NONE', #1283, #1410, #8873, .T. ) ;
#7849 = ORIENTED_EDGE ( 'NONE', *, *, #6624, .F. ) ;
#7850 = CARTESIAN_POINT ( 'NONE',  ( -1.047480314960560932, 25.27251968503944468, 0.2999999999999999889 ) ) ;
#7851 = ORIENTED_EDGE ( 'NONE', *, *, #3195, .F. ) ;
#7852 = CARTESIAN_POINT ( 'NONE',  ( -0.9486745293170100179, 25.48050071721942444, 0.2239140765206410200 ) ) ;
#7853 = CARTESIAN_POINT ( 'NONE',  ( -2.238042846387262141, 25.82370078740161645, 0.3762274996439340935 ) ) ;
#7854 = CARTESIAN_POINT ( 'NONE',  ( -2.008051482346986827, 23.85346430814631447, 0.05000000000000000971 ) ) ;
#7855 = CARTESIAN_POINT ( 'NONE',  ( -0.8537344080149054104, 24.43437062828835948, 0.04999999999999991257 ) ) ;
#7856 = B_SPLINE_SURFACE_WITH_KNOTS ( 'NONE', 3, 3, ( 
 ( #2805, #3373, #1962, #6339, #7000, #9194, #4214 ),
 ( #2764, #5624, #3505, #1388, #7792, #4262, #5977 ),
 ( #2451, #8092, #3154, #2398, #682, #8699, #292 ),
 ( #4473, #851, #5269, #3107, #4616, #3719, #3761 ),
 ( #5218, #898, #4567, #8790, #1649, #8889, #5125 ),
 ( #8143, #6594, #8187, #8005, #5928, #4521, #1700 ),
 ( #3860, #5878, #6025, #6642, #7436, #152, #7388 ),
 ( #1749, #3549, #6425, #3014, #245, #1599, #5319 ),
 ( #3058, #7340, #8745, #108, #1553, #2307, #197 ),
 ( #2354, #2968, #996, #6741, #8837, #950, #5830 ),
 ( #4432, #2255, #7293, #3810, #6688, #5171, #8049 ),
 ( #3231, #8214, #2628, #3885, #7465, #6208, #1923 ),
 ( #6107, #5489, #5395, #419, #1218, #6866, #4786 ),
 ( #8362, #2576, #8317, #6155, #8965, #9015, #7662 ),
 ( #2477, #3332, #3279, #9061, #8168, #6768, #318 ),
 ( #6717, #5443, #6819, #1121, #3182, #273, #8916 ),
 ( #3935, #4738, #1870, #5343, #3134, #7616, #1172 ),
 ( #6003, #8865, #6913, #5297, #2430, #4034, #1024 ),
 ( #3988, #1774, #1724, #2526, #7511, #463, #4592 ),
 ( #6057, #4642, #1076, #373, #8263, #1821, #4694 ),
 ( #7561, #4216, #8457, #2055, #2011, #7878, #5709 ),
 ( #7794, #7002, #9287, #6296, #1303, #4175, #595 ),
 ( #9107, #552, #4912, #4083, #2673, #9151, #2135 ),
 ( #5626, #9242, #1966, #8579, #1347, #6427, #5671 ),
 ( #5537, #3551, #6251, #7754, #4134, #8536, #6384 ),
 ( #3423, #7048, #2849, #8496, #3463, #7838, #2766 ),
 ( #4996, #8410, #6341, #2095, #2720, #6963, #4830 ),
 ( #7088, #4957, #641, #7129, #5579, #512, #9196 ),
 ( #4873, #3507, #1390, #3377, #7708, #1260, #2807 ),
 ( #4264, #684, #6605, #3685, #7965, #4347, #726 ),
 ( #74, #7257, #5235, #1520, #4306, #8061, #1616 ),
 ( #1567, #8757, #3594, #5753, #2891, #7352, #120 ),
 ( #4400, #5137, #2178, #4443, #2321, #6468, #8617 ),
 ( #912, #2979, #2221, #5089, #5041, #7921, #7309 ),
 ( #2931, #6654, #1475, #7212, #3774, #5943, #8017 ),
 ( #209, #5842, #863, #1430, #3731, #8803, #7171 ),
 ( #163, #3027, #5892, #6558, #5185, #3071, #8660 ),
 ( #27, #772, #4486, #5795, #8712, #819, #3639 ),
 ( #6513, #2366, #2269, #1807, #4022, #7401, #5430 ),
 ( #8251, #6702, #3872, #9003, #8952, #4680, #5330 ) ),
 .UNSPECIFIED., .F., .F., .F.,
 ( 4, 3, 3, 3, 3, 3, 3, 3, 3, 3, 3, 3, 3, 4 ),
 ( 4, 3, 4 ),
 ( -0.006359618995666374910, 0.02528958716085334332, 0.05693879331737305982, 0.1202372056304124998, 0.2468340302564913658, 0.3734308548825702179, 0.4367292671956096717, 0.4683784733521293986, 0.5000276795086491255, 0.7532213287608068297, 0.8798181533868856263, 0.9431165656999250801, 0.9747657718564448626, 1.006414978012964534 ),
 ( 0.1051294505328185247, 0.6142696048887263949, 1.123409759244634376 ),
 .UNSPECIFIED. ) ;
#7857 = EDGE_CURVE ( 'NONE', #830, #5650, #2532, .T. ) ;
#7858 = ORIENTED_EDGE ( 'NONE', *, *, #8486, .F. ) ;
#7859 = CARTESIAN_POINT ( 'NONE',  ( -2.661653543307109793, 25.53826771653545791, 0.4499999999996786570 ) ) ;
#7860 = ORIENTED_EDGE ( 'NONE', *, *, #4550, .F. ) ;
#7861 = CARTESIAN_POINT ( 'NONE',  ( -0.5113938022300391628, 24.31328847448450503, 0.3452980876451073877 ) ) ;
#7862 = CARTESIAN_POINT ( 'NONE',  ( -2.314760306677579482, 24.21763988749554386, 0.04606807752549082341 ) ) ;
#7863 = CARTESIAN_POINT ( 'NONE',  ( -2.635240308668130638, 24.39785417364088360, 0.1658553375610932190 ) ) ;
#7864 = ORIENTED_EDGE ( 'NONE', *, *, #3936, .F. ) ;
#7865 = CARTESIAN_POINT ( 'NONE',  ( -0.4742491945401134945, 24.94800779711795258, 0.4432038691916590500 ) ) ;
#7866 = CARTESIAN_POINT ( 'NONE',  ( -1.343232380935998060, 23.85959675015657311, 0.04666638904167640794 ) ) ;
#7867 = CARTESIAN_POINT ( 'NONE',  ( -0.5655032397253811904, 25.24719891037708663, 0.4499999999996795452 ) ) ;
#7868 = VERTEX_POINT ( 'NONE', #7471 ) ;
#7869 = CARTESIAN_POINT ( 'NONE',  ( -1.067165354330504634, 25.25283464566938108, 0.05000000000000000278 ) ) ;
#7870 = CARTESIAN_POINT ( 'NONE',  ( -1.424049482572340430, 23.75920858274809078, 0.1056447344352960255 ) ) ;
#7871 = DIRECTION ( 'NONE',  ( -1.000000000000000000, 0.000000000000000000, 0.000000000000000000 ) ) ;
#7872 = CARTESIAN_POINT ( 'NONE',  ( -1.881096834032405019, 25.46268477028525368, 0.04627271065414282486 ) ) ;
#7873 = VECTOR ( 'NONE', #4135, 39.37007874015748143 ) ;
#7874 = LINE ( 'NONE', #159, #6940 ) ;
#7875 = CARTESIAN_POINT ( 'NONE',  ( -1.717401473116739963, 23.87198040704599222, 0.000000000000000000 ) ) ;
#7876 = CARTESIAN_POINT ( 'NONE',  ( -1.270054828774218825, 23.49034407408081648, 0.4499999999996858735 ) ) ;
#7877 = CARTESIAN_POINT ( 'NONE',  ( -0.9525209583449845141, 24.37517175593533381, 0.04999905033005308530 ) ) ;
#7878 = CARTESIAN_POINT ( 'NONE',  ( -2.402567542337895823, 25.69881566277725327, 0.3427158599604331335 ) ) ;
#7879 = DIRECTION ( 'NONE',  ( 0.000000000000000000, 1.000000000000000000, -3.552713678800503296E-15 ) ) ;
#7880 = ADVANCED_FACE ( 'NONE', ( #5400 ), #7823, .T. ) ;
#7881 = CARTESIAN_POINT ( 'NONE',  ( -2.630947680263576505, 24.91869418967098326, 0.1655024543277853200 ) ) ;
#7882 = CARTESIAN_POINT ( 'NONE',  ( -1.942670147617217458, 23.76166728625678104, 0.1054838194169919335 ) ) ;
#7883 = CARTESIAN_POINT ( 'NONE',  ( -1.320892121268009367, 25.65955328806522573, 0.2246842846956402517 ) ) ;
#7884 = CARTESIAN_POINT ( 'NONE',  ( -2.321319658442587031, 25.73804465594830759, 0.4499999999996779909 ) ) ;
#7885 = FACE_OUTER_BOUND ( 'NONE', #55, .T. ) ;
#7886 = CARTESIAN_POINT ( 'NONE',  ( -1.326288398323000717, 23.46149606299209367, 0.3580813416403665350 ) ) ;
#7887 = CARTESIAN_POINT ( 'NONE',  ( -2.818104510116421046, 25.14225411123999265, 0.3999999999996803335 ) ) ;
#7888 = ORIENTED_EDGE ( 'NONE', *, *, #8991, .F. ) ;
#7889 = VECTOR ( 'NONE', #8828, 39.37007874015748143 ) ;
#7890 = CARTESIAN_POINT ( 'NONE',  ( -2.698230377340883113, 24.30292521313796428, 0.2260215513942943066 ) ) ;
#7891 = EDGE_LOOP ( 'NONE', ( #401, #5122, #8894, #8409, #3541 ) ) ;
#7892 = CARTESIAN_POINT ( 'NONE',  ( -0.8651471701800534930, 24.38477560555710255, 4.097771990496394828E-16 ) ) ;
#7893 = CARTESIAN_POINT ( 'NONE',  ( -0.8397697801968549980, 25.72288890413764761, 0.4021130359087332629 ) ) ;
#7894 = CARTESIAN_POINT ( 'NONE',  ( -0.7833894579382005841, 24.15517518248828566, 0.1634321077914382969 ) ) ;
#7895 = CARTESIAN_POINT ( 'NONE',  ( -0.5356692913910998666, 25.39456692905514146, 0.3999999999996790012 ) ) ;
#7896 = CARTESIAN_POINT ( 'NONE',  ( -1.430273438971648492, 23.82797227290685882, 0.05000000000000000971 ) ) ;
#7897 = CARTESIAN_POINT ( 'NONE',  ( -0.8362429666412229956, 24.73677701407135743, 0.04999999999999998196 ) ) ;
#7898 = B_SPLINE_SURFACE_WITH_KNOTS ( 'NONE', 3, 1, ( 
 ( #5780, #4941 ),
 ( #7241, #2206 ),
 ( #7948, #3493 ),
 ( #1503, #4247 ),
 ( #623, #7114 ),
 ( #803, #3667 ),
 ( #103, #4896 ),
 ( #7779, #7624 ),
 ( #7336, #4745 ),
 ( #2249, #1878 ),
 ( #1129, #6778 ) ),
 .UNSPECIFIED., .F., .F., .F.,
 ( 4, 1, 1, 1, 1, 1, 1, 1, 4 ),
 ( 2, 2 ),
 ( 0.000000000000000000, 0.04128309722953715788, 0.1384082857443409420, 0.2913762230413029508, 0.4999195854356429658, 0.6065205196039780144, 0.7254621645025688403, 0.8566513036652504409, 0.9999999999999998890 ),
 ( 0.000000000000000000, 1.000000000000000000 ),
 .UNSPECIFIED. ) ;
#7899 = VERTEX_POINT ( 'NONE', #7121 ) ;
#7900 = CARTESIAN_POINT ( 'NONE',  ( -1.088724419585173298, 25.75998792734533893, 0.4499999999996778799 ) ) ;
#7901 = CARTESIAN_POINT ( 'NONE',  ( -0.7963545325698614397, 24.37732021604885446, 0.1055774071490334920 ) ) ;
#7902 = VECTOR ( 'NONE', #8051, 39.37007874015748143 ) ;
#7903 = CARTESIAN_POINT ( 'NONE',  ( -2.773896996502491330, 23.87511456029284318, 0.4431922474509188414 ) ) ;
#7904 = CARTESIAN_POINT ( 'NONE',  ( -0.000000000000000000, 23.86307086614182182, 0.000000000000000000 ) ) ;
#7905 = MECHANICAL_DESIGN_GEOMETRIC_PRESENTATION_REPRESENTATION (  '', ( #5097 ), #1448 ) ;
#7906 = ORIENTED_EDGE ( 'NONE', *, *, #2294, .F. ) ;
#7907 = CARTESIAN_POINT ( 'NONE',  ( -0.9460978271675815066, 24.87311147631242036, 0.04606796130808341744 ) ) ;
#7908 = CARTESIAN_POINT ( 'NONE',  ( -1.174862030715293049, 23.95311772272352968, 0.04571593749636029130 ) ) ;
#7909 = CARTESIAN_POINT ( 'NONE',  ( -0.6565887408372947931, 24.98245632352551482, 0.2260204320815680512 ) ) ;
#7910 = ORIENTED_EDGE ( 'NONE', *, *, #7426, .T. ) ;
#7911 = CARTESIAN_POINT ( 'NONE',  ( -1.965786003730493281, 23.83950958181015878, 0.05000274213090429021 ) ) ;
#7912 = VECTOR ( 'NONE', #7469, 39.37007874015748143 ) ;
#7913 = CARTESIAN_POINT ( 'NONE',  ( -2.340862028356248015, 25.82370078740159869, 0.3999999999996778910 ) ) ;
#7914 = CARTESIAN_POINT ( 'NONE',  ( -0.8978740157478332096, 24.03236220472450668, 0.1406219779715311979 ) ) ;
#7915 = CARTESIAN_POINT ( 'NONE',  ( -1.865416020103877637, 25.46627037707034447, 0.04648463049756561272 ) ) ;
#7916 = CARTESIAN_POINT ( 'NONE',  ( -1.153188976377882424, 25.27251968503944468, 0.2999999999999999889 ) ) ;
#7917 = CARTESIAN_POINT ( 'NONE',  ( -2.487393387315018689, 24.37724700325918903, 0.05000000000000000971 ) ) ;
#7918 = CARTESIAN_POINT ( 'NONE',  ( -2.401644220983202072, 24.37211943675020009, 0.000000000000000000 ) ) ;
#7919 = CARTESIAN_POINT ( 'NONE',  ( -0.9746575576745050151, 25.19563422373428807, 0.1350664361907149003 ) ) ;
#7920 = CARTESIAN_POINT ( 'NONE',  ( -0.5692737558774365603, 25.54193487212240754, 0.4499999999996784905 ) ) ;
#7921 = CARTESIAN_POINT ( 'NONE',  ( -2.700873694404070324, 25.41336813433878916, 0.3427135496638677448 ) ) ;
#7922 = CARTESIAN_POINT ( 'NONE',  ( -1.704624450499249821, 23.87141544882191369, 0.04999999999999999584 ) ) ;
#7923 = CARTESIAN_POINT ( 'NONE',  ( -2.771970784788417852, 24.96844179930677043, 0.2852262707383197982 ) ) ;
#7924 = CARTESIAN_POINT ( 'NONE',  ( -1.930852824832081094, 23.83536070881923052, 0.04554624632029134063 ) ) ;
#7925 = CARTESIAN_POINT ( 'NONE',  ( -1.069222802700446229, 25.75897920770703209, 0.3427590401080565785 ) ) ;
#7926 = CARTESIAN_POINT ( 'NONE',  ( -2.282002436030984072, 25.75449689941999765, 0.4499999999996778244 ) ) ;
#7927 = CARTESIAN_POINT ( 'NONE',  ( -2.340427711245490539, 23.46149606299214696, 0.3999999999996859401 ) ) ;
#7928 = CARTESIAN_POINT ( 'NONE',  ( -2.299822183911305551, 24.19598110851880435, 0.04606817219003303543 ) ) ;
#7929 = CARTESIAN_POINT ( 'NONE',  ( -2.050950548911418814, 25.84124250968906722, 0.4381354253312854663 ) ) ;
#7930 = ORIENTED_EDGE ( 'NONE', *, *, #238, .T. ) ;
#7931 = CARTESIAN_POINT ( 'NONE',  ( -2.841245685255324727, 24.24796662368958522, 0.3449955440736627299 ) ) ;
#7932 = VERTEX_POINT ( 'NONE', #21 ) ;
#7933 = CARTESIAN_POINT ( 'NONE',  ( -0.9133877242415007203, 25.74146284894568382, 0.4432038989961596398 ) ) ;
#7934 = CARTESIAN_POINT ( 'NONE',  ( -0.8780612377336132202, 25.64407780067067932, 0.3427133825330772599 ) ) ;
#7935 = CARTESIAN_POINT ( 'NONE',  ( -0.5609986615724605885, 24.03440740690391308, 0.3427771376528295222 ) ) ;
#7936 = DIRECTION ( 'NONE',  ( -1.000000000000000000, 0.000000000000000000, 0.000000000000000000 ) ) ;
#7937 = CARTESIAN_POINT ( 'NONE',  ( -1.784959572070563327, 23.80151126911204074, 0.000000000000000000 ) ) ;
#7938 = CARTESIAN_POINT ( 'NONE',  ( -1.373068532063195901, 23.84461005618153351, 0.04996027241714637995 ) ) ;
#7939 = DIRECTION ( 'NONE',  ( -0.000000000000000000, -0.000000000000000000, -1.000000000000000000 ) ) ;
#7940 = ORIENTED_EDGE ( 'NONE', *, *, #6624, .T. ) ;
#7941 = DIRECTION ( 'NONE',  ( -0.000000000000000000, -0.000000000000000000, -1.000000000000000000 ) ) ;
#7942 = CARTESIAN_POINT ( 'NONE',  ( -2.750545911760604145, 23.95461626140233946, 0.4499999999996843192 ) ) ;
#7943 = CARTESIAN_POINT ( 'NONE',  ( -0.6544549893982857247, 24.33200280377421976, 0.2253076260175666812 ) ) ;
#7944 = EDGE_CURVE ( 'NONE', #2743, #102, #8586, .T. ) ;
#7945 = CARTESIAN_POINT ( 'NONE',  ( -1.279577689821280728, 23.86307086614180761, 0.06218814077783432065 ) ) ;
#7946 = CARTESIAN_POINT ( 'NONE',  ( -2.448020137122856266, 24.60259859119682702, 0.05000000000000000971 ) ) ;
#7947 = ORIENTED_EDGE ( 'NONE', *, *, #2937, .F. ) ;
#7948 = CARTESIAN_POINT ( 'NONE',  ( -0.6163031052795592268, 25.35140593376717177, 0.3999999999996791678 ) ) ;
#7949 = CARTESIAN_POINT ( 'NONE',  ( -0.9730691776547555349, 23.78234858370605309, 0.2239129280415787515 ) ) ;
#7950 = ORIENTED_EDGE ( 'NONE', *, *, #7381, .F. ) ;
#7951 = CARTESIAN_POINT ( 'NONE',  ( -0.8780926531743594721, 24.93150006730172308, 0.04724597457975843878 ) ) ;
#7952 = ORIENTED_EDGE ( 'NONE', *, *, #604, .F. ) ;
#7953 = EDGE_CURVE ( 'NONE', #5099, #2449, #8055, .T. ) ;
#7954 = CARTESIAN_POINT ( 'NONE',  ( -1.643838397141744290, 23.79615413097852539, 0.05006359120810967289 ) ) ;
#7955 = CIRCLE ( 'NONE', #7202, 0.7716554965814558242 ) ;
#7956 = VECTOR ( 'NONE', #6359, 39.37007874015748143 ) ;
#7957 = CARTESIAN_POINT ( 'NONE',  ( -1.285142203218629042, 25.82370078740160579, 0.3586613412585484828 ) ) ;
#7958 = CARTESIAN_POINT ( 'NONE',  ( -2.725141349756391662, 23.91413158618367873, 0.3999999999996843858 ) ) ;
#7959 = CARTESIAN_POINT ( 'NONE',  ( -1.956280834375276889, 25.73967236244223500, 0.2856217681784410378 ) ) ;
#7960 = CARTESIAN_POINT ( 'NONE',  ( -2.414071968797571355, 24.41283652527821246, 0.05000000000000000278 ) ) ;
#7961 = CARTESIAN_POINT ( 'NONE',  ( -0.7584561053225084004, 23.75142325387465903, 0.3419132589047561566 ) ) ;
#7962 = DIRECTION ( 'NONE',  ( -6.123233995736998996E-17, -3.552713678800503296E-15, -1.000000000000000000 ) ) ;
#7963 = CARTESIAN_POINT ( 'NONE',  ( -1.012347642040104745, 25.17261181327416253, 0.1046459821924285438 ) ) ;
#7964 = CARTESIAN_POINT ( 'NONE',  ( -2.310090623291277012, 25.16663588385324957, 0.08459836251701999266 ) ) ;
#7965 = CARTESIAN_POINT ( 'NONE',  ( -2.579928112973292276, 25.42752762420185420, 0.2833138595309527830 ) ) ;
#7966 = FACE_OUTER_BOUND ( 'NONE', #8927, .T. ) ;
#7967 = VECTOR ( 'NONE', #3502, 39.37007874015748143 ) ;
#7968 = CARTESIAN_POINT ( 'NONE',  ( -2.770545263709956352, 24.99023898213916439, 0.2849848147583025071 ) ) ;
#7969 = CARTESIAN_POINT ( 'NONE',  ( -2.108196259356062363, 23.40721634084859204, 0.4043676812393159903 ) ) ;
#7970 = B_SPLINE_CURVE_WITH_KNOTS ( 'NONE', 3,
 ( #3264, #4530, #5181, #6092, #8949, #3116, #7348, #958, #2510, #907, #3819, #2460, #5327, #1758, #4625, #7495, #8393, #497, #3315, #2559, #6237, #9045, #8301, #1902, #6189, #4723, #2753, #5564, #6989, #5612, #5426, #7693, #448, #1952, #4067, #6897, #7595, #4019, #2612, #4859, #6324, #5473, #1855 ),
 .UNSPECIFIED., .F., .F.,
 ( 4, 1, 1, 1, 1, 1, 2, 2, 1, 1, 2, 2, 1, 1, 1, 2, 2, 1, 1, 1, 1, 2, 2, 1, 1, 1, 1, 1, 2, 2, 4 ),
 ( 0.000000000000000000, 0.06249999999970858033, 0.09374999999956287744, 0.1093749999994900191, 0.1171874999994745037, 0.1210937499994884786, 0.1230468749994729216, 0.1249999999994573507, 0.1874999999996471989, 0.2187499999997258582, 0.2343749999997649658, 0.2499999999998040456, 0.3749999999999547584, 0.4375000000000301981, 0.4687500000000842104, 0.4843750000000948686, 0.5000000000001055822, 0.6250000000000667244, 0.6875000000000317524, 0.7187500000000289768, 0.7343750000000438538, 0.7421875000000675016, 0.7500000000000910383, 0.8125000000001706413, 0.8437500000002112754, 0.8593750000002315925, 0.8671875000002258194, 0.8710937500002068345, 0.8730468750001962874, 0.8750000000001857403, 1.000000000000000000 ),
 .UNSPECIFIED. ) ;
#7971 = CARTESIAN_POINT ( 'NONE',  ( -1.283625693814278712, 25.80611875359816310, 0.3446232897141370821 ) ) ;
#7972 = CARTESIAN_POINT ( 'NONE',  ( -1.428216261288850930, 25.45669399972567604, 0.04996530418876808655 ) ) ;
#7973 = B_SPLINE_CURVE_WITH_KNOTS ( 'NONE', 3,
 ( #6314, #6360, #4238, #3482, #5508, #9168, #4887, #5552, #5597, #8381, #1406, #3527, #7106, #8473, #4929, #1234, #6223, #1319, #7018, #7679, #1940, #9215, #8512, #2111, #3394, #2783, #2691, #5645, #9127, #1365, #661, #6403, #9262, #1274, #2826, #5688, #7855, #8428, #4285, #7147, #3348, #2645, #1983, #4847, #7188, #883, #744, #3000, #2951, #8732, #4418, #8636, #837, #4505, #5861, #4324, #3613, #7897, #5910, #2340, #6628, #1587, #2287, #5064, #6490, #8597, #5156, #5205, #8036, #1492, #3704, #1636, #5814, #184, #6577, #7327, #5108, #138, #2909 ),
 .UNSPECIFIED., .F., .F.,
 ( 4, 2, 2, 1, 1, 1, 1, 1, 2, 2, 2, 2, 1, 2, 2, 1, 2, 2, 2, 1, 1, 1, 2, 2, 2, 2, 1, 1, 1, 2, 2, 2, 2, 1, 1, 2, 2, 2, 1, 1, 1, 1, 1, 2, 2, 2, 2, 1, 2, 4 ),
 ( 0.000000000000000000, 0.06250000000191363592, 0.09375000000287045387, 0.1093750000033487518, 0.1171875000035982606, 0.1210937500037125303, 0.1230468750037697623, 0.1240234375037983783, 0.1245117187538127002, 0.1250000000038269943, 0.1562500000035451642, 0.1718750000034146019, 0.1796875000033493486, 0.1835937500033242020, 0.1855468750033044401, 0.1865234375032945868, 0.1870117187532896741, 0.1875000000032847891, 0.2187500000032078229, 0.2343750000031694092, 0.2421875000031501468, 0.2460937500031405711, 0.2480468750031357694, 0.2500000000031309955, 0.3750000000029429792, 0.4375000000028596014, 0.4687500000028178571, 0.4843750000027856606, 0.4921875000027579050, 0.4960937500027556846, 0.5000000000027534641, 0.6250000000030521141, 0.6875000000031906700, 0.7187500000032707170, 0.7343750000033106851, 0.7421875000033305581, 0.7500000000033505421, 0.8125000000035762504, 0.8437500000036786130, 0.8593750000037296832, 0.8671875000037551073, 0.8710937500037577719, 0.8730468750037488901, 0.8740234375037445602, 0.8750000000037401193, 0.9375000000018699486, 0.9687500000009350298, 0.9843750000004675149, 0.9921875000002337019, 1.000000000000000000 ),
 .UNSPECIFIED. ) ;
#7974 = CARTESIAN_POINT ( 'NONE',  ( -2.136632721639979415, 25.78957495543517453, 0.3999999999996776689 ) ) ;
#7975 = DIRECTION ( 'NONE',  ( 0.000000000000000000, 1.000000000000000000, -3.620864940369048981E-15 ) ) ;
#7976 = CARTESIAN_POINT ( 'NONE',  ( -1.677401618243866244, 25.83711749774127853, 0.4381354253312860769 ) ) ;
#7977 = VERTEX_POINT ( 'NONE', #6090 ) ;
#7978 = CARTESIAN_POINT ( 'NONE',  ( -2.814962476310227668, 24.09614455848040038, 0.3435422513875962536 ) ) ;
#7979 = ORIENTED_EDGE ( 'NONE', *, *, #6050, .F. ) ;
#7980 = CARTESIAN_POINT ( 'NONE',  ( -0.9489338390001035295, 25.69033764953028154, 0.3999999999996779465 ) ) ;
#7981 = B_SPLINE_CURVE_WITH_KNOTS ( 'NONE', 3,
 ( #5548, #2686, #8422, #1978 ),
 .UNSPECIFIED., .F., .F.,
 ( 4, 4 ),
 ( 0.0001261674977086893121, 0.002005744484696792094 ),
 .UNSPECIFIED. ) ;
#7982 = CARTESIAN_POINT ( 'NONE',  ( -0.9066319958743448426, 25.66607034305835811, 0.3427133845701419990 ) ) ;
#7983 = CARTESIAN_POINT ( 'NONE',  ( -0.8967987699872623786, 24.12588384708216793, 0.1033744145510317736 ) ) ;
#7984 = VECTOR ( 'NONE', #6978, 39.37007874015748143 ) ;
#7985 = CARTESIAN_POINT ( 'NONE',  ( -0.6507324745315576919, 24.91434705245315584, 0.2257011473338169094 ) ) ;
#7986 = CARTESIAN_POINT ( 'NONE',  ( -2.764906303623791306, 23.81582974058203206, 0.4017319320994527376 ) ) ;
#7987 = CARTESIAN_POINT ( 'NONE',  ( -1.427019285493043022, 23.82880705644922870, 0.04999740928190513078 ) ) ;
#7988 = DIRECTION ( 'NONE',  ( 0.000000000000000000, 0.000000000000000000, -1.000000000000000000 ) ) ;
#7989 = ADVANCED_FACE ( 'NONE', ( #4623 ), #6599, .F. ) ;
#7990 = ORIENTED_EDGE ( 'NONE', *, *, #2605, .F. ) ;
#7991 = CARTESIAN_POINT ( 'NONE',  ( -0.7265257861887697288, 25.51816968264578733, 0.3505827722757819953 ) ) ;
#7992 = EDGE_CURVE ( 'NONE', #5465, #5689, #6695, .T. ) ;
#7993 = VECTOR ( 'NONE', #4555, 39.37007874015748143 ) ;
#7994 = CARTESIAN_POINT ( 'NONE',  ( -2.771951587646334314, 23.99672793213533240, 0.4499999999996841527 ) ) ;
#7995 = CARTESIAN_POINT ( 'NONE',  ( -0.7173637531715385540, 24.41241457378295721, 0.1661030458412428856 ) ) ;
#7996 = EDGE_CURVE ( 'NONE', #4807, #7751, #2822, .T. ) ;
#7997 = CARTESIAN_POINT ( 'NONE',  ( -2.739010836029036611, 23.93469371651978150, 0.3999999999996844968 ) ) ;
#7998 = CARTESIAN_POINT ( 'NONE',  ( -1.009125368773543308, 23.91389781664008041, 0.2006025183729399641 ) ) ;
#7999 = EDGE_CURVE ( 'NONE', #2349, #2149, #6033, .T. ) ;
#8000 = ORIENTED_EDGE ( 'NONE', *, *, #3683, .F. ) ;
#8001 = CARTESIAN_POINT ( 'NONE',  ( -1.987512791434755233, 23.93578923531672942, 0.04999999999999999584 ) ) ;
#8002 = CARTESIAN_POINT ( 'NONE',  ( -1.184603825937319499, 23.94609746776036019, 0.04571653271194234258 ) ) ;
#8003 = ORIENTED_EDGE ( 'NONE', *, *, #5743, .F. ) ;
#8004 = CARTESIAN_POINT ( 'NONE',  ( -0.5120771278051720055, 25.01086240841719999, 0.3452796289120715900 ) ) ;
#8005 = CARTESIAN_POINT ( 'NONE',  ( -2.017259253749215553, 25.66341133909934058, 0.2260205434124603063 ) ) ;
#8006 = ORIENTED_EDGE ( 'NONE', *, *, #657, .F. ) ;
#8007 = CARTESIAN_POINT ( 'NONE',  ( -1.734543085069941482, 23.79861666196993752, 0.04999999999999962114 ) ) ;
#8008 = ADVANCED_FACE ( 'NONE', ( #2407 ), #5937, .F. ) ;
#8009 = CARTESIAN_POINT ( 'NONE',  ( -2.307322834645600285, 24.01267716535440400, 0.2999999999999999889 ) ) ;
#8010 = CARTESIAN_POINT ( 'NONE',  ( -0.5572484417440579652, 24.97598324955263749, 0.3067147321102730029 ) ) ;
#8011 = CARTESIAN_POINT ( 'NONE',  ( -1.909441664395721716, 25.67247704585995294, 0.2260063433220488027 ) ) ;
#8012 = CARTESIAN_POINT ( 'NONE',  ( -2.830655411561664891, 24.28684763664039892, 0.3999999999996829980 ) ) ;
#8013 = DIRECTION ( 'NONE',  ( -0.000000000000000000, -0.000000000000000000, 1.000000000000000000 ) ) ;
#8014 = LINE ( 'NONE', #2928, #4279 ) ;
#8015 = CARTESIAN_POINT ( 'NONE',  ( -1.147565190370628319, 25.23770029899845468, 0.06741880228281281473 ) ) ;
#8016 = CARTESIAN_POINT ( 'NONE',  ( -1.030612055705504737, 25.37711338959181973, 0.1936417464645795450 ) ) ;
#8017 = CARTESIAN_POINT ( 'NONE',  ( -2.775045297390162702, 25.45718806490437558, 0.4021132342674700877 ) ) ;
#8018 = CARTESIAN_POINT ( 'NONE',  ( -2.858503937007897289, 25.30561980102896413, 0.3999999999996796118 ) ) ;
#8019 = CARTESIAN_POINT ( 'NONE',  ( -2.561718764839703955, 24.89095420817042026, 0.1057132593824759298 ) ) ;
#8020 = CIRCLE ( 'NONE', #5158, 0.2074803149606297969 ) ;
#8021 = CARTESIAN_POINT ( 'NONE',  ( -1.963150389820010888, 23.61731632912406553, 0.2255086424193417649 ) ) ;
#8022 = CARTESIAN_POINT ( 'NONE',  ( -1.188626008612592821, 25.62744225529190700, 0.2233876562239195673 ) ) ;
#8023 = CARTESIAN_POINT ( 'NONE',  ( -1.467116156905598379, 25.46582682130629038, 0.04999988403438351131 ) ) ;
#8024 = CARTESIAN_POINT ( 'NONE',  ( -0.6250138067392584373, 25.36422510627141946, 0.3999999999996791678 ) ) ;
#8025 = CARTESIAN_POINT ( 'NONE',  ( -0.5254747470868810222, 24.24119918391202333, 0.4499999999996830979 ) ) ;
#8026 = CARTESIAN_POINT ( 'NONE',  ( -2.054778482545572160, 25.84131647495102158, 0.4381354253312854663 ) ) ;
#8027 = ORIENTED_EDGE ( 'NONE', *, *, #2880, .T. ) ;
#8028 = CARTESIAN_POINT ( 'NONE',  ( -2.695076098728352854, 24.28103699049421138, 0.2257466005738039128 ) ) ;
#8029 = EDGE_LOOP ( 'NONE', ( #4288, #8835, #3560, #7860, #1647 ) ) ;
#8030 = CARTESIAN_POINT ( 'NONE',  ( -1.316500031484283184, 25.31860391177274394, 0.04606796101003839822 ) ) ;
#8031 = CARTESIAN_POINT ( 'NONE',  ( -2.584180633639428404, 25.54362327747068306, 0.3406762614506004261 ) ) ;
#8032 = CARTESIAN_POINT ( 'NONE',  ( -0.8794122691462459285, 24.35860019024940115, 0.04520141600936014581 ) ) ;
#8033 = DIRECTION ( 'NONE',  ( 1.000000000000000000, 0.000000000000000000, 0.000000000000000000 ) ) ;
#8034 = CARTESIAN_POINT ( 'NONE',  ( -0.4412678222613795054, 24.95623401838178879, 0.4054000119757499299 ) ) ;
#8035 = CARTESIAN_POINT ( 'NONE',  ( -2.404495434981151369, 24.03605487459422108, 0.1107042825916566553 ) ) ;
#8036 = CARTESIAN_POINT ( 'NONE',  ( -0.8466892839850486130, 24.81438687919893482, 0.04999999999999996808 ) ) ;
#8037 = CARTESIAN_POINT ( 'NONE',  ( -1.677401574321454536, 24.64259847944031634, 0.05000000000000000278 ) ) ;
#8038 = CIRCLE ( 'NONE', #5492, 0.1135826771653553752 ) ;
#8039 = CARTESIAN_POINT ( 'NONE',  ( -2.661653543307109793, 23.65834645669293579, 0.1999999999996853184 ) ) ;
#8040 = DIRECTION ( 'NONE',  ( 0.000000000000000000, 0.000000000000000000, 1.000000000000000000 ) ) ;
#8041 = CARTESIAN_POINT ( 'NONE',  ( -0.7160910457173146337, 24.85970577768992129, 0.1662198682356910151 ) ) ;
#8042 = CARTESIAN_POINT ( 'NONE',  ( -2.385301022458650166, 25.70422239088131988, 0.3999999999996776689 ) ) ;
#8043 = CARTESIAN_POINT ( 'NONE',  ( -2.858503937007897289, 23.61897637812343476, 0.4499999999996854849 ) ) ;
#8044 = CARTESIAN_POINT ( 'NONE',  ( -2.661653543307109793, 23.56976377952758028, 0.1999999999996856237 ) ) ;
#8045 = CARTESIAN_POINT ( 'NONE',  ( -2.390760430922535207, 23.51219015653080646, 0.4432038780669226297 ) ) ;
#8046 = CARTESIAN_POINT ( 'NONE',  ( -0.9868562594292122903, 23.66655620910238156, 0.2833152838835062970 ) ) ;
#8047 = VERTEX_POINT ( 'NONE', #3213 ) ;
#8048 = CARTESIAN_POINT ( 'NONE',  ( -0.7392415784392334377, 25.00899975790807872, 0.1658875545707041710 ) ) ;
#8049 = CARTESIAN_POINT ( 'NONE',  ( -2.194792266661362401, 25.86881610030131284, 0.4035128828030636328 ) ) ;
#8050 = ORIENTED_EDGE ( 'NONE', *, *, #3424, .T. ) ;
#8051 = DIRECTION ( 'NONE',  ( 0.000000000000000000, -1.000000000000000000, 0.000000000000000000 ) ) ;
#8052 = CARTESIAN_POINT ( 'NONE',  ( -2.312227748660532711, 23.76065022399672699, 0.2077133036704968960 ) ) ;
#8053 = CARTESIAN_POINT ( 'NONE',  ( -2.697410032268177105, 23.87582727659607684, 0.4499999999996846523 ) ) ;
#8054 = EDGE_LOOP ( 'NONE', ( #2796, #4043, #2501, #8791 ) ) ;
#8055 = LINE ( 'NONE', #1056, #340 ) ;
#8056 = CARTESIAN_POINT ( 'NONE',  ( -1.434303281207344849, 23.82957969932369480, 0.04793461403686551797 ) ) ;
#8057 = DIRECTION ( 'NONE',  ( -0.000000000000000000, -0.000000000000000000, -1.000000000000000000 ) ) ;
#8058 = CARTESIAN_POINT ( 'NONE',  ( -2.437739258596053560, 23.61761853441374370, 0.4499999999996855404 ) ) ;
#8059 = CARTESIAN_POINT ( 'NONE',  ( -1.323298078378680742, 23.86307086614182182, 0.05000000000000000971 ) ) ;
#8060 = CARTESIAN_POINT ( 'NONE',  ( -0.9064968043776956419, 24.60333813692341209, 0.05000123066890902607 ) ) ;
#8061 = CARTESIAN_POINT ( 'NONE',  ( -2.667438196226728397, 25.45586914613600982, 0.3427135465237814427 ) ) ;
#8062 = CARTESIAN_POINT ( 'NONE',  ( -1.940287269747955623, 25.45305888525835059, 0.04996645443845704887 ) ) ;
#8063 = CARTESIAN_POINT ( 'NONE',  ( -2.499057846380082992, 24.84185687531045872, 0.04635613174628025468 ) ) ;
#8064 = CARTESIAN_POINT ( 'NONE',  ( -1.843915862703065178, 23.60852028810601411, 0.2264902017227266584 ) ) ;
#8065 = CARTESIAN_POINT ( 'NONE',  ( -1.336696896365381804, 25.80836606257476618, 0.3451964997063297069 ) ) ;
#8066 = CARTESIAN_POINT ( 'NONE',  ( -0.8314550049565015977, 24.68717284689910230, 0.000000000000000000 ) ) ;
#8067 = CARTESIAN_POINT ( 'NONE',  ( -2.239186317043769137, 25.76906271720724106, 0.4499999999996778244 ) ) ;
#8068 = CARTESIAN_POINT ( 'NONE',  ( -2.581044104310736831, 23.65479384839334287, 0.4431827809966976117 ) ) ;
#8069 = CARTESIAN_POINT ( 'NONE',  ( -1.502461815593870709, 25.79585226191252900, 0.3999999999996773359 ) ) ;
#8070 = ORIENTED_EDGE ( 'NONE', *, *, #3674, .T. ) ;
#8071 = CARTESIAN_POINT ( 'NONE',  ( -2.646218271472706274, 24.11087617956420814, 0.2242257231095183823 ) ) ;
#8072 = ORIENTED_EDGE ( 'NONE', *, *, #6170, .T. ) ;
#8073 = CARTESIAN_POINT ( 'NONE',  ( -1.102625005136991687, 25.82597524485025176, 0.4432038989961591957 ) ) ;
#8074 = DIRECTION ( 'NONE',  ( -6.123233995736998996E-17, -3.552713678800503296E-15, -1.000000000000000000 ) ) ;
#8075 = CARTESIAN_POINT ( 'NONE',  ( -0.8927748998789246659, 24.32131960381204294, 0.04471420189220302183 ) ) ;
#8076 = CARTESIAN_POINT ( 'NONE',  ( -2.670023217935864057, 25.30665407619706286, 0.2825930630460963822 ) ) ;
#8077 = CARTESIAN_POINT ( 'NONE',  ( -2.404218454556853235, 23.58819740975028267, 0.3423556110662769880 ) ) ;
#8078 = CARTESIAN_POINT ( 'NONE',  ( -2.752580007378551130, 23.79944546790007820, 0.4017294646499951494 ) ) ;
#8079 = CARTESIAN_POINT ( 'NONE',  ( -1.414424288599494428, 23.83215724215473585, 0.04998314071387937457 ) ) ;
#8080 = CARTESIAN_POINT ( 'NONE',  ( -2.858503937007897289, 25.66622047220960567, 0.3999999999996782796 ) ) ;
#8081 = ADVANCED_FACE ( 'NONE', ( #5377 ), #8567, .F. ) ;
#8082 = ORIENTED_EDGE ( 'NONE', *, *, #2294, .T. ) ;
#8083 = CARTESIAN_POINT ( 'NONE',  ( -0.8015586801244162229, 25.59155692406499583, 0.3497193693972703854 ) ) ;
#8084 = CARTESIAN_POINT ( 'NONE',  ( -0.8988732718992917814, 25.27414566623621894, 0.1492641537679539887 ) ) ;
#8085 = CARTESIAN_POINT ( 'NONE',  ( -0.5105910665759435529, 24.92744858172340372, 0.3456060307039663382 ) ) ;
#8086 = CARTESIAN_POINT ( 'NONE',  ( -2.105527341558071530, 25.28465421012063885, 0.05000000000000000971 ) ) ;
#8087 = CARTESIAN_POINT ( 'NONE',  ( -1.153188976377882646, 24.01267716535440044, 0.08320447074145063959 ) ) ;
#8088 = CARTESIAN_POINT ( 'NONE',  ( -2.841387032480577446, 25.34577660498378648, 0.3999999999996864952 ) ) ;
#8089 = CARTESIAN_POINT ( 'NONE',  ( -0.8000991503082801604, 23.96235479359600973, 0.2239141818029257713 ) ) ;
#8090 = ORIENTED_EDGE ( 'NONE', *, *, #6343, .F. ) ;
#8091 = CARTESIAN_POINT ( 'NONE',  ( -0.6522072048579107273, 24.94424895983149781, 0.2264252059373050296 ) ) ;
#8092 = CARTESIAN_POINT ( 'NONE',  ( -1.952173886743078679, 25.52390002674729175, 0.1072135494353006757 ) ) ;
#8093 = ORIENTED_EDGE ( 'NONE', *, *, #6634, .F. ) ;
#8094 = CARTESIAN_POINT ( 'NONE',  ( -1.465449811609260244, 23.81966418663061091, 0.05002834748151031158 ) ) ;
#8095 = EDGE_CURVE ( 'NONE', #4016, #6316, #5152, .T. ) ;
#8096 = CARTESIAN_POINT ( 'NONE',  ( -2.557719372295526483, 23.78839862209404998, 0.3047194772438982513 ) ) ;
#8097 = DIRECTION ( 'NONE',  ( -1.343011723336886945E-15, -1.000000000000000000, 0.000000000000000000 ) ) ;
#8098 = ORIENTED_EDGE ( 'NONE', *, *, #6006, .F. ) ;
#8099 = CARTESIAN_POINT ( 'NONE',  ( -2.201614173228272353, 24.00592082618204159, 0.08680783000390956961 ) ) ;
#8100 = DIRECTION ( 'NONE',  ( -1.000000000000000000, -1.298960937187735125E-11, 0.000000000000000000 ) ) ;
#8101 = CARTESIAN_POINT ( 'NONE',  ( -2.701023622047267203, 25.66622047244096905, 0.3999999999996782796 ) ) ;
#8102 = DIRECTION ( 'NONE',  ( -0.000000000000000000, -0.000000000000000000, -1.000000000000000000 ) ) ;
#8103 = CARTESIAN_POINT ( 'NONE',  ( -1.092965840712132541, 25.17679411962624769, 0.06394643073364382480 ) ) ;
#8104 = DIRECTION ( 'NONE',  ( 6.123233995736998996E-17, 3.552713678800503296E-15, 1.000000000000000000 ) ) ;
#8105 = CARTESIAN_POINT ( 'NONE',  ( -2.448019648599774278, 24.60259861694120787, 0.000000000000000000 ) ) ;
#8106 = EDGE_CURVE ( 'NONE', #4666, #3740, #1992, .T. ) ;
#8107 = CARTESIAN_POINT ( 'NONE',  ( -1.430273438971648492, 23.82797227290685882, 0.000000000000000000 ) ) ;
#8108 = CARTESIAN_POINT ( 'NONE',  ( -2.845416916164065224, 24.83030956893925278, 0.3461333205227216103 ) ) ;
#8109 = CARTESIAN_POINT ( 'NONE',  ( -2.018135171512493553, 23.47683238391624627, 0.3451962484022879085 ) ) ;
#8110 = CARTESIAN_POINT ( 'NONE',  ( -1.316350060056069582, 25.87922805903012602, 0.4051126735504227971 ) ) ;
#8111 = CARTESIAN_POINT ( 'NONE',  ( -0.6356975343743298534, 25.41933656789024454, 0.3551916619520206764 ) ) ;
#8112 = CARTESIAN_POINT ( 'NONE',  ( -2.396369948756214008, 23.58858664358091417, 0.4499999999996854849 ) ) ;
#8113 = CARTESIAN_POINT ( 'NONE',  ( -2.246914781480486401, 24.12154335777205816, 0.04999999999999999584 ) ) ;
#8114 = CARTESIAN_POINT ( 'NONE',  ( -2.043294681643111677, 25.84109457916515495, 0.4381354253312854663 ) ) ;
#8115 = ORIENTED_EDGE ( 'NONE', *, *, #1324, .F. ) ;
#8116 = LINE ( 'NONE', #3276, #5822 ) ;
#8117 = CARTESIAN_POINT ( 'NONE',  ( -2.740918353299180321, 24.13145615172465597, 0.2840847928433364866 ) ) ;
#8118 = ORIENTED_EDGE ( 'NONE', *, *, #7594, .T. ) ;
#8119 = CARTESIAN_POINT ( 'NONE',  ( -1.252677753930745430, 25.28011851513903352, 0.04606796101003841903 ) ) ;
#8120 = DIRECTION ( 'NONE',  ( 0.000000000000000000, 1.000000000000000000, -3.854941057726282076E-15 ) ) ;
#8121 = VECTOR ( 'NONE', #5643, 39.37007874015748143 ) ;
#8122 = CARTESIAN_POINT ( 'NONE',  ( -0.6703885536031712888, 24.23499414984052436, 0.2241901305575912384 ) ) ;
#8123 = CARTESIAN_POINT ( 'NONE',  ( -2.379423299702552619, 25.12178710470321974, 0.04349857906609504860 ) ) ;
#8124 = CARTESIAN_POINT ( 'NONE',  ( -2.399336042869828489, 23.58498457048535712, 0.3423584629083502584 ) ) ;
#8125 = CARTESIAN_POINT ( 'NONE',  ( -2.542358766464230424, 23.98496033671674255, 0.2077175384577025774 ) ) ;
#8126 = CARTESIAN_POINT ( 'NONE',  ( -2.609443612216112207, 23.75935128412411501, 0.3446652329418501415 ) ) ;
#8127 = DIRECTION ( 'NONE',  ( 6.123233995736998996E-17, 3.552713678800503296E-15, 1.000000000000000000 ) ) ;
#8128 = ADVANCED_FACE ( 'NONE', ( #1375 ), #6542, .T. ) ;
#8129 = EDGE_LOOP ( 'NONE', ( #3857, #1638, #746, #7560, #1055, #8515 ) ) ;
#8130 = CIRCLE ( 'NONE', #5272, 0.7716554965814558242 ) ;
#8131 = PLANE ( 'NONE',  #1735 ) ;
#8132 = CARTESIAN_POINT ( 'NONE',  ( -2.761218216209015974, 23.97427174926843918, 0.4499999999996842637 ) ) ;
#8133 = CARTESIAN_POINT ( 'NONE',  ( -0.8504131558400084279, 24.81481106772233147, 0.04679118719629397904 ) ) ;
#8134 = VECTOR ( 'NONE', #8826, 39.37007874015748143 ) ;
#8135 = CARTESIAN_POINT ( 'NONE',  ( -1.874705218301544019, 25.46983288587973249, 0.05000000000000000971 ) ) ;
#8136 = CARTESIAN_POINT ( 'NONE',  ( -2.046021769219982911, 25.79555285615582250, 0.3999999999996776689 ) ) ;
#8137 = CARTESIAN_POINT ( 'NONE',  ( -0.5242124181193017485, 24.29051780876314481, 0.3999999999996838862 ) ) ;
#8138 = EDGE_CURVE ( 'NONE', #8990, #272, #6498, .T. ) ;
#8139 = CARTESIAN_POINT ( 'NONE',  ( -0.4962992125984483915, 25.48905511771360111, 0.4499999999996787126 ) ) ;
#8140 = CIRCLE ( 'NONE', #4844, 0.1692913385826787520 ) ;
#8141 = ORIENTED_EDGE ( 'NONE', *, *, #636, .F. ) ;
#8142 = CARTESIAN_POINT ( 'NONE',  ( -0.9605741832128160684, 25.10535111638670003, 0.04573844414878386333 ) ) ;
#8143 = CARTESIAN_POINT ( 'NONE',  ( -1.949094541857791851, 25.44735312842107078, 0.04749945331981881430 ) ) ;
#8144 = ORIENTED_EDGE ( 'NONE', *, *, #3103, .T. ) ;
#8145 = CARTESIAN_POINT ( 'NONE',  ( -1.740689023229728072, 23.79898715422934430, 0.04999963368448159112 ) ) ;
#8146 = CARTESIAN_POINT ( 'NONE',  ( -2.239199290718711044, 23.88038825698925294, 0.1107059497779361856 ) ) ;
#8147 = CARTESIAN_POINT ( 'NONE',  ( -2.542457637158388906, 23.70388006153467231, 0.4499999999996852629 ) ) ;
#8148 = ORIENTED_EDGE ( 'NONE', *, *, #250, .F. ) ;
#8149 = DIRECTION ( 'NONE',  ( 0.000000000000000000, -0.000000000000000000, 1.000000000000000000 ) ) ;
#8150 = CARTESIAN_POINT ( 'NONE',  ( -1.395629707982984469, 23.68799758596203020, 0.1669010660681977953 ) ) ;
#8151 = CYLINDRICAL_SURFACE ( 'NONE', #7681, 0.2074803149606297969 ) ;
#8152 = LINE ( 'NONE', #3024, #6378 ) ;
#8153 = CYLINDRICAL_SURFACE ( 'NONE', #1886, 1.276096834776363487 ) ;
#8154 = CARTESIAN_POINT ( 'NONE',  ( -0.9536335019825861181, 25.32174317502989780, 0.2032202469726042682 ) ) ;
#8155 = LINE ( 'NONE', #6854, #6459 ) ;
#8156 = CARTESIAN_POINT ( 'NONE',  ( -2.526592721523798879, 24.05210194634960175, 0.1713869803770428357 ) ) ;
#8157 = CARTESIAN_POINT ( 'NONE',  ( -2.505572460188893125, 24.81019408822517747, 0.04675723660466497150 ) ) ;
#8158 = CARTESIAN_POINT ( 'NONE',  ( -1.938452263588432256, 23.76080691161563152, 0.1055417491612623271 ) ) ;
#8159 = CARTESIAN_POINT ( 'NONE',  ( -1.408642432875145456, 25.44530648661766037, 0.04531112841286254883 ) ) ;
#8160 = CARTESIAN_POINT ( 'NONE',  ( -1.912155129065419068, 25.46029874126172743, 0.05000965939820829070 ) ) ;
#8161 = CIRCLE ( 'NONE', #4124, 0.1135826771653510037 ) ;
#8162 = CARTESIAN_POINT ( 'NONE',  ( -1.671035109228218074, 25.48949430709293651, 0.000000000000000000 ) ) ;
#8163 = CARTESIAN_POINT ( 'NONE',  ( -0.5245040747313444163, 24.26579323786415543, 0.4499999999996832645 ) ) ;
#8164 = CARTESIAN_POINT ( 'NONE',  ( -2.858503937007897733, 24.18632533097628823, 0.3627970641233984606 ) ) ;
#8165 = CARTESIAN_POINT ( 'NONE',  ( -0.9574705275362440648, 23.51608466767691397, 0.4431958470681028883 ) ) ;
#8166 = CARTESIAN_POINT ( 'NONE',  ( -2.838154926151096547, 24.21374357764049279, 0.3445995444724704315 ) ) ;
#8167 = VERTEX_POINT ( 'NONE', #56 ) ;
#8168 = CARTESIAN_POINT ( 'NONE',  ( -2.263637707269633648, 25.67929686967815783, 0.2835695298569909095 ) ) ;
#8169 = DIRECTION ( 'NONE',  ( 1.000000000000000000, 0.000000000000000000, 0.000000000000000000 ) ) ;
#8170 = CARTESIAN_POINT ( 'NONE',  ( -0.6603790612755565670, 24.28606608448942339, 0.2247399900024504849 ) ) ;
#8171 = CARTESIAN_POINT ( 'NONE',  ( -2.489328225919952953, 25.10569306528665123, 0.1034594972832402066 ) ) ;
#8172 = CARTESIAN_POINT ( 'NONE',  ( -2.133079363743365153, 23.92514380302882060, 0.04353492550579349946 ) ) ;
#8173 = CARTESIAN_POINT ( 'NONE',  ( -2.739844071561639005, 23.78327252362601740, 0.4017265746016898675 ) ) ;
#8174 = CARTESIAN_POINT ( 'NONE',  ( -2.652245888379802796, 23.77164119242028306, 0.3607327760340774958 ) ) ;
#8175 = DIRECTION ( 'NONE',  ( 1.000000000000000000, 0.000000000000000000, 0.000000000000000000 ) ) ;
#8176 = EDGE_LOOP ( 'NONE', ( #3807, #1147, #605, #493 ) ) ;
#8177 = CARTESIAN_POINT ( 'NONE',  ( -0.8051092288204590997, 25.64792703275989538, 0.3772383470848473253 ) ) ;
#8178 = CARTESIAN_POINT ( 'NONE',  ( -2.252702246213183823, 25.36325389351568660, 0.1543992602790512092 ) ) ;
#8179 = CARTESIAN_POINT ( 'NONE',  ( -1.114599377413316494, 23.51745904841270729, 0.4499999999996858180 ) ) ;
#8180 = CARTESIAN_POINT ( 'NONE',  ( -0.7023811972724519626, 24.63608108110128470, 0.1674801918957327107 ) ) ;
#8181 = CARTESIAN_POINT ( 'NONE',  ( -2.029482476633844179, 25.79585226186692637, 0.4499999999996777134 ) ) ;
#8182 = CARTESIAN_POINT ( 'NONE',  ( -2.020975284111012016, 25.79600626489685666, 0.3999999999996776689 ) ) ;
#8183 = DIRECTION ( 'NONE',  ( -1.000000000000000000, 0.000000000000000000, 6.672013370777460835E-17 ) ) ;
#8184 = FACE_OUTER_BOUND ( 'NONE', #6647, .T. ) ;
#8185 = VERTEX_POINT ( 'NONE', #1461 ) ;
#8186 = CARTESIAN_POINT ( 'NONE',  ( -0.5431138068096530436, 25.20036375741344159, 0.3434577358623635002 ) ) ;
#8187 = CARTESIAN_POINT ( 'NONE',  ( -1.994175183593945855, 25.59153880423644623, 0.1664853105772187980 ) ) ;
#8188 = ORIENTED_EDGE ( 'NONE', *, *, #1930, .T. ) ;
#8189 = VECTOR ( 'NONE', #2586, 39.37007874015748143 ) ;
#8190 = DIRECTION ( 'NONE',  ( 1.000000000000000000, 0.000000000000000000, 0.000000000000000000 ) ) ;
#8191 = ADVANCED_FACE ( 'NONE', ( #5655 ), #7073, .F. ) ;
#8192 = CARTESIAN_POINT ( 'NONE',  ( -2.422727575711815629, 23.85112441608912093, 0.2077120344945161956 ) ) ;
#8193 = CARTESIAN_POINT ( 'NONE',  ( -0.8674203549891030818, 24.90799623894182346, 1.502516396515344672E-15 ) ) ;
#8194 = ORIENTED_EDGE ( 'NONE', *, *, #6996, .T. ) ;
#8195 = CARTESIAN_POINT ( 'NONE',  ( -2.345522104698701149, 23.91383285868638353, 0.2005615845963152621 ) ) ;
#8196 = CARTESIAN_POINT ( 'NONE',  ( -1.383441670121145162, 23.76562234356504177, 0.1069497007711095599 ) ) ;
#8197 = DIRECTION ( 'NONE',  ( -1.000000000000000000, 0.000000000000000000, 0.000000000000000000 ) ) ;
#8198 = CARTESIAN_POINT ( 'NONE',  ( -0.8627753674199762912, 24.88972659582283953, 0.05000000000000152933 ) ) ;
#8199 = CARTESIAN_POINT ( 'NONE',  ( -1.902716570364180626, 25.38062649920829017, 0.05000000000000000278 ) ) ;
#8200 = CARTESIAN_POINT ( 'NONE',  ( -2.830655411561412649, 24.29051793536090997, 0.3999999999996830535 ) ) ;
#8201 = DIRECTION ( 'NONE',  ( 1.000000000000000000, -1.343011723336886945E-15, 0.000000000000000000 ) ) ;
#8202 = CIRCLE ( 'NONE', #3847, 0.1135826771653510037 ) ;
#8203 = CARTESIAN_POINT ( 'NONE',  ( -2.518599309003287878, 24.58312609929485504, 0.04759510051652889040 ) ) ;
#8204 = CARTESIAN_POINT ( 'NONE',  ( -1.883726707516553134, 23.61069542734084692, 0.2262348370476559012 ) ) ;
#8205 = CARTESIAN_POINT ( 'NONE',  ( -1.412154238061206435, 25.52353434038400337, 0.1054841068356294209 ) ) ;
#8206 = CARTESIAN_POINT ( 'NONE',  ( -0.8882674391934851643, 24.31194852356059855, 0.000000000000000000 ) ) ;
#8207 = CARTESIAN_POINT ( 'NONE',  ( -2.145990430955501349, 23.49725955591764404, 0.3999999999996858846 ) ) ;
#8208 = PLANE ( 'NONE',  #4232 ) ;
#8209 = B_SPLINE_CURVE_WITH_KNOTS ( 'NONE', 3,
 ( #8858, #2570, #413, #266, #1864, #5996, #2422, #8162, #5291, #6907, #5665, #7789 ),
 .UNSPECIFIED., .F., .F.,
 ( 4, 2, 2, 2, 2, 4 ),
 ( 0.000000000000000000, 0.1250000000000004441, 0.2500000000000009992, 0.5000000000000006661, 0.7500000000000003331, 1.000000000000000000 ),
 .UNSPECIFIED. ) ;
#8210 = CARTESIAN_POINT ( 'NONE',  ( -0.4962992125984480585, 24.44155241046202320, 0.3578414565962587113 ) ) ;
#8211 = FACE_OUTER_BOUND ( 'NONE', #5055, .T. ) ;
#8212 = CARTESIAN_POINT ( 'NONE',  ( -2.808208343203309809, 23.87493116567495477, 0.4021146825316153639 ) ) ;
#8213 = ORIENTED_EDGE ( 'NONE', *, *, #7601, .T. ) ;
#8214 = CARTESIAN_POINT ( 'NONE',  ( -2.066565261023477262, 25.49077485326989390, 0.1058515563055804493 ) ) ;
#8215 = CARTESIAN_POINT ( 'NONE',  ( -0.8940959936044253764, 25.76274627377532056, 0.4021130338719079433 ) ) ;
#8216 = CARTESIAN_POINT ( 'NONE',  ( -0.7395628467633065251, 24.28258696072886025, 0.1645411402640982734 ) ) ;
#8217 = CARTESIAN_POINT ( 'NONE',  ( -2.606976464767426283, 25.24541533763761691, 0.2228394293529219472 ) ) ;
#8218 = CARTESIAN_POINT ( 'NONE',  ( -2.408940971578205303, 23.59133586294821328, 0.3423535976965083605 ) ) ;
#8219 = CARTESIAN_POINT ( 'NONE',  ( -2.468630874688026999, 23.89756990595770603, 0.2077127178343481650 ) ) ;
#8220 = CARTESIAN_POINT ( 'NONE',  ( -0.9950717198670302466, 25.62314677313622013, 0.2825811838279787547 ) ) ;
#8221 = CARTESIAN_POINT ( 'NONE',  ( -2.456929133858063441, 25.02848173165400070, 0.05885848245610748875 ) ) ;
#8222 = AXIS2_PLACEMENT_3D ( 'NONE', #621, #7988, #1993 ) ;
#8223 = CARTESIAN_POINT ( 'NONE',  ( -1.959985123672643548, 23.92434039365540244, 0.04999999999999996808 ) ) ;
#8224 = ORIENTED_EDGE ( 'NONE', *, *, #2244, .F. ) ;
#8225 = CARTESIAN_POINT ( 'NONE',  ( -2.464981723363930399, 24.97716519900152932, 0.04995457576527551763 ) ) ;
#8226 = CARTESIAN_POINT ( 'NONE',  ( -2.224301112111840339, 25.33825593670719556, 0.1285698961025834586 ) ) ;
#8227 = CARTESIAN_POINT ( 'NONE',  ( -0.5241477380996235613, 24.99467927368627329, 0.3999999999996805000 ) ) ;
#8228 = CARTESIAN_POINT ( 'NONE',  ( -0.5729149146314925778, 24.63512812808433949, 0.2869634737613995790 ) ) ;
#8229 = CARTESIAN_POINT ( 'NONE',  ( -1.671035109228218074, 25.48949430709293651, 0.05000000000000000971 ) ) ;
#8230 = CARTESIAN_POINT ( 'NONE',  ( -2.342800220514022147, 25.79583227912040755, 0.4431958260125132831 ) ) ;
#8231 = CARTESIAN_POINT ( 'NONE',  ( -0.6931496062992357210, 25.53826771653545791, 0.4499999999996786015 ) ) ;
#8232 = CARTESIAN_POINT ( 'NONE',  ( -2.826140128773899196, 25.37460114232631270, 0.3999999999996863287 ) ) ;
#8233 = VERTEX_POINT ( 'NONE', #2963 ) ;
#8235 = ADVANCED_FACE ( 'NONE', ( #5074 ), #7898, .T. ) ;
#8234 = CARTESIAN_POINT ( 'NONE',  ( -0.7367658179319055423, 25.22992912843167090, 0.2239850380836044264 ) ) ;
#8236 = ORIENTED_EDGE ( 'NONE', *, *, #7550, .T. ) ;
#8237 = CARTESIAN_POINT ( 'NONE',  ( -0.6834076494422849368, 25.51326771653546288, 0.3705632188739525490 ) ) ;
#8238 = VERTEX_POINT ( 'NONE', #8975 ) ;
#8239 = B_SPLINE_SURFACE_WITH_KNOTS ( 'NONE', 3, 1, ( 
 ( #5102, #2379, #5855, #928, #5808 ),
 ( #4499, #976, #8630, #2190, #88 ),
 ( #831, #5249, #5199, #5149, #132 ),
 ( #5058, #787, #7980, #8725, #7933 ),
 ( #1487, #6666, #222, #7364, #4360 ),
 ( #8119, #3085, #7225, #8817, #4455 ),
 ( #3788, #3040, #1534, #3653, #5904 ),
 ( #4413, #6526, #8676, #1677, #7272 ),
 ( #8030, #3698, #1582, #8770, #2993 ),
 ( #7322, #877, #3743, #2334, #8073 ),
 ( #3834, #6712, #3036, #7410, #6662 ),
 ( #173, #2940, #2374, #873, #3739 ),
 ( #6616, #5900, #8812, #1625, #5851 ),
 ( #1578, #2229, #783, #2278, #5098 ),
 ( #1483, #5243, #218, #8766, #3693 ),
 ( #2330, #5195, #8069, #5145, #4451 ),
 ( #8860, #924, #4543, #7976, #7268 ),
 ( #3649, #6567, #5054, #4495, #7317 ),
 ( #971, #3784, #7360, #1530, #7221 ),
 ( #3081, #5953, #6522, #8114, #8672 ),
 ( #128, #4409, #1671, #268, #82 ),
 ( #3129, #4356, #5998, #7929, #827 ),
 ( #5803, #2989, #8721, #8026, #2424 ) ),
 .UNSPECIFIED., .F., .F., .F.,
 ( 4, 3, 1, 1, 1, 1, 1, 1, 1, 1, 2, 1, 1, 1, 3, 4 ),
 ( 2, 1, 1, 1, 2 ),
 ( -0.01009999999999999960, 0.000000000000000000, 0.02202113842970828891, 0.04404227685941657783, 0.08808455371883315566, 0.1321268305782497265, 0.1761691074376663113, 0.2202113842970828961, 0.2642536611564994531, 0.3082959380159160934, 0.3523382148753326226, 0.5142536611564993976, 0.6761691074376663391, 0.8380845537188330585, 1.000000000000000000, 1.010000000000000009 ),
 ( -0.01123439711418632719, 0.000000000000000000, 1.000000000000000000, 1.108958358090408547, 1.123439711418632747 ),
 .UNSPECIFIED. ) ;
#8240 = CARTESIAN_POINT ( 'NONE',  ( -0.6260938874614763172, 23.91107997074805880, 0.3423716944940385920 ) ) ;
#8241 = CARTESIAN_POINT ( 'NONE',  ( -2.504432929609373026, 23.55503234427239434, 0.4017266838607851387 ) ) ;
#8242 = CARTESIAN_POINT ( 'NONE',  ( -2.318420085282843601, 23.54600374449902844, 0.4499999999996857625 ) ) ;
#8243 = ORIENTED_EDGE ( 'NONE', *, *, #6871, .F. ) ;
#8244 = CARTESIAN_POINT ( 'NONE',  ( -1.052444734664437886, 24.19964174944356117, 0.04606796130808337580 ) ) ;
#8245 = CARTESIAN_POINT ( 'NONE',  ( -1.298552127332142758, 23.62796950882338010, 0.2255479750436457931 ) ) ;
#8246 = EDGE_CURVE ( 'NONE', #8827, #2256, #1179, .T. ) ;
#8247 = DIRECTION ( 'NONE',  ( 6.123233995736998996E-17, 3.552713678800503296E-15, 1.000000000000000000 ) ) ;
#8248 = CARTESIAN_POINT ( 'NONE',  ( -0.8678950987573157416, 24.90902936587546534, 0.04999357973185768189 ) ) ;
#8249 = CARTESIAN_POINT ( 'NONE',  ( -2.031505286397790488, 25.42212598425206238, 0.05000000000000000278 ) ) ;
#8250 = EDGE_CURVE ( 'NONE', #439, #5404, #5593, .T. ) ;
#8251 = CARTESIAN_POINT ( 'NONE',  ( -2.379927312500032865, 25.12675066417804359, 0.04571512432454714892 ) ) ;
#8252 = DIRECTION ( 'NONE',  ( 0.000000000000000000, -1.000000000000000000, 3.469446965952425452E-15 ) ) ;
#8253 = CARTESIAN_POINT ( 'NONE',  ( -2.584135880552799414, 24.57880687096319861, 0.1073704428975339048 ) ) ;
#8254 = CARTESIAN_POINT ( 'NONE',  ( -1.449485648811483784, 23.75444391799697996, 0.1059767611906626134 ) ) ;
#8255 = CARTESIAN_POINT ( 'NONE',  ( -1.416282696805002628, 25.44762473038600703, 0.04542796697498042990 ) ) ;
#8256 = CARTESIAN_POINT ( 'NONE',  ( -1.889355483876322461, 25.46553230217268649, 0.05002834511536311674 ) ) ;
#8257 = CARTESIAN_POINT ( 'NONE',  ( -2.178655806653452043, 23.50278689532538934, 0.4499999999996857625 ) ) ;
#8258 = CARTESIAN_POINT ( 'NONE',  ( -0.5356692913878183804, 25.48905511771308952, 0.3999999999996787237 ) ) ;
#8259 = CARTESIAN_POINT ( 'NONE',  ( -2.287637795275386576, 25.42212598425206238, 0.000000000000000000 ) ) ;
#8260 = CARTESIAN_POINT ( 'NONE',  ( -0.9205729416620369587, 23.53887403238172737, 0.4431958470681030549 ) ) ;
#8261 = CARTESIAN_POINT ( 'NONE',  ( -2.657780099103969285, 23.95816084478731511, 0.2833131865072324729 ) ) ;
#8262 = EDGE_LOOP ( 'NONE', ( #6847, #5024 ) ) ;
#8263 = CARTESIAN_POINT ( 'NONE',  ( -2.346942743652300489, 25.63310757602631540, 0.2833167779235184480 ) ) ;
#8264 = CARTESIAN_POINT ( 'NONE',  ( -2.117905374921803752, 24.00903032441591733, 0.05000000000000000278 ) ) ;
#8265 = CARTESIAN_POINT ( 'NONE',  ( -0.4406490441362121424, 24.26298916297296060, 0.4049527863578085696 ) ) ;
#8266 = CARTESIAN_POINT ( 'NONE',  ( -2.738252988739436677, 25.35961315325868171, 0.3423613344252500745 ) ) ;
#8267 = CARTESIAN_POINT ( 'NONE',  ( -2.158523933958226060, 23.57026307058257331, 0.2835693498957273517 ) ) ;
#8268 = CIRCLE ( 'NONE', #5416, 0.1057086614173214645 ) ;
#8269 = CARTESIAN_POINT ( 'NONE',  ( -2.549692879766358278, 23.63727554172035994, 0.3772395965467094658 ) ) ;
#8270 = CARTESIAN_POINT ( 'NONE',  ( -0.9667716535432394620, 25.27251968503944468, 0.2999999999999999889 ) ) ;
#8271 = CARTESIAN_POINT ( 'NONE',  ( -2.274106473469004630, 23.52762089288603065, 0.3999999999996852740 ) ) ;
#8272 = CARTESIAN_POINT ( 'NONE',  ( -0.8196715392419240409, 23.93800867942105270, 0.2239141784554740944 ) ) ;
#8273 = ORIENTED_EDGE ( 'NONE', *, *, #9062, .F. ) ;
#8274 = CARTESIAN_POINT ( 'NONE',  ( -2.517577210119717801, 24.74733778484048230, 0.05000277783968732487 ) ) ;
#8275 = CARTESIAN_POINT ( 'NONE',  ( -2.413031496062922887, 25.27956175290345797, 0.1897416133425316731 ) ) ;
#8276 = AXIS2_PLACEMENT_3D ( 'NONE', #2028, #3346, #5506 ) ;
#8277 = CARTESIAN_POINT ( 'NONE',  ( -1.135580449629421951, 25.42212598425210501, 0.1124226954918717686 ) ) ;
#8278 = CARTESIAN_POINT ( 'NONE',  ( -0.6917530214417624279, 25.31931711669484031, 0.2833160458432379958 ) ) ;
#8279 = CARTESIAN_POINT ( 'NONE',  ( -1.259515634777474302, 25.79358043642830012, 0.3999999999996776134 ) ) ;
#8280 = ADVANCED_FACE ( 'NONE', ( #6590 ), #4649, .T. ) ;
#8281 = CARTESIAN_POINT ( 'NONE',  ( -2.657603510282736448, 25.46230920670816289, 0.3999999999996785571 ) ) ;
#8282 = AXIS2_PLACEMENT_3D ( 'NONE', #2776, #2188, #1401 ) ;
#8283 = CARTESIAN_POINT ( 'NONE',  ( -1.966099523499140300, 25.58823938052052682, 0.2249999999998388567 ) ) ;
#8284 = CARTESIAN_POINT ( 'NONE',  ( -2.298170788442885026, 25.74950690220523697, 0.3999999999996778910 ) ) ;
#8285 = ADVANCED_FACE ( 'NONE', ( #847 ), #6470, .F. ) ;
#8286 = EDGE_CURVE ( 'NONE', #3405, #2149, #1397, .T. ) ;
#8287 = ORIENTED_EDGE ( 'NONE', *, *, #4213, .F. ) ;
#8288 = CARTESIAN_POINT ( 'NONE',  ( -0.5109018332400941942, 25.34731776520748880, 0.4022722837593264433 ) ) ;
#8289 = ORIENTED_EDGE ( 'NONE', *, *, #4266, .F. ) ;
#8290 = CARTESIAN_POINT ( 'NONE',  ( -2.803273020999688558, 23.87309473234425283, 0.3999999999994408029 ) ) ;
#8291 = EDGE_LOOP ( 'NONE', ( #7685, #8050, #7245, #562 ) ) ;
#8292 = CARTESIAN_POINT ( 'NONE',  ( -2.385478037624258807, 23.89409054012640610, 0.1686268570550259194 ) ) ;
#8293 = ADVANCED_FACE ( 'NONE', ( #559, #1972 ), #3614, .F. ) ;
#8294 = EDGE_CURVE ( 'NONE', #5461, #2104, #1437, .T. ) ;
#8295 = CARTESIAN_POINT ( 'NONE',  ( -2.830533731840533029, 25.00659734060737804, 0.3999999999996805555 ) ) ;
#8296 = CIRCLE ( 'NONE', #8446, 0.1574803149606300579 ) ;
#8297 = CARTESIAN_POINT ( 'NONE',  ( -2.242162475882973016, 23.51785652721243736, 0.4499999999996857625 ) ) ;
#8298 = ORIENTED_EDGE ( 'NONE', *, *, #715, .F. ) ;
#8299 = CARTESIAN_POINT ( 'NONE',  ( -1.039881413869419680, 24.21787484181016126, 0.04606796130808337580 ) ) ;
#8300 = CARTESIAN_POINT ( 'NONE',  ( -1.365816675294764471, 23.85131873686913906, 0.04695052853193874137 ) ) ;
#8301 = CARTESIAN_POINT ( 'NONE',  ( -2.806998934742957363, 25.18902864826809207, 0.4499999999996798783 ) ) ;
#8302 = CARTESIAN_POINT ( 'NONE',  ( -0.5993614828169062658, 25.32184707237796673, 0.4499999999996793232 ) ) ;
#8303 = CARTESIAN_POINT ( 'NONE',  ( -0.4962992125984490577, 25.09904974682708101, 0.3628131041434793924 ) ) ;
#8304 = LINE ( 'NONE', #2513, #8852 ) ;
#8305 = CYLINDRICAL_SURFACE ( 'NONE', #5188, 0.1135826771653510037 ) ;
#8306 = EDGE_CURVE ( 'NONE', #4454, #6665, #4493, .T. ) ;
#8307 = CARTESIAN_POINT ( 'NONE',  ( -2.485612184688205328, 24.39246832958160738, 0.04559399051906977418 ) ) ;
#8308 = CARTESIAN_POINT ( 'NONE',  ( -1.451653275222293482, 23.54320119005818412, 0.2860166755578407161 ) ) ;
#8309 = CARTESIAN_POINT ( 'NONE',  ( -1.671355321108825454, 25.55279119413854261, 0.1076450226850629716 ) ) ;
#8310 = CARTESIAN_POINT ( 'NONE',  ( -2.519057500083318857, 25.22277584469651046, 0.1630394550396195019 ) ) ;
#8311 = CARTESIAN_POINT ( 'NONE',  ( -2.413031496062929104, 24.01267716535440400, 0.2999999999999999889 ) ) ;
#8312 = CARTESIAN_POINT ( 'NONE',  ( -0.6017482589440791285, 23.95925969853099602, 0.4499999999996843747 ) ) ;
#8313 = LINE ( 'NONE', #4078, #8644 ) ;
#8314 = CARTESIAN_POINT ( 'NONE',  ( -1.313579864829941490, 23.96187361345495859, 0.05000000000000002359 ) ) ;
#8315 = CARTESIAN_POINT ( 'NONE',  ( -2.844984865855470613, 23.93949514526427080, 0.4022725043275984236 ) ) ;
#8316 = VERTEX_POINT ( 'NONE', #5052 ) ;
#8317 = CARTESIAN_POINT ( 'NONE',  ( -2.154258706253075584, 25.54415722840683856, 0.1648916226382659000 ) ) ;
#8318 = CARTESIAN_POINT ( 'NONE',  ( -2.297896763231970674, 24.18328910000170850, 0.05000118159718423827 ) ) ;
#8319 = CARTESIAN_POINT ( 'NONE',  ( -2.662245152411525151, 25.13137461277318252, 0.2233876515966882192 ) ) ;
#8320 = CARTESIAN_POINT ( 'NONE',  ( -2.243371676566325412, 23.69213067280596263, 0.2229554230626495381 ) ) ;
#8321 = CARTESIAN_POINT ( 'NONE',  ( -1.198213123435256877, 25.34462032016229927, 0.04349857432736185109 ) ) ;
#8322 = CARTESIAN_POINT ( 'NONE',  ( -1.128188976377882513, 24.01267716535440400, 0.000000000000000000 ) ) ;
#8323 = DIRECTION ( 'NONE',  ( 1.000000000000000000, 0.000000000000000000, 0.000000000000000000 ) ) ;
#8324 = CARTESIAN_POINT ( 'NONE',  ( -0.7223165945867111581, 23.92332961641271183, 0.2833138666946402595 ) ) ;
#8325 = ORIENTED_EDGE ( 'NONE', *, *, #5917, .T. ) ;
#8326 = CARTESIAN_POINT ( 'NONE',  ( -2.491496897877490291, 24.89178450368878615, 0.04996530411526008825 ) ) ;
#8327 = CARTESIAN_POINT ( 'NONE',  ( -0.6079203520640109604, 23.94705570843256126, 0.3999999999996841638 ) ) ;
#8328 = DIRECTION ( 'NONE',  ( 0.000000000000000000, 1.000000000000000000, -3.607743797525527770E-15 ) ) ;
#8329 = CARTESIAN_POINT ( 'NONE',  ( -0.8582357052482605386, 25.39427534451597879, 0.2239140750628705601 ) ) ;
#8330 = CARTESIAN_POINT ( 'NONE',  ( -1.232284191390984329, 25.79098308980933751, 0.4499999999996777134 ) ) ;
#8331 = CARTESIAN_POINT ( 'NONE',  ( -2.434230572157539463, 25.74632343626236164, 0.4431958260125121729 ) ) ;
#8332 = CARTESIAN_POINT ( 'NONE',  ( -0.5583753674712260695, 25.31609515211163597, 0.3627168533970113740 ) ) ;
#8333 = AXIS2_PLACEMENT_3D ( 'NONE', #3590, #4908, #7790 ) ;
#8334 = CARTESIAN_POINT ( 'NONE',  ( -2.136632721639979415, 25.78957495543517453, 0.3999999999996776689 ) ) ;
#8335 = EDGE_LOOP ( 'NONE', ( #4, #42, #2763, #4080 ) ) ;
#8336 = CARTESIAN_POINT ( 'NONE',  ( -0.6727720971278857709, 25.28990373214006837, 0.2833484101121837573 ) ) ;
#8337 = ORIENTED_EDGE ( 'NONE', *, *, #7259, .T. ) ;
#8338 = CARTESIAN_POINT ( 'NONE',  ( -2.809396243665736037, 23.88224678421426361, 0.3999999999994637290 ) ) ;
#8339 = ORIENTED_EDGE ( 'NONE', *, *, #2312, .F. ) ;
#8340 = CARTESIAN_POINT ( 'NONE',  ( -0.5520660233511864856, 23.86693308535383196, 0.4021269914585028915 ) ) ;
#8341 = CARTESIAN_POINT ( 'NONE',  ( -2.830726561717512801, 24.29448692276165289, 0.3999999999996830535 ) ) ;
#8342 = CARTESIAN_POINT ( 'NONE',  ( -2.351472912440914609, 23.56192913579883452, 0.4499999999996857070 ) ) ;
#8343 = VERTEX_POINT ( 'NONE', #2143 ) ;
#8344 = CARTESIAN_POINT ( 'NONE',  ( -1.043833688236545321, 24.20209429202971663, 0.05000000000000000278 ) ) ;
#8345 = CARTESIAN_POINT ( 'NONE',  ( -1.405708163236314201, 23.83784394361821057, 0.04749943632945805017 ) ) ;
#8346 = FACE_OUTER_BOUND ( 'NONE', #8386, .T. ) ;
#8347 = CARTESIAN_POINT ( 'NONE',  ( -2.561722810156853658, 25.68083995865647040, 0.3999999999996983746 ) ) ;
#8348 = AXIS2_PLACEMENT_3D ( 'NONE', #4771, #1008, #2512 ) ;
#8349 = PLANE ( 'NONE',  #8348 ) ;
#8350 = CARTESIAN_POINT ( 'NONE',  ( -0.5447313742067375619, 24.10572019904738639, 0.3999999999996836086 ) ) ;
#8351 = CARTESIAN_POINT ( 'NONE',  ( -0.7893482769276428668, 24.02543428946827930, 0.2040890767492321289 ) ) ;
#8352 = CARTESIAN_POINT ( 'NONE',  ( -2.775933775413802262, 24.39560991114744937, 0.2858672912686672229 ) ) ;
#8353 = CARTESIAN_POINT ( 'NONE',  ( -1.460453621820126946, 23.47490305602028471, 0.3459885588861302819 ) ) ;
#8354 = CARTESIAN_POINT ( 'NONE',  ( -0.6833489480958373496, 23.77160624276542933, 0.3707505746583748540 ) ) ;
#8355 = CARTESIAN_POINT ( 'NONE',  ( -1.585244469828650971, 25.74628261184038180, 0.2867766217859670230 ) ) ;
#8356 = CARTESIAN_POINT ( 'NONE',  ( -0.9659030286699999968, 24.08020383210406123, 0.1438565692546620589 ) ) ;
#8357 = CARTESIAN_POINT ( 'NONE',  ( -0.4962992125984483915, 25.39456692907831226, 0.6074803150392300566 ) ) ;
#8358 = CARTESIAN_POINT ( 'NONE',  ( -2.858503937007897289, 23.97916053494371980, 0.3999999999996843303 ) ) ;
#8359 = CARTESIAN_POINT ( 'NONE',  ( -1.043833688236545321, 24.20209429202971663, 0.05000000000000000278 ) ) ;
#8360 = CARTESIAN_POINT ( 'NONE',  ( -2.379992951226928000, 24.15854853908237487, 0.04571679170076901194 ) ) ;
#8361 = VERTEX_POINT ( 'NONE', #7927 ) ;
#8362 = CARTESIAN_POINT ( 'NONE',  ( -2.077395651167651458, 25.39568928262800895, 0.04604361243367374734 ) ) ;
#8363 = CARTESIAN_POINT ( 'NONE',  ( -2.155515324436358071, 24.03517851619325540, 0.05000059710493203607 ) ) ;
#8364 = AXIS2_PLACEMENT_3D ( 'NONE', #1337, #2046, #5661 ) ;
#8365 = B_SPLINE_CURVE_WITH_KNOTS ( 'NONE', 3,
 ( #1984, #2595, #4105, #6174, #4803, #6838 ),
 .UNSPECIFIED., .F., .F.,
 ( 4, 2, 4 ),
 ( 0.01191723441613423175, 0.01483367695057589974, 0.01775011948501756601 ),
 .UNSPECIFIED. ) ;
#8366 = CARTESIAN_POINT ( 'NONE',  ( -2.615148513663485996, 25.00257718117240913, 0.1644666430291475689 ) ) ;
#8367 = CARTESIAN_POINT ( 'NONE',  ( -2.102997341828828137, 23.55949568464335542, 0.2841047095785452781 ) ) ;
#8368 = CARTESIAN_POINT ( 'NONE',  ( -1.008636752958017357, 25.63214972715696405, 0.2825892941114520607 ) ) ;
#8369 = CARTESIAN_POINT ( 'NONE',  ( -0.4962992125984483915, 23.97957799942566481, 0.3999999999996842193 ) ) ;
#8370 = CARTESIAN_POINT ( 'NONE',  ( -0.4728775589132109824, 25.02772374305018488, 0.4431958362722971390 ) ) ;
#8371 = CARTESIAN_POINT ( 'NONE',  ( -1.033371575503320594, 24.08247758952387585, 0.04571512106456208924 ) ) ;
#8372 = EDGE_LOOP ( 'NONE', ( #4433, #2343, #8118, #2351 ) ) ;
#8373 = CARTESIAN_POINT ( 'NONE',  ( -2.498023732609108816, 24.42016267848615740, 0.05001968524735404126 ) ) ;
#8374 = CARTESIAN_POINT ( 'NONE',  ( -0.5842327686801205289, 23.99170418217869738, 0.3999999999996839417 ) ) ;
#8375 = ADVANCED_FACE ( 'NONE', ( #7885 ), #6853, .T. ) ;
#8376 = CARTESIAN_POINT ( 'NONE',  ( -1.126855085505725107, 23.51408168508038088, 0.4499999999996857625 ) ) ;
#8377 = CARTESIAN_POINT ( 'NONE',  ( -0.7835435173307823131, 25.56053022414984000, 0.3427133819712686047 ) ) ;
#8378 = CARTESIAN_POINT ( 'NONE',  ( -0.5356692913897260766, 25.36994673302226033, 0.3940389771887527481 ) ) ;
#8379 = CIRCLE ( 'NONE', #2403, 0.1574803149606300579 ) ;
#8380 = CARTESIAN_POINT ( 'NONE',  ( -2.297910162259456435, 25.10188556012556660, 0.05000000000000000278 ) ) ;
#8381 = CARTESIAN_POINT ( 'NONE',  ( -0.8728769979813286728, 24.35901580967837177, 0.05000000869800403508 ) ) ;
#8382 = CARTESIAN_POINT ( 'NONE',  ( -2.661653543307109793, 23.65834645669293579, 0.3999999999996853295 ) ) ;
#8383 = ORIENTED_EDGE ( 'NONE', *, *, #4772, .F. ) ;
#8384 = CARTESIAN_POINT ( 'NONE',  ( -0.9740354563682335209, 25.12554316509873331, 0.04571741906674426509 ) ) ;
#8385 = CARTESIAN_POINT ( 'NONE',  ( -2.448019648599774278, 24.60259861694120787, 0.000000000000000000 ) ) ;
#8386 = EDGE_LOOP ( 'NONE', ( #6353, #5723, #2240, #4547 ) ) ;
#8387 = CARTESIAN_POINT ( 'NONE',  ( -0.7619233008767493098, 24.01776897965925173, 0.2228699836509797361 ) ) ;
#8388 = CARTESIAN_POINT ( 'NONE',  ( -2.407807594039138799, 24.40919560330971549, 0.04606807752549082341 ) ) ;
#8389 = CARTESIAN_POINT ( 'NONE',  ( -2.067681245460681883, 23.49014410871564706, 0.4499999999996858180 ) ) ;
#8390 = ORIENTED_EDGE ( 'NONE', *, *, #2312, .T. ) ;
#8391 = CARTESIAN_POINT ( 'NONE',  ( -0.9283820888217662048, 24.45328645695757075, 0.05000000000000000278 ) ) ;
#8392 = CARTESIAN_POINT ( 'NONE',  ( -1.161849210003214949, 23.66695645421153316, 0.2243259641646534741 ) ) ;
#8393 = CARTESIAN_POINT ( 'NONE',  ( -2.822935018001127894, 25.11048022669690383, 0.4499999999996802114 ) ) ;
#8394 = CARTESIAN_POINT ( 'NONE',  ( -0.8725757044436868171, 24.92607932487999278, -1.502516396515344672E-15 ) ) ;
#8395 = CARTESIAN_POINT ( 'NONE',  ( -2.031505286397513377, 25.42212598425222936, 0.05000000000000000971 ) ) ;
#8396 = ADVANCED_FACE ( 'NONE', ( #3225 ), #1070, .T. ) ;
#8397 = LINE ( 'NONE', #4820, #6116 ) ;
#8398 = CARTESIAN_POINT ( 'NONE',  ( -1.445364654980221930, 23.61271964217685948, 0.2260063538814952588 ) ) ;
#8399 = EDGE_CURVE ( 'NONE', #5101, #8316, #5436, .T. ) ;
#8400 = CARTESIAN_POINT ( 'NONE',  ( -1.452086337866287158, 23.90457053306868573, 0.05000000000000000278 ) ) ;
#8401 = CARTESIAN_POINT ( 'NONE',  ( -1.811401050725217177, 25.87707284322664236, 0.4061912573255329062 ) ) ;
#8402 = CARTESIAN_POINT ( 'NONE',  ( -0.9792865532434753550, 24.09369469823272780, 0.1307694481744385295 ) ) ;
#8403 = LINE ( 'NONE', #8258, #5572 ) ;
#8404 = CARTESIAN_POINT ( 'NONE',  ( -1.325320769396233223, 23.48934458849233309, 0.3999999999996858291 ) ) ;
#8405 = ADVANCED_FACE ( 'NONE', ( #6149 ), #5412, .T. ) ;
#8406 = ADVANCED_FACE ( 'NONE', ( #1815 ), #6813, .F. ) ;
#8407 = DIRECTION ( 'NONE',  ( -6.123233995736998996E-17, -3.552713678800503296E-15, -1.000000000000000000 ) ) ;
#8408 = CARTESIAN_POINT ( 'NONE',  ( -2.727987880067649584, 23.90916152559132613, 0.3427129054156357046 ) ) ;
#8409 = ORIENTED_EDGE ( 'NONE', *, *, #3094, .F. ) ;
#8410 = CARTESIAN_POINT ( 'NONE',  ( -2.313133480324987001, 25.33540682702412994, 0.1051148042984060837 ) ) ;
#8411 = CARTESIAN_POINT ( 'NONE',  ( -2.661653543307109793, 23.65834645669293579, 0.4499999999996853184 ) ) ;
#8412 = EDGE_CURVE ( 'NONE', #8785, #7751, #7555, .T. ) ;
#8413 = CARTESIAN_POINT ( 'NONE',  ( -2.477681452090549907, 24.91895578987638160, 0.04520029189944060194 ) ) ;
#8414 = CARTESIAN_POINT ( 'NONE',  ( -2.225046837403063194, 23.78007167682061507, 0.1630852390728120549 ) ) ;
#8415 = CARTESIAN_POINT ( 'NONE',  ( -1.214307346557492506, 25.45452530596349305, 0.1034594973780136040 ) ) ;
#8416 = CARTESIAN_POINT ( 'NONE',  ( -0.000000000000000000, 23.86307086614182182, 0.000000000000000000 ) ) ;
#8417 = CARTESIAN_POINT ( 'NONE',  ( -1.384748573948390460, 23.48934458848690809, 0.3999999999996858291 ) ) ;
#8418 = CARTESIAN_POINT ( 'NONE',  ( -0.9435936977928655045, 24.05689643894577401, 0.1051148096419610989 ) ) ;
#8419 = EDGE_LOOP ( 'NONE', ( #1357, #8243, #1049, #9254 ) ) ;
#8420 = CARTESIAN_POINT ( 'NONE',  ( -1.325320769396403975, 23.48934458847916673, 0.4499999999996858180 ) ) ;
#8421 = CARTESIAN_POINT ( 'NONE',  ( -2.327977069903689689, 23.54927323163838793, 0.3999999999996856626 ) ) ;
#8422 = CARTESIAN_POINT ( 'NONE',  ( -0.8978740157478374284, 24.05504365024932056, 0.1309213700780064993 ) ) ;
#8423 = CARTESIAN_POINT ( 'NONE',  ( -1.061078502216304731, 25.35125243975838671, 0.1051147740731630809 ) ) ;
#8424 = VECTOR ( 'NONE', #6754, 39.37007874015748143 ) ;
#8425 = EDGE_CURVE ( 'NONE', #3767, #2210, #6101, .T. ) ;
#8426 = CARTESIAN_POINT ( 'NONE',  ( -0.5356692913906700992, 25.38686721799225410, 0.3999999999999080402 ) ) ;
#8427 = CARTESIAN_POINT ( 'NONE',  ( -2.726776011692007895, 25.36871427429952064, 0.3999999999996792233 ) ) ;
#8428 = CARTESIAN_POINT ( 'NONE',  ( -0.8479664990607087560, 24.46159737116033384, 0.04999999999999989869 ) ) ;
#8429 = CARTESIAN_POINT ( 'NONE',  ( -2.456929133858065661, 24.99667416960728161, 0.05000000000000000278 ) ) ;
#8430 = VECTOR ( 'NONE', #6834, 39.37007874015748143 ) ;
#8431 = ORIENTED_EDGE ( 'NONE', *, *, #3359, .T. ) ;
#8432 = CARTESIAN_POINT ( 'NONE',  ( -2.287637795275386576, 24.03236220472450313, 0.000000000000000000 ) ) ;
#8433 = ORIENTED_EDGE ( 'NONE', *, *, #1871, .F. ) ;
#8434 = CARTESIAN_POINT ( 'NONE',  ( -0.9393955215567674211, 24.22112456532895308, 0.04379133897013312571 ) ) ;
#8435 = CIRCLE ( 'NONE', #5110, 0.08858267716535331293 ) ;
#8436 = CARTESIAN_POINT ( 'NONE',  ( -2.379465503790492154, 24.33490612546740195, 0.04606807752549080259 ) ) ;
#8437 = CARTESIAN_POINT ( 'NONE',  ( -2.661653543307109793, 25.71543307086616181, 0.3999999999996779465 ) ) ;
#8438 = B_SPLINE_CURVE_WITH_KNOTS ( 'NONE', 3,
 ( #8718, #2142, #5800, #1480, #7134, #4406, #7972, #9247, #731, #3599, #6476, #4352, #8023, #34, #2896, #2226, #8622, #2275, #2183, #3690, #6563, #7218, #1574, #779, #3646, #2812, #6519, #4448, #648, #3512, #5676, #170, #6812, #4585, #8256, #311, #8160, #1668, #5240, #3078, #3173 ),
 .UNSPECIFIED., .F., .F.,
 ( 4, 2, 2, 2, 2, 1, 1, 1, 1, 2, 2, 2, 2, 1, 1, 1, 2, 2, 2, 2, 2, 1, 1, 2, 4 ),
 ( 0.000000000000000000, 0.1249999999995223543, 0.1874999999992807143, 0.2187499999991598665, 0.2343749999990994703, 0.2421874999990692723, 0.2460937499990532018, 0.2480468749990451804, 0.2490234374990415167, 0.2495117187490397126, 0.2499999999990379085, 0.3749999999991286970, 0.4374999999991741051, 0.4687499999991975308, 0.4843749999992091326, 0.4921874999992156829, 0.4960937499992196797, 0.4999999999992236210, 0.7499999999996125322, 0.8749999999998070432, 0.9374999999999042988, 0.9687499999999549249, 0.9843749999999802380, 0.9921874999999901190, 1.000000000000000000 ),
 .UNSPECIFIED. ) ;
#8439 = VERTEX_POINT ( 'NONE', #6860 ) ;
#8440 = CARTESIAN_POINT ( 'NONE',  ( -0.9470598683878194146, 24.40898611068733359, 0.04606796130808338968 ) ) ;
#8441 = CARTESIAN_POINT ( 'NONE',  ( -1.283135169450370983, 23.63120423643895052, 0.2253865692986354030 ) ) ;
#8442 = CARTESIAN_POINT ( 'NONE',  ( -2.409430751987573949, 23.49387040034471497, 0.3999999999996844413 ) ) ;
#8443 = CARTESIAN_POINT ( 'NONE',  ( -0.5845830128234599243, 25.29225030066925584, 0.4499999999996793787 ) ) ;
#8444 = DIRECTION ( 'NONE',  ( -0.000000000000000000, -0.000000000000000000, 1.000000000000000000 ) ) ;
#8445 = DIRECTION ( 'NONE',  ( -0.000000000000000000, 0.000000000000000000, 1.000000000000000000 ) ) ;
#8446 = AXIS2_PLACEMENT_3D ( 'NONE', #288, #6931, #4610 ) ;
#8447 = CARTESIAN_POINT ( 'NONE',  ( -1.423976397312416431, 23.40715378644435773, 0.4057193131784814222 ) ) ;
#8448 = CARTESIAN_POINT ( 'NONE',  ( -2.388031496062929637, 24.01267716535440400, 0.2999999999999999889 ) ) ;
#8449 = CARTESIAN_POINT ( 'NONE',  ( -1.804208734777049905, 25.81119289967989872, 0.3463992851839308162 ) ) ;
#8450 = CARTESIAN_POINT ( 'NONE',  ( -0.6537795276673362688, 23.46149606299214696, 0.6074803150392285023 ) ) ;
#8451 = CARTESIAN_POINT ( 'NONE',  ( -2.256481232699877104, 24.13039434725179078, 0.000000000000000000 ) ) ;
#8452 = CARTESIAN_POINT ( 'NONE',  ( -1.171617762002056917, 23.50325407111614240, 0.4499999999996858180 ) ) ;
#8453 = AXIS2_PLACEMENT_3D ( 'NONE', #9273, #2122, #3580 ) ;
#8454 = ORIENTED_EDGE ( 'NONE', *, *, #7566, .F. ) ;
#8455 = DIRECTION ( 'NONE',  ( -0.000000000000000000, -0.000000000000000000, -1.000000000000000000 ) ) ;
#8456 = CARTESIAN_POINT ( 'NONE',  ( -0.8991638395481702517, 25.76256063276396446, 0.3999999999996769473 ) ) ;
#8457 = CARTESIAN_POINT ( 'NONE',  ( -2.257229956348206112, 25.48710835415431575, 0.1645167866205927143 ) ) ;
#8458 = CARTESIAN_POINT ( 'NONE',  ( -0.6537795279366294121, 25.82370078740159869, 0.6074803150392285023 ) ) ;
#8459 = CARTESIAN_POINT ( 'NONE',  ( -2.886394977532090955, 25.24179766673493930, 0.4028395748329681170 ) ) ;
#8460 = CARTESIAN_POINT ( 'NONE',  ( -2.352496945901390912, 23.55689625798889963, 0.3424520663955368804 ) ) ;
#8461 = CARTESIAN_POINT ( 'NONE',  ( -1.083715780882740676, 25.57761919553186658, 0.2228619276760250012 ) ) ;
#8462 = LINE ( 'NONE', #8501, #3486 ) ;
#8463 = CARTESIAN_POINT ( 'NONE',  ( -0.9388727080418117765, 24.86627293486208856, 0.05000000000000000278 ) ) ;
#8464 = CARTESIAN_POINT ( 'NONE',  ( -1.047480314960560932, 25.27251968503944468, 0.05000000000000000278 ) ) ;
#8465 = CARTESIAN_POINT ( 'NONE',  ( -2.774888831916043852, 25.39542075926654974, 0.4381353998082430645 ) ) ;
#8466 = ORIENTED_EDGE ( 'NONE', *, *, #5923, .F. ) ;
#8467 = CARTESIAN_POINT ( 'NONE',  ( -2.413031496062921999, 25.27251968503944468, 0.1865635972340143889 ) ) ;
#8468 = CARTESIAN_POINT ( 'NONE',  ( -0.6931496062992357210, 23.74692913385828774, 0.3999999999996848299 ) ) ;
#8469 = CARTESIAN_POINT ( 'NONE',  ( -0.7507996861895763763, 25.40125511225995325, 0.2833124803974954586 ) ) ;
#8470 = CIRCLE ( 'NONE', #7094, 0.08858267716535331293 ) ;
#8471 = CARTESIAN_POINT ( 'NONE',  ( -1.088548675707155855, 25.76117567159943889, 0.4499999999996778244 ) ) ;
#8472 = CARTESIAN_POINT ( 'NONE',  ( -1.530559085175850820, 23.80652317537618146, 0.000000000000000000 ) ) ;
#8473 = CARTESIAN_POINT ( 'NONE',  ( -0.8724950472654415812, 24.36028525067299810, 0.05000000000000010686 ) ) ;
#8474 = LINE ( 'NONE', #2031, #3621 ) ;
#8475 = ORIENTED_EDGE ( 'NONE', *, *, #834, .F. ) ;
#8476 = CARTESIAN_POINT ( 'NONE',  ( -0.9473576778294683365, 25.37284430155477466, 0.1701504775379621137 ) ) ;
#8477 = EDGE_LOOP ( 'NONE', ( #618, #221, #7950, #7180, #4109, #5368, #4568, #5682, #2784, #7482, #9160, #129, #755, #8273, #7858, #951, #9106, #5545, #1259, #4261 ) ) ;
#8478 = AXIS2_PLACEMENT_3D ( 'NONE', #3989, #464, #2675 ) ;
#8479 = CARTESIAN_POINT ( 'NONE',  ( -2.881896937171541939, 24.27487423127674049, 0.4431922474509173426 ) ) ;
#8480 = CARTESIAN_POINT ( 'NONE',  ( -0.8978740157478266593, 24.11615396734632455, 0.1064159396178811084 ) ) ;
#8481 = ORIENTED_EDGE ( 'NONE', *, *, #1013, .F. ) ;
#8482 = CARTESIAN_POINT ( 'NONE',  ( -0.9639730947393985172, 24.36189802011879380, 0.04606796130808336193 ) ) ;
#8483 = CARTESIAN_POINT ( 'NONE',  ( -0.9999918975947716948, 23.55716114276174267, 0.3427977998719335950 ) ) ;
#8484 = FACE_OUTER_BOUND ( 'NONE', #7834, .T. ) ;
#8485 = LINE ( 'NONE', #626, #677 ) ;
#8486 = EDGE_CURVE ( 'NONE', #281, #5488, #8209, .T. ) ;
#8487 = CARTESIAN_POINT ( 'NONE',  ( -2.797363826577122126, 25.42083610383100378, 0.3999999999996797784 ) ) ;
#8488 = CARTESIAN_POINT ( 'NONE',  ( -1.055444236284974524, 25.82370078740164843, 0.3891820859000009181 ) ) ;
#8489 = CARTESIAN_POINT ( 'NONE',  ( -2.366957530910638763, 23.65037043782231407, 0.2921073047917158716 ) ) ;
#8490 = CARTESIAN_POINT ( 'NONE',  ( -1.857439810452061080, 25.60757776322123291, 0.1664791805974762118 ) ) ;
#8491 = CARTESIAN_POINT ( 'NONE',  ( -0.5692737558774365603, 25.54193487212240754, 0.4499999999996784905 ) ) ;
#8492 = CARTESIAN_POINT ( 'NONE',  ( -2.307322834645600285, 25.27251968503944468, 0.2999999999999999889 ) ) ;
#8493 = CARTESIAN_POINT ( 'NONE',  ( -1.056671749495776691, 23.53567855262043906, 0.4499999999996857625 ) ) ;
#8494 = CARTESIAN_POINT ( 'NONE',  ( -0.7297946350971420415, 23.69499153942130931, 0.4431958470681031659 ) ) ;
#8495 = CARTESIAN_POINT ( 'NONE',  ( -0.9667716535432391289, 24.01267716535440400, 0.000000000000000000 ) ) ;
#8496 = CARTESIAN_POINT ( 'NONE',  ( -2.381733495898306074, 25.50284841255039581, 0.2239129368740229997 ) ) ;
#8497 = CARTESIAN_POINT ( 'NONE',  ( -2.680982267892426218, 23.77065920324182713, 0.3761264771916971172 ) ) ;
#8498 = CARTESIAN_POINT ( 'NONE',  ( -2.538901688065779094, 24.98390147898805580, 0.1044971658643906731 ) ) ;
#8499 = CARTESIAN_POINT ( 'NONE',  ( -1.927009321255872543, 23.83425202521486241, 0.04560553952881444412 ) ) ;
#8500 = CARTESIAN_POINT ( 'NONE',  ( -1.105109895019450450, 25.48953122318453168, 0.1630452523917774732 ) ) ;
#8501 = CARTESIAN_POINT ( 'NONE',  ( -0.6931496062992357210, 25.74043307086616039, 0.1999999999996777966 ) ) ;
#8502 = CARTESIAN_POINT ( 'NONE',  ( -1.314309874097536746, 23.48934458849334206, 0.3999999999996858291 ) ) ;
#8503 = CARTESIAN_POINT ( 'NONE',  ( -0.9781878778146095854, 24.15368264639482376, 0.04571512479147531172 ) ) ;
#8504 = CARTESIAN_POINT ( 'NONE',  ( -2.723098043785147304, 25.37415958164583785, 0.3999999999996792233 ) ) ;
#8505 = ORIENTED_EDGE ( 'NONE', *, *, #3122, .T. ) ;
#8506 = CARTESIAN_POINT ( 'NONE',  ( -2.771392036708912432, 24.29550577203328032, 0.2857262730779220328 ) ) ;
#8507 = ORIENTED_EDGE ( 'NONE', *, *, #1739, .T. ) ;
#8508 = CARTESIAN_POINT ( 'NONE',  ( -0.5356692913906700992, 25.38686721799225410, 0.3999999999999080402 ) ) ;
#8509 = CARTESIAN_POINT ( 'NONE',  ( -0.9716235277129003922, 25.60773194529074459, 0.2833137327982243603 ) ) ;
#8510 = DIRECTION ( 'NONE',  ( -1.000000000000000000, 0.000000000000000000, 0.000000000000000000 ) ) ;
#8511 = DIRECTION ( 'NONE',  ( 1.000000000000000000, 0.000000000000000000, -6.123233995736998996E-17 ) ) ;
#8512 = CARTESIAN_POINT ( 'NONE',  ( -0.8628910210317949359, 24.39507097034799443, 0.04999989743322172386 ) ) ;
#8513 = ORIENTED_EDGE ( 'NONE', *, *, #7603, .T. ) ;
#8514 = CARTESIAN_POINT ( 'NONE',  ( -1.314730370039630669, 25.79574427041153228, 0.4499999999996778244 ) ) ;
#8515 = ORIENTED_EDGE ( 'NONE', *, *, #637, .F. ) ;
#8516 = CARTESIAN_POINT ( 'NONE',  ( -2.319473416982855696, 24.21449656433622621, 0.05000000000000000971 ) ) ;
#8517 = CARTESIAN_POINT ( 'NONE',  ( -2.914012557333247599, 24.29265114764638511, 0.4051878627466370397 ) ) ;
#8518 = DIRECTION ( 'NONE',  ( -1.000000000000000000, 0.000000000000000000, 0.000000000000000000 ) ) ;
#8519 = VERTEX_POINT ( 'NONE', #2622 ) ;
#8520 = CARTESIAN_POINT ( 'NONE',  ( -0.9400524554138973699, 24.87013723947716670, 0.05000000000000000278 ) ) ;
#8521 = CARTESIAN_POINT ( 'NONE',  ( -1.030095988804482277, 23.63796920991088513, 0.2833485493367955965 ) ) ;
#8522 = CARTESIAN_POINT ( 'NONE',  ( -2.725141349756391662, 23.91413158618367873, 0.3999999999996843858 ) ) ;
#8523 = CARTESIAN_POINT ( 'NONE',  ( -1.942814495896538762, 25.45257582347653269, 0.05000000000000000971 ) ) ;
#8524 = VERTEX_POINT ( 'NONE', #6379 ) ;
#8525 = CYLINDRICAL_SURFACE ( 'NONE', #1444, 0.1692913385826795569 ) ;
#8526 = EDGE_CURVE ( 'NONE', #1986, #6002, #5531, .T. ) ;
#8527 = CARTESIAN_POINT ( 'NONE',  ( -1.433781089909061723, 25.82370078740159158, 0.3579026436277384926 ) ) ;
#8528 = DIRECTION ( 'NONE',  ( 0.000000000000000000, -1.000000000000000000, 3.854941057726282076E-15 ) ) ;
#8529 = CARTESIAN_POINT ( 'NONE',  ( -2.051676325831618630, 25.87955510661562641, 0.4050347683703242052 ) ) ;
#8530 = DIRECTION ( 'NONE',  ( 1.000000000000000000, 0.000000000000000000, 0.000000000000000000 ) ) ;
#8531 = CARTESIAN_POINT ( 'NONE',  ( -1.811267043855663283, 23.88117143464400272, -0.000000000000000000 ) ) ;
#8532 = CARTESIAN_POINT ( 'NONE',  ( -0.9534616470374677188, 23.59178277206937580, 0.3999999999996854405 ) ) ;
#8533 = EDGE_LOOP ( 'NONE', ( #4277, #105, #140, #7910 ) ) ;
#8534 = CARTESIAN_POINT ( 'NONE',  ( -0.6493780749546365083, 23.78289764508331672, 0.4431958470681016116 ) ) ;
#8535 = DIRECTION ( 'NONE',  ( 0.000000000000000000, 0.000000000000000000, -1.000000000000000000 ) ) ;
#8536 = CARTESIAN_POINT ( 'NONE',  ( -2.432032314893580960, 25.67799317540085724, 0.3427143620348667152 ) ) ;
#8537 = CARTESIAN_POINT ( 'NONE',  ( -0.5553543307086845626, 25.31609515212669592, 0.3999999999996793343 ) ) ;
#8538 = B_SPLINE_CURVE_WITH_KNOTS ( 'NONE', 3,
 ( #635, #4258, #7169, #4826, #7703, #9147, #7833, #9191, #2133, #9285, #4909 ),
 .UNSPECIFIED., .F., .F.,
 ( 4, 2, 1, 2, 2, 4 ),
 ( 0.000000000000000000, 0.06249999999997017663, 0.1249999999999403533, 0.2499999999998845368, 0.4999999999998846478, 1.000000000000000000 ),
 .UNSPECIFIED. ) ;
#8539 = CARTESIAN_POINT ( 'NONE',  ( -2.550604618395917456, 24.94181191029976929, 0.1050138952453626845 ) ) ;
#8540 = CARTESIAN_POINT ( 'NONE',  ( -1.961375729461251938, 23.84475287656341180, 0.04508910745127479164 ) ) ;
#8541 = CARTESIAN_POINT ( 'NONE',  ( -1.228571780739466046, 25.36424939748213703, 0.04355900663532796119 ) ) ;
#8542 = CARTESIAN_POINT ( 'NONE',  ( -2.254326647282682394, 25.76356988517947499, 0.4499999999996778799 ) ) ;
#8543 = CARTESIAN_POINT ( 'NONE',  ( -0.9966766533956991081, 25.00642008572351926, 0.05000000000000000971 ) ) ;
#8544 = CARTESIAN_POINT ( 'NONE',  ( -1.067165354330504634, 24.03236220472450313, 0.05000000000000000278 ) ) ;
#8545 = CARTESIAN_POINT ( 'NONE',  ( -2.820632432346003693, 25.31335780159682969, 0.4381353998082436196 ) ) ;
#8546 = ORIENTED_EDGE ( 'NONE', *, *, #1407, .F. ) ;
#8547 = CARTESIAN_POINT ( 'NONE',  ( -2.843327798149129837, 24.29002928172329945, 0.3454091502787413615 ) ) ;
#8548 = VERTEX_POINT ( 'NONE', #4209 ) ;
#8549 = CARTESIAN_POINT ( 'NONE',  ( -0.8798142987851370611, 24.33589030433403266, 0.05000000000000192485 ) ) ;
#8550 = CARTESIAN_POINT ( 'NONE',  ( -1.145108867910779926, 25.30948819706991415, 0.04571512641334236210 ) ) ;
#8551 = CARTESIAN_POINT ( 'NONE',  ( -2.081328642017629349, 25.82370078740162000, 0.3593552785558226104 ) ) ;
#8552 = DIRECTION ( 'NONE',  ( 6.123233995736998996E-17, 3.552713678800503296E-15, 1.000000000000000000 ) ) ;
#8553 = DIRECTION ( 'NONE',  ( -6.123233995736998996E-17, -3.552713678800503296E-15, -1.000000000000000000 ) ) ;
#8554 = ORIENTED_EDGE ( 'NONE', *, *, #5762, .T. ) ;
#8555 = CARTESIAN_POINT ( 'NONE',  ( -1.112638401511348407, 25.76733900316936499, 0.4499999999996777134 ) ) ;
#8556 = ORIENTED_EDGE ( 'NONE', *, *, #7848, .F. ) ;
#8557 = CARTESIAN_POINT ( 'NONE',  ( -0.8678324889006001630, 24.39682935187172319, 0.04577770489346821847 ) ) ;
#8558 = EDGE_CURVE ( 'NONE', #2149, #7022, #5285, .T. ) ;
#8559 = CARTESIAN_POINT ( 'NONE',  ( -2.763201223367638182, 23.97801917379565495, 0.3999999999996844413 ) ) ;
#8560 = CARTESIAN_POINT ( 'NONE',  ( -2.501073903743967985, 24.45458605624730453, 0.04648465810374041718 ) ) ;
#8561 = EDGE_CURVE ( 'NONE', #9033, #5827, #8379, .T. ) ;
#8562 = ADVANCED_FACE ( 'NONE', ( #7748 ), #6333, .F. ) ;
#8563 = VERTEX_POINT ( 'NONE', #7042 ) ;
#8564 = CARTESIAN_POINT ( 'NONE',  ( -0.4726410236725714364, 25.02187382236348867, 0.4432038691916587725 ) ) ;
#8565 = CARTESIAN_POINT ( 'NONE',  ( -1.160011380293740624, 23.41638060574453561, 0.4035129743838094529 ) ) ;
#8566 = CARTESIAN_POINT ( 'NONE',  ( -0.5241477381242682920, 24.99467927368627329, 0.4499999999996804334 ) ) ;
#8567 = B_SPLINE_SURFACE_WITH_KNOTS ( 'NONE', 3, 1, ( 
 ( #8244, #857, #3021, #2315 ),
 ( #5179, #4064, #6278, #4159 ),
 ( #6895, #1853, #7031, #3313 ),
 ( #5424, #8344, #6987, #1900 ),
 ( #3406, #579, #2751, #5609 ),
 ( #8299, #5471, #2700, #494 ),
 ( #6944, #7690, #4767, #3965 ),
 ( #1995, #3448, #4721, #1245 ),
 ( #3360, #9136, #6322, #7645 ),
 ( #1104, #4117, #4814, #8998 ),
 ( #7543, #6235, #9090, #2556 ),
 ( #8482, #2041, #536, #2655 ),
 ( #5562, #6848, #1201, #402 ),
 ( #8440, #9177, #5521, #4857 ),
 ( #7592, #8391, #446, #7738 ),
 ( #1950, #1285, #3262, #6137 ),
 ( #2610, #1152, #4017, #6186 ),
 ( #9043, #8646, #6412, #4332 ),
 ( #670, #2836, #2164, #7865 ),
 ( #3623, #8604, #3538, #5025 ),
 ( #7197, #8520, #7820, #2792 ),
 ( #1417, #6369, #4294, #5696 ),
 ( #7907, #1330, #9226, #8564 ) ),
 .UNSPECIFIED., .F., .F., .F.,
 ( 4, 3, 1, 1, 1, 1, 1, 1, 1, 1, 2, 1, 1, 1, 3, 4 ),
 ( 2, 1, 1, 2 ),
 ( -0.01000000000000000021, 0.000000000000000000, 0.02202113427404911103, 0.04404226854809822206, 0.08808453709619644412, 0.1321268056442946870, 0.1761690741923928882, 0.2202113427404911172, 0.2642536112885893185, 0.3082958798366876030, 0.3523381483847857765, 0.5142536112885893740, 0.6761690741923930270, 0.8380845370961964580, 1.000000000000000000, 1.010000000000000009 ),
 ( -0.01123439626262908060, 0.000000000000000000, 1.000000000000000000, 1.123439626262908053 ),
 .UNSPECIFIED. ) ;
#8568 = ORIENTED_EDGE ( 'NONE', *, *, #6622, .F. ) ;
#8569 = EDGE_CURVE ( 'NONE', #1974, #1676, #7773, .T. ) ;
#8570 = CARTESIAN_POINT ( 'NONE',  ( -0.8978740157478285466, 24.99670207428481206, 0.05000000000000007216 ) ) ;
#8571 = CARTESIAN_POINT ( 'NONE',  ( -1.476262065000094159, 25.82370078740160935, 0.3578415847640539771 ) ) ;
#8572 = CARTESIAN_POINT ( 'NONE',  ( -0.7098219651300685662, 24.93232960397465092, 0.1783073821489569721 ) ) ;
#8573 = CARTESIAN_POINT ( 'NONE',  ( -2.009470272288664372, 25.73693324441984842, 0.2851769981960296518 ) ) ;
#8574 = AXIS2_PLACEMENT_3D ( 'NONE', #8578, #7001, #551 ) ;
#8575 = DIRECTION ( 'NONE',  ( 6.123233995736998996E-17, 3.552713678800503296E-15, 1.000000000000000000 ) ) ;
#8576 = CYLINDRICAL_SURFACE ( 'NONE', #8333, 0.1057086614173214645 ) ;
#8577 = DIRECTION ( 'NONE',  ( -6.123233995736998996E-17, -3.552713678800503296E-15, -1.000000000000000000 ) ) ;
#8578 = CARTESIAN_POINT ( 'NONE',  ( -0.6931496062992357210, 25.62685039370080986, 0.1999999999996782130 ) ) ;
#8579 = CARTESIAN_POINT ( 'NONE',  ( -2.324876433830109335, 25.54422660205304396, 0.2239152460330162131 ) ) ;
#8580 = EDGE_CURVE ( 'NONE', #9033, #5936, #6997, .T. ) ;
#8581 = FACE_BOUND ( 'NONE', #5975, .T. ) ;
#8582 = CARTESIAN_POINT ( 'NONE',  ( -2.488949761726530596, 24.88061886798795896, 0.04578346212873543597 ) ) ;
#8583 = CARTESIAN_POINT ( 'NONE',  ( -2.033938404259425070, 23.62564706812642257, 0.2246839281647456943 ) ) ;
#8584 = CARTESIAN_POINT ( 'NONE',  ( -1.225298242462371290, 25.55265636472008595, 0.1635698933364407581 ) ) ;
#8585 = CARTESIAN_POINT ( 'NONE',  ( -2.186674471357033855, 25.78109627293116901, 0.4499999999996778799 ) ) ;
#8586 = CIRCLE ( 'NONE', #7235, 0.08858267716535331293 ) ;
#8587 = CARTESIAN_POINT ( 'NONE',  ( -1.241122732766809067, 25.27910414650485293, 0.05000000000000000278 ) ) ;
#8588 = CARTESIAN_POINT ( 'NONE',  ( -0.9816759177409909443, 24.14870058500260086, 0.04571512509104064953 ) ) ;
#8589 = CARTESIAN_POINT ( 'NONE',  ( -2.878612184976197419, 25.11351269473880876, 0.4432038974321821367 ) ) ;
#8590 = VERTEX_POINT ( 'NONE', #2760 ) ;
#8591 = DIRECTION ( 'NONE',  ( -1.000000000000000000, -7.255119411852553569E-11, 9.698942574452101010E-17 ) ) ;
#8592 = VERTEX_POINT ( 'NONE', #546 ) ;
#8593 = CARTESIAN_POINT ( 'NONE',  ( -1.135832736197726067, 25.30186822707200633, 0.04571512522548331486 ) ) ;
#8594 = CARTESIAN_POINT ( 'NONE',  ( -0.8250947818446182636, 24.07837478948285082, 0.1631285229834336936 ) ) ;
#8595 = CARTESIAN_POINT ( 'NONE',  ( -0.6525233327852308918, 24.93417567683817637, 0.2255082185481564194 ) ) ;
#8596 = CARTESIAN_POINT ( 'NONE',  ( -1.835238119799104117, 23.80825602243062633, 0.05000000000000000971 ) ) ;
#8597 = CARTESIAN_POINT ( 'NONE',  ( -0.8464608877671975229, 24.81307293248101331, 0.05000000091548906928 ) ) ;
#8598 = EDGE_LOOP ( 'NONE', ( #5695, #3037, #15, #7737, #6571 ) ) ;
#8599 = CARTESIAN_POINT ( 'NONE',  ( -1.254996630377487987, 25.79313283289477710, 0.4499999999996775468 ) ) ;
#8600 = CARTESIAN_POINT ( 'NONE',  ( -0.7811262201952842155, 24.46238864473507135, 0.1066479505329589739 ) ) ;
#8601 = CARTESIAN_POINT ( 'NONE',  ( -2.310507226088406529, 24.20142946928619310, 0.05000000000000000278 ) ) ;
#8602 = DIRECTION ( 'NONE',  ( 0.000000000000000000, 0.000000000000000000, -1.000000000000000000 ) ) ;
#8603 = VERTEX_POINT ( 'NONE', #8491 ) ;
#8604 = CARTESIAN_POINT ( 'NONE',  ( -0.9393736150989118183, 24.86791367380186202, 0.05000000000000000278 ) ) ;
#8605 = CARTESIAN_POINT ( 'NONE',  ( -1.097573239321490979, 23.79808884850928763, 0.1645168044657878970 ) ) ;
#8606 = CARTESIAN_POINT ( 'NONE',  ( -0.7260664794496003438, 24.94525746687323320, 0.1666630081253647755 ) ) ;
#8607 = ORIENTED_EDGE ( 'NONE', *, *, #8246, .F. ) ;
#8608 = FACE_OUTER_BOUND ( 'NONE', #1964, .T. ) ;
#8609 = CARTESIAN_POINT ( 'NONE',  ( -1.385842942980435311, 23.61778589377667714, 0.2254524898596487470 ) ) ;
#8610 = CARTESIAN_POINT ( 'NONE',  ( -2.413031496062921555, 25.27251968503944468, 0.2999999999999999889 ) ) ;
#8611 = CARTESIAN_POINT ( 'NONE',  ( -1.879750722736339696, 25.53511760021217114, 0.1062881985151079567 ) ) ;
#8612 = FACE_BOUND ( 'NONE', #735, .T. ) ;
#8613 = CARTESIAN_POINT ( 'NONE',  ( -0.8069028683089206622, 23.66527441005017351, 0.3618174140106644177 ) ) ;
#8614 = CARTESIAN_POINT ( 'NONE',  ( -0.4962992125984483915, 25.39456692907831226, 0.6074803150392300566 ) ) ;
#8615 = CARTESIAN_POINT ( 'NONE',  ( -0.9417716535432395508, 25.26543772565242918, 0.1833675778953210989 ) ) ;
#8616 = CARTESIAN_POINT ( 'NONE',  ( -2.725140777349642995, 25.37106619593519596, 0.3999999999996792233 ) ) ;
#8617 = CARTESIAN_POINT ( 'NONE',  ( -2.757692313555895058, 25.48023035807356962, 0.4021132344807484826 ) ) ;
#8618 = CARTESIAN_POINT ( 'NONE',  ( -1.619385736529948216, 23.86841438442993990, 0.05000000000000000278 ) ) ;
#8619 = CARTESIAN_POINT ( 'NONE',  ( -2.843058045225050012, 24.98900711895219473, 0.3451544093850227868 ) ) ;
#8620 = CARTESIAN_POINT ( 'NONE',  ( -2.071208123173942983, 23.47907927613525203, 0.3446230817563329940 ) ) ;
#8621 = CARTESIAN_POINT ( 'NONE',  ( -1.271575412642647729, 25.80523441857200595, 0.3444764670674441698 ) ) ;
#8622 = CARTESIAN_POINT ( 'NONE',  ( -1.469446037645003367, 25.46632330587115334, 0.04999999999999937134 ) ) ;
#8623 = CARTESIAN_POINT ( 'NONE',  ( -0.6032079357537024622, 25.32909156344599211, 0.3999999999996800559 ) ) ;
#8624 = CARTESIAN_POINT ( 'NONE',  ( -2.310969730133898281, 24.20209467997339559, 0.05000000000000000278 ) ) ;
#8625 = CARTESIAN_POINT ( 'NONE',  ( -2.865380848061596097, 25.16290648763367344, 0.4381353998082442858 ) ) ;
#8626 = EDGE_LOOP ( 'NONE', ( #2507, #622, #1949, #5159 ) ) ;
#8627 = VECTOR ( 'NONE', #8444, 39.37007874015748143 ) ;
#8628 = CARTESIAN_POINT ( 'NONE',  ( -2.697178951136705916, 24.29562913892337761, 0.2259299011207974994 ) ) ;
#8629 = EDGE_LOOP ( 'NONE', ( #5198, #4983, #3622, #7294 ) ) ;
#8630 = CARTESIAN_POINT ( 'NONE',  ( -0.9427470896235232711, 25.68625214469835782, 0.3999999999996779465 ) ) ;
#8631 = CARTESIAN_POINT ( 'NONE',  ( -1.041290743684954778, 25.55227913533076745, 0.2239140801991024721 ) ) ;
#8632 = CARTESIAN_POINT ( 'NONE',  ( -0.6350846386952763156, 24.07474295467496006, 0.2829949745299534802 ) ) ;
#8633 = B_SPLINE_CURVE_WITH_KNOTS ( 'NONE', 3,
 ( #3585, #6458, #17, #2881, #584, #2168, #6327, #2756, #5029, #7911, #1466, #7784, #4205, #627, #3497, #6374, #9231, #2797, #5271, #8793, #4434, #2356, #3673, #6596, #6547, #8747, #3109, #8145, #5881, #1702, #5080, #8701, #8007, #110, #7954, #5979, #1556, #2310, #6691, #8094, #853, #2212, #7390, #1651, #61, #2970 ),
 .UNSPECIFIED., .F., .F.,
 ( 4, 2, 2, 2, 1, 2, 2, 1, 1, 1, 1, 2, 2, 2, 2, 1, 1, 1, 1, 1, 2, 2, 2, 2, 2, 1, 1, 2, 4 ),
 ( 0.000000000000000000, 0.06250000000009432732, 0.07812500000011646240, 0.08593750000012753687, 0.09375000000013859747, 0.1250000000001761924, 0.1875000000002575162, 0.2187500000002982059, 0.2343750000003185230, 0.2421875000003264056, 0.2460937500003325951, 0.2480468750003356759, 0.2500000000003387290, 0.3750000000003044787, 0.4375000000002880474, 0.4687500000002797762, 0.4843750000002748912, 0.4921875000002724487, 0.4960937500002717826, 0.4980468750002720602, 0.4990234375002715606, 0.5000000000002711165, 0.7500000000001392220, 0.8750000000000731637, 0.9375000000000399680, 0.9687500000000228706, 0.9843750000000143219, 0.9921875000000072164, 1.000000000000000000 ),
 .UNSPECIFIED. ) ;
#8634 = CARTESIAN_POINT ( 'NONE',  ( -0.7258343231648471949, 24.93320104948583094, 0.1654086092594493351 ) ) ;
#8635 = CARTESIAN_POINT ( 'NONE',  ( -2.008051482346986827, 23.85346430814631447, 0.000000000000000000 ) ) ;
#8636 = CARTESIAN_POINT ( 'NONE',  ( -0.8326896686459781538, 24.68713818286976647, 0.05000192301089526753 ) ) ;
#8637 = EDGE_CURVE ( 'NONE', #6501, #8592, #2480, .T. ) ;
#8638 = ORIENTED_EDGE ( 'NONE', *, *, #7152, .T. ) ;
#8639 = CARTESIAN_POINT ( 'NONE',  ( -1.278402677380225061, 25.79465579491946059, 0.4499999999996775468 ) ) ;
#8640 = CARTESIAN_POINT ( 'NONE',  ( -0.4420646153480313756, 24.39633758053205170, 0.4057668530546459928 ) ) ;
#8641 = AXIS2_PLACEMENT_3D ( 'NONE', #1379, #5700, #9141 ) ;
#8642 = CARTESIAN_POINT ( 'NONE',  ( -2.790784447510496591, 23.90016424840418452, 0.4431922474509190635 ) ) ;
#8643 = CARTESIAN_POINT ( 'NONE',  ( -2.661653543307109793, 23.54476377952758170, 0.1999999999996857070 ) ) ;
#8644 = VECTOR ( 'NONE', #5391, 39.37007874015748143 ) ;
#8645 = ORIENTED_EDGE ( 'NONE', *, *, #4753, .F. ) ;
#8646 = CARTESIAN_POINT ( 'NONE',  ( -0.9114888693044543855, 24.75763011496043120, 0.04999999999999999584 ) ) ;
#8647 = CARTESIAN_POINT ( 'NONE',  ( -1.124445877878349487, 23.88393344497162474, 0.1051156230736856739 ) ) ;
#8648 = CARTESIAN_POINT ( 'NONE',  ( -0.4406924930152973929, 25.01402845715293211, 0.4049480260380440289 ) ) ;
#8649 = EDGE_LOOP ( 'NONE', ( #3537, #8675, #8287, #2650 ) ) ;
#8650 = CARTESIAN_POINT ( 'NONE',  ( -2.908503937007897111, 25.66622047220959146, 0.6074803150392285023 ) ) ;
#8651 = VECTOR ( 'NONE', #5935, 39.37007874015748143 ) ;
#8652 = CARTESIAN_POINT ( 'NONE',  ( -1.427269138229374512, 23.83438855408092394, 0.04559392341129858001 ) ) ;
#8653 = CARTESIAN_POINT ( 'NONE',  ( -2.468781165820170820, 25.19264648238064908, 0.1224330418516086511 ) ) ;
#8654 = CARTESIAN_POINT ( 'NONE',  ( -1.889572233847939264, 25.67391335823326415, 0.2261695388847826671 ) ) ;
#8655 = DIRECTION ( 'NONE',  ( 6.123233995736998996E-17, 3.552713678800503296E-15, 1.000000000000000000 ) ) ;
#8656 = LINE ( 'NONE', #2887, #5567 ) ;
#8657 = DIRECTION ( 'NONE',  ( 0.000000000000000000, 0.000000000000000000, 1.000000000000000000 ) ) ;
#8658 = CARTESIAN_POINT ( 'NONE',  ( -0.9470806677353182934, 25.23879049037539701, 0.1687212342530613196 ) ) ;
#8659 = CARTESIAN_POINT ( 'NONE',  ( -0.5553543307086845626, 25.52801544724411897, 0.4499999999996786015 ) ) ;
#8660 = CARTESIAN_POINT ( 'NONE',  ( -2.786369263895478898, 25.44164565621637308, 0.4021132332241528218 ) ) ;
#8661 = FACE_OUTER_BOUND ( 'NONE', #6447, .T. ) ;
#8662 = EDGE_CURVE ( 'NONE', #7670, #1899, #2975, .T. ) ;
#8663 = B_SPLINE_SURFACE_WITH_KNOTS ( 'NONE', 3, 1, ( 
 ( #2778, #6397 ),
 ( #2819, #696 ),
 ( #7014, #4145 ),
 ( #1360, #3477 ),
 ( #564, #6307 ),
 ( #2068, #4188 ),
 ( #9162, #2735 ),
 ( #7183, #9255 ),
 ( #7892, #4231 ),
 ( #5547, #8549 ),
 ( #1976, #1443 ),
 ( #9299, #4842 ) ),
 .UNSPECIFIED., .F., .F., .F.,
 ( 4, 2, 2, 2, 2, 4 ),
 ( 2, 2 ),
 ( 0.000000000000000000, 0.2500000000000052180, 0.5000000000000104361, 0.7500000000000156541, 0.8750000000000077716, 1.000000000000000000 ),
 ( 0.000000000000000000, 1.000000000000000000 ),
 .UNSPECIFIED. ) ;
#8664 = CARTESIAN_POINT ( 'NONE',  ( -2.841806235854229534, 25.02432493865267560, 0.3447701336612150613 ) ) ;
#8665 = CARTESIAN_POINT ( 'NONE',  ( -2.069586563186166295, 23.40585623933883497, 0.4048262953145052023 ) ) ;
#8666 = CARTESIAN_POINT ( 'NONE',  ( -1.331173696278098229, 25.66105640475820948, 0.2248132962196895401 ) ) ;
#8667 = CARTESIAN_POINT ( 'NONE',  ( -2.029482476634099086, 25.79585226183276347, 0.4499999999996777134 ) ) ;
#8668 = EDGE_CURVE ( 'NONE', #5650, #5219, #5838, .T. ) ;
#8669 = EDGE_CURVE ( 'NONE', #5827, #4053, #7124, .T. ) ;
#8670 = CARTESIAN_POINT ( 'NONE',  ( -1.040977954278442530, 25.07899532766715112, 0.04999999999999999584 ) ) ;
#8671 = CARTESIAN_POINT ( 'NONE',  ( -2.112427291460644785, 24.01212361875787238, 0.04606817219003302155 ) ) ;
#8672 = CARTESIAN_POINT ( 'NONE',  ( -2.045130423521779317, 25.84710761014470393, 0.4432038989961591957 ) ) ;
#8673 = ORIENTED_EDGE ( 'NONE', *, *, #7405, .F. ) ;
#8674 = CARTESIAN_POINT ( 'NONE',  ( -2.616403674095114873, 24.27959907609603718, 0.1659245355040810666 ) ) ;
#8675 = ORIENTED_EDGE ( 'NONE', *, *, #5734, .F. ) ;
#8676 = CARTESIAN_POINT ( 'NONE',  ( -1.034272307848144834, 25.73897293973213607, 0.3999999999996780020 ) ) ;
#8677 = CARTESIAN_POINT ( 'NONE',  ( -1.123228283173249853, 25.40041224927012564, 0.1051147791262000419 ) ) ;
#8678 = EDGE_CURVE ( 'NONE', #5078, #1629, #23, .T. ) ;
#8679 = B_SPLINE_CURVE_WITH_KNOTS ( 'NONE', 3,
 ( #4167, #6376, #3324, #7786, #5618, #1294, #4822, #7654, #4904, #1339, #2002, #7746 ),
 .UNSPECIFIED., .F., .F.,
 ( 4, 2, 2, 2, 2, 4 ),
 ( 0.000000000000000000, 0.1250000000000004441, 0.2500000000000009992, 0.5000000000000006661, 0.7500000000000003331, 1.000000000000000000 ),
 .UNSPECIFIED. ) ;
#8680 = B_SPLINE_CURVE_WITH_KNOTS ( 'NONE', 3,
 ( #6512, #818, #7351, #73, #2930, #5794, #5136, #7256, #911, #3730, #3773, #6653, #3684, #6557, #2365, #208, #3070, #8016, #3823, #6701, #119, #3638, #8711, #2978, #5942, #1711, #8154, #4578, #7449, #8901, #3871, #1009 ),
 .UNSPECIFIED., .F., .F.,
 ( 4, 2, 2, 2, 2, 2, 2, 2, 2, 2, 2, 2, 2, 2, 2, 4 ),
 ( 1.668967169751547947E-17, 0.001155744701291563014, 0.001733617051937207587, 0.002311489402582852376, 0.002889361753228497382, 0.003467234103874141521, 0.004045106454519786961, 0.004622978805165431533, 0.005200851155811076106, 0.005778723506456721545, 0.006356595857102366118, 0.006934468207748009823, 0.007512340558393655263, 0.008090212909039301570, 0.008668085259684946142, 0.009245957610330590715 ),
 .UNSPECIFIED. ) ;
#8681 = CARTESIAN_POINT ( 'NONE',  ( -0.8099278575267172542, 24.10338596026219449, 0.1631880766491387857 ) ) ;
#8682 = EDGE_CURVE ( 'NONE', #2965, #5831, #7207, .T. ) ;
#8683 = CARTESIAN_POINT ( 'NONE',  ( -0.7956333254152705425, 24.90448477964483232, 0.1056157695789479573 ) ) ;
#8684 = CARTESIAN_POINT ( 'NONE',  ( -2.783074039215722273, 23.84041271890042424, 0.4017335803055508414 ) ) ;
#8685 = CARTESIAN_POINT ( 'NONE',  ( -0.6540925887283154383, 25.44677199110433463, 0.3567559776533271165 ) ) ;
#8686 = DIRECTION ( 'NONE',  ( 3.854941055130509038E-16, 1.000000000000000000, 0.000000000000000000 ) ) ;
#8687 = VERTEX_POINT ( 'NONE', #4992 ) ;
#8688 = FACE_OUTER_BOUND ( 'NONE', #7483, .T. ) ;
#8689 = CARTESIAN_POINT ( 'NONE',  ( -2.828820355639241058, 24.23386625782910642, 0.4499999999996832645 ) ) ;
#8690 = CARTESIAN_POINT ( 'NONE',  ( -0.7231125371481517128, 24.37106954040472928, 0.1656303551583279687 ) ) ;
#8691 = EDGE_CURVE ( 'NONE', #7068, #1507, #8656, .T. ) ;
#8692 = CARTESIAN_POINT ( 'NONE',  ( -2.322924762643916452, 24.23012315679853401, 0.04606807752549083035 ) ) ;
#8693 = CARTESIAN_POINT ( 'NONE',  ( -0.9827609006298544392, 23.92874471574522488, 0.2056717600972787774 ) ) ;
#8694 = EDGE_LOOP ( 'NONE', ( #1191, #1200, #4335 ) ) ;
#8695 = DIRECTION ( 'NONE',  ( -0.000000000000000000, -0.000000000000000000, -1.000000000000000000 ) ) ;
#8696 = CARTESIAN_POINT ( 'NONE',  ( -1.140593156378365114, 23.87243487038831802, 0.1051166659013121618 ) ) ;
#8697 = EDGE_LOOP ( 'NONE', ( #2647, #8964, #1023, #2835 ) ) ;
#8698 = CARTESIAN_POINT ( 'NONE',  ( -0.7357031864166254653, 24.99494332614998626, 0.1660407716361907982 ) ) ;
#8699 = CARTESIAN_POINT ( 'NONE',  ( -2.036700393730901393, 25.80830846388189670, 0.3453625818194980823 ) ) ;
#8700 = ORIENTED_EDGE ( 'NONE', *, *, #478, .F. ) ;
#8701 = CARTESIAN_POINT ( 'NONE',  ( -1.734827611482738341, 23.79863307702176556, 0.04999999831813294049 ) ) ;
#8702 = CIRCLE ( 'NONE', #9165, 0.7716554965814561573 ) ;
#8703 = CARTESIAN_POINT ( 'NONE',  ( -0.5553543307086845626, 25.52801544724411897, 0.3999999999996785571 ) ) ;
#8704 = CARTESIAN_POINT ( 'NONE',  ( -2.480632926842423203, 25.20087362239226181, 0.1324433097246427438 ) ) ;
#8705 = CARTESIAN_POINT ( 'NONE',  ( -1.996322185261994786, 25.80885232114237482, 0.3453571587418762801 ) ) ;
#8706 = CARTESIAN_POINT ( 'NONE',  ( -2.881910758235476155, 24.27487001179592241, 0.4432038974321856895 ) ) ;
#8707 = DIRECTION ( 'NONE',  ( 0.000000000000000000, 1.000000000000000000, -3.552713678800503296E-15 ) ) ;
#8708 = DIRECTION ( 'NONE',  ( 0.000000000000000000, 0.000000000000000000, -1.000000000000000000 ) ) ;
#8709 = CARTESIAN_POINT ( 'NONE',  ( -1.412003807960302781, 23.83261723161870904, 0.000000000000000000 ) ) ;
#8710 = AXIS2_PLACEMENT_3D ( 'NONE', #6946, #7741, #1203 ) ;
#8711 = CARTESIAN_POINT ( 'NONE',  ( -0.9831647085695388588, 25.35676824927081441, 0.2056332589835048186 ) ) ;
#8712 = CARTESIAN_POINT ( 'NONE',  ( -2.652369027936815282, 25.33472880751044798, 0.2833138633354461144 ) ) ;
#8713 = CARTESIAN_POINT ( 'NONE',  ( -1.933532320823461825, 25.45487122012757553, 0.04998152930097501945 ) ) ;
#8714 = AXIS2_PLACEMENT_3D ( 'NONE', #4438, #115, #2974 ) ;
#8715 = CARTESIAN_POINT ( 'NONE',  ( -2.700788923192375623, 24.94815300906364541, 0.2253101833423867550 ) ) ;
#8716 = CARTESIAN_POINT ( 'NONE',  ( -1.774942525086601997, 23.47366104214785665, 0.3465524105024953005 ) ) ;
#8717 = CARTESIAN_POINT ( 'NONE',  ( -1.378433977460245652, 25.43528547560869413, 0.04488598969497548802 ) ) ;
#8718 = CARTESIAN_POINT ( 'NONE',  ( -1.323325749849092015, 25.42212598425205883, 0.05000000000000000278 ) ) ;
#8719 = CARTESIAN_POINT ( 'NONE',  ( -0.9182787462631096798, 25.74484930507443536, 0.4431958362722945299 ) ) ;
#8720 = CARTESIAN_POINT ( 'NONE',  ( -2.456929133858066105, 24.25667949924351419, 0.05886995816243716095 ) ) ;
#8721 = CARTESIAN_POINT ( 'NONE',  ( -2.040493376262092262, 25.79585226183109370, 0.3999999999996776134 ) ) ;
#8722 = EDGE_LOOP ( 'NONE', ( #2375, #5779, #1484, #1541, #6069, #6912, #6438, #3485, #9037, #2081, #5879, #5146, #5307, #8390, #8788, #6841, #2910, #1374, #2040, #5608, #4894, #5978, #8003, #1344, #8144, #6136, #4063, #8082, #5648, #6415, #5852, #7864, #664, #5957, #3434, #345, #7109, #2600, #7485, #4664, #9216 ) ) ;
#8723 = CARTESIAN_POINT ( 'NONE',  ( -2.779401406196362334, 23.99900952675604060, 0.3429344419536747846 ) ) ;
#8724 = ORIENTED_EDGE ( 'NONE', *, *, #1694, .T. ) ;
#8725 = CARTESIAN_POINT ( 'NONE',  ( -0.9175578234854886439, 25.73546508640880148, 0.4381354253312858549 ) ) ;
#8726 = CARTESIAN_POINT ( 'NONE',  ( -2.553687009277273656, 25.59121887653425986, 0.3497675495821717107 ) ) ;
#8727 = CARTESIAN_POINT ( 'NONE',  ( -0.6132556049098536466, 23.93061231938226641, 0.3423834431972379022 ) ) ;
#8728 = AXIS2_PLACEMENT_3D ( 'NONE', #4990, #7871, #3587 ) ;
#8729 = AXIS2_PLACEMENT_3D ( 'NONE', #3101, #8602, #7580 ) ;
#8730 = CARTESIAN_POINT ( 'NONE',  ( -0.4411146214447319580, 24.96832021260113876, 0.4053308751497369800 ) ) ;
#8731 = CARTESIAN_POINT ( 'NONE',  ( -2.908503937007897111, 25.66622047220960567, 0.3999999999996782796 ) ) ;
#8732 = CARTESIAN_POINT ( 'NONE',  ( -0.8314638941980277975, 24.63613440724294179, 0.05000250936585435430 ) ) ;
#8733 = DIRECTION ( 'NONE',  ( 6.123233995736998996E-17, 3.552713678800503296E-15, 1.000000000000000000 ) ) ;
#8734 = ORIENTED_EDGE ( 'NONE', *, *, #4862, .T. ) ;
#8735 = CARTESIAN_POINT ( 'NONE',  ( -2.307322834645600285, 24.01267716535440400, 0.2999999999999999889 ) ) ;
#8736 = CARTESIAN_POINT ( 'NONE',  ( -0.8978740157478245498, 25.26342824227104344, 0.1451529413493866105 ) ) ;
#8737 = CARTESIAN_POINT ( 'NONE',  ( -0.4434317377351153500, 24.63415958599437872, 0.4064455594983703013 ) ) ;
#8738 = CARTESIAN_POINT ( 'NONE',  ( -1.899435091925714580, 25.38162831252915552, 0.05000000000000000278 ) ) ;
#8739 = CARTESIAN_POINT ( 'NONE',  ( -0.9661160506124492064, 23.94476881751944575, 0.2059444496589894757 ) ) ;
#8740 = CARTESIAN_POINT ( 'NONE',  ( -0.6537795275590783106, 23.61897637795277660, 0.4499999999996853184 ) ) ;
#8741 = CARTESIAN_POINT ( 'NONE',  ( -2.434356130301694066, 23.53909083265141788, 0.4432038780669226852 ) ) ;
#8742 = CARTESIAN_POINT ( 'NONE',  ( -0.9522360927994732993, 23.58638158829868914, 0.3427158790799674781 ) ) ;
#8743 = ORIENTED_EDGE ( 'NONE', *, *, #8669, .F. ) ;
#8744 = CARTESIAN_POINT ( 'NONE',  ( -0.8125637668988178186, 24.98135822099289882, 0.1063879214652290600 ) ) ;
#8745 = CARTESIAN_POINT ( 'NONE',  ( -2.029746150692659956, 25.58429704606459154, 0.1660408457562545514 ) ) ;
#8746 = ORIENTED_EDGE ( 'NONE', *, *, #6460, .F. ) ;
#8747 = CARTESIAN_POINT ( 'NONE',  ( -1.759322196676951666, 23.80031525911707391, 0.04999463904304983497 ) ) ;
#8748 = CARTESIAN_POINT ( 'NONE',  ( -2.487996383182949245, 23.54271424235602694, 0.4017273699822854760 ) ) ;
#8749 = CYLINDRICAL_SURFACE ( 'NONE', #2674, 0.01968503956673903210 ) ;
#8750 = CARTESIAN_POINT ( 'NONE',  ( -2.601937564400005343, 25.28509784219060919, 0.2349071635205059461 ) ) ;
#8751 = CARTESIAN_POINT ( 'NONE',  ( -2.204721247801488815, 23.98641298324359283, 0.09867161801987162084 ) ) ;
#8752 = CARTESIAN_POINT ( 'NONE',  ( -0.6931496062992357210, 23.65834645669293579, 0.1999999999996851796 ) ) ;
#8753 = CARTESIAN_POINT ( 'NONE',  ( -2.456929133858068770, 24.28849821176436663, 0.000000000000000000 ) ) ;
#8754 = CARTESIAN_POINT ( 'NONE',  ( -0.9892972093848834136, 25.63280619226649293, 0.2903819976291736604 ) ) ;
#8755 = CARTESIAN_POINT ( 'NONE',  ( -1.006401076732634348, 25.17491180806198869, 0.1088705667891703144 ) ) ;
#8756 = CARTESIAN_POINT ( 'NONE',  ( -2.289325131133048252, 25.16812182650583196, 0.07424416507252448727 ) ) ;
#8757 = CARTESIAN_POINT ( 'NONE',  ( -2.411209218732289106, 25.22830078192575698, 0.1051148089843275957 ) ) ;
#8758 = CARTESIAN_POINT ( 'NONE',  ( -1.996367423003784891, 25.43568088880361699, 0.04991675181919809356 ) ) ;
#8759 = CARTESIAN_POINT ( 'NONE',  ( -2.649657489764812635, 24.57435181394497548, 0.1671510945345750787 ) ) ;
#8760 = AXIS2_PLACEMENT_3D ( 'NONE', #1515, #860, #908 ) ;
#8761 = CARTESIAN_POINT ( 'NONE',  ( -1.910228125143832223, 23.47504441612690584, 0.3459236355555417308 ) ) ;
#8762 = CARTESIAN_POINT ( 'NONE',  ( -1.372864477404550421, 25.73832810214865319, 0.2854094188759361828 ) ) ;
#8763 = CARTESIAN_POINT ( 'NONE',  ( -2.464070462822219199, 24.30589015335833736, 0.000000000000000000 ) ) ;
#8764 = CARTESIAN_POINT ( 'NONE',  ( -2.386237809049148506, 25.70367862978153894, 0.4499999999996780464 ) ) ;
#8765 = CARTESIAN_POINT ( 'NONE',  ( -2.194630822935538905, 24.07726818746163033, 0.04606817219003298686 ) ) ;
#8766 = CARTESIAN_POINT ( 'NONE',  ( -1.373488712392329392, 25.83989697279029585, 0.4381354253312853553 ) ) ;
#8767 = ORIENTED_EDGE ( 'NONE', *, *, #7601, .F. ) ;
#8768 = CARTESIAN_POINT ( 'NONE',  ( -2.720092464015201106, 24.07072074279884077, 0.2836518361436519142 ) ) ;
#8769 = VERTEX_POINT ( 'NONE', #7303 ) ;
#8770 = CARTESIAN_POINT ( 'NONE',  ( -1.055289172744296566, 25.80487308371471045, 0.4381354253312856328 ) ) ;
#8771 = FACE_OUTER_BOUND ( 'NONE', #1216, .T. ) ;
#8772 = CARTESIAN_POINT ( 'NONE',  ( -0.7280110688644195749, 24.33872764921572340, 0.1652304638594286890 ) ) ;
#8773 = CARTESIAN_POINT ( 'NONE',  ( -2.595643477995330795, 25.26312680373647623, 0.2228172762499156523 ) ) ;
#8774 = CARTESIAN_POINT ( 'NONE',  ( -2.212305209728887778, 23.87432991344778799, 0.1032640210246760226 ) ) ;
#8775 = CARTESIAN_POINT ( 'NONE',  ( -2.501411480115957708, 23.93392827962302860, 0.2077105974914925934 ) ) ;
#8776 = CARTESIAN_POINT ( 'NONE',  ( -1.399578148924012888, 23.83635500972133414, 0.04996541333798465434 ) ) ;
#8777 = CARTESIAN_POINT ( 'NONE',  ( -2.456929133858076320, 25.06006322667423802, 0.06839315688009930949 ) ) ;
#8778 = VERTEX_POINT ( 'NONE', #859 ) ;
#8779 = EDGE_CURVE ( 'NONE', #6791, #281, #7874, .T. ) ;
#8780 = CARTESIAN_POINT ( 'NONE',  ( -0.6296623247416409663, 23.91413073072804707, 0.4499999999996843192 ) ) ;
#8781 = CARTESIAN_POINT ( 'NONE',  ( -2.725141349756391662, 23.91413158618367873, 0.4499999999996843747 ) ) ;
#8782 = CARTESIAN_POINT ( 'NONE',  ( -0.8571851977225026786, 24.84632322145892758, 0.04638464001113370289 ) ) ;
#8783 = CARTESIAN_POINT ( 'NONE',  ( -2.374275704538650444, 25.78118580569140761, 0.4431958260125108406 ) ) ;
#8784 = CARTESIAN_POINT ( 'NONE',  ( -1.044537793280511107, 23.90677125718475793, 0.1879851900754067329 ) ) ;
#8785 = VERTEX_POINT ( 'NONE', #2317 ) ;
#8786 = CARTESIAN_POINT ( 'NONE',  ( -1.055769909818716545, 23.72301728888676564, 0.2239172099475806310 ) ) ;
#8787 = EDGE_CURVE ( 'NONE', #893, #2205, #2140, .T. ) ;
#8788 = ORIENTED_EDGE ( 'NONE', *, *, #322, .F. ) ;
#8789 = CARTESIAN_POINT ( 'NONE',  ( -0.8744622247426571127, 24.92002786009684101, 0.04741495500768075355 ) ) ;
#8790 = CARTESIAN_POINT ( 'NONE',  ( -2.009510298132581418, 25.66439674132099213, 0.2261145113705149978 ) ) ;
#8791 = ORIENTED_EDGE ( 'NONE', *, *, #3306, .T. ) ;
#8792 = AXIS2_PLACEMENT_3D ( 'NONE', #6756, #4444, #1011 ) ;
#8793 = CARTESIAN_POINT ( 'NONE',  ( -1.885542827091714502, 23.81891203772369892, 0.05000079826661960047 ) ) ;
#8794 = CARTESIAN_POINT ( 'NONE',  ( -2.315527954771840591, 23.76304276597151244, 0.2077132321117290681 ) ) ;
#8795 = CARTESIAN_POINT ( 'NONE',  ( -2.650425917988295854, 23.81653979318239323, 0.3999999999996847189 ) ) ;
#8796 = VERTEX_POINT ( 'NONE', #7167 ) ;
#8797 = DIRECTION ( 'NONE',  ( -0.000000000000000000, -0.000000000000000000, -1.000000000000000000 ) ) ;
#8798 = CARTESIAN_POINT ( 'NONE',  ( -2.426421098960270584, 24.45328661483731736, 0.05000000000000000278 ) ) ;
#8799 = CARTESIAN_POINT ( 'NONE',  ( -2.822800572145728992, 25.11077199557038142, 0.4499999999996799893 ) ) ;
#8800 = CARTESIAN_POINT ( 'NONE',  ( -2.422306348994410552, 23.60636285582018701, 0.4499999999996857070 ) ) ;
#8801 = CARTESIAN_POINT ( 'NONE',  ( -1.112399087325082192, 25.18873971864567096, 0.05979517643430928842 ) ) ;
#8802 = CARTESIAN_POINT ( 'NONE',  ( -2.242099026832645947, 25.18897729667677865, 0.05975764009305615382 ) ) ;
#8803 = CARTESIAN_POINT ( 'NONE',  ( -2.711641864010166714, 25.39891151770789079, 0.3427135490885845348 ) ) ;
#8804 = DIRECTION ( 'NONE',  ( 0.000000000000000000, 1.000000000000000000, -3.469446951953654421E-15 ) ) ;
#8805 = ADVANCED_FACE ( 'NONE', ( #5888 ), #1140, .F. ) ;
#8806 = CARTESIAN_POINT ( 'NONE',  ( -2.844327690927753061, 24.92066261672811933, 0.3456457813396580647 ) ) ;
#8807 = CARTESIAN_POINT ( 'NONE',  ( -2.038483971381115811, 23.40596963535003994, 0.4051124301314475429 ) ) ;
#8808 = CARTESIAN_POINT ( 'NONE',  ( -1.416371961870890761, 25.52439458691815233, 0.1055420344171102004 ) ) ;
#8809 = CARTESIAN_POINT ( 'NONE',  ( -0.8978740157478636297, 1.346189303162018005E-15, 0.05000000000000000278 ) ) ;
#8810 = CARTESIAN_POINT ( 'NONE',  ( -2.164494814424539282, 23.50020042706824341, 0.3999999999996858291 ) ) ;
#8811 = CARTESIAN_POINT ( 'NONE',  ( -2.115645818881977114, 24.00745931265448618, 0.05000000000000000278 ) ) ;
#8812 = CARTESIAN_POINT ( 'NONE',  ( -1.276552304512764247, 25.79515783786413508, 0.3999999999996779465 ) ) ;
#8813 = ORIENTED_EDGE ( 'NONE', *, *, #8294, .F. ) ;
#8814 = CARTESIAN_POINT ( 'NONE',  ( -1.457008556301735647, 23.90306781109708822, 0.05000000000000000278 ) ) ;
#8815 = CARTESIAN_POINT ( 'NONE',  ( -2.765384101957397700, 24.24023956433150317, 0.2850860048834381044 ) ) ;
#8816 = VERTEX_POINT ( 'NONE', #68 ) ;
#8817 = CARTESIAN_POINT ( 'NONE',  ( -0.9386617220175356158, 25.74941259686116979, 0.4381354253312857994 ) ) ;
#8818 = CARTESIAN_POINT ( 'NONE',  ( -1.153188976377882424, 24.01267716535440400, 0.2999999999999999889 ) ) ;
#8820 = ADVANCED_FACE ( 'NONE', ( #2217 ), #7599, .T. ) ;
#8819 = CARTESIAN_POINT ( 'NONE',  ( -0.6796853240655481576, 24.19428189295458509, 0.2237829320876469075 ) ) ;
#8821 = CARTESIAN_POINT ( 'NONE',  ( -2.399052335382632961, 25.09142855706673103, 0.04355900518312946779 ) ) ;
#8822 = CARTESIAN_POINT ( 'NONE',  ( -2.215815095399280121, 23.87673012322295207, 0.1032608659840216769 ) ) ;
#8823 = EDGE_CURVE ( 'NONE', #6742, #9239, #2410, .T. ) ;
#8824 = DIRECTION ( 'NONE',  ( 6.123233995736998996E-17, 3.552713678800503296E-15, 1.000000000000000000 ) ) ;
#8825 = CARTESIAN_POINT ( 'NONE',  ( -2.600467495457672751, 23.75418026918881509, 0.3426379551737288032 ) ) ;
#8826 = DIRECTION ( 'NONE',  ( 6.123233995736998996E-17, 3.552713678800503296E-15, 1.000000000000000000 ) ) ;
#8827 = VERTEX_POINT ( 'NONE', #300 ) ;
#8828 = DIRECTION ( 'NONE',  ( 4.207262762374590794E-09, 1.000000000000000000, -3.505935437464244054E-15 ) ) ;
#8829 = CARTESIAN_POINT ( 'NONE',  ( -2.805366397132675438, 24.09000199818096277, 0.4499999999996839861 ) ) ;
#8830 = CARTESIAN_POINT ( 'NONE',  ( -0.6405287965376335046, 24.75525885370536727, 0.2268706667712241942 ) ) ;
#8831 = CARTESIAN_POINT ( 'NONE',  ( -1.325320731423226928, 25.79585226193939462, 0.3999999999996776134 ) ) ;
#8832 = CARTESIAN_POINT ( 'NONE',  ( -2.147039603954313591, 25.83754618630724309, 0.4382319632553164368 ) ) ;
#8833 = CARTESIAN_POINT ( 'NONE',  ( -0.5553543307086845626, 25.31609515212669592, 0.4499999999996793232 ) ) ;
#8834 = DIRECTION ( 'NONE',  ( 6.123233995736998996E-17, 3.552713678800503296E-15, 1.000000000000000000 ) ) ;
#8835 = ORIENTED_EDGE ( 'NONE', *, *, #2592, .T. ) ;
#8836 = CARTESIAN_POINT ( 'NONE',  ( -0.4796885077066997405, 25.27456752850555333, 0.4026291098012373393 ) ) ;
#8837 = CARTESIAN_POINT ( 'NONE',  ( -2.099532680269773355, 25.72722693520498538, 0.2848855194935268065 ) ) ;
#8838 = ORIENTED_EDGE ( 'NONE', *, *, #920, .F. ) ;
#8839 = CARTESIAN_POINT ( 'NONE',  ( -2.456929133858063885, 24.99667416960728161, 0.000000000000000000 ) ) ;
#8840 = CARTESIAN_POINT ( 'NONE',  ( -2.419816289235282802, 23.66633383226648846, 0.3047195443325751429 ) ) ;
#8841 = CARTESIAN_POINT ( 'NONE',  ( -2.674365721828180220, 23.84582561830988467, 0.3999999999996846634 ) ) ;
#8842 = ORIENTED_EDGE ( 'NONE', *, *, #914, .F. ) ;
#8843 = CARTESIAN_POINT ( 'NONE',  ( -2.287637795275386576, 25.42212598425206238, 0.05000000000000000278 ) ) ;
#8844 = CARTESIAN_POINT ( 'NONE',  ( -1.389856715010011845, 23.76413114851155584, 0.1070384677555091951 ) ) ;
#8845 = CARTESIAN_POINT ( 'NONE',  ( -2.770574783005692154, 25.29348389029732402, 0.4499999999996793787 ) ) ;
#8846 = CARTESIAN_POINT ( 'NONE',  ( -0.9393736150989117073, 24.86791367380186202, 0.05000000000000021788 ) ) ;
#8847 = ADVANCED_FACE ( 'NONE', ( #205 ), #8151, .T. ) ;
#8848 = DIRECTION ( 'NONE',  ( -0.000000000000000000, -0.000000000000000000, -1.000000000000000000 ) ) ;
#8849 = CARTESIAN_POINT ( 'NONE',  ( -2.375938005271169384, 25.19111869593150033, 0.1308335281012213691 ) ) ;
#8850 = CARTESIAN_POINT ( 'NONE',  ( -2.824454148585428648, 24.18393108635127575, 0.4499999999996834865 ) ) ;
#8851 = DIRECTION ( 'NONE',  ( 0.000000000000000000, 1.000000000000000000, 0.000000000000000000 ) ) ;
#8852 = VECTOR ( 'NONE', #357, 39.37007874015748143 ) ;
#8853 = CARTESIAN_POINT ( 'NONE',  ( -2.512586515838546752, 24.51824039543110700, 0.04719751588084433042 ) ) ;
#8854 = CARTESIAN_POINT ( 'NONE',  ( -1.953519055603585075, 23.68905582238100038, 0.1655021916960374428 ) ) ;
#8855 = CARTESIAN_POINT ( 'NONE',  ( -1.420589685680574865, 25.52525483345229773, 0.1055999619985909660 ) ) ;
#8856 = CARTESIAN_POINT ( 'NONE',  ( -2.584424487751921795, 25.27990555472773337, 0.2228060948210014436 ) ) ;
#8857 = AXIS2_PLACEMENT_3D ( 'NONE', #1154, #1247, #4769 ) ;
#8858 = CARTESIAN_POINT ( 'NONE',  ( -1.323325749849092015, 25.42212598425206238, 0.000000000000000000 ) ) ;
#8859 = CARTESIAN_POINT ( 'NONE',  ( -2.456929133858064773, 24.28849821176436308, 0.05000000000000000278 ) ) ;
#8860 = CARTESIAN_POINT ( 'NONE',  ( -1.677401472098421165, 25.41287268479734607, 0.04606796101003848148 ) ) ;
#8861 = ORIENTED_EDGE ( 'NONE', *, *, #5743, .T. ) ;
#8862 = CARTESIAN_POINT ( 'NONE',  ( -1.042735150084541873, 23.54261693873064587, 0.3999999999996860511 ) ) ;
#8863 = CARTESIAN_POINT ( 'NONE',  ( -2.609914099994881109, 24.25331557681076688, 0.1656350172707537483 ) ) ;
#8864 = ORIENTED_EDGE ( 'NONE', *, *, #4614, .F. ) ;
#8865 = CARTESIAN_POINT ( 'NONE',  ( -2.186197730161258512, 25.43143996406409713, 0.1051394068974380036 ) ) ;
#8866 = DIRECTION ( 'NONE',  ( 0.000000000000000000, 0.000000000000000000, -1.000000000000000000 ) ) ;
#8867 = CARTESIAN_POINT ( 'NONE',  ( -0.8108663677439054140, 24.31799251098149028, 0.1047866534263267035 ) ) ;
#8868 = B_SPLINE_CURVE_WITH_KNOTS ( 'NONE', 3,
 ( #7016, #2070, #2642, #2688 ),
 .UNSPECIFIED., .F., .F.,
 ( 4, 4 ),
 ( 0.000000000000000000, 0.0002150826388581864436 ),
 .UNSPECIFIED. ) ;
#8869 = CARTESIAN_POINT ( 'NONE',  ( -2.381679548696333359, 25.11847022985052647, 0.04350146860272734867 ) ) ;
#8870 = CARTESIAN_POINT ( 'NONE',  ( -2.350770196452194760, 23.65609153014810317, 0.2825863991941710007 ) ) ;
#8871 = B_SPLINE_CURVE_WITH_KNOTS ( 'NONE', 3,
 ( #7423, #8221, #8777, #1686, #3846, #6064, #8874, #8925 ),
 .UNSPECIFIED., .F., .F.,
 ( 4, 2, 2, 4 ),
 ( 0.000000000000000000, 0.002512703651045251375, 0.003769055476567877063, 0.005025407302090502751 ),
 .UNSPECIFIED. ) ;
#8872 = CARTESIAN_POINT ( 'NONE',  ( -2.661653543307109793, 25.62685039370080986, 0.3999999999996782796 ) ) ;
#8873 = LINE ( 'NONE', #1082, #9192 ) ;
#8874 = CARTESIAN_POINT ( 'NONE',  ( -2.456929133858087866, 25.16904333501974733, 0.1064160692805627140 ) ) ;
#8875 = ORIENTED_EDGE ( 'NONE', *, *, #4895, .T. ) ;
#8876 = AXIS2_PLACEMENT_3D ( 'NONE', #8432, #6792, #6842 ) ;
#8877 = DIRECTION ( 'NONE',  ( -0.000000000000000000, 0.000000000000000000, 1.000000000000000000 ) ) ;
#8878 = CARTESIAN_POINT ( 'NONE',  ( -0.9901916063589325523, 23.56901028739368087, 0.4499999999996854849 ) ) ;
#8879 = VECTOR ( 'NONE', #5031, 39.37007874015748143 ) ;
#8880 = CARTESIAN_POINT ( 'NONE',  ( -0.6498806604873904602, 24.90442728256206095, 0.2257942374695169063 ) ) ;
#8881 = CIRCLE ( 'NONE', #4837, 0.08070866141732173371 ) ;
#8882 = CARTESIAN_POINT ( 'NONE',  ( -1.569867409085644372, 25.48368821422447184, 0.000000000000000000 ) ) ;
#8883 = CARTESIAN_POINT ( 'NONE',  ( -2.060630273336780949, 25.84119612656587606, 0.4382319632553156041 ) ) ;
#8884 = LINE ( 'NONE', #8283, #7697 ) ;
#8885 = ORIENTED_EDGE ( 'NONE', *, *, #1558, .F. ) ;
#8886 = AXIS2_PLACEMENT_3D ( 'NONE', #6762, #216, #7408 ) ;
#8887 = ORIENTED_EDGE ( 'NONE', *, *, #8250, .F. ) ;
#8888 = CARTESIAN_POINT ( 'NONE',  ( -0.8885603765445632130, 25.15139483348795579, 0.1051393843035282050 ) ) ;
#8889 = CARTESIAN_POINT ( 'NONE',  ( -2.054630737521524253, 25.80753738878500769, 0.3451969917214666173 ) ) ;
#8890 = ORIENTED_EDGE ( 'NONE', *, *, #9263, .T. ) ;
#8891 = CARTESIAN_POINT ( 'NONE',  ( -2.451850010975497707, 23.98980888145192480, 0.1564586159720254277 ) ) ;
#8892 = CARTESIAN_POINT ( 'NONE',  ( -2.346949219999757474, 23.97308248189456492, 0.1107050998743885767 ) ) ;
#8893 = CARTESIAN_POINT ( 'NONE',  ( -2.498357870675199432, 23.66486578149553921, 0.4499999999996854294 ) ) ;
#8894 = ORIENTED_EDGE ( 'NONE', *, *, #1603, .T. ) ;
#8895 = CARTESIAN_POINT ( 'NONE',  ( -2.397441430427597275, 23.95688775162794926, 0.2044663770455483198 ) ) ;
#8896 = CARTESIAN_POINT ( 'NONE',  ( -1.411447068933791904, 23.83609905673286988, 0.04758731976717062162 ) ) ;
#8897 = DIRECTION ( 'NONE',  ( -0.7071067834322424250, 0.7071067789408527204, -2.468850122966445812E-15 ) ) ;
#8898 = CARTESIAN_POINT ( 'NONE',  ( -0.8978740157478285466, 24.99670207428481206, 0.05000000000000007216 ) ) ;
#8899 = B_SPLINE_CURVE_WITH_KNOTS ( 'NONE', 3,
 ( #4133, #4174, #3550, #4911, #6467, #9286 ),
 .UNSPECIFIED., .F., .F.,
 ( 4, 2, 4 ),
 ( 0.000000000000000000, 0.003450484962493190807, 0.006900969924986381614 ),
 .UNSPECIFIED. ) ;
#8900 = CARTESIAN_POINT ( 'NONE',  ( -0.4962992125984482805, 25.02014662733621719, 0.3585057375732128571 ) ) ;
#8901 = CARTESIAN_POINT ( 'NONE',  ( -0.9424704183511155575, 25.28666156066033111, 0.1926078920636602743 ) ) ;
#8902 = CARTESIAN_POINT ( 'NONE',  ( -2.830318785107388102, 24.27173981556430604, 0.3999999999996831646 ) ) ;
#8903 = CARTESIAN_POINT ( 'NONE',  ( -2.456929133858097636, 3.299684630179368394E-15, 0.05000000000000000278 ) ) ;
#8904 = B_SPLINE_SURFACE_WITH_KNOTS ( 'NONE', 3, 3, ( 
 ( #5007, #2817, #5681, #5637, #9297, #3518, #6481 ),
 ( #41, #2901, #4883, #653, #2022, #8547, #1314 ),
 ( #4187, #6524, #2860, #2105, #694, #7059, #2066 ),
 ( #606, #3476, #6354, #4968, #8506, #4276, #7141 ),
 ( #5722, #4923, #7805, #1358, #736, #3563, #2148 ),
 ( #6437, #785, #3605, #7890, #1441, #4317, #3651 ),
 ( #2734, #7181, #5764, #8628, #5056, #7931, #1485 ),
 ( #7223, #5590, #4358, #8028, #5902, #3883, #6618 ),
 ( #6715, #271, #7413, #7463, #8815, #8166, #3786 ),
 ( #5806, #926, #8674, #974, #3083, #2280, #86 ),
 ( #3837, #5147, #8863, #5100, #1722, #4590, #1580 ),
 ( #4497, #6570, #3132, #2942, #220, #1022, #2231 ),
 ( #5247, #1675, #2377, #2332, #8117, #7978, #7320 ),
 ( #6001, #5956, #2428, #1532, #130, #2991, #5295 ),
 ( #4411, #175, #4546, #8071, #8768, #7270, #3038 ),
 ( #4453, #829, #3696, #5853, #6664, #8723, #875 ),
 ( #3741, #5197, #1628, #7362, #1819, #510, #8315 ),
 ( #6055, #3180, #4784, #1868, #4640, #4081, #2574 ),
 ( #4828, #5441, #4736, #1215, #3330, #2524, #9059 ),
 ( #316, #6961, #1119, #1963, #8914, #6817, #1074 ),
 ( #6911, #3375, #7614, #1170, #7706, #4032, #461 ),
 ( #5535, #6206, #1258, #6766, #2475, #6249, #3986 ),
 ( #5341, #371, #3933, #2626, #5487, #1921, #8212 ),
 ( #8360, #1772, #9105, #6864, #7509, #7660, #3229 ),
 ( #2671, #6105, #8963, #5393, #8261, #8408, #7559 ) ),
 .UNSPECIFIED., .F., .F., .F.,
 ( 4, 3, 3, 3, 3, 3, 3, 3, 4 ),
 ( 4, 3, 4 ),
 ( -0.006764953290459004703, 0.05660410475145769005, 0.1199731627933743883, 0.2467112788772077847, 0.5001875110448745776, 0.7536637432125413705, 0.8804018592963747114, 0.9437709173382914374, 1.007139975380208163 ),
 ( 0.1051295531579089088, 0.6142679872236307403, 1.123406421289352641 ),
 .UNSPECIFIED. ) ;
#8905 = CARTESIAN_POINT ( 'NONE',  ( -2.585317840962805480, 24.71899715238827611, 0.1074498376134254418 ) ) ;
#8906 = CARTESIAN_POINT ( 'NONE',  ( -1.865132925124755259, 23.47458329146722633, 0.3461332272045262171 ) ) ;
#8907 = CARTESIAN_POINT ( 'NONE',  ( -1.376804450487826736, 25.66646896109912745, 0.2253604569580932859 ) ) ;
#8908 = FACE_OUTER_BOUND ( 'NONE', #7531, .T. ) ;
#8909 = VECTOR ( 'NONE', #3389, 39.37007874015748143 ) ;
#8910 = CARTESIAN_POINT ( 'NONE',  ( -2.041505123072931305, 23.48946826724456827, 0.3999999999996858846 ) ) ;
#8911 = CARTESIAN_POINT ( 'NONE',  ( -2.422490492229366854, 25.35533805186885559, 0.1691407021984784043 ) ) ;
#8912 = CARTESIAN_POINT ( 'NONE',  ( -0.4962992125984484471, 24.31413080242309022, 0.3581127462364867009 ) ) ;
#8913 = CARTESIAN_POINT ( 'NONE',  ( -0.9909085424909035433, 23.56840500816606720, 0.3999999999996853850 ) ) ;
#8914 = CARTESIAN_POINT ( 'NONE',  ( -2.679655863001034977, 23.99180393021734048, 0.2833471687842250009 ) ) ;
#8915 = ORIENTED_EDGE ( 'NONE', *, *, #233, .T. ) ;
#8916 = CARTESIAN_POINT ( 'NONE',  ( -2.382121243689297785, 25.80909884414264610, 0.4022724714915580368 ) ) ;
#8917 = CARTESIAN_POINT ( 'NONE',  ( -2.554254232651441914, 25.66487405899855290, 0.3882083787659877383 ) ) ;
#8918 = CARTESIAN_POINT ( 'NONE',  ( -0.4414456337987268664, 24.22476383900644947, 0.4045233578281897668 ) ) ;
#8919 = VECTOR ( 'NONE', #8866, 39.37007874015748143 ) ;
#8920 = CARTESIAN_POINT ( 'NONE',  ( -2.534866942944508761, 25.19857895883199461, 0.1630654280720264249 ) ) ;
#8921 = CARTESIAN_POINT ( 'NONE',  ( -2.197803751343431866, 23.86454864770925610, 0.1032762115803456116 ) ) ;
#8922 = EDGE_CURVE ( 'NONE', #2073, #5320, #7366, .T. ) ;
#8923 = CARTESIAN_POINT ( 'NONE',  ( -2.686087041610240700, 23.72099731613021945, 0.4017265579403065390 ) ) ;
#8924 = CARTESIAN_POINT ( 'NONE',  ( -0.8916450374340106899, 25.76127734149954662, 0.4021237523352299004 ) ) ;
#8925 = CARTESIAN_POINT ( 'NONE',  ( -2.456929133858051451, 25.18441973250004651, 0.1124227741546727222 ) ) ;
#8926 = CARTESIAN_POINT ( 'NONE',  ( -2.385596542780979323, 23.58143156565314413, 0.3999999999996856626 ) ) ;
#8927 = EDGE_LOOP ( 'NONE', ( #6779, #5417, #2452, #3159 ) ) ;
#8928 = CARTESIAN_POINT ( 'NONE',  ( -0.7406705652833488474, 25.52356177614398547, 0.3459457358337316712 ) ) ;
#8929 = DIRECTION ( 'NONE',  ( 1.000000000000000000, -2.185705001312982913E-31, -6.123233995737000229E-17 ) ) ;
#8930 = CARTESIAN_POINT ( 'NONE',  ( -1.168128129259605963, 23.50410057430423194, 0.4499999999996855404 ) ) ;
#8931 = CARTESIAN_POINT ( 'NONE',  ( -0.7140841490689209259, 24.84120394071046078, 0.1663968592063257701 ) ) ;
#8932 = ADVANCED_FACE ( 'NONE', ( #1610 ), #3215, .F. ) ;
#8933 = CARTESIAN_POINT ( 'NONE',  ( -2.225683360239063990, 24.08026289809500398, 0.05950292770388449642 ) ) ;
#8934 = CARTESIAN_POINT ( 'NONE',  ( -2.302264395188596158, 25.81141877816266117, 0.4431958260125106186 ) ) ;
#8935 = LINE ( 'NONE', #2497, #4976 ) ;
#8936 = EDGE_CURVE ( 'NONE', #6131, #8185, #5104, .T. ) ;
#8937 = CARTESIAN_POINT ( 'NONE',  ( -0.6537795275590783106, 23.61897637795277660, 0.6074803150392285023 ) ) ;
#8938 = ORIENTED_EDGE ( 'NONE', *, *, #4233, .F. ) ;
#8939 = CARTESIAN_POINT ( 'NONE',  ( -0.6564661267940705702, 25.25957205015455287, 0.2834505997519045639 ) ) ;
#8940 = ORIENTED_EDGE ( 'NONE', *, *, #5762, .F. ) ;
#8941 = CARTESIAN_POINT ( 'NONE',  ( -2.295660985542993249, 23.74893977026927772, 0.2077124010041680180 ) ) ;
#8942 = ORIENTED_EDGE ( 'NONE', *, *, #1915, .T. ) ;
#8943 = CARTESIAN_POINT ( 'NONE',  ( -0.5587232725083668416, 23.85684254698174200, 0.4021230841058555661 ) ) ;
#8944 = CARTESIAN_POINT ( 'NONE',  ( -2.467236286656068422, 23.52776351167393543, 0.4017274481834499644 ) ) ;
#8945 = CARTESIAN_POINT ( 'NONE',  ( -2.388288722568861377, 23.58325046454702090, 0.4499999999996855404 ) ) ;
#8946 = ORIENTED_EDGE ( 'NONE', *, *, #8991, .T. ) ;
#8947 = CARTESIAN_POINT ( 'NONE',  ( -2.202270133330849422, 23.99923012734027594, 0.09069039137936764361 ) ) ;
#8948 = CARTESIAN_POINT ( 'NONE',  ( -1.364123319232468656, 23.77039375877519589, 0.1066900292976042108 ) ) ;
#8949 = CARTESIAN_POINT ( 'NONE',  ( -2.829597850600093611, 25.03881143162661971, 0.4499999999996805444 ) ) ;
#8950 = CARTESIAN_POINT ( 'NONE',  ( -0.6099166888818362553, 25.34036469549583614, 0.4499999999996792677 ) ) ;
#8951 = DIRECTION ( 'NONE',  ( -0.000000000000000000, -0.000000000000000000, -1.000000000000000000 ) ) ;
#8952 = CARTESIAN_POINT ( 'NONE',  ( -2.661924917009904412, 25.32103340978033046, 0.2833138630153226867 ) ) ;
#8953 = DIRECTION ( 'NONE',  ( 5.096616489237593345E-11, -1.000000000000000000, 3.588606462291590045E-15 ) ) ;
#8954 = CARTESIAN_POINT ( 'NONE',  ( -2.715830338958972412, 24.72947672194284507, 0.2270009874535581507 ) ) ;
#8955 = CARTESIAN_POINT ( 'NONE',  ( -1.399953157951335347, 23.40689814458890083, 0.4055990951227453900 ) ) ;
#8956 = B_SPLINE_CURVE_WITH_KNOTS ( 'NONE', 3,
 ( #5250, #223, #3183, #3135, #7323, #832, #133, #4549, #8031, #3744, #2335, #5905, #7365, #5856, #1025, #8726, #6718, #5200, #2283, #6621, #6667, #8917, #178, #6769 ),
 .UNSPECIFIED., .F., .F.,
 ( 4, 2, 2, 2, 2, 2, 2, 2, 2, 2, 2, 4 ),
 ( 0.001665382514767249199, 0.002458380185994593885, 0.003251377857221938138, 0.003647876692835610914, 0.004044375528449283691, 0.004440874364062956034, 0.004837373199676628377, 0.005233872035290302455, 0.005630370870903974798, 0.006423368542131322953, 0.007216366213358669374, 0.008009363884586017529 ),
 .UNSPECIFIED. ) ;
#8957 = CARTESIAN_POINT ( 'NONE',  ( -1.405896256730069238, 25.59679948578209974, 0.1655558503004326831 ) ) ;
#8958 = CARTESIAN_POINT ( 'NONE',  ( -0.5721013044214767751, 25.32543419496209580, 0.3570581931600414483 ) ) ;
#8959 = DIRECTION ( 'NONE',  ( 6.123233995736998996E-17, 3.552713678800503296E-15, 1.000000000000000000 ) ) ;
#8960 = CARTESIAN_POINT ( 'NONE',  ( -0.5356692911419438374, 25.52801544716570703, 0.3999999999996785571 ) ) ;
#8961 = DIRECTION ( 'NONE',  ( 0.000000000000000000, 1.000000000000000000, -3.469446965119653393E-15 ) ) ;
#8962 = CARTESIAN_POINT ( 'NONE',  ( -1.395332008131191737, 23.92413504959821324, 0.04999999999999998890 ) ) ;
#8963 = CARTESIAN_POINT ( 'NONE',  ( -2.517352109489165990, 24.05614168398404118, 0.1645137414906057416 ) ) ;
#8964 = ORIENTED_EDGE ( 'NONE', *, *, #8399, .F. ) ;
#8965 = CARTESIAN_POINT ( 'NONE',  ( -2.231648607111246019, 25.69232439376544264, 0.2837602982489766390 ) ) ;
#8966 = DIRECTION ( 'NONE',  ( -6.123233995736998996E-17, -3.552713678800503296E-15, -1.000000000000000000 ) ) ;
#8967 = EDGE_CURVE ( 'NONE', #6080, #4666, #7970, .T. ) ;
#8968 = CARTESIAN_POINT ( 'NONE',  ( -0.5906571809178562393, 24.23923735437851690, 0.2843675741408219770 ) ) ;
#8969 = EDGE_CURVE ( 'NONE', #2251, #3398, #4515, .T. ) ;
#8970 = CARTESIAN_POINT ( 'NONE',  ( -2.480995417708850237, 25.12122363799418423, 0.1033843752046865738 ) ) ;
#8971 = CARTESIAN_POINT ( 'NONE',  ( -2.205126209763213385, 23.86944910202763026, 0.1032702815744316605 ) ) ;
#8972 = CARTESIAN_POINT ( 'NONE',  ( -2.548786111753957861, 23.67444224666104446, 0.3574810629758581881 ) ) ;
#8973 = LINE ( 'NONE', #2533, #3931 ) ;
#8974 = VECTOR ( 'NONE', #2998, 39.37007874015748143 ) ;
#8975 = CARTESIAN_POINT ( 'NONE',  ( -0.6931496062992357210, 25.74043307086616039, 0.1999999999996777966 ) ) ;
#8976 = CARTESIAN_POINT ( 'NONE',  ( -0.5797577717969836231, 23.82800888383744109, 0.4021132366446989459 ) ) ;
#8977 = ORIENTED_EDGE ( 'NONE', *, *, #637, .T. ) ;
#8978 = ADVANCED_FACE ( 'NONE', ( #8346 ), #7647, .F. ) ;
#8979 = CARTESIAN_POINT ( 'NONE',  ( -2.496352153794352269, 24.87195185686704235, 0.04999036080304348345 ) ) ;
#8980 = DIRECTION ( 'NONE',  ( -6.123233995736998996E-17, -3.552713678800503296E-15, -1.000000000000000000 ) ) ;
#8981 = EDGE_CURVE ( 'NONE', #9060, #5394, #3362, .T. ) ;
#8982 = CARTESIAN_POINT ( 'NONE',  ( -1.268660400378901931, 23.49118294718961053, 0.4499999999996858735 ) ) ;
#8983 = CARTESIAN_POINT ( 'NONE',  ( -0.6844472736433034887, 25.45557914870204996, 0.3427121276510681769 ) ) ;
#8984 = CARTESIAN_POINT ( 'NONE',  ( -1.370670337056736798, 25.44017734132814823, 0.05000000000000000971 ) ) ;
#8985 = CARTESIAN_POINT ( 'NONE',  ( -0.5340529215090644710, 23.90115303696459037, 0.3999999999996843858 ) ) ;
#8986 = CARTESIAN_POINT ( 'NONE',  ( -2.132724428493085078, 23.46149606299215407, 0.3628104110475842137 ) ) ;
#8987 = CARTESIAN_POINT ( 'NONE',  ( -1.197387465554362596, 25.42212598425209080, 0.08929776385568377606 ) ) ;
#8988 = ORIENTED_EDGE ( 'NONE', *, *, #6744, .F. ) ;
#8989 = CARTESIAN_POINT ( 'NONE',  ( -0.7549756609200563018, 25.06490620228583666, 0.1653184013543407549 ) ) ;
#8990 = VERTEX_POINT ( 'NONE', #2657 ) ;
#8991 = EDGE_CURVE ( 'NONE', #8590, #1547, #1288, .T. ) ;
#8992 = CARTESIAN_POINT ( 'NONE',  ( -2.375209313278399570, 23.63395947990282053, 0.3047195828452847199 ) ) ;
#8993 = ORIENTED_EDGE ( 'NONE', *, *, #1197, .F. ) ;
#8994 = CARTESIAN_POINT ( 'NONE',  ( -0.9752465035215335254, 24.16331936643604195, 0.04361043747040434237 ) ) ;
#8995 = DIRECTION ( 'NONE',  ( 6.123233995736998996E-17, 3.552713678800503296E-15, 1.000000000000000000 ) ) ;
#8996 = CARTESIAN_POINT ( 'NONE',  ( -2.223831867636925974, 23.51300058987585828, 0.4499999999996858180 ) ) ;
#8997 = ORIENTED_EDGE ( 'NONE', *, *, #9212, .F. ) ;
#8998 = CARTESIAN_POINT ( 'NONE',  ( -0.4940248712749527038, 24.06782188448234550, 0.4432038691916636020 ) ) ;
#8999 = CARTESIAN_POINT ( 'NONE',  ( -1.314459503936298734, 23.54991277346986323, 0.2855557559003994994 ) ) ;
#9000 = CARTESIAN_POINT ( 'NONE',  ( -1.047480314960560932, 25.27251968503944468, 0.000000000000000000 ) ) ;
#9001 = CARTESIAN_POINT ( 'NONE',  ( -0.8719775496944426330, 24.92334615315347079, 0.05000326055037579431 ) ) ;
#9002 = CARTESIAN_POINT ( 'NONE',  ( -0.4962992125984483915, 25.30605790861334370, 0.3999999999996795008 ) ) ;
#9003 = CARTESIAN_POINT ( 'NONE',  ( -2.591425515995655182, 25.27246272321591647, 0.2239141783422299303 ) ) ;
#9004 = CARTESIAN_POINT ( 'NONE',  ( -1.924529543602370829, 25.45722472983784712, 0.000000000000000000 ) ) ;
#9005 = CARTESIAN_POINT ( 'NONE',  ( -2.773423884920766191, 24.34244773420750718, 0.2854478217094715276 ) ) ;
#9006 = CARTESIAN_POINT ( 'NONE',  ( -1.524901091355978622, 23.60753409953542459, 0.2266027887306024668 ) ) ;
#9007 = CARTESIAN_POINT ( 'NONE',  ( -1.489692104943849849, 25.81061379035957515, 0.3461333316053411546 ) ) ;
#9008 = CARTESIAN_POINT ( 'NONE',  ( -2.516449844315605144, 25.22661548681561783, 0.1630364368449999657 ) ) ;
#9009 = CARTESIAN_POINT ( 'NONE',  ( -2.095810442037771892, 23.49165396253281202, 0.3999999999996858846 ) ) ;
#9010 = CARTESIAN_POINT ( 'NONE',  ( -0.5478042848584446789, 24.09616824370207411, 0.4499999999996837086 ) ) ;
#9011 = CARTESIAN_POINT ( 'NONE',  ( -0.4962992125984483915, 24.39907864326234588, 0.3579024773126284198 ) ) ;
#9012 = CARTESIAN_POINT ( 'NONE',  ( -1.330992233264412183, 23.48924201996028316, 0.3999999999996858291 ) ) ;
#9013 = CARTESIAN_POINT ( 'NONE',  ( -1.387670501859942007, 23.67501884291531411, 0.1783073806448595144 ) ) ;
#9014 = ORIENTED_EDGE ( 'NONE', *, *, #7036, .T. ) ;
#9015 = CARTESIAN_POINT ( 'NONE',  ( -2.270474879128594026, 25.76633597113615792, 0.3431960607730791812 ) ) ;
#9016 = CARTESIAN_POINT ( 'NONE',  ( -2.310969813285924435, 24.20209462217187379, 0.05000007026372783187 ) ) ;
#9017 = CARTESIAN_POINT ( 'NONE',  ( -2.619468360672195129, 24.98395144423361458, 0.1646786464368239777 ) ) ;
#9018 = CARTESIAN_POINT ( 'NONE',  ( -2.205036324506705725, 23.67451610285428032, 0.2231576897811486104 ) ) ;
#9019 = CARTESIAN_POINT ( 'NONE',  ( -1.048360843827171207, 25.55518056992427489, 0.2228114960155255231 ) ) ;
#9020 = CARTESIAN_POINT ( 'NONE',  ( -2.366602602556240331, 25.71506242666666964, 0.4499999999996781019 ) ) ;
#9021 = CARTESIAN_POINT ( 'NONE',  ( -2.088325324911513015, 23.98931929631139326, 0.04999999999999998890 ) ) ;
#9022 = CARTESIAN_POINT ( 'NONE',  ( -0.7973304464142656478, 23.83257254464836095, 0.2833138663000936974 ) ) ;
#9023 = ORIENTED_EDGE ( 'NONE', *, *, #6293, .T. ) ;
#9024 = CARTESIAN_POINT ( 'NONE',  ( -2.520762177335634568, 24.70978195712754655, 0.05000021052038487041 ) ) ;
#9025 = B_SPLINE_CURVE_WITH_KNOTS ( 'NONE', 3,
 ( #563, #6306, #8225, #3341, #4144, #384, #8326, #5405, #8979, #6925, #5501, #521, #9161, #7719, #6217, #1086, #1975, #5452, #5357, #6261, #8274, #1832, #7574, #9024, #6829, #6877, #1784, #1182, #1881, #3242, #1270, #4096, #7627, #4704, #7521, #8373, #474, #4748, #6118, #1934, #2538 ),
 .UNSPECIFIED., .F., .F.,
 ( 4, 2, 2, 2, 2, 1, 1, 1, 1, 2, 2, 2, 2, 1, 1, 1, 2, 2, 2, 2, 2, 1, 1, 2, 4 ),
 ( 0.000000000000000000, 0.1249999999988831989, 0.1874999999983141818, 0.2187499999980299092, 0.2343749999978945453, 0.2421874999978204934, 0.2460937499977836340, 0.2480468749977652321, 0.2490234374977561560, 0.2495117187477576548, 0.2499999999977591536, 0.3749999999984395260, 0.4374999999987905785, 0.4687499999989551136, 0.4843749999990372146, 0.4921874999990666910, 0.4960937499990814015, 0.4999999999990960564, 0.7499999999995594635, 0.8749999999997805089, 0.9374999999998813172, 0.9687499999999313882, 0.9843749999999655831, 0.9921874999999827915, 1.000000000000000000 ),
 .UNSPECIFIED. ) ;
#9026 = CARTESIAN_POINT ( 'NONE',  ( -2.282910262381129485, 25.37558514818772792, 0.1742517896003316635 ) ) ;
#9027 = CARTESIAN_POINT ( 'NONE',  ( -1.027749769770149646, 23.54978022973969942, 0.4499999999996855404 ) ) ;
#9028 = CARTESIAN_POINT ( 'NONE',  ( -1.022447031838547238, 25.31519112511002234, 0.1051147770746466564 ) ) ;
#9029 = CARTESIAN_POINT ( 'NONE',  ( -2.230940764489033334, 24.08615502006023945, 0.05914878541804828582 ) ) ;
#9030 = CARTESIAN_POINT ( 'NONE',  ( -2.312947433217000803, 25.08025779327639881, 0.05000000000000000278 ) ) ;
#9031 = CARTESIAN_POINT ( 'NONE',  ( -0.9489338390001035295, 25.69033764953028154, 0.3999999999996779465 ) ) ;
#9032 = CARTESIAN_POINT ( 'NONE',  ( -2.405848694092676876, 25.69030790864930935, 0.3999999999995749178 ) ) ;
#9033 = VERTEX_POINT ( 'NONE', #539 ) ;
#9034 = CARTESIAN_POINT ( 'NONE',  ( -0.5195991692235549797, 25.36510476122809976, 0.4022035574117988066 ) ) ;
#9035 = EDGE_LOOP ( 'NONE', ( #6128, #5317, #49, #5864 ) ) ;
#9036 = CARTESIAN_POINT ( 'NONE',  ( -1.677401574321454536, 24.64259847944031634, 0.05000000000000000278 ) ) ;
#9037 = ORIENTED_EDGE ( 'NONE', *, *, #3674, .F. ) ;
#9038 = CARTESIAN_POINT ( 'NONE',  ( -0.6968095183605822474, 23.96023843542328180, 0.2826180259207819456 ) ) ;
#9039 = CARTESIAN_POINT ( 'NONE',  ( -2.881925204955428921, 24.25747944809592838, 0.4431922474509173426 ) ) ;
#9040 = AXIS2_PLACEMENT_3D ( 'NONE', #2072, #7726, #613 ) ;
#9041 = CARTESIAN_POINT ( 'NONE',  ( -2.126363367294944240, 23.49479283138147778, 0.4499999999996858735 ) ) ;
#9042 = ORIENTED_EDGE ( 'NONE', *, *, #30, .F. ) ;
#9043 = CARTESIAN_POINT ( 'NONE',  ( -0.9158404130611186300, 24.75695708384014537, 0.04606796130808339662 ) ) ;
#9044 = CARTESIAN_POINT ( 'NONE',  ( -1.329729527465330019, 23.62291907696607041, 0.2259221799351250615 ) ) ;
#9045 = CARTESIAN_POINT ( 'NONE',  ( -2.807487484772923647, 25.18714859028024122, 0.4499999999996798228 ) ) ;
#9046 = CARTESIAN_POINT ( 'NONE',  ( -2.381874444824783499, 25.80607703069218672, 0.3999999999996853295 ) ) ;
#9047 = FACE_OUTER_BOUND ( 'NONE', #3756, .T. ) ;
#9048 = CARTESIAN_POINT ( 'NONE',  ( -2.830318785107388102, 24.27173981556430604, 0.4499999999996831535 ) ) ;
#9049 = CARTESIAN_POINT ( 'NONE',  ( -0.8623186836835300406, 24.07609617701905336, 0.1424534433672950962 ) ) ;
#9050 = CARTESIAN_POINT ( 'NONE',  ( -2.707280364084965196, 24.41056095963466532, 0.2260063638294756427 ) ) ;
#9051 = CARTESIAN_POINT ( 'NONE',  ( -1.600117558008421037, 23.53930997131108782, 0.2867131662365253741 ) ) ;
#9052 = CARTESIAN_POINT ( 'NONE',  ( -2.307817242390703960, 23.73551423230153645, 0.2201788451555800885 ) ) ;
#9053 = CARTESIAN_POINT ( 'NONE',  ( -1.769405791942149753, 25.48166333223014135, 0.04745368951436695903 ) ) ;
#9054 = EDGE_CURVE ( 'NONE', #4016, #8361, #6310, .T. ) ;
#9055 = CARTESIAN_POINT ( 'NONE',  ( -1.129302011864150357, 24.08004776092236909, 0.05952148654562521013 ) ) ;
#9056 = CARTESIAN_POINT ( 'NONE',  ( -0.5282489688294867980, 24.20582117280232026, 0.4499999999996834310 ) ) ;
#9057 = CARTESIAN_POINT ( 'NONE',  ( -2.858503937007897733, 24.27831700498437328, 0.3582981891171681532 ) ) ;
#9058 = DIRECTION ( 'NONE',  ( 6.123233995736998996E-17, 3.552713678800503296E-15, 1.000000000000000000 ) ) ;
#9059 = CARTESIAN_POINT ( 'NONE',  ( -2.827594593178917926, 23.90685481172663884, 0.4021729897343670479 ) ) ;
#9060 = VERTEX_POINT ( 'NONE', #581 ) ;
#9061 = CARTESIAN_POINT ( 'NONE',  ( -2.222312013406753106, 25.60562358317613985, 0.2241493970843750627 ) ) ;
#9062 = EDGE_CURVE ( 'NONE', #5488, #3405, #135, .T. ) ;
#9063 = LINE ( 'NONE', #3333, #6078 ) ;
#9064 = CARTESIAN_POINT ( 'NONE',  ( -2.541425752053334541, 24.97556224943341618, 0.1045926053589899957 ) ) ;
#9065 = CARTESIAN_POINT ( 'NONE',  ( -2.397868398910871335, 23.48416067751015390, 0.4022311706628983741 ) ) ;
#9066 = CARTESIAN_POINT ( 'NONE',  ( -1.221748856121494198, 25.36006867348296723, 0.04353512463653351483 ) ) ;
#9067 = CARTESIAN_POINT ( 'NONE',  ( -2.661653543307109793, 23.74692913385828774, 0.3999999999996849964 ) ) ;
#9068 = CARTESIAN_POINT ( 'NONE',  ( -0.5774197889193447564, 25.27726499960643380, 0.3999999999996802225 ) ) ;
#9069 = CARTESIAN_POINT ( 'NONE',  ( -0.5971107480905619713, 23.80496659598317422, 0.4021132368110877930 ) ) ;
#9070 = ORIENTED_EDGE ( 'NONE', *, *, #4267, .F. ) ;
#9071 = DIRECTION ( 'NONE',  ( 0.000000000000000000, 1.000000000000000000, -3.469446951953654421E-15 ) ) ;
#9072 = CARTESIAN_POINT ( 'NONE',  ( -2.401266537524476608, 25.32155215710244534, 0.2031787911978722716 ) ) ;
#9073 = LINE ( 'NONE', #1740, #2906 ) ;
#9074 = CARTESIAN_POINT ( 'NONE',  ( -1.041373869029758481, 25.33362145829307366, 0.1051147793046944695 ) ) ;
#9075 = CARTESIAN_POINT ( 'NONE',  ( -1.209311291992085646, 25.78800932164230630, 0.4499999999996777689 ) ) ;
#9076 = CARTESIAN_POINT ( 'NONE',  ( -2.775499909988498271, 25.39516131387403064, 0.4382319632553173250 ) ) ;
#9077 = CARTESIAN_POINT ( 'NONE',  ( -2.474980529065419876, 24.94932954319923368, 0.000000000000000000 ) ) ;
#9078 = VECTOR ( 'NONE', #7083, 39.37007874015748143 ) ;
#9079 = EDGE_CURVE ( 'NONE', #7751, #4807, #1696, .T. ) ;
#9080 = CARTESIAN_POINT ( 'NONE',  ( -0.5356692911419438374, 25.52801544716570703, 0.3999999999996785571 ) ) ;
#9081 = ORIENTED_EDGE ( 'NONE', *, *, #6737, .F. ) ;
#9082 = CARTESIAN_POINT ( 'NONE',  ( -0.6159720832194671702, 25.36005832340179822, 0.3427162104769995721 ) ) ;
#9083 = CARTESIAN_POINT ( 'NONE',  ( -1.926279671873952548, 23.90874131079636555, 0.05030735097768035402 ) ) ;
#9084 = ORIENTED_EDGE ( 'NONE', *, *, #2439, .F. ) ;
#9085 = CARTESIAN_POINT ( 'NONE',  ( -0.6938495194101511609, 23.96466436058783245, 0.2826203827241020039 ) ) ;
#9086 = CARTESIAN_POINT ( 'NONE',  ( -2.830702844998812751, 24.29316392696140525, 0.3999999999996830535 ) ) ;
#9087 = ADVANCED_FACE ( 'NONE', ( #237 ), #3318, .F. ) ;
#9088 = CARTESIAN_POINT ( 'NONE',  ( -2.363616062321852063, 23.56854129530510633, 0.4499999999996857070 ) ) ;
#9089 = ORIENTED_EDGE ( 'NONE', *, *, #1748, .F. ) ;
#9090 = CARTESIAN_POINT ( 'NONE',  ( -0.5366986609359490901, 24.14294274638677251, 0.3999999999996828870 ) ) ;
#9091 = CARTESIAN_POINT ( 'NONE',  ( -1.227173257985499033, 23.48483166365839026, 0.3443890840753424110 ) ) ;
#9092 = CIRCLE ( 'NONE', #5021, 0.08070866141732173371 ) ;
#9093 = CARTESIAN_POINT ( 'NONE',  ( -2.449057070902910471, 24.64259847944031634, 0.05000000000000000278 ) ) ;
#9094 = CARTESIAN_POINT ( 'NONE',  ( -0.8651322579741618224, 24.89880599323355881, 0.04999453310687654306 ) ) ;
#9095 = LINE ( 'NONE', #1290, #2923 ) ;
#9096 = EDGE_CURVE ( 'NONE', #7868, #9239, #3951, .T. ) ;
#9097 = LINE ( 'NONE', #5527, #7770 ) ;
#9098 = CARTESIAN_POINT ( 'NONE',  ( -1.381215926139009120, 23.47597838990802543, 0.3455141636962310026 ) ) ;
#9099 = CARTESIAN_POINT ( 'NONE',  ( -2.542457637158388906, 23.70388006153467231, 0.3999999999996851074 ) ) ;
#9100 = CARTESIAN_POINT ( 'NONE',  ( -1.829908452864022816, 25.67766248199894363, 0.2266027648915614479 ) ) ;
#9101 = CARTESIAN_POINT ( 'NONE',  ( -1.086377867947832865, 24.11123854172293335, 0.06601764775959537146 ) ) ;
#9102 = CARTESIAN_POINT ( 'NONE',  ( -2.435270284261551677, 25.33645909049480238, 0.1666329409777711212 ) ) ;
#9103 = CARTESIAN_POINT ( 'NONE',  ( -0.9489337751103502638, 23.59485923627084603, 0.4499999999996854849 ) ) ;
#9104 = CARTESIAN_POINT ( 'NONE',  ( -0.6296623247416505142, 23.91413073072805417, 0.3999999999996843303 ) ) ;
#9105 = CARTESIAN_POINT ( 'NONE',  ( -2.521057667490007592, 24.06154260587988603, 0.1645157422843075146 ) ) ;
#9106 = ORIENTED_EDGE ( 'NONE', *, *, #6727, .F. ) ;
#9107 = CARTESIAN_POINT ( 'NONE',  ( -2.170198992608606492, 25.33909974695649225, 0.04571652240061504363 ) ) ;
#9108 = ADVANCED_FACE ( 'NONE', ( #6171 ), #1889, .T. ) ;
#9109 = LINE ( 'NONE', #3280, #7873 ) ;
#9110 = AXIS2_PLACEMENT_3D ( 'NONE', #4863, #7118, #4337 ) ;
#9111 = VECTOR ( 'NONE', #4781, 39.37007874015748143 ) ;
#9112 = CARTESIAN_POINT ( 'NONE',  ( -2.912784112823057381, 25.07335966373414138, 0.4043680247044893483 ) ) ;
#9113 = CARTESIAN_POINT ( 'NONE',  ( -2.266459495245877864, 23.60902086811980638, 0.2828342648412518479 ) ) ;
#9114 = CARTESIAN_POINT ( 'NONE',  ( -1.256005594092059141, 25.38046588669305237, 0.04367945490194986152 ) ) ;
#9115 = CARTESIAN_POINT ( 'NONE',  ( -1.291001154048394106, 25.79550229119386628, 0.3999999999996776134 ) ) ;
#9116 = CARTESIAN_POINT ( 'NONE',  ( -0.4727207229695140067, 25.06255154318813538, 0.4431958362722974165 ) ) ;
#9117 = CARTESIAN_POINT ( 'NONE',  ( -0.9235051559967872858, 24.08310763144565314, 0.1051148116310919450 ) ) ;
#9118 = VERTEX_POINT ( 'NONE', #4845 ) ;
#9119 = CARTESIAN_POINT ( 'NONE',  ( -1.677401673751885758, 24.64259829956872849, 0.4499999999996817657 ) ) ;
#9120 = CARTESIAN_POINT ( 'NONE',  ( -0.6537795275590783106, 23.61897637795277660, 0.6074803150392285023 ) ) ;
#9121 = EDGE_CURVE ( 'NONE', #5342, #4661, #8868, .T. ) ;
#9122 = CARTESIAN_POINT ( 'NONE',  ( -2.492027648502579407, 24.39546979760396184, 0.04999999999999996808 ) ) ;
#9123 = CARTESIAN_POINT ( 'NONE',  ( -0.6211847280152942297, 25.36776396809045053, 0.3427157037182151922 ) ) ;
#9124 = CARTESIAN_POINT ( 'NONE',  ( -1.026497825934344021, 25.73576305606153269, 0.4499999999996778799 ) ) ;
#9125 = AXIS2_PLACEMENT_3D ( 'NONE', #5769, #9260, #7936 ) ;
#9126 = CARTESIAN_POINT ( 'NONE',  ( -2.469717583845454367, 25.71305737933596447, 0.4382319632553161592 ) ) ;
#9127 = CARTESIAN_POINT ( 'NONE',  ( -0.8606827279148653309, 24.40384366116654391, 0.05000000000000010686 ) ) ;
#9128 = DIRECTION ( 'NONE',  ( 0.000000000000000000, -1.000000000000000000, 3.607743797525527770E-15 ) ) ;
#9129 = ORIENTED_EDGE ( 'NONE', *, *, #3236, .T. ) ;
#9130 = CARTESIAN_POINT ( 'NONE',  ( -2.661653543307109793, 25.62685039370080986, 0.1999999999996782685 ) ) ;
#9131 = ORIENTED_EDGE ( 'NONE', *, *, #2995, .F. ) ;
#9132 = CARTESIAN_POINT ( 'NONE',  ( -0.7423135314996996970, 24.04886985952732559, 0.2229175331501384860 ) ) ;
#9133 = CARTESIAN_POINT ( 'NONE',  ( -2.406276741349487658, 24.38864171782090295, 0.05000000000000002359 ) ) ;
#9134 = CARTESIAN_POINT ( 'NONE',  ( -2.145279808608110628, 23.49706346321137929, 0.4499999999996858180 ) ) ;
#9135 = VERTEX_POINT ( 'NONE', #7767 ) ;
#9136 = CARTESIAN_POINT ( 'NONE',  ( -0.9965192548264776295, 24.27907744507550802, 0.05000000000000003053 ) ) ;
#9137 = CARTESIAN_POINT ( 'NONE',  ( -1.104210809069504640, 23.69449989617409713, 0.2240399022655484296 ) ) ;
#9138 = CARTESIAN_POINT ( 'NONE',  ( -2.437449561948568100, 23.51064005435142690, 0.3999999999996862177 ) ) ;
#9139 = CARTESIAN_POINT ( 'NONE',  ( -0.5304109039891630184, 25.09787614835788361, 0.4499999999996802114 ) ) ;
#9140 = CARTESIAN_POINT ( 'NONE',  ( -0.5244965435652628738, 24.25625307732077829, 0.3999999999996830535 ) ) ;
#9141 = DIRECTION ( 'NONE',  ( 0.000000000000000000, -1.000000000000000000, 3.469446965952425452E-15 ) ) ;
#9142 = CARTESIAN_POINT ( 'NONE',  ( -1.684885200011438489, 23.53815166619853727, 0.2869266395597689923 ) ) ;
#9143 = CARTESIAN_POINT ( 'NONE',  ( -2.354129006241435729, 24.26962568476343662, 0.05000643698737204657 ) ) ;
#9144 = CARTESIAN_POINT ( 'NONE',  ( -1.820338863146836905, 25.61107093245076527, 0.1667927009648621228 ) ) ;
#9145 = CARTESIAN_POINT ( 'NONE',  ( -0.9948942956581250385, 24.10460074638666228, 0.1175791678617802150 ) ) ;
#9146 = DIRECTION ( 'NONE',  ( 0.000000000000000000, 0.000000000000000000, -1.000000000000000000 ) ) ;
#9147 = CARTESIAN_POINT ( 'NONE',  ( -2.485955417315675486, 24.37292792956075616, 0.04995129774337998818 ) ) ;
#9148 = ORIENTED_EDGE ( 'NONE', *, *, #3681, .F. ) ;
#9149 = CARTESIAN_POINT ( 'NONE',  ( -0.6011895953913588553, 23.84602437576359435, 0.4431958470681017226 ) ) ;
#9150 = CARTESIAN_POINT ( 'NONE',  ( -0.6931496062992357210, 25.53826771653545791, 0.3999999999996785571 ) ) ;
#9151 = CARTESIAN_POINT ( 'NONE',  ( -2.417386457105383801, 25.68852451196092801, 0.3427149601492214259 ) ) ;
#9152 = CARTESIAN_POINT ( 'NONE',  ( -2.219243415666697583, 23.86307086614179696, 0.1124308377712780749 ) ) ;
#9153 = CARTESIAN_POINT ( 'NONE',  ( -2.610334699156125815, 25.02108579484917783, 0.1642708199278800629 ) ) ;
#9154 = CARTESIAN_POINT ( 'NONE',  ( -2.191531938741258845, 23.49566035815372445, 0.3434138379831256915 ) ) ;
#9155 = CARTESIAN_POINT ( 'NONE',  ( -0.9339938447637058383, 25.78844824708508909, 0.4021614345057175077 ) ) ;
#9156 = CARTESIAN_POINT ( 'NONE',  ( -2.908503937007897111, 23.61897637817761719, 0.6074803150392285023 ) ) ;
#9157 = CARTESIAN_POINT ( 'NONE',  ( -1.317980172530435423, 23.48934458849300455, 0.3999999999996858291 ) ) ;
#9158 = CARTESIAN_POINT ( 'NONE',  ( -0.9157265098393378988, 24.09378393995008238, 0.1051148106179888853 ) ) ;
#9159 = CARTESIAN_POINT ( 'NONE',  ( -2.768148943920780702, 25.40566254555250225, 0.4381353998082430645 ) ) ;
#9160 = ORIENTED_EDGE ( 'NONE', *, *, #233, .F. ) ;
#9161 = CARTESIAN_POINT ( 'NONE',  ( -2.500629962368624781, 24.85288366516869019, 0.04999988403263416065 ) ) ;
#9162 = CARTESIAN_POINT ( 'NONE',  ( -0.8430591721865907662, 24.48476183648934068, 0.000000000000000000 ) ) ;
#9163 = CARTESIAN_POINT ( 'NONE',  ( -0.9148465827725502653, 25.19021316564663948, 0.1051158445177547557 ) ) ;
#9164 = CIRCLE ( 'NONE', #6774, 0.1135826771653510037 ) ;
#9165 = AXIS2_PLACEMENT_3D ( 'NONE', #5507, #6531, #2071 ) ;
#9166 = LINE ( 'NONE', #479, #8121 ) ;
#9167 = CARTESIAN_POINT ( 'NONE',  ( -2.770382465774827718, 25.40252162168726002, 0.4382319632553173250 ) ) ;
#9168 = CARTESIAN_POINT ( 'NONE',  ( -0.8771481301995679436, 24.34530252376960036, 0.05000092434217437432 ) ) ;
#9169 = FACE_OUTER_BOUND ( 'NONE', #3915, .T. ) ;
#9170 = ORIENTED_EDGE ( 'NONE', *, *, #1284, .T. ) ;
#9171 = CARTESIAN_POINT ( 'NONE',  ( -1.228439908311411699, 25.79040299962327154, 0.4499999999996777134 ) ) ;
#9172 = ORIENTED_EDGE ( 'NONE', *, *, #7028, .T. ) ;
#9173 = AXIS2_PLACEMENT_3D ( 'NONE', #8544, #3601, #2898 ) ;
#9174 = CARTESIAN_POINT ( 'NONE',  ( -2.411001564693326937, 24.41946872339820374, 0.04606807752549083035 ) ) ;
#9175 = CARTESIAN_POINT ( 'NONE',  ( -0.6931496062992357210, 23.65834645669293579, 0.3999999999996851630 ) ) ;
#9176 = ORIENTED_EDGE ( 'NONE', *, *, #8569, .T. ) ;
#9177 = CARTESIAN_POINT ( 'NONE',  ( -0.9423633174204274487, 24.40749039882845750, 0.05000000000000000278 ) ) ;
#9178 = CARTESIAN_POINT ( 'NONE',  ( -1.135082445973383036, 23.77438133381712504, 0.1645789531534558314 ) ) ;
#9179 = CARTESIAN_POINT ( 'NONE',  ( -1.924529543602370829, 25.45722472983784712, 0.000000000000000000 ) ) ;
#9180 = CARTESIAN_POINT ( 'NONE',  ( -0.5256004718997249192, 25.04443581715434064, 0.4499999999996802114 ) ) ;
#9181 = CARTESIAN_POINT ( 'NONE',  ( -0.5319737865760126860, 24.17462662498267889, 0.4499999999996833755 ) ) ;
#9182 = AXIS2_PLACEMENT_3D ( 'NONE', #3251, #7771, #9128 ) ;
#9183 = PLANE ( 'NONE',  #5034 ) ;
#9184 = AXIS2_PLACEMENT_3D ( 'NONE', #4700, #229, #1734 ) ;
#9185 = CARTESIAN_POINT ( 'NONE',  ( -1.306338523189657153, 25.82370078740160579, 0.3582575794385803314 ) ) ;
#9186 = CARTESIAN_POINT ( 'NONE',  ( -1.323298078378680742, 23.86307086614182182, 0.000000000000000000 ) ) ;
#9187 = CARTESIAN_POINT ( 'NONE',  ( -1.521434620171144836, 25.60969450664254055, 0.1666707471658445128 ) ) ;
#9188 = CARTESIAN_POINT ( 'NONE',  ( -0.9520087504391475663, 24.05852908946197743, 0.1607680507603704290 ) ) ;
#9189 = DIRECTION ( 'NONE',  ( 3.846393517125088089E-17, -1.000000000000000000, 3.577145970926331843E-15 ) ) ;
#9190 = B_SPLINE_CURVE_WITH_KNOTS ( 'NONE', 3,
 ( #7922, #8618, #2096, #2179 ),
 .UNSPECIFIED., .F., .F.,
 ( 4, 4 ),
 ( 0.000000000000000000, 1.000000000000000000 ),
 .UNSPECIFIED. ) ;
#9191 = CARTESIAN_POINT ( 'NONE',  ( -2.479253412993144501, 24.35040266973666689, 0.04991740386209381902 ) ) ;
#9192 = VECTOR ( 'NONE', #1733, 39.37007874015748143 ) ;
#9193 = EDGE_LOOP ( 'NONE', ( #9205, #4116, #4944, #7182, #3959, #6890, #8746, #84, #7819, #3762, #4010, #6491, #2990, #7345, #1654, #8885, #7437, #1869, #6843 ) ) ;
#9194 = CARTESIAN_POINT ( 'NONE',  ( -2.019085739743572194, 25.80889143871733538, 0.3454805427210759783 ) ) ;
#9195 = DIRECTION ( 'NONE',  ( 0.000000000000000000, 1.000000000000000000, -3.469446951953654421E-15 ) ) ;
#9196 = CARTESIAN_POINT ( 'NONE',  ( -2.656668356950049326, 25.59618256112316459, 0.4021132320063831034 ) ) ;
#9197 = CARTESIAN_POINT ( 'NONE',  ( -2.829671761744914082, 24.23564674543722930, 0.3999999999996832756 ) ) ;
#9198 = CARTESIAN_POINT ( 'NONE',  ( -2.867859266175834865, 25.29118765410827407, 0.4025576797578694910 ) ) ;
#9199 = CARTESIAN_POINT ( 'NONE',  ( -2.171360411956119396, 23.84805608470167471, 0.1033338381387633870 ) ) ;
#9200 = CARTESIAN_POINT ( 'NONE',  ( -1.074585123106956308, 25.57217360860347455, 0.2228394326600723341 ) ) ;
#9201 = CARTESIAN_POINT ( 'NONE',  ( -0.6931496062992357210, 25.62685039370080986, 0.1999999999996782130 ) ) ;
#9202 = CARTESIAN_POINT ( 'NONE',  ( -0.4729144822116458369, 25.00137462232428831, 0.4431958362722971945 ) ) ;
#9203 = CARTESIAN_POINT ( 'NONE',  ( -0.6326235159638495809, 23.90091015930931206, 0.3427135501052365751 ) ) ;
#9204 = CARTESIAN_POINT ( 'NONE',  ( -2.774136566482494182, 25.40984953974974303, 0.4432038974321814151 ) ) ;
#9205 = ORIENTED_EDGE ( 'NONE', *, *, #6738, .F. ) ;
#9206 = CYLINDRICAL_SURFACE ( 'NONE', #8282, 0.1057086614173214645 ) ;
#9207 = ORIENTED_EDGE ( 'NONE', *, *, #5636, .T. ) ;
#9208 = FACE_OUTER_BOUND ( 'NONE', #6271, .T. ) ;
#9209 = CARTESIAN_POINT ( 'NONE',  ( -0.8641310067962295616, 25.63263486197688223, 0.3427133813448263178 ) ) ;
#9210 = B_SPLINE_CURVE_WITH_KNOTS ( 'NONE', 3,
 ( #2824, #5062, #5686, #8551, #1490, #2109, #4972, #7853, #5349, #2531 ),
 .UNSPECIFIED., .F., .F.,
 ( 4, 2, 2, 2, 4 ),
 ( 0.0001299637371173966642, 0.001130554576788725700, 0.002131145416460054464, 0.004132327095802711993, 0.008134690454488007968 ),
 .UNSPECIFIED. ) ;
#9211 = B_SPLINE_CURVE_WITH_KNOTS ( 'NONE', 3,
 ( #1685, #982, #5256, #3288 ),
 .UNSPECIFIED., .F., .F.,
 ( 4, 4 ),
 ( 0.0001261667922743329290, 0.002005730683929788510 ),
 .UNSPECIFIED. ) ;
#9212 = EDGE_CURVE ( 'NONE', #8524, #5099, #1885, .T. ) ;
#9213 = FACE_OUTER_BOUND ( 'NONE', #4544, .T. ) ;
#9214 = CARTESIAN_POINT ( 'NONE',  ( -2.405848694092676876, 25.69030790864930935, 0.3999999999995749178 ) ) ;
#9215 = CARTESIAN_POINT ( 'NONE',  ( -0.8630350797087469328, 24.39450492375666713, 0.04999977987540075303 ) ) ;
#9216 = ORIENTED_EDGE ( 'NONE', *, *, #4682, .T. ) ;
#9217 = CARTESIAN_POINT ( 'NONE',  ( -0.9397228068617166086, 25.36441650754902355, 0.1698254084735516811 ) ) ;
#9218 = VERTEX_POINT ( 'NONE', #7103 ) ;
#9219 = EDGE_CURVE ( 'NONE', #5073, #7341, #9166, .T. ) ;
#9220 = EDGE_CURVE ( 'NONE', #6541, #4498, #1142, .T. ) ;
#9221 = VECTOR ( 'NONE', #596, 39.37007874015748143 ) ;
#9222 = CARTESIAN_POINT ( 'NONE',  ( -2.371763175507239030, 24.30553216608191036, 0.04999999999999992645 ) ) ;
#9223 = CARTESIAN_POINT ( 'NONE',  ( -2.913850910813453154, 24.30476535965203055, 0.4052597134568826087 ) ) ;
#9224 = CARTESIAN_POINT ( 'NONE',  ( -2.701023622047267203, 23.61897637795277660, 0.6074803150392285023 ) ) ;
#9225 = EDGE_LOOP ( 'NONE', ( #5804, #3133, #3861, #531 ) ) ;
#9226 = CARTESIAN_POINT ( 'NONE',  ( -0.5241477381252148682, 25.00569017134654715, 0.3999999999996803890 ) ) ;
#9227 = CARTESIAN_POINT ( 'NONE',  ( -1.060427875387725649, 23.62166313971136233, 0.2834507431427721325 ) ) ;
#9228 = CARTESIAN_POINT ( 'NONE',  ( -0.5288763139104887268, 25.08527020210053138, 0.4499999999996802669 ) ) ;
#9229 = LINE ( 'NONE', #5067, #3827 ) ;
#9230 = ORIENTED_EDGE ( 'NONE', *, *, #322, .T. ) ;
#9231 = CARTESIAN_POINT ( 'NONE',  ( -1.887959962268842773, 23.81942070039998072, 0.05000634774622066125 ) ) ;
#9232 = CARTESIAN_POINT ( 'NONE',  ( -1.014380290316210242, 25.82370078740159869, 0.3999999999996777245 ) ) ;
#9233 = CARTESIAN_POINT ( 'NONE',  ( -1.430273438971648492, 23.82797227290685882, 0.000000000000000000 ) ) ;
#9234 = VECTOR ( 'NONE', #4532, 39.37007874015748143 ) ;
#9235 = CARTESIAN_POINT ( 'NONE',  ( -1.931352252932745373, 25.59924544667252633, 0.1657545184214730682 ) ) ;
#9236 = CARTESIAN_POINT ( 'NONE',  ( -2.307322834645600285, 24.01267716535440400, 0.05000000000000000278 ) ) ;
#9237 = LINE ( 'NONE', #2888, #7122 ) ;
#9238 = CARTESIAN_POINT ( 'NONE',  ( -1.115633677247896305, 23.51613009870719040, 0.3999999999996857181 ) ) ;
#9239 = VERTEX_POINT ( 'NONE', #4048 ) ;
#9240 = CARTESIAN_POINT ( 'NONE',  ( -2.858503937007897289, 25.66622047220959146, 0.6074803150392285023 ) ) ;
#9241 = FACE_OUTER_BOUND ( 'NONE', #5660, .T. ) ;
#9242 = CARTESIAN_POINT ( 'NONE',  ( -2.225016200745224548, 25.40515361433401154, 0.1051158721385614808 ) ) ;
#9243 = CARTESIAN_POINT ( 'NONE',  ( -2.707639155124209385, 23.76260701911600748, 0.3937837424054959068 ) ) ;
#9244 = CARTESIAN_POINT ( 'NONE',  ( -2.628910297354540848, 24.93249458964549348, 0.1653352772928053938 ) ) ;
#9245 = CARTESIAN_POINT ( 'NONE',  ( -1.968137496347903248, 23.76727976560225386, 0.1051269062947653987 ) ) ;
#9246 = CARTESIAN_POINT ( 'NONE',  ( -1.109570963011746514, 25.68486991554832954, 0.2829581109836080688 ) ) ;
#9247 = CARTESIAN_POINT ( 'NONE',  ( -1.442966200533505772, 25.46033507914016170, 0.04998498761027730941 ) ) ;
#9248 = CARTESIAN_POINT ( 'NONE',  ( -0.4763617308131763428, 25.11463456741568834, 0.4431958362722962508 ) ) ;
#9249 = CARTESIAN_POINT ( 'NONE',  ( -0.9043762324293042054, 24.10987587277932320, 0.1051148097475944204 ) ) ;
#9250 = CARTESIAN_POINT ( 'NONE',  ( -2.412439751608122407, 24.87770680927872746, 0.05000000000000000278 ) ) ;
#9251 = ORIENTED_EDGE ( 'NONE', *, *, #5220, .T. ) ;
#9252 = ADVANCED_FACE ( 'NONE', ( #7724 ), #611, .F. ) ;
#9253 = FACE_OUTER_BOUND ( 'NONE', #1099, .T. ) ;
#9254 = ORIENTED_EDGE ( 'NONE', *, *, #2289, .T. ) ;
#9255 = CARTESIAN_POINT ( 'NONE',  ( -0.8589389203378130500, 24.40980333363874166, 0.05000000000000151545 ) ) ;
#9256 = CARTESIAN_POINT ( 'NONE',  ( -0.8246516953278296702, 25.71099570830020298, 0.4021130337571801605 ) ) ;
#9257 = EDGE_CURVE ( 'NONE', #8563, #1986, #5046, .T. ) ;
#9258 = EDGE_CURVE ( 'NONE', #759, #3352, #3438, .T. ) ;
#9259 = CARTESIAN_POINT ( 'NONE',  ( -1.026497825934344021, 25.73576305606153269, 0.3999999999996778355 ) ) ;
#9260 = DIRECTION ( 'NONE',  ( -0.000000000000000000, -0.000000000000000000, -1.000000000000000000 ) ) ;
#9261 = CARTESIAN_POINT ( 'NONE',  ( -1.013942922505046917, 23.46149606299214696, 0.3999999999996858291 ) ) ;
#9262 = CARTESIAN_POINT ( 'NONE',  ( -0.8547746622190282029, 24.42951894742204288, 0.05000000405323701963 ) ) ;
#9263 = EDGE_CURVE ( 'NONE', #3405, #2716, #6221, .T. ) ;
#9264 = EDGE_CURVE ( 'NONE', #6541, #7542, #3480, .T. ) ;
#9265 = EDGE_LOOP ( 'NONE', ( #1801, #2208, #4924, #2955 ) ) ;
#9266 = CARTESIAN_POINT ( 'NONE',  ( -1.276002285806040915, 25.79452540424023965, 0.4499999999996778244 ) ) ;
#9267 = ORIENTED_EDGE ( 'NONE', *, *, #6936, .F. ) ;
#9268 = CARTESIAN_POINT ( 'NONE',  ( -0.5093659571077736592, 24.45488557606903512, 0.3461514315429283228 ) ) ;
#9269 = CIRCLE ( 'NONE', #5207, 0.1057086614173291111 ) ;
#9270 = CARTESIAN_POINT ( 'NONE',  ( -2.313831760118378433, 24.20621108274072952, 0.05000000000000000278 ) ) ;
#9271 = CARTESIAN_POINT ( 'NONE',  ( -2.772884956898046926, 24.33180766071248158, 0.2853592558603900708 ) ) ;
#9272 = ORIENTED_EDGE ( 'NONE', *, *, #4668, .T. ) ;
#9273 = CARTESIAN_POINT ( 'NONE',  ( -1.677401506837687517, 24.64259837160525279, 0.4499999999996817657 ) ) ;
#9274 = CARTESIAN_POINT ( 'NONE',  ( -1.132490669306770226, 23.67957413143756185, 0.2241494054665933156 ) ) ;
#9275 = ADVANCED_FACE ( 'NONE', ( #9213 ), #7677, .T. ) ;
#9276 = CARTESIAN_POINT ( 'NONE',  ( -0.8643827710724547586, 24.88569668758543685, 0.04793461484456346122 ) ) ;
#9277 = ORIENTED_EDGE ( 'NONE', *, *, #4390, .T. ) ;
#9278 = CARTESIAN_POINT ( 'NONE',  ( -0.6479399319759387987, 25.46326869552423489, 0.3672089763601216195 ) ) ;
#9279 = DIRECTION ( 'NONE',  ( -0.000000000000000000, -0.000000000000000000, -1.000000000000000000 ) ) ;
#9280 = CARTESIAN_POINT ( 'NONE',  ( -0.9833103393341743326, 23.88485820284594752, 0.1666750220732709509 ) ) ;
#9281 = CARTESIAN_POINT ( 'NONE',  ( -1.922148332819240357, 25.60043688114031823, 0.1658553112632533688 ) ) ;
#9282 = AXIS2_PLACEMENT_3D ( 'NONE', #3150, #4468, #6022 ) ;
#9283 = CARTESIAN_POINT ( 'NONE',  ( -0.7975396995301221592, 23.70339183295418195, 0.3466753169100861287 ) ) ;
#9284 = CYLINDRICAL_SURFACE ( 'NONE', #1413, 0.1057086614173214645 ) ;
#9285 = CARTESIAN_POINT ( 'NONE',  ( -2.464012029128857861, 24.30594536162023545, 0.04994493900888032772 ) ) ;
#9286 = CARTESIAN_POINT ( 'NONE',  ( -0.8978740157478285466, 24.99670207428481206, 0.05000000000000007216 ) ) ;
#9287 = CARTESIAN_POINT ( 'NONE',  ( -2.263150272755931613, 25.48299020649135826, 0.1645163414461732476 ) ) ;
#9288 = CARTESIAN_POINT ( 'NONE',  ( -2.728402694637729997, 23.91894136327369580, 0.3999999999996843858 ) ) ;
#9289 = CARTESIAN_POINT ( 'NONE',  ( -2.484644752464979067, 24.89603126792449217, 0.04554653797228060130 ) ) ;
#9290 = CARTESIAN_POINT ( 'NONE',  ( -2.044212820370277850, 23.62737606991733585, 0.2245630824983203544 ) ) ;
#9291 = CARTESIAN_POINT ( 'NONE',  ( -1.078203033579143488, 25.85159204535192146, 0.4028395835583650775 ) ) ;
#9292 = CARTESIAN_POINT ( 'NONE',  ( -2.120074043397205177, 25.79112364009678160, 0.4499999999996778244 ) ) ;
#9293 = CARTESIAN_POINT ( 'NONE',  ( -1.239714223404372984, 25.27812484394463510, 0.05000000000000000278 ) ) ;
#9294 = CARTESIAN_POINT ( 'NONE',  ( -2.726915849001047665, 23.91658264060830774, 0.3999999999996843858 ) ) ;
#9295 = CARTESIAN_POINT ( 'NONE',  ( -2.451930523292448871, 24.64259869617709242, 0.05000000000000003053 ) ) ;
#9296 = ORIENTED_EDGE ( 'NONE', *, *, #2558, .T. ) ;
#9297 = CARTESIAN_POINT ( 'NONE',  ( -2.773024318232740537, 24.31859670178720023, 0.2859305635112104338 ) ) ;
#9298 = ORIENTED_EDGE ( 'NONE', *, *, #6915, .T. ) ;
#9299 = CARTESIAN_POINT ( 'NONE',  ( -0.8978740157478246608, 24.28852276074500338, 0.000000000000000000 ) ) ;
#9300 = CARTESIAN_POINT ( 'NONE',  ( -1.133945404895214226, 25.40813440035666204, 0.1051147780743526827 ) ) ;
#9301 = CARTESIAN_POINT ( 'NONE',  ( -0.8576029587555725753, 24.19527887824212797, 0.1036495818963531629 ) ) ;
ENDSEC;
END-ISO-10303-21;
